{
"type": "FeatureCollection",
"name": "VIAS VEHICULARES Y PEATONALES SAN MARCOS",
"crs": { "type": "name", "properties": { "name": "urn:ogc:def:crs:OGC:1.3:CRS84" } },
"features": [
{ "type": "Feature", "properties": { "FID_1": 175, "NOMBRE_DE": "SENDA 9", "Text_1": "RESIDENCIAL SANTORINI", "ESTADO": "MALO", "MATERIAL": "ASFALTO", "VIAS": 2, "CLASE": "VEHICULAR", "ANCHO_1": "7.80" }, "geometry": { "type": "MultiLineString", "coordinates": [ [ [ -89.192134719143411, 13.661541765993922 ], [ -89.19213151426024, 13.661319669811032 ], [ -89.192126050428655, 13.660462478201369 ], [ -89.192119387041913, 13.660351191728362 ] ] ] } },
{ "type": "Feature", "properties": { "FID_1": 176, "NOMBRE_DE": "SENDA 7", "Text_1": "RESIDENCIAL SANTORINI", "ESTADO": "MALO", "MATERIAL": "ASFALTO", "VIAS": 2, "CLASE": "VEHICULAR", "ANCHO_1": "11.12" }, "geometry": { "type": "MultiLineString", "coordinates": [ [ [ -89.191683399007474, 13.662241826830595 ], [ -89.191675258453301, 13.661379364351799 ] ] ] } },
{ "type": "Feature", "properties": { "FID_1": 177, "NOMBRE_DE": "SENDA 5", "Text_1": "RESIDENCIAL SANTORINI", "ESTADO": "MALO", "MATERIAL": "ASFALTO", "VIAS": 2, "CLASE": "VEHICULAR", "ANCHO_1": "9.12" }, "geometry": { "type": "MultiLineString", "coordinates": [ [ [ -89.191288709398933, 13.662406728903177 ], [ -89.19129258275413, 13.662225729510473 ], [ -89.191286034994405, 13.661590279910607 ], [ -89.191275832342328, 13.661404364226154 ] ] ] } },
{ "type": "Feature", "properties": { "FID_1": 178, "NOMBRE_DE": "SENDA 3", "Text_1": "RESIDENCIAL SANTORINI", "ESTADO": "MALO", "MATERIAL": "ASFALTO", "VIAS": 2, "CLASE": "VEHICULAR", "ANCHO_1": "9.12" }, "geometry": { "type": "MultiLineString", "coordinates": [ [ [ -89.190902563130223, 13.662421902309395 ], [ -89.190917868908031, 13.662301548579213 ], [ -89.190920959244693, 13.662054642471157 ], [ -89.190911329792613, 13.661400480226677 ] ] ] } },
{ "type": "Feature", "properties": { "FID_1": 179, "NOMBRE_DE": "SENDA 1", "Text_1": "RESIDENCIAL SANTORINI", "ESTADO": "MALO", "MATERIAL": "ASFALTO", "VIAS": 2, "CLASE": "VEHICULAR", "ANCHO_1": "10.40" }, "geometry": { "type": "MultiLineString", "coordinates": [ [ [ -89.190549507466059, 13.662291573701323 ], [ -89.190548684648832, 13.662153773075778 ], [ -89.190550716056165, 13.662027801659589 ], [ -89.190536696626367, 13.661401562117311 ] ] ] } },
{ "type": "Feature", "properties": { "FID_1": 180, "NOMBRE_DE": "SENDA 6", "Text_1": "RESIDENCIAL SANTORINI", "ESTADO": "MALO", "MATERIAL": "ASFALTO", "VIAS": 2, "CLASE": "VEHICULAR", "ANCHO_1": "8.50" }, "geometry": { "type": "MultiLineString", "coordinates": [ [ [ -89.191275832342328, 13.661404364226154 ], [ -89.191282406729869, 13.661265393043195 ], [ -89.191273067716736, 13.660748685880097 ], [ -89.191276392945198, 13.660549141751263 ] ] ] } },
{ "type": "Feature", "properties": { "FID_1": 181, "NOMBRE_DE": "SENDA 4", "Text_1": "RESIDENCIAL SANTORINI", "ESTADO": "MALO", "MATERIAL": "ASFALTO", "VIAS": 2, "CLASE": "VEHICULAR", "ANCHO_1": "8.11" }, "geometry": { "type": "MultiLineString", "coordinates": [ [ [ -89.190911329792613, 13.661400480226677 ], [ -89.190912762432234, 13.661186898097752 ], [ -89.190907794989201, 13.660850027512801 ], [ -89.190908457208906, 13.660533604998257 ] ] ] } },
{ "type": "Feature", "properties": { "FID_1": 182, "NOMBRE_DE": "SENDA 2", "Text_1": "RESIDENCIAL SANTORINI", "ESTADO": "MALO", "MATERIAL": "ASFALTO", "VIAS": 2, "CLASE": "VEHICULAR", "ANCHO_1": "8.00" }, "geometry": { "type": "MultiLineString", "coordinates": [ [ [ -89.190536696626367, 13.661401562117311 ], [ -89.190543977460933, 13.661212221540435 ], [ -89.190532405153448, 13.660658839175209 ], [ -89.190543740129598, 13.660463442901319 ] ] ] } },
{ "type": "Feature", "properties": { "FID_1": 183, "NOMBRE_DE": "SENDA 8", "Text_1": "RESIDENCIAL SANTORINI", "ESTADO": "MALO", "MATERIAL": "ASFALTO", "VIAS": 2, "CLASE": "VEHICULAR", "ANCHO_1": "9.30" }, "geometry": { "type": "MultiLineString", "coordinates": [ [ [ -89.191801533588119, 13.660380014110631 ], [ -89.191632716929831, 13.660376209551925 ], [ -89.191483325250161, 13.660370317857844 ], [ -89.191291350756032, 13.660370064242752 ] ] ] } },
{ "type": "Feature", "properties": { "FID_1": 969, "NOMBRE_DE": "CALLE PRINCIPAL", "Text_1": "RESIDENCIAL SANTORINI", "ESTADO": "BUENO", "MATERIAL": "CONCRETO", "VIAS": 2, "CLASE": "VEHICULAR", "ANCHO_1": "11.15" }, "geometry": { "type": "MultiLineString", "coordinates": [ [ [ -89.189581804910063, 13.661411915029111 ], [ -89.190536696626367, 13.661401562117311 ], [ -89.190911329792613, 13.661400480226677 ], [ -89.191275832342328, 13.661404364226154 ], [ -89.191675258453301, 13.661379364351799 ], [ -89.191782851197573, 13.661281083151829 ], [ -89.191807175442577, 13.661190400648193 ], [ -89.191798125027972, 13.659927673445013 ], [ -89.191798776377325, 13.65992767293703 ] ] ] } },
{ "type": "Feature", "properties": { "FID_1": 968, "NOMBRE_DE": "CALLE PRINCIPAL", "Text_1": "URBANIZACION BOSQUES DE SANTORINI", "ESTADO": "BUENO", "MATERIAL": "ASFALTO", "VIAS": 2, "CLASE": "VEHICULAR", "ANCHO_1": "6.80" }, "geometry": { "type": "MultiLineString", "coordinates": [ [ [ -89.193266911827251, 13.663279080111087 ], [ -89.193384519397441, 13.662807889798875 ], [ -89.193453681924524, 13.662422526754606 ], [ -89.193470751531734, 13.662057572823761 ], [ -89.193447372701485, 13.661791274936691 ], [ -89.193429881725052, 13.661643964794493 ], [ -89.193429821136121, 13.661570302891716 ], [ -89.193452915588438, 13.661490956470892 ], [ -89.193499188368364, 13.661434257026688 ], [ -89.193545381846775, 13.661281230468949 ], [ -89.193622246380301, 13.66055869500542 ] ] ] } },
{ "type": "Feature", "properties": { "FID_1": 736, "NOMBRE_DE": "CALLE No. 7", "Text_1": "LOTIFICACION SANTA ROSA", "ESTADO": "MALO", "MATERIAL": "TIERRA", "VIAS": 1, "CLASE": "PEATONAL", "ANCHO_1": "4.40" }, "geometry": { "type": "MultiLineString", "coordinates": [ [ [ -89.166377328984254, 13.661813852786207 ], [ -89.16620050002129, 13.661935177078631 ], [ -89.165982872958296, 13.66207863125519 ], [ -89.165680506025112, 13.662280596962951 ], [ -89.165445535678373, 13.662423873666389 ], [ -89.165330406175258, 13.66249725011324 ], [ -89.165080420597192, 13.662660586734377 ], [ -89.164749795432044, 13.662876611394207 ], [ -89.164530960435016, 13.663012830187823 ] ] ] } },
{ "type": "Feature", "properties": { "FID_1": 737, "NOMBRE_DE": "SUBIDA A CALLE 7", "Text_1": "LOTIFICACION SANTA ROSA", "ESTADO": "MALO", "MATERIAL": "TIERRA", "VIAS": 1, "CLASE": "PEATONAL", "ANCHO_1": "3.50" }, "geometry": { "type": "MultiLineString", "coordinates": [ [ [ -89.164751748038341, 13.663347328975226 ], [ -89.164530960533483, 13.663012829913606 ], [ -89.164293719080064, 13.662670058289114 ] ] ] } },
{ "type": "Feature", "properties": { "FID_1": 740, "NOMBRE_DE": "CALLE No 2", "Text_1": "LOTIFICACION SANTA ROSA", "ESTADO": "MALO", "MATERIAL": "TIERRA", "VIAS": 1, "CLASE": "PEATONAL", "ANCHO_1": "2.80" }, "geometry": { "type": "MultiLineString", "coordinates": [ [ [ -89.163266271225339, 13.66137693661754 ], [ -89.163366369739393, 13.66132346247884 ], [ -89.16358407262932, 13.66119102404312 ], [ -89.163851380342493, 13.661026182987648 ] ] ] } },
{ "type": "Feature", "properties": { "FID_1": 742, "NOMBRE_DE": "PASAJE S/N", "Text_1": "LOTIFICACION SANTA ROSA", "ESTADO": "MALO", "MATERIAL": "TIERRA", "VIAS": 1, "CLASE": "PEATONAL", "ANCHO_1": "7.30" }, "geometry": { "type": "MultiLineString", "coordinates": [ [ [ -89.165217516089214, 13.660621016608911 ], [ -89.165154893851849, 13.660560585088298 ], [ -89.165072321372307, 13.660424834358356 ], [ -89.164975069289369, 13.66027914094631 ] ] ] } },
{ "type": "Feature", "properties": { "FID_1": 743, "NOMBRE_DE": "PASAJE S/N", "Text_1": "LOTIFICACION SANTA ROSA", "ESTADO": "MALO", "MATERIAL": "TIERRA", "VIAS": 1, "CLASE": "PEATONAL", "ANCHO_1": "6.90" }, "geometry": { "type": "MultiLineString", "coordinates": [ [ [ -89.164881477692248, 13.660843911610216 ], [ -89.164827918377313, 13.660792380696163 ], [ -89.164684971660677, 13.660593742561383 ], [ -89.164638530307229, 13.660520904956757 ] ] ] } },
{ "type": "Feature", "properties": { "FID_1": 746, "NOMBRE_DE": "CALLE No. 6", "Text_1": "LOTIFICACION SANTA ROSA", "ESTADO": "MALO", "MATERIAL": "TIERRA", "VIAS": 1, "CLASE": "PEATONAL", "ANCHO_1": "4.90" }, "geometry": { "type": "MultiLineString", "coordinates": [ [ [ -89.166156852558188, 13.661453501988445 ], [ -89.165939815752125, 13.661611750479954 ], [ -89.16563628661747, 13.66181449205056 ], [ -89.165301808106761, 13.662019149114906 ], [ -89.165216742891857, 13.662075992579799 ], [ -89.165209197836603, 13.662081611965339 ] ] ] } },
{ "type": "Feature", "properties": { "FID_1": 747, "NOMBRE_DE": "AVENIDA SANTA ROSA", "Text_1": "LOTIFICACION SANTA ROSA", "ESTADO": "MALO", "MATERIAL": "TIERRA", "VIAS": 1, "CLASE": "PEATONAL", "ANCHO_1": "6.08" }, "geometry": { "type": "MultiLineString", "coordinates": [ [ [ -89.165664938901372, 13.662759436041895 ], [ -89.165445535678373, 13.662423873666389 ], [ -89.165322713265411, 13.66223575672187 ], [ -89.165216742891857, 13.662075992579799 ], [ -89.165079973726918, 13.661876121133465 ], [ -89.164988213089259, 13.66173369698973 ], [ -89.164782086081019, 13.661399000085927 ], [ -89.164734246785926, 13.661347000324112 ], [ -89.164679693074959, 13.661262337105553 ], [ -89.164559879212391, 13.661065827610862 ] ] ] } },
{ "type": "Feature", "properties": { "FID_1": 794, "NOMBRE_DE": "CALLE No 5", "Text_1": "LOTIFICACION SANTA ROSA", "ESTADO": "MALO", "MATERIAL": "TIERRA", "VIAS": 1, "CLASE": "VEHICULAR", "ANCHO_1": "4.40" }, "geometry": { "type": "MultiLineString", "coordinates": [ [ [ -89.164952563886743, 13.661757715381688 ], [ -89.164683640428876, 13.661938900288273 ], [ -89.164369402836542, 13.662142180949147 ], [ -89.16390695244975, 13.662452675621237 ] ] ] } },
{ "type": "Feature", "properties": { "FID_1": 796, "NOMBRE_DE": "CALLE No.4", "Text_1": "LOTIFICACION SANTA ROSA", "ESTADO": "MALO", "MATERIAL": "TIERRA", "VIAS": 1, "CLASE": "VEHICULAR", "ANCHO_1": "3.50" }, "geometry": { "type": "MultiLineString", "coordinates": [ [ [ -89.164780035401932, 13.661400235341157 ], [ -89.164663805081616, 13.661470248249682 ], [ -89.164397132221424, 13.661665230530975 ], [ -89.164293876290856, 13.661716924198601 ], [ -89.164150010852154, 13.66180550463821 ], [ -89.163996925092263, 13.661901312802126 ], [ -89.163799573379563, 13.662026044170025 ], [ -89.163662722718797, 13.662109378568294 ] ] ] } },
{ "type": "Feature", "properties": { "FID_1": 797, "NOMBRE_DE": "CALLE No 3", "Text_1": "LOTIFICACION SANTA ROSA", "ESTADO": "MALO", "MATERIAL": "TIERRA", "VIAS": 1, "CLASE": "PEATONAL", "ANCHO_1": "3.70" }, "geometry": { "type": "MultiLineString", "coordinates": [ [ [ -89.165551813200437, 13.660395731034571 ], [ -89.165420348973086, 13.660496604971604 ], [ -89.165381091427392, 13.66052353688792 ], [ -89.165217515863546, 13.660621017881361 ], [ -89.165098705813563, 13.660711803162117 ], [ -89.164944288656358, 13.660802871014292 ], [ -89.164881476326769, 13.6608439121953 ], [ -89.164759241116116, 13.660943731372182 ], [ -89.164559879212391, 13.661065827610862 ], [ -89.164379855381981, 13.66118284291071 ], [ -89.16412569647764, 13.661338376009557 ], [ -89.163774589326749, 13.661562789945119 ], [ -89.163421768419497, 13.661790863894646 ] ] ] } },
{ "type": "Feature", "properties": { "FID_1": 798, "NOMBRE_DE": "CALLE No 1", "Text_1": "LOTIFICACION SANTA ROSA                                                                                                             `                                        $                    (                   \"", "ESTADO": "MALO", "MATERIAL": "TIERRA", "VIAS": 1, "CLASE": "PEATONAL  \u0004", "ANCHO_1": "2.80" }, "geometry": { "type": "MultiLineString", "coordinates": [ [ [ -89.16373604291347, 13.660594903670212 ], [ -89.16357465482389, 13.660710648797441 ], [ -89.163390168330494, 13.660840758825733 ], [ -89.163268093228581, 13.660904966938888 ] ] ] } },
{ "type": "Feature", "properties": { "FID_1": 2, "NOMBRE_DE": "PASAJE PRIVADO   !", "Text_1": "COLONIA GALvEZ      (                        $", "ESTADO": "MALO", "MATERIAL": "TIERRA", "VIAS": 1, "CLASE": "PEAUONAL  (", "ANCHO_1": "±.50" }, "geometry": { "type": "MultiLineString", "coordinates": [ [ [ -89.161175198243882, 13.659245170358773 ], [ -89.161114434735467, 13.659227120769403 ], [ -89.161102449236864, 13.659224196724825 ], [ -89.161079984209621, 13.659230075234277 ], [ -89.161053763297105, 13.659219830769661 ], [ -89.160980179963502, 13.659188026665291 ] ] ] } },
{ "type": "Feature", "properties": { "FID_1": 0, "NOMBRE_DE": "PASAJE 2          $          (       (", "Text_1": "COLONIA GALVEZ   `            (                  (           \"           `", "ESTADO": "MALO", "MATERIAL": "TIERRA", "VIAS": 1, "CLASE": "PEATONAL", "ANCHO_1": "3.80    0" }, "geometry": { "type": "MultiLineString", "coordinates": [ [ [ -89.167257270391403, 13.658844362853442 ], [ -89.167219328530564, 13.658792156021226 ], [ -89.167169501231186, 13.658761727067404 ], [ -89.167123235804382, 13.658736516353398 ], [ -89.16708052757194, 13.658713915480027 ], [ -89.167056506625585, 13.658701745453243 ], [ -89.16703602617298, 13.658668684268282 ], [ -89.167010205165667, 13.658628145751864 ], [ -89.166996840295511, 13.658592469119839 ], [ -89.166955209442179, 13.658470251051121 ], [ -89.166936358368204, 13.658410245721507 ], [ -89.166909233395771, 13.658329623722526 ], [ -89.166884143959422, 13.658269721927322 ], [ -89.166846532571157, 13.658213912257001 ], [ -89.166821452822916, 13.65816762788643 ], [ -89.166788022427923, 13.65812134972874 ], [ -89.166764348961863, 13.658095490831103 ], [ -89.166723963733062, 13.658053301012307 ], [ -89.166686370494631, 13.658019811699488 ], [ -89.166593098575973, 13.657966763971357 ], [ -89.166550250159887, 13.657949881398109 ], [ -89.166500684943941, 13.657926693652483 ], [ -89.166456007351471, 13.657905553231407 ], [ -89.166423894583232, 13.657889866611464 ], [ -89.166400156162496, 13.657874174872612 ], [ -89.166365248654813, 13.6578530278238 ], [ -89.166345695480004, 13.657834601264549 ], [ -89.166333879366476, 13.657774996071124 ], [ -89.166327117416728, 13.657649811022647 ], [ -89.166328200470602, 13.657607356410852 ], [ -89.166330389726099, 13.657558367350594 ], [ -89.166325923496089, 13.657535510972117 ], [ -89.166293175770676, 13.657507375260199 ], [ -89.166265314522889, 13.657486067302868 ], [ -89.166194668089588, 13.657426213886794 ] ] ] } },
{ "type": "Feature", "properties": { "FID_1": 0, "NOMBRE_DE": "PASAJE S/N                 `", "Text_1": "URB. FLORENCIA                                         1", "ESTADO": "BUENO", "MATERIAL": "ASFALTO", "VIAS": 0, "CLASE": "VE@ICULAR ", "ANCHO_1": "2.40" }, "geometry": { "type": "MultiLineString", "coordinates": [ [ [ -89.166653532460998, 13.659172063608585 ], [ -89.166636593633214, 13.659224997559768 ], [ -89.166641960843691, 13.65923024273285 ], [ -89.166796354165257, 13.659280838824452 ] ] ] } },
{ "type": "Feature", "properties": { "FID_1": 0, "NOMBRE_DE": "PASAJE 3 NORTE     0     à         \"", "Text_1": "\u0003OLONIA GALVE^       `       !                             (      \"                       `       `", "ESTADO": "MALO   ", "MATERIAL": "TIERRA", "VIAS": 1, "CLASE": "PEATON@L", "ANCHO_1": "3.50" }, "geometry": { "type": "MultiLineString", "coordinates": [ [ [ -89.165236269802648, 13.660180942827676 ], [ -89.1652676362813, 13.660037912808509 ], [ -89.165284277210716, 13.659936499983996 ], [ -89.165279117571757, 13.65972879363826 ], [ -89.165250440264643, 13.659496567277793 ] ] ] } },
{ "type": "Feature", "properties": { "FID_1": 744, "NOMBRE_DE": "PASAJE S¯N                                  ` `", "Text_1": "KOLONHA GALVEZ`                    0#    \"                                (        $      \"    ` !", "ESTADO": "MALO", "MATERIAL": "TIERRA", "VIAS": 1, "CLASE": "PEATONAL 0", "ANCHO_1": "2.15" }, "geometry": { "type": "MultiLineString", "coordinates": [ [ [ -89.164928873293491, 13.659728067940252 ], [ -89.16490408207892, 13.659566265151485 ] ] ] } },
{ "type": "Feature", "properties": { "FID_1": 748, "NOMBRE_DE": "PASAJE N.5", "Text_1": "COLONIA GALVEZ", "ESTADO": "MALO", "MATERIAL": "TIERRA", "VIAS": 1, "CLASE": "VEHICULAR", "ANCHO_1": "5.03" }, "geometry": { "type": "MultiLineString", "coordinates": [ [ [ -89.162334127621747, 13.661683995141162 ], [ -89.162284309161464, 13.661599699294523 ], [ -89.162233925137429, 13.66149691221935 ], [ -89.16219690126745, 13.661454939609321 ], [ -89.16213618270865, 13.66138691549385 ], [ -89.162103603250486, 13.661352180807198 ], [ -89.162038432388513, 13.66126533334616 ], [ -89.161945518954766, 13.661112150332428 ], [ -89.161862463619286, 13.660982296279103 ], [ -89.161786532499988, 13.660870995900513 ], [ -89.161724850166493, 13.660797501736726 ], [ -89.161634694874053, 13.660683890865654 ], [ -89.1615184567585, 13.660558698099393 ], [ -89.161449688247032, 13.660521626474701 ], [ -89.161316906507537, 13.660468358238528 ], [ -89.16110350735228, 13.660382665572548 ], [ -89.160975451944381, 13.660307743763129 ], [ -89.160880964782592, 13.660246187858371 ], [ -89.160613606965555, 13.660075694067835 ], [ -89.160612372582847, 13.660074488579356 ] ] ] } },
{ "type": "Feature", "properties": { "FID_1": 749, "NOMBRE_DE": "PASAJE EL PUENTE", "Text_1": "COLONIA GALVEZ", "ESTADO": "MALO", "MATERIAL": "TIERRA", "VIAS": 1, "CLASE": "PEATONAL", "ANCHO_1": "3.25" }, "geometry": { "type": "MultiLineString", "coordinates": [ [ [ -89.161843091393308, 13.660254314328084 ], [ -89.161802459507498, 13.660214604128972 ], [ -89.161729911386715, 13.660156465623009 ], [ -89.161647210220806, 13.660095495417075 ], [ -89.161459686256805, 13.659981950469184 ], [ -89.161314725008182, 13.659899473269313 ], [ -89.161096411338804, 13.659767358451498 ] ] ] } },
{ "type": "Feature", "properties": { "FID_1": 750, "NOMBRE_DE": "PASAJE N.1", "Text_1": "COLONIA GALVEZ                                                                                                                                                                                                                                           $", "ESTADO": "MALO", "MATERIAL": "TIERRA", "VIAS": 1, "CLASE": "PEATONQL", "ANCHO_1": "3.00" }, "geometry": { "type": "MultiLineString", "coordinates": [ [ [ -89.161843091393308, 13.660254314328084 ], [ -89.16187732043953, 13.660205155821831 ], [ -89.161927466238453, 13.660108810469595 ], [ -89.161746005604655, 13.65996216612222 ], [ -89.161635604599482, 13.65987582562002 ], [ -89.161419535015028, 13.659729402735294 ], [ -89.161398917123776, 13.659715166911646 ] ] ] } },
{ "type": "Feature", "properties": { "FID_1": 752, "NOMBRE_DE": "PASAJE N.3", "Text_1": "COLONIA GALVEZ", "ESTADO": "MALO", "MATERIAL": "TIERRA", "VIAS": 1, "CLASE": "PEATONAL", "ANCHO_1": "2.70" }, "geometry": { "type": "MultiLineString", "coordinates": [ [ [ -89.161746005604655, 13.65996216612222 ], [ -89.161763422928985, 13.659906591055803 ], [ -89.161788931129777, 13.659815413529675 ], [ -89.161836378474803, 13.659641540951723 ] ] ] } },
{ "type": "Feature", "properties": { "FID_1": 753, "NOMBRE_DE": "XASAJE N.2             !( \"     $              ", "Text_1": "COLONIA GALVAZ", "ESTADO": "MALO(", "MATERIAL": "TIERRA", "VIAS": 1, "CLASE": "PEATONAL", "ANCHO_1": "3.50   (" }, "geometry": { "type": "MultiLineString", "coordinates": [ [ [ -89.161314148393402, 13.659900322800732 ], [ -89.161430261017813, 13.659627432287872 ], [ -89.161448726283936, 13.65956099718862 ], [ -89.161465643785974, 13.659487015038355 ], [ -89.16151027053013, 13.659329985967632 ], [ -89.161582648940509, 13.659151804070344 ], [ -89.161411372266116, 13.659076888677522 ], [ -89.161315698835651, 13.659027134221699 ], [ -89.161177723716236, 13.658964971850386 ], [ -89.161073489610388, 13.658918942787153 ] ] ] } },
{ "type": "Feature", "properties": { "FID_1": 655, "NOMBRE_DE": "PASAJG N.5 FINAL\"", "Text_1": "COLONIA GALVEZ                                 (               !        $                       0  0      `  0    (                                  0                     -            \"        `     `                                             0", "ESTADO": "MALO", "MATERIAL": "TIERRA", "VIAS": 1, "CLASE": "PEATONAL", "ANCHO_1": "4.90 0" }, "geometry": { "type": "MultiLineString", "coordinates": [ [ [ -89.160880964782592, 13.660246187858371 ], [ -89.160967556697088, 13.660058147127387 ], [ -89.161094562803243, 13.659771749627305 ], [ -89.161180710830777, 13.659589186259602 ], [ -89.161223792676196, 13.659454053009686 ] ] ] } },
{ "type": "Feature", "properties": { "FID_1": 759, "NOMBRE_DE": "PAS\u0001JE N.4      !                 `", "Text_1": "COLONIA GANVE\u001a  )  \"                          ` 0", "ESTADO": "MALK", "MATERIAL": "TIERRA", "VIAS": 1, "CLASE": "VEHIBULAR     (", "ANCHO_1": "\u0014.00" }, "geometry": { "type": "MultiLineString", "coordinates": [ [ [ -89.163102711329358, 13.660923592691775 ], [ -89.163058362844637, 13.660857556323581 ], [ -89.162971642266925, 13.660727185328909 ], [ -89.162935431950089, 13.66067503848245 ], [ -89.162834198791046, 13.66057455839699 ], [ -89.162752403908272, 13.660465846836205 ], [ -89.162717573632506, 13.660412897985749 ], [ -89.162686495655507, 13.660252352735171 ], [ -89.162628371887209, 13.660040569231729 ], [ -89.1625876751378, 13.659876054827679 ], [ -89.162543040992063, 13.659608448710229 ], [ -89.162535247551517, 13.659517672235976 ], [ -89.162523586261614, 13.659421225810403 ], [ -89.162502252895337, 13.659311545144753 ], [ -89.162486728233034, 13.659220775431518 ], [ -89.162511757022045, 13.659081728958592 ], [ -89.162527129679063, 13.658955003754473 ], [ -89.162476909062704, 13.658623109215466 ] ] ] } },
{ "type": "Feature", "properties": { "FID_1": 0, "NOMBRE_DE": "PASEJ\u0005 S/N    (                        1", "Text_1": "COLONIA GALVEZ      !   $                                                                                               (                                                                                                  \"", "ESTADO": "MALO", "MATERIAL": "TIERRA", "VIAS": 1, "CLASE": "PDATONAL", "ANCHO_1": "2.15" }, "geometry": { "type": "MultiLineString", "coordinates": [ [ [ -89.162461125498609, 13.660501527348524 ], [ -89.16259343962669, 13.66045512192472 ], [ -89.162717574630577, 13.660412897830197 ] ] ] } },
{ "type": "Feature", "properties": { "FID_1": 0, "NOMBRE_DE": "PASAJE EL PUENTE", "Text_1": "COLONIA CALVEZ                                                                                                      \"          !   0                                         $                                    0         0          `", "ESTADO": "MALO$", "MATERIAL": "TIERRA", "VIAS": 0, "CLASE": "PEATONAL (", "ANCHO_1": "3.30 0" }, "geometry": { "type": "MultiLineString", "coordinates": [ [ [ -89.162616135128573, 13.661212798954271 ], [ -89.162567508134387, 13.661158675603025 ], [ -89.162531262959789, 13.661105547579883 ], [ -89.162408488632167, 13.661007199097703 ], [ -89.162327961618558, 13.660914728446658 ], [ -89.162267557230976, 13.660832087451201 ], [ -89.162225267130083, 13.66076401157879 ], [ -89.162171652661982, 13.660688780031016 ], [ -89.162102935668528, 13.660597208918166 ], [ -89.162037971476721, 13.660517240059608 ], [ -89.161930184196734, 13.66037488698017 ], [ -89.161843091393308, 13.660254314328084 ] ] ] } },
{ "type": "Feature", "properties": { "FID_1": 803, "NOMBRE_DE": "PASAJE EL ÐUENTe", "Text_1": "COHONIA GaLVEZ            $                      0                  (", "ESTADO": "MALO", "MATERIAL": "TIERRA", "VIAS": 0, "CLASE": "@EATONAL", "ANCHO_1": "2.00" }, "geometry": { "type": "MultiLineString", "coordinates": [ [ [ -89.162614691267663, 13.660893521367184 ], [ -89.162704287911183, 13.661001868757131 ], [ -89.162749536422893, 13.661051244632732 ], [ -89.162781434976679, 13.661112419159885 ] ] ] } },
{ "type": "Feature", "properties": { "FID_1": 806, "NOMBRE_DE": "PASAJE dL LIMON (                (           0", "Text_1": "COLONYA GALVEZ             ` 0                          (   !          \"    \"                                                           !", "ESTADO": "MALO     0", "MATERIAL": "TIERRA", "VIAS": 0, "CLASE": "PEATONAL", "ANCHO_1": "3.91" }, "geometry": { "type": "MultiLineString", "coordinates": [ [ [ -89.164486786833606, 13.659630796687068 ], [ -89.164435270984697, 13.659577854863342 ], [ -89.164379516811621, 13.659541533360224 ], [ -89.164330530358058, 13.659523386711122 ], [ -89.164271357154803, 13.659427571286884 ], [ -89.164228475056007, 13.659369446044838 ], [ -89.164192014749432, 13.659317116028772 ], [ -89.164140756538686, 13.659263681961972 ], [ -89.164082665793046, 13.659205796753179 ], [ -89.164030264728353, 13.65914567989031 ], [ -89.163973320046949, 13.659098933116848 ], [ -89.164025645181823, 13.659050223306584 ], [ -89.164079099750822, 13.65898892190293 ], [ -89.164098431183717, 13.658962174860811 ], [ -89.16410525052045, 13.658947689316197 ], [ -89.164147841574291, 13.658896678359794 ] ] ] } },
{ "type": "Feature", "properties": { "FID_1": 878, "NOMBRE_DE": "PASAJE S/N8", "Text_1": "COLONIA GALVEZ                              \"         (          0                                         (       !     !      $                                               (                     \"  0      $         `                !", "ESTADO": "MALO", "MATERIAL": "TIERRA", "VIAS": 0, "CLASE": "VEHICULAR", "ANCHO_1": "5.50     (" }, "geometry": { "type": "MultiLineString", "coordinates": [ [ [ -89.166156518197909, 13.658271972598239 ], [ -89.166237096191907, 13.658201829585769 ], [ -89.166294446841363, 13.658157513605268 ], [ -89.16638710255387, 13.658103454339525 ], [ -89.166509539684327, 13.658031016034446 ], [ -89.166588340125884, 13.657981279654075 ], [ -89.166593099639755, 13.65796676414627 ] ] ] } },
{ "type": "Feature", "properties": { "FID_1": 879, "NOMBRE_DE": "PASAJE S/N                                  8", "Text_1": "COLONIA\"GALVEZ $                                       (                           (                  (           0                                                             \"                  ( $         `  $                             \"", "ESTADO": "MALO", "MATERIAL": "TIERRA", "VIAS": 1, "CLASE": "PEQTONAL", "ANCHO_1": "3.00 (" }, "geometry": { "type": "MultiLineString", "coordinates": [ [ [ -89.166833665201764, 13.65869828306545 ], [ -89.166821543703335, 13.658608369029226 ], [ -89.166815517289933, 13.658591555952656 ], [ -89.166804322484964, 13.658556247500224 ], [ -89.166782775995159, 13.658462926849689 ], [ -89.16679823464527, 13.658452826065906 ], [ -89.166862997868506, 13.658432019200307 ], [ -89.166936359334869, 13.658410244355919 ] ] ] } },
{ "type": "Feature", "properties": { "FID_1": 880, "NOMBRE_DE": "PASAJE 3 SUR", "Text_1": "COLONIA GALVEZ                        h             (     `(                           0(          `     `", "ESTADO": "MAL\u000f   (", "MATERIAL": "TIERRA", "VIAS": 1, "CLASE": "PeATONAL", "ANCHO_1": "4.00" }, "geometry": { "type": "MultiLineString", "coordinates": [ [ [ -89.165516225777068, 13.659446887765473 ], [ -89.165527524308118, 13.659374392537387 ], [ -89.165554734366822, 13.659239239294445 ], [ -89.165569553740781, 13.65914460864631 ], [ -89.165572532113643, 13.659007693444595 ], [ -89.165555541459739, 13.658894864336691 ], [ -89.165549281779562, 13.658738396324843 ], [ -89.165583069213071, 13.658688723735938 ], [ -89.16573830971646, 13.658638969317254 ], [ -89.165810567675592, 13.658640425147986 ], [ -89.165940928922808, 13.658627400505511 ], [ -89.16608236795058, 13.658627305023497 ], [ -89.166216821407488, 13.658632043945627 ], [ -89.166381199026247, 13.658674134764336 ] ] ] } },
{ "type": "Feature", "properties": { "FID_1": 0, "NOMBRE_DE": "PASAJE \"A\"                              `", "Text_1": "COLONIA \u0013A^ ANTOnIO 6\"           (                          (                                 p                $                           $                            `     `    (                                               (                    \u0001   \"", "ESTADO": "MALO", "MATERIAL": "CONCRETO      ", "VIAS": 1, "CLASE": "PMATMNAL", "ANCHO_1": "4.50     (" }, "geometry": { "type": "MultiLineString", "coordinates": [ [ [ -89.185666857887469, 13.658262775191567 ], [ -89.185344253880444, 13.658504485564745 ] ] ] } },
{ "type": "Feature", "properties": { "FID_1": 501, "NOMBRE_DE": "PSAJE BELEN", "Text_1": "COLONIA SAN!ANTONIO 6                   (            $", "ESTADO": "MALO", "MATERIAL": "TIERRA", "VIAS": 0, "CLASE": "POATONAL    `", "ANCHO_1": "5.50" }, "geometry": { "type": "MultiLineString", "coordinates": [ [ [ -89.18549117560535, 13.657902724153356 ], [ -89.18530076744959, 13.658013216089605 ], [ -89.185138145493809, 13.658110727998883 ], [ -89.185098574130805, 13.658153826432086 ] ] ] } },
{ "type": "Feature", "properties": { "FID_1": 496, "NOMBRE_DE": "PASAJG LIBERTAD                  `        $", "Text_1": "COLONIA BOLIVAR        \"                                                    0                                             `                     0      `", "ESTADO": "MALO", "MATERIAL": "ADOQUIN", "VIAS": 2, "CLASE": "VEHICULAR", "ANCHO_1": "4.40" }, "geometry": { "type": "MultiLineString", "coordinates": [ [ [ -89.185380478319559, 13.657703010877146 ], [ -89.185286563209146, 13.657708797747599 ], [ -89.185263356876277, 13.657716994080612 ], [ -89.18519930502957, 13.657735215646463 ], [ -89.184995108987607, 13.657836233170768 ], [ -89.184918489032867, 13.657888474337209 ] ] ] } },
{ "type": "Feature", "properties": { "FID_1": 497, "NOMBRE_DE": "CALLE PRINCIPAL", "Text_1": "COLONIA BOLIVAR", "ESTADO": "BUENO", "MATERIAL": "ADOQUIN", "VIAS": 2, "CLASE": "VEHICULAR", "ANCHO_1": "5.70" }, "geometry": { "type": "MultiLineString", "coordinates": [ [ [ -89.185199304335342, 13.657735215886785 ], [ -89.185155608158425, 13.657664371597763 ], [ -89.185071975721272, 13.657580835811906 ], [ -89.184793152193208, 13.657312337522095 ], [ -89.184644046181944, 13.657160441865264 ] ] ] } },
{ "type": "Feature", "properties": { "FID_1": 509, "NOMBRE_DE": "CALLE PRINCIPAL SANTA JULIA 2", "Text_1": "COLONIA SANTA JULIA 2", "ESTADO": "MALO", "MATERIAL": "CONCRETO", "VIAS": 2, "CLASE": "VEHICULAR", "ANCHO_1": "5.80" }, "geometry": { "type": "MultiLineString", "coordinates": [ [ [ -89.185694914070965, 13.656788067692316 ], [ -89.185645696247732, 13.656727498613227 ], [ -89.185605498589553, 13.656688220274631 ], [ -89.185517358540167, 13.656643905835972 ], [ -89.18544216318702, 13.656586903146511 ], [ -89.185316422345409, 13.65650964836226 ], [ -89.185229460404486, 13.656452484552846 ], [ -89.185192346367529, 13.656438795209377 ], [ -89.185148646703567, 13.656441248392216 ], [ -89.18502828058709, 13.656466353301292 ], [ -89.184787306804651, 13.656523724099799 ] ] ] } },
{ "type": "Feature", "properties": { "FID_1": 499, "NOMBRE_DE": "PASAJE SINALOA", "Text_1": "COLONIA SAN ANTONIO 2", "ESTADO": "BUENO", "MATERIAL": "CONCRETO", "VIAS": 2, "CLASE": "VEHICULAR", "ANCHO_1": "6.00" }, "geometry": { "type": "MultiLineString", "coordinates": [ [ [ -89.186526226448862, 13.657998370549004 ], [ -89.186313759817168, 13.657872463688985 ], [ -89.186152020263663, 13.657785210137702 ], [ -89.185719879852371, 13.657516330542606 ], [ -89.185678842631873, 13.657492678365349 ] ] ] } },
{ "type": "Feature", "properties": { "FID_1": 505, "NOMBRE_DE": "PASAJE NAJERA", "Text_1": "COLONIA SAN ANTONIO 2", "ESTADO": "BUENO", "MATERIAL": "ADOQUIN", "VIAS": 1, "CLASE": "VEHICULAR", "ANCHO_1": "4.50" }, "geometry": { "type": "MultiLineString", "coordinates": [ [ [ -89.186111438462191, 13.654359558372619 ], [ -89.186212177421851, 13.654375605335172 ], [ -89.186302833471174, 13.654396748628756 ], [ -89.186435859654125, 13.65442557320932 ], [ -89.186686021790393, 13.654469966758086 ] ] ] } },
{ "type": "Feature", "properties": { "FID_1": 506, "NOMBRE_DE": "PASAJE rodriguez", "Text_1": "COLONIA SAN ANTONIO 2", "ESTADO": "BUENO", "MATERIAL": "CONCRETO", "VIAS": 1, "CLASE": "PEATONAL", "ANCHO_1": "4.40" }, "geometry": { "type": "MultiLineString", "coordinates": [ [ [ -89.187377875204049, 13.65416855236983 ], [ -89.187271468993615, 13.654169501220336 ], [ -89.187064678721171, 13.654176495812232 ], [ -89.1869682530711, 13.65415879242561 ], [ -89.186803338486428, 13.654112424799354 ], [ -89.186585737425816, 13.654056524964851 ] ] ] } },
{ "type": "Feature", "properties": { "FID_1": 507, "NOMBRE_DE": "PASAJE RUBI", "Text_1": "COLONIA SAN ANTONIO 2", "ESTADO": "BUENO", "MATERIAL": "CONCRETO", "VIAS": 1, "CLASE": "PEATONAL", "ANCHO_1": "3.90" }, "geometry": { "type": "MultiLineString", "coordinates": [ [ [ -89.186585737425816, 13.654056524964851 ], [ -89.186506566391841, 13.654017851332682 ], [ -89.186438089547991, 13.654010849566397 ], [ -89.186269894063045, 13.653985113490885 ], [ -89.186156130619025, 13.65395859582425 ] ] ] } },
{ "type": "Feature", "properties": { "FID_1": 548, "NOMBRE_DE": "CALLE PRINCIPAL COL SAN ANTONIO 2", "Text_1": "COLONIA SAN ANTONIO 2", "ESTADO": "REGULAR", "MATERIAL": "ADOQUIN", "VIAS": 2, "CLASE": "VEHICULAR", "ANCHO_1": "7.00" }, "geometry": { "type": "MultiLineString", "coordinates": [ [ [ -89.186213887728883, 13.656731178069965 ], [ -89.186233742018132, 13.65662645785034 ], [ -89.186254753998611, 13.656291035730566 ], [ -89.186291979006, 13.656178409738438 ], [ -89.186350958700359, 13.655934615469848 ], [ -89.186401366434438, 13.655818080102637 ], [ -89.186458998015894, 13.655544210726459 ], [ -89.186490213854455, 13.655409305821784 ], [ -89.186564678167571, 13.655088266028473 ], [ -89.186625934164965, 13.654974504017037 ], [ -89.186644333507871, 13.654806939205876 ], [ -89.186700205484613, 13.654545788726033 ], [ -89.186686021822908, 13.654469966518974 ], [ -89.186681057692937, 13.654443439366171 ], [ -89.186658640315301, 13.654365511526507 ], [ -89.186624973780837, 13.654200077696032 ], [ -89.186585736206013, 13.654056525477262 ], [ -89.186550483540259, 13.653947472012486 ], [ -89.186529213191477, 13.653828324089867 ], [ -89.186499133870669, 13.653726454702129 ], [ -89.186474354485185, 13.653634941536605 ], [ -89.186444315723023, 13.6535848816117 ], [ -89.186432583322812, 13.653576543941481 ], [ -89.186386050549913, 13.653543476524359 ], [ -89.186328122103049, 13.653535423775736 ], [ -89.186311926489935, 13.653533172449839 ], [ -89.186124856097692, 13.653512589758803 ], [ -89.18585659195972, 13.653466162450348 ] ] ] } },
{ "type": "Feature", "properties": { "FID_1": 549, "NOMBRE_DE": "CALLE DR. FRANCISCO SANCHEZ GUZMAN", "Text_1": "COLONIA SAN ANTONIO 2", "ESTADO": "BUENO", "MATERIAL": "CONCRETO", "VIAS": 1, "CLASE": "PEATONAL", "ANCHO_1": "5.00" }, "geometry": { "type": "MultiLineString", "coordinates": [ [ [ -89.188710691611178, 13.658435018228907 ], [ -89.188727885259183, 13.658379219582631 ], [ -89.188727846142996, 13.658330477990944 ], [ -89.188719511027344, 13.658287835468396 ], [ -89.188572113252562, 13.658216867007816 ], [ -89.188455863411178, 13.658170245401392 ], [ -89.188300368175746, 13.658353145597289 ], [ -89.188248464845913, 13.658324752722081 ], [ -89.188161563078907, 13.658271132060495 ] ] ] } },
{ "type": "Feature", "properties": { "FID_1": 550, "NOMBRE_DE": "CALLE DR. FRANCISCO SANCHEZ GUZMAN", "Text_1": "COLONIA SAN ANTONIO 2", "ESTADO": "BUENO", "MATERIAL": "ADOQUIN", "VIAS": 2, "CLASE": "VEHICULAR", "ANCHO_1": "5.90" }, "geometry": { "type": "MultiLineString", "coordinates": [ [ [ -89.188161562265108, 13.658271132980873 ], [ -89.187962258639303, 13.65818907982707 ], [ -89.187587432964222, 13.658054260827893 ], [ -89.187031753722565, 13.657829507814307 ] ] ] } },
{ "type": "Feature", "properties": { "FID_1": 551, "NOMBRE_DE": "PASAJE PIETRO PAOLA", "Text_1": "COLONIA SAN ANTONIO 2", "ESTADO": "BUENO", "MATERIAL": "CONCRETO", "VIAS": 2, "CLASE": "VEHICULAR", "ANCHO_1": "5.00" }, "geometry": { "type": "MultiLineString", "coordinates": [ [ [ -89.187031753975589, 13.657829507906683 ], [ -89.187119470436116, 13.657570808164307 ], [ -89.187194917393256, 13.657377743488286 ] ] ] } },
{ "type": "Feature", "properties": { "FID_1": 552, "NOMBRE_DE": "PASAJE LOS ANGELES", "Text_1": "COLONIA SAN ANTONIO 2", "ESTADO": "BUENO", "MATERIAL": "CONCRETO", "VIAS": 2, "CLASE": "VEHICULAR", "ANCHO_1": "4.90" }, "geometry": { "type": "MultiLineString", "coordinates": [ [ [ -89.188625328602569, 13.657832537031863 ], [ -89.188610977636344, 13.657729207659552 ], [ -89.188575422252995, 13.657633561425142 ], [ -89.188528396016736, 13.657494418018585 ], [ -89.188474658141914, 13.657337056773518 ], [ -89.188414637249579, 13.657210564796927 ], [ -89.188323009836196, 13.656997679261366 ], [ -89.188279576615983, 13.656901068586123 ], [ -89.188209275692884, 13.656744688733019 ], [ -89.188175701387109, 13.656680089654191 ], [ -89.188120420185129, 13.656546426379514 ], [ -89.18806058192051, 13.656418540596238 ] ] ] } },
{ "type": "Feature", "properties": { "FID_1": 553, "NOMBRE_DE": "PASAJE SAN ANTONIO", "Text_1": "COLONIA SAN ANTONIO 2", "ESTADO": "BUENO", "MATERIAL": "CONCRETO", "VIAS": 1, "CLASE": "PEATONAL", "ANCHO_1": "2.50" }, "geometry": { "type": "MultiLineString", "coordinates": [ [ [ -89.187787738609899, 13.656850154817597 ], [ -89.187922544076272, 13.656787169852784 ], [ -89.188175702317523, 13.656680089116433 ] ] ] } },
{ "type": "Feature", "properties": { "FID_1": 554, "NOMBRE_DE": "PASAJE LAS BRISAS", "Text_1": "COLONIA SAN ANTONIO 2", "ESTADO": "MALO", "MATERIAL": "CONCRETO", "VIAS": 1, "CLASE": "VEHICULAR", "ANCHO_1": "4.80" }, "geometry": { "type": "MultiLineString", "coordinates": [ [ [ -89.187041853889696, 13.655085985436036 ], [ -89.186625934143265, 13.654974502647182 ] ] ] } },
{ "type": "Feature", "properties": { "FID_1": 555, "NOMBRE_DE": "PASAJE WASHINTONG", "Text_1": "COLONIA SAN ANTONIO 2", "ESTADO": "MALO", "MATERIAL": "CONCRETO", "VIAS": 2, "CLASE": "VEHICULAR", "ANCHO_1": "5.40" }, "geometry": { "type": "MultiLineString", "coordinates": [ [ [ -89.187580587088419, 13.655816182981212 ], [ -89.187289195279391, 13.655709113818716 ], [ -89.187079253904741, 13.655614244218814 ], [ -89.187040755295641, 13.655588598361534 ] ] ] } },
{ "type": "Feature", "properties": { "FID_1": 556, "NOMBRE_DE": "PASAJE NAJERA", "Text_1": "COLONIA SAN ANTONIO 2", "ESTADO": "BUENO", "MATERIAL": "CONCRETO", "VIAS": 1, "CLASE": "PEATONAL", "ANCHO_1": "4.30" }, "geometry": { "type": "MultiLineString", "coordinates": [ [ [ -89.187201557710921, 13.654659601078064 ], [ -89.186973840720398, 13.654607680590788 ], [ -89.186700206495104, 13.654545788399089 ] ] ] } },
{ "type": "Feature", "properties": { "FID_1": 560, "NOMBRE_DE": "AVENIDA IRA", "Text_1": "COLONIA SAN ANTONIO 2", "ESTADO": "REGULAR", "MATERIAL": "ADOQUIN", "VIAS": 2, "CLASE": "VEHICULAR", "ANCHO_1": "4.80" }, "geometry": { "type": "MultiLineString", "coordinates": [ [ [ -89.186962967015447, 13.656854025153802 ], [ -89.186847772908934, 13.656814127222161 ], [ -89.186669989567363, 13.656761639875782 ], [ -89.186571388196626, 13.656733941788758 ], [ -89.186233738398002, 13.656620182605767 ] ] ] } },
{ "type": "Feature", "properties": { "FID_1": 561, "NOMBRE_DE": "PASAJE LARIN", "Text_1": "COLONIA SAN ANTONIO 2", "ESTADO": "MALO", "MATERIAL": "TIERRA", "VIAS": 1, "CLASE": "PEATONAL", "ANCHO_1": "3.50" }, "geometry": { "type": "MultiLineString", "coordinates": [ [ [ -89.186713388053818, 13.657530709479564 ], [ -89.186613073280668, 13.657502897448683 ], [ -89.186523538339657, 13.657473765416734 ], [ -89.18637857683359, 13.657426321106207 ], [ -89.186254262275085, 13.657374886341772 ], [ -89.186227983262626, 13.657355812718682 ], [ -89.18617015968313, 13.657301513390326 ], [ -89.186106331214489, 13.657245015493681 ], [ -89.185973422347658, 13.657132973595646 ] ] ] } },
{ "type": "Feature", "properties": { "FID_1": 562, "NOMBRE_DE": "PASAJE LARIN", "Text_1": "COLONIA SAN ANTONIO 2", "ESTADO": "BUENO", "MATERIAL": "ADOQUIN", "VIAS": 2, "CLASE": "VEHICULAR", "ANCHO_1": "5.20" }, "geometry": { "type": "MultiLineString", "coordinates": [ [ [ -89.187194916138438, 13.657377744029251 ], [ -89.186814141856985, 13.657244814063091 ], [ -89.186424393349029, 13.657106094774775 ] ] ] } },
{ "type": "Feature", "properties": { "FID_1": 563, "NOMBRE_DE": "PASAJE SAN LORENZO", "Text_1": "COLONIA SAN ANTONIO 2", "ESTADO": "BUENO", "MATERIAL": "CONCRETO", "VIAS": 2, "CLASE": "VEHICULAR", "ANCHO_1": "5.20" }, "geometry": { "type": "MultiLineString", "coordinates": [ [ [ -89.187485960435382, 13.656642801234975 ], [ -89.187293568138571, 13.656557859117576 ], [ -89.187060284521422, 13.656475870827746 ], [ -89.186882983922686, 13.656409056024472 ], [ -89.186662136061301, 13.656324013663362 ], [ -89.186291974035157, 13.656172134654224 ] ] ] } },
{ "type": "Feature", "properties": { "FID_1": 564, "NOMBRE_DE": "PASAJE 3", "Text_1": "COLONIA SAN ANTONIO 2", "ESTADO": "BUENO", "MATERIAL": "CONCRETO", "VIAS": 2, "CLASE": "VEHICULAR", "ANCHO_1": "6.00" }, "geometry": { "type": "MultiLineString", "coordinates": [ [ [ -89.187434272987758, 13.656208023892958 ], [ -89.187101380358939, 13.656081334804439 ], [ -89.186863232704994, 13.655993260596604 ], [ -89.186401362659907, 13.655811805237072 ] ] ] } },
{ "type": "Feature", "properties": { "FID_1": 565, "NOMBRE_DE": "PASAJE S/N", "Text_1": "COLONIA SAN ANTONIO 2", "ESTADO": "MALO", "MATERIAL": "TIERRA", "VIAS": 1, "CLASE": "PEATONAL", "ANCHO_1": "5.60" }, "geometry": { "type": "MultiLineString", "coordinates": [ [ [ -89.187092694130214, 13.655247260195809 ], [ -89.187169135859435, 13.655261691619982 ], [ -89.187296563726818, 13.655305058592296 ], [ -89.187415812243358, 13.655350719310873 ], [ -89.187598186781599, 13.655413488662346 ], [ -89.18769746990175, 13.655432900603413 ] ] ] } },
{ "type": "Feature", "properties": { "FID_1": 567, "NOMBRE_DE": "AVENIDA ACROPOLIS", "Text_1": "COLONIA SAN ANTONIO 2", "ESTADO": "REGULAR", "MATERIAL": "ADOQUIN", "VIAS": 2, "CLASE": "VEHICULAR", "ANCHO_1": "5.70" }, "geometry": { "type": "MultiLineString", "coordinates": [ [ [ -89.186962966822392, 13.6568540256006 ], [ -89.187051280594545, 13.656883666008953 ], [ -89.187144577715102, 13.656895768133058 ], [ -89.187188080889868, 13.656856173665878 ], [ -89.187262552526505, 13.656658309079399 ], [ -89.187293568138571, 13.656557859117576 ], [ -89.187364299520127, 13.656406353907347 ], [ -89.187434272503097, 13.656208024305013 ], [ -89.187524325052607, 13.655966288710106 ], [ -89.187580581153313, 13.655809908677616 ], [ -89.187643372932726, 13.655668446390223 ], [ -89.187694384365571, 13.655516099346134 ], [ -89.18769746486818, 13.655426626169557 ] ] ] } },
{ "type": "Feature", "properties": { "FID_1": 568, "NOMBRE_DE": "PASAJE S/N", "Text_1": "COLONIA SAN ANTONIO 2", "ESTADO": "MALO", "MATERIAL": "TIERRA", "VIAS": 1, "CLASE": "PEATONAL", "ANCHO_1": "2.36" }, "geometry": { "type": "MultiLineString", "coordinates": [ [ [ -89.187683843460448, 13.655972471799169 ], [ -89.187805117983743, 13.655777159424206 ] ] ] } },
{ "type": "Feature", "properties": { "FID_1": 569, "NOMBRE_DE": "PASAJE S/N", "Text_1": "COLONIA SAN ANTONIO 2", "ESTADO": "MALO", "MATERIAL": "TIERRA", "VIAS": 1, "CLASE": "PEATONAL", "ANCHO_1": "4.00" }, "geometry": { "type": "MultiLineString", "coordinates": [ [ [ -89.188016910287004, 13.655922796972707 ], [ -89.187924420061336, 13.65585897643351 ], [ -89.187641249394417, 13.655673345643891 ] ] ] } },
{ "type": "Feature", "properties": { "FID_1": 574, "NOMBRE_DE": "PASAJE LAS ROSAS", "Text_1": "COLONIA SAN ANTONIO 2", "ESTADO": "BUENO", "MATERIAL": "CONCRETO", "VIAS": 1, "CLASE": "PEATONAL", "ANCHO_1": "3.15" }, "geometry": { "type": "MultiLineString", "coordinates": [ [ [ -89.186795005467346, 13.653888418638022 ], [ -89.186753289609726, 13.653783252357009 ], [ -89.186687860548034, 13.653611105425261 ], [ -89.186650731469939, 13.653521329274724 ], [ -89.186595085709143, 13.653434575059491 ] ] ] } },
{ "type": "Feature", "properties": { "FID_1": 595, "NOMBRE_DE": "PASAJE LOS POSITOS", "Text_1": "COLONIA SAN ANTONIO 2", "ESTADO": "BUENO", "MATERIAL": "CONCRETO", "VIAS": 1, "CLASE": "PEATONAL", "ANCHO_1": "3.80" }, "geometry": { "type": "MultiLineString", "coordinates": [ [ [ -89.186045737018418, 13.653031890342719 ], [ -89.186051430031426, 13.65303322509825 ], [ -89.186099908339571, 13.653048400802025 ], [ -89.186180397196992, 13.653071160111175 ], [ -89.186289919990116, 13.65308629672462 ], [ -89.186334188990784, 13.653087636900405 ], [ -89.186452719956335, 13.653121119790866 ], [ -89.18651120580202, 13.653137860702611 ], [ -89.186893944083323, 13.653191610113128 ] ] ] } },
{ "type": "Feature", "properties": { "FID_1": 598, "NOMBRE_DE": "CALLE LOS POSITOS", "Text_1": "COLONIA SAN ANTONIO 2", "ESTADO": "BUENO", "MATERIAL": "CONCRETO", "VIAS": 1, "CLASE": "VEHICULAR", "ANCHO_1": "4.50" }, "geometry": { "type": "MultiLineString", "coordinates": [ [ [ -89.186328122103049, 13.653535423775736 ], [ -89.186328073670751, 13.653474295111026 ], [ -89.186328893503457, 13.653417493820868 ], [ -89.186319305085874, 13.653340355629449 ], [ -89.18631404737782, 13.653265755806483 ], [ -89.186294723472045, 13.653160087007249 ], [ -89.186289919990116, 13.65308629672462 ], [ -89.186283100429293, 13.652981388614384 ], [ -89.186269225825313, 13.652888777018894 ], [ -89.186259307229705, 13.65281353027766 ], [ -89.18624339943635, 13.652641807423667 ], [ -89.18633409021362, 13.652634019430398 ], [ -89.186600188679279, 13.652600569315538 ] ] ] } },
{ "type": "Feature", "properties": { "FID_1": 800, "NOMBRE_DE": "CALLE LA FLORESTA", "Text_1": "COLONIA SAN ANTONIO 2", "ESTADO": "BUENO", "MATERIAL": "CONCRETO", "VIAS": 1, "CLASE": "VEHICULAR", "ANCHO_1": "3.60" }, "geometry": { "type": "MultiLineString", "coordinates": [ [ [ -89.187587434197042, 13.658054259781791 ], [ -89.187671883681716, 13.657821296636751 ], [ -89.187763718950819, 13.657570317104025 ] ] ] } },
{ "type": "Feature", "properties": { "FID_1": 801, "NOMBRE_DE": "CALLE LA FLORESTA", "Text_1": "COLONIA SAN ANTONIO 2", "ESTADO": "MALO", "MATERIAL": "TIERRA", "VIAS": 1, "CLASE": "PEATONAL", "ANCHO_1": "5.50" }, "geometry": { "type": "MultiLineString", "coordinates": [ [ [ -89.187763718950819, 13.657570317104025 ], [ -89.187840975984827, 13.657436289686611 ], [ -89.187960847317569, 13.657251624703791 ], [ -89.188067685658325, 13.65705621914509 ] ] ] } },
{ "type": "Feature", "properties": { "FID_1": 990, "NOMBRE_DE": "CALLE LA CRUZ", "Text_1": "COLONIA SAN ANTONIO 2", "ESTADO": "BUENO", "MATERIAL": "ADOQUIN", "VIAS": 2, "CLASE": "VEHICULAR", "ANCHO_1": "5.20" }, "geometry": { "type": "MultiLineString", "coordinates": [ [ [ -89.188902338620295, 13.65787036749566 ], [ -89.188791404862769, 13.65784063864275 ], [ -89.188667373460504, 13.657834562041698 ], [ -89.188625328602569, 13.657832537031863 ], [ -89.188528786718507, 13.657859328453744 ], [ -89.188380028990423, 13.657817476819229 ], [ -89.188255948081292, 13.657769965143785 ], [ -89.187763718697752, 13.657570317437385 ], [ -89.187387383943729, 13.657446909949821 ], [ -89.187194916138438, 13.657377744029251 ] ] ] } },
{ "type": "Feature", "properties": { "FID_1": 994, "NOMBRE_DE": "PASAJES LAS ROSAS", "Text_1": "COLONIA SAN ANTONIO 2", "ESTADO": "BUENO", "MATERIAL": "CONCRETO", "VIAS": 1, "CLASE": "PEATONAL", "ANCHO_1": "3.60" }, "geometry": { "type": "MultiLineString", "coordinates": [ [ [ -89.186595085709143, 13.653434575059491 ], [ -89.186592432030338, 13.653438477208379 ], [ -89.18643258400958, 13.653576543715612 ] ] ] } },
{ "type": "Feature", "properties": { "FID_1": 539, "NOMBRE_DE": "PASAJE \"B\"", "Text_1": "COMUNIDAD GUADALUPE", "ESTADO": "BUENO", "MATERIAL": "CONCRETO", "VIAS": 1, "CLASE": "PEATONAL", "ANCHO_1": "3.00" }, "geometry": { "type": "MultiLineString", "coordinates": [ [ [ -89.183595887870396, 13.657514251834776 ], [ -89.183612652207202, 13.657417480610087 ], [ -89.183637292842576, 13.657279397354149 ] ] ] } },
{ "type": "Feature", "properties": { "FID_1": 541, "NOMBRE_DE": "PASAJE \"A\"", "Text_1": "COMUNIDAD GUADALUPE", "ESTADO": "BUENO", "MATERIAL": "CONCRETO", "VIAS": 1, "CLASE": "PEATONAL", "ANCHO_1": "2.60" }, "geometry": { "type": "MultiLineString", "coordinates": [ [ [ -89.18341615744211, 13.657481687592821 ], [ -89.183412565940273, 13.657455530888015 ], [ -89.183419819561792, 13.657378584263162 ], [ -89.183426311733783, 13.657305537670013 ] ] ] } },
{ "type": "Feature", "properties": { "FID_1": 274, "NOMBRE_DE": "PASAJE S/N", "Text_1": "BARRIO SAN JOSE", "ESTADO": "MALO", "MATERIAL": "TIERRA", "VIAS": 1, "CLASE": "PEATONAL", "ANCHO_1": "2.50" }, "geometry": { "type": "MultiLineString", "coordinates": [ [ [ -89.181994603961002, 13.658119238677424 ], [ -89.1819753658461, 13.658120143407571 ], [ -89.181928995371592, 13.658128429698751 ], [ -89.18182614284261, 13.658154086911248 ] ] ] } },
{ "type": "Feature", "properties": { "FID_1": 277, "NOMBRE_DE": "PASAJE CANAS", "Text_1": "BARRIO SAN JOSE", "ESTADO": "BUENO", "MATERIAL": "ASFALTO", "VIAS": 1, "CLASE": "PEATONAL", "ANCHO_1": "5.60" }, "geometry": { "type": "MultiLineString", "coordinates": [ [ [ -89.181723098878734, 13.657247805685227 ], [ -89.181847603329004, 13.657296240138447 ], [ -89.182069839504322, 13.657349693609035 ], [ -89.182215974758762, 13.657394266960923 ], [ -89.182368195287438, 13.657435856940587 ], [ -89.182502148657505, 13.657471502837986 ] ] ] } },
{ "type": "Feature", "properties": { "FID_1": 355, "NOMBRE_DE": "PASAJE S/N", "Text_1": "BARRIO SAN JOSE", "ESTADO": "MALO", "MATERIAL": "TIERRA", "VIAS": 1, "CLASE": "PEATONAL", "ANCHO_1": "3.60" }, "geometry": { "type": "MultiLineString", "coordinates": [ [ [ -89.182160211399562, 13.658068620032008 ], [ -89.182199056777961, 13.658046225412814 ], [ -89.182212170473932, 13.658042162017273 ], [ -89.182262542130474, 13.658010370867025 ], [ -89.182281171369524, 13.657996844794432 ], [ -89.18233914115342, 13.657970452902296 ], [ -89.182431639906795, 13.657958223261597 ] ] ] } },
{ "type": "Feature", "properties": { "FID_1": 356, "NOMBRE_DE": "PASAJE ALGEL MORENO", "Text_1": "BARRIO SAN JOSE", "ESTADO": "BUENO", "MATERIAL": "ASFALTO", "VIAS": 1, "CLASE": "VEHICULAR", "ANCHO_1": "5.00" }, "geometry": { "type": "MultiLineString", "coordinates": [ [ [ -89.182379254202559, 13.658823389978419 ], [ -89.182486723595673, 13.658769412605192 ], [ -89.182733220784314, 13.658619428916049 ] ], [ [ -89.182379254202559, 13.658823389978419 ], [ -89.182367652308017, 13.658783431735278 ], [ -89.182366911541081, 13.65870482817016 ], [ -89.182369205704447, 13.658638276294383 ] ], [ [ -89.182010660929564, 13.659020487812295 ], [ -89.182086512437067, 13.659032433189651 ], [ -89.182197879468362, 13.659048696815224 ], [ -89.182273980061524, 13.659059538012603 ], [ -89.182309239475742, 13.659055880080716 ], [ -89.182340744189844, 13.658995919141502 ], [ -89.182348080363496, 13.658885121612222 ], [ -89.182379254202559, 13.658823389978419 ] ] ] } },
{ "type": "Feature", "properties": { "FID_1": 502, "NOMBRE_DE": "5a CALLE  PONIENTE", "Text_1": "BARRIO SAN JOSE", "ESTADO": "MALO", "MATERIAL": "EMPEDRADO", "VIAS": 1, "CLASE": "PEATONAL", "ANCHO_1": "5.00" }, "geometry": { "type": "MultiLineString", "coordinates": [ [ [ -89.184548918120797, 13.658623106114241 ], [ -89.18472324939485, 13.658471540460461 ], [ -89.184839800645648, 13.658375338187403 ] ] ] } },
{ "type": "Feature", "properties": { "FID_1": 503, "NOMBRE_DE": "2a CALLE  PONIENTE", "Text_1": "BARRIO SAN JOSE", "ESTADO": "BUENO", "MATERIAL": "CONCRETO", "VIAS": 2, "CLASE": "VEHICULAR", "ANCHO_1": "5.20" }, "geometry": { "type": "MultiLineString", "coordinates": [ [ [ -89.185043429053053, 13.658584069656207 ], [ -89.185056203048859, 13.658546470441051 ], [ -89.184998524258319, 13.658467155558414 ], [ -89.184885323425945, 13.658337763308046 ], [ -89.184819727115553, 13.658284708853902 ], [ -89.184670891367034, 13.658128633617585 ], [ -89.184522054952012, 13.657974333087282 ], [ -89.184360503773746, 13.657793418948394 ], [ -89.184202117119213, 13.657637613743143 ] ] ] } },
{ "type": "Feature", "properties": { "FID_1": 538, "NOMBRE_DE": "PASAJE \"B\"", "Text_1": "BARRIO SAN JOSE", "ESTADO": "BUENO", "MATERIAL": "CONCRETO", "VIAS": 1, "CLASE": "PEATONAL", "ANCHO_1": "3.60" }, "geometry": { "type": "MultiLineString", "coordinates": [ [ [ -89.183760033105273, 13.657562876227583 ], [ -89.183818982791493, 13.657321654689872 ] ] ] } },
{ "type": "Feature", "properties": { "FID_1": 1232, "NOMBRE_DE": "9a  AV. NORTE", "Text_1": "BARRIO SAN JOSE", "ESTADO": "BUENO", "MATERIAL": "CONCRETO", "VIAS": 1, "CLASE": "PEATONAL", "ANCHO_1": "3.40" }, "geometry": { "type": "MultiLineString", "coordinates": [ [ [ -89.184917706099753, 13.659699513924153 ], [ -89.18500499861193, 13.659552822144652 ], [ -89.185121623584109, 13.659346634428712 ], [ -89.185144564170372, 13.65930352353225 ], [ -89.185148363753015, 13.65926604795313 ] ] ] } },
{ "type": "Feature", "properties": { "FID_1": 527, "NOMBRE_DE": "PASAJE 1", "Text_1": "COLONIA SANTA JULIA 1", "ESTADO": "REGULAR", "MATERIAL": "ADOQUIN", "VIAS": 1, "CLASE": "PEATONAL", "ANCHO_1": "5.00" }, "geometry": { "type": "MultiLineString", "coordinates": [ [ [ -89.183600308420594, 13.656804274667271 ], [ -89.183706995716094, 13.656838869703632 ], [ -89.183836415481963, 13.656887310430157 ], [ -89.18387740950179, 13.656916824311011 ], [ -89.184034901724402, 13.657015891706145 ], [ -89.184123354009955, 13.657068583583898 ], [ -89.184209620214091, 13.657083291243653 ], [ -89.184299532783811, 13.657076892904682 ], [ -89.184359901102937, 13.657064185713198 ], [ -89.184459070755238, 13.657034566816773 ], [ -89.184566864187602, 13.65700283108438 ], [ -89.184592727318602, 13.656985929083472 ], [ -89.184597001949214, 13.656937388432523 ], [ -89.184581634055604, 13.656820271218395 ] ] ] } },
{ "type": "Feature", "properties": { "FID_1": 535, "NOMBRE_DE": "PASAJE 2", "Text_1": "COLONIA SANTA JULIA 1", "ESTADO": "MALO", "MATERIAL": "TIERRA", "VIAS": 1, "CLASE": "PEATONAL", "ANCHO_1": "4.10" }, "geometry": { "type": "MultiLineString", "coordinates": [ [ [ -89.183341563640781, 13.656791841704415 ], [ -89.183459517073658, 13.656798953819161 ], [ -89.183600308420594, 13.656804274667271 ] ] ] } },
{ "type": "Feature", "properties": { "FID_1": 544, "NOMBRE_DE": "PASAJE S/N", "Text_1": "COLONIA SANTA JULIA 1", "ESTADO": "MALO", "MATERIAL": "TIERRA", "VIAS": 1, "CLASE": "PEATONAL", "ANCHO_1": "4.90" }, "geometry": { "type": "MultiLineString", "coordinates": [ [ [ -89.183834622832137, 13.656437603576256 ], [ -89.183871636239132, 13.656370815991572 ], [ -89.183932362260236, 13.656278603567635 ], [ -89.183993331864471, 13.656153635174059 ] ] ] } },
{ "type": "Feature", "properties": { "FID_1": 1233, "NOMBRE_DE": "CALLE PRINCIPAL COL SANTA JULIA 1", "Text_1": "COLONIA SANTA JULIA 1", "ESTADO": "BUENO", "MATERIAL": "CONCRETO", "VIAS": 2, "CLASE": "VEHICULAR", "ANCHO_1": "5.60" }, "geometry": { "type": "MultiLineString", "coordinates": [ [ [ -89.183478064553569, 13.657001974623794 ], [ -89.18352416864515, 13.656916229742132 ], [ -89.183600309266041, 13.656804274111019 ], [ -89.183594332340903, 13.656744668691758 ], [ -89.183621015802899, 13.656690593884507 ], [ -89.183597840288968, 13.656673175481302 ], [ -89.183606731144522, 13.656650500879451 ], [ -89.183613846644207, 13.656636546559682 ], [ -89.18363522637901, 13.656636530595364 ], [ -89.183683255268974, 13.656537106119419 ], [ -89.183745565496608, 13.656474287934268 ], [ -89.183834621766422, 13.656437604404557 ], [ -89.18395402604105, 13.65647587488345 ], [ -89.184066325004579, 13.656540306941945 ], [ -89.184244569975547, 13.656636074815301 ], [ -89.184514802188957, 13.656785826233989 ], [ -89.184581633009344, 13.656820272342863 ], [ -89.184643123202576, 13.656836297551088 ], [ -89.184701915007096, 13.656829278897135 ], [ -89.184750003433948, 13.656808317608508 ], [ -89.184799882558991, 13.656796073921736 ], [ -89.184830150068677, 13.656768153712182 ], [ -89.184826518594051, 13.656682716842893 ], [ -89.184787306804651, 13.656523724099799 ], [ -89.184733398949589, 13.656457476475122 ], [ -89.184693065925131, 13.656438815961561 ] ] ] } },
{ "type": "Feature", "properties": { "FID_1": 510, "NOMBRE_DE": "CALLE PRINCIPAL", "Text_1": "COLONIA SANTA JULIA 3", "ESTADO": "BUENO", "MATERIAL": "CONCRETO", "VIAS": 1, "CLASE": "PEATONAL-GRAD", "ANCHO_1": "2.00" }, "geometry": { "type": "MultiLineString", "coordinates": [ [ [ -89.185169236759734, 13.656147844401731 ], [ -89.185144779023005, 13.656141178932291 ], [ -89.185103735799629, 13.656152369600923 ], [ -89.184957797676077, 13.656183726767894 ] ] ] } },
{ "type": "Feature", "properties": { "FID_1": 522, "NOMBRE_DE": "PASAJE 1", "Text_1": "COLONIA SANTA JULIA 3", "ESTADO": "BUENO", "MATERIAL": "CONCRETO", "VIAS": 1, "CLASE": "PEATONAL", "ANCHO_1": "5.30" }, "geometry": { "type": "MultiLineString", "coordinates": [ [ [ -89.185351054689392, 13.655827747059645 ], [ -89.185206242327382, 13.655855024704735 ], [ -89.185057550367006, 13.655889382214879 ], [ -89.184892880630557, 13.655914143193208 ] ] ] } },
{ "type": "Feature", "properties": { "FID_1": 523, "NOMBRE_DE": "CALLE PRINCIPAL COL SANTA JULIA 3", "Text_1": "COLONIA SANTA JULIA 3", "ESTADO": "BUENO", "MATERIAL": "CONCRETO", "VIAS": 2, "CLASE": "VEHICULAR", "ANCHO_1": "4.80" }, "geometry": { "type": "MultiLineString", "coordinates": [ [ [ -89.184887001981195, 13.654881388123796 ], [ -89.184842172862744, 13.654972445666646 ], [ -89.184820602766109, 13.655082507547114 ], [ -89.184818219101274, 13.655138335161723 ], [ -89.184815889209247, 13.655261870372492 ], [ -89.184812501202444, 13.655363450648347 ], [ -89.184820179956048, 13.655555952659055 ], [ -89.184831665406762, 13.655654869766547 ], [ -89.184851203399305, 13.655767921265173 ], [ -89.184866873148962, 13.655874679748493 ], [ -89.184892885499906, 13.655920418718344 ], [ -89.184922449144963, 13.656078008576554 ], [ -89.184957801285364, 13.65619000161055 ], [ -89.184990220328388, 13.656375740001099 ], [ -89.185028285524226, 13.656472628385428 ] ] ] } },
{ "type": "Feature", "properties": { "FID_1": 524, "NOMBRE_DE": "PASAJE 2", "Text_1": "COLONIA SANTA JULIA 3", "ESTADO": "BUENO", "MATERIAL": "CONCRETO", "VIAS": 1, "CLASE": "PEATONAL", "ANCHO_1": "3.15" }, "geometry": { "type": "MultiLineString", "coordinates": [ [ [ -89.18550673509921, 13.655528189753502 ], [ -89.185288719122198, 13.655570335252186 ], [ -89.185118380772153, 13.655605129830267 ], [ -89.184831665607632, 13.655654868770441 ] ] ] } },
{ "type": "Feature", "properties": { "FID_1": 525, "NOMBRE_DE": "PASAJE 3", "Text_1": "COLONIA SANTA JULIA 3", "ESTADO": "BUENO", "MATERIAL": "CONCRETO", "VIAS": 1, "CLASE": "PEATONAL", "ANCHO_1": "5.15" }, "geometry": { "type": "MultiLineString", "coordinates": [ [ [ -89.185679484787045, 13.65520824814263 ], [ -89.185582000020247, 13.655231710144577 ], [ -89.18537694123988, 13.655273597498823 ], [ -89.185147513485475, 13.655313515759804 ], [ -89.184983055849187, 13.655341461317274 ], [ -89.184812501652729, 13.655363449533997 ] ] ] } },
{ "type": "Feature", "properties": { "FID_1": 526, "NOMBRE_DE": "PASAJE 4", "Text_1": "COLONIA SANTA JULIA 3", "ESTADO": "BUENO", "MATERIAL": "CONCRETO", "VIAS": 1, "CLASE": "PEATONAL", "ANCHO_1": "4.00" }, "geometry": { "type": "MultiLineString", "coordinates": [ [ [ -89.185219319627109, 13.655002624852274 ], [ -89.185098888983845, 13.655024884477504 ], [ -89.185040231778373, 13.655039282710948 ], [ -89.184977908725187, 13.655054879861686 ], [ -89.184914364343612, 13.655071674089161 ], [ -89.184820603663809, 13.65508250633324 ] ] ] } },
{ "type": "Feature", "properties": { "FID_1": 528, "NOMBRE_DE": "PASAJE 2", "Text_1": "COL VILLAS DE SAN MARCOS", "ESTADO": "BUENO", "MATERIAL": "CONCRETO", "VIAS": 1, "CLASE": "PEATONAL - GRAD", "ANCHO_1": "3.00" }, "geometry": { "type": "MultiLineString", "coordinates": [ [ [ -89.18318867880518, 13.656650437494665 ], [ -89.183190985515267, 13.656542337146956 ], [ -89.18319892106544, 13.656161059940471 ] ] ] } },
{ "type": "Feature", "properties": { "FID_1": 529, "NOMBRE_DE": "PASAJE 3", "Text_1": "COL VILLAS DE SAN MARCOS", "ESTADO": "BUENO", "MATERIAL": "CONCRETO", "VIAS": 1, "CLASE": "PEATONAL", "ANCHO_1": "2.58" }, "geometry": { "type": "MultiLineString", "coordinates": [ [ [ -89.183431743165926, 13.656654482012215 ], [ -89.183439000786237, 13.656500317653977 ], [ -89.183440202281943, 13.656274062571033 ] ] ] } },
{ "type": "Feature", "properties": { "FID_1": 531, "NOMBRE_DE": "PASAJE 1", "Text_1": "COL VILLAS DE SAN MARCOS", "ESTADO": "BUENO", "MATERIAL": "CONCRETO", "VIAS": 1, "CLASE": "PEATONAL", "ANCHO_1": "2.90" }, "geometry": { "type": "MultiLineString", "coordinates": [ [ [ -89.182823088984762, 13.656142468103535 ], [ -89.182946939273833, 13.65615693671584 ], [ -89.183036042053502, 13.65616680965371 ], [ -89.183050529165769, 13.656111738730081 ] ] ] } },
{ "type": "Feature", "properties": { "FID_1": 533, "NOMBRE_DE": "PASAJE 1", "Text_1": "COL VILLAS DE SAN MARCOS", "ESTADO": "BUENO", "MATERIAL": "CONCRETO", "VIAS": 1, "CLASE": "PEATONAL - GRAD", "ANCHO_1": "2.80" }, "geometry": { "type": "MultiLineString", "coordinates": [ [ [ -89.182938265686076, 13.656621984029659 ], [ -89.182944426767534, 13.656372068256141 ], [ -89.182946939273833, 13.65615693671584 ] ] ] } },
{ "type": "Feature", "properties": { "FID_1": 536, "NOMBRE_DE": "PASAJE GOASCORAN", "Text_1": "COLONIA EL CAMPO", "ESTADO": "MALO", "MATERIAL": "TIERRA", "VIAS": 1, "CLASE": "PEATONAL", "ANCHO_1": "4.90" }, "geometry": { "type": "MultiLineString", "coordinates": [ [ [ -89.182984936204136, 13.656068303107343 ], [ -89.183027307668922, 13.656019484027746 ], [ -89.183124608462535, 13.655800155086101 ], [ -89.18320971173938, 13.655594822887339 ] ] ] } },
{ "type": "Feature", "properties": { "FID_1": 537, "NOMBRE_DE": "PASAJE ATLACAT", "Text_1": "COLONIA EL CAMPO", "ESTADO": "MALO", "MATERIAL": "TIERRA", "VIAS": 1, "CLASE": "PEATONAL", "ANCHO_1": "4.50" }, "geometry": { "type": "MultiLineString", "coordinates": [ [ [ -89.182873892914486, 13.656021500717069 ], [ -89.182858566467203, 13.655846551043014 ], [ -89.182843226706382, 13.655654448330084 ], [ -89.182830698995502, 13.655539922242639 ] ] ] } },
{ "type": "Feature", "properties": { "FID_1": 517, "NOMBRE_DE": "PASAJE PRINCIPAL", "Text_1": "COLONIAES CALANTE", "ESTADO": "BUENO", "MATERIAL": "ADOQUIN", "VIAS": 2, "CLASE": "VEHICULAR", "ANCHO_1": "6.00" }, "geometry": { "type": "MultiLineString", "coordinates": [ [ [ -89.182062765609743, 13.656134780275687 ], [ -89.182085388549368, 13.655948051837568 ], [ -89.182106911652554, 13.655835288044205 ], [ -89.182136870216667, 13.655593958620713 ], [ -89.182154681661046, 13.655479673242448 ], [ -89.182188084813731, 13.655120345142178 ] ] ] } },
{ "type": "Feature", "properties": { "FID_1": 518, "NOMBRE_DE": "PASAJE GUADALUPE", "Text_1": "COLONIA  ESCALANTE", "ESTADO": "MALO", "MATERIAL": "EMPEDRADO", "VIAS": 2, "CLASE": "VEHICULAR", "ANCHO_1": "7.80" }, "geometry": { "type": "MultiLineString", "coordinates": [ [ [ -89.18162701017097, 13.65585202026346 ], [ -89.181627039131826, 13.655851845511016 ], [ -89.181649702507343, 13.655594526708446 ], [ -89.181715014588889, 13.655055531003647 ] ] ] } },
{ "type": "Feature", "properties": { "FID_1": 519, "NOMBRE_DE": "PASAJE PINTO", "Text_1": "COLONIAES CALANTE", "ESTADO": "MALO", "MATERIAL": "EMPEDRADO", "VIAS": 1, "CLASE": "PEATONAL", "ANCHO_1": "3.50" }, "geometry": { "type": "MultiLineString", "coordinates": [ [ [ -89.182632002339304, 13.655709319506672 ], [ -89.182549095929303, 13.655694047800274 ], [ -89.182486090408887, 13.655676481273696 ], [ -89.182416787762747, 13.655661561395593 ], [ -89.182338482876887, 13.655642244850849 ], [ -89.182136871477752, 13.655593957711806 ] ] ] } },
{ "type": "Feature", "properties": { "FID_1": 530, "NOMBRE_DE": "CALLE PRINCIPAL", "Text_1": "COLONIA ESCALANTE", "ESTADO": "BUENO", "MATERIAL": "ADOQUIN", "VIAS": 2, "CLASE": "VEHICULAR", "ANCHO_1": "5.30" }, "geometry": { "type": "MultiLineString", "coordinates": [ [ [ -89.182672691544283, 13.656110374856913 ], [ -89.182508050005382, 13.65607395927789 ], [ -89.182268710324109, 13.656001061140405 ], [ -89.182085388602246, 13.655948051020896 ] ] ] } },
{ "type": "Feature", "properties": { "FID_1": 1108, "NOMBRE_DE": "PSAJE S/N", "Text_1": null, "ESTADO": null, "MATERIAL": null, "VIAS": 0, "CLASE": null, "ANCHO_1": null }, "geometry": { "type": "MultiLineString", "coordinates": [ [ [ -89.182393904136447, 13.656278772853573 ], [ -89.182458118295017, 13.656301770243628 ], [ -89.182545472084144, 13.65632877834344 ], [ -89.182577461044062, 13.656338982146154 ], [ -89.182661575025833, 13.656356693620374 ] ] ] } },
{ "type": "Feature", "properties": { "FID_1": 211, "NOMBRE_DE": "PASAJE S/N", "Text_1": "BARRIO EL CALVARIO", "ESTADO": "REGULAR", "MATERIAL": "TIERRA", "VIAS": 1, "CLASE": "PEATONAL", "ANCHO_1": "6.00" }, "geometry": { "type": "MultiLineString", "coordinates": [ [ [ -89.180564252132925, 13.659069295701419 ], [ -89.180314944701522, 13.659151334681265 ] ] ] } },
{ "type": "Feature", "properties": { "FID_1": 212, "NOMBRE_DE": "PJE. LAS MARGARITAS", "Text_1": "BARRIO EL CALVARIO", "ESTADO": "BUENO", "MATERIAL": "LADRILLO DE PIS", "VIAS": 1, "CLASE": "PEATONAL - SERV", "ANCHO_1": "2.00" }, "geometry": { "type": "MultiLineString", "coordinates": [ [ [ -89.180908464602041, 13.658306924664744 ], [ -89.180939237362026, 13.658386669437068 ], [ -89.180949878130832, 13.658413294664765 ], [ -89.180959842138748, 13.658423031134342 ], [ -89.180972457218218, 13.65842756895832 ], [ -89.181058727473328, 13.658402171572071 ], [ -89.181206740576627, 13.658392968336113 ], [ -89.181247028571221, 13.658389041125526 ], [ -89.181272243215432, 13.658377979565234 ] ] ] } },
{ "type": "Feature", "properties": { "FID_1": 431, "NOMBRE_DE": "PASAJE GLORIA", "Text_1": "BARRIO EL CALVARIO", "ESTADO": "REGULAR", "MATERIAL": "CONCRETO", "VIAS": 1, "CLASE": "PEATONAL", "ANCHO_1": "3.15" }, "geometry": { "type": "MultiLineString", "coordinates": [ [ [ -89.18126475659372, 13.659474571428392 ], [ -89.181262760170611, 13.659452299614276 ], [ -89.181249187025898, 13.65940335673864 ], [ -89.181223827544756, 13.659333113647572 ], [ -89.181205542897914, 13.659279566911579 ], [ -89.181189599656761, 13.659209683334122 ], [ -89.181178937960581, 13.659120424172288 ], [ -89.181175976847996, 13.659096237871781 ], [ -89.181216773806639, 13.659065550610343 ], [ -89.181305824615364, 13.659011831227858 ] ] ] } },
{ "type": "Feature", "properties": { "FID_1": 432, "NOMBRE_DE": "PASAJE DOMINGUEZ", "Text_1": "COLONIAAZUCENA", "ESTADO": "MALO", "MATERIAL": "CONCRETO", "VIAS": 1, "CLASE": "PEATONAL", "ANCHO_1": "3.80" }, "geometry": { "type": "MultiLineString", "coordinates": [ [ [ -89.182985412952817, 13.659807149616412 ], [ -89.182896759145052, 13.659742457236277 ], [ -89.182793531052624, 13.659685458849536 ], [ -89.182727331603985, 13.659650384885023 ], [ -89.182661128764948, 13.659610920509577 ], [ -89.182626340749593, 13.659585701573693 ], [ -89.182599391740155, 13.65954511042839 ], [ -89.182537709707674, 13.659424329974835 ], [ -89.182481335349522, 13.65930536185625 ], [ -89.1824225724435, 13.659169101558236 ] ] ] } },
{ "type": "Feature", "properties": { "FID_1": 481, "NOMBRE_DE": "PASAJE  DUBON", "Text_1": "BARRIO EL CENTRO", "ESTADO": "REGULAR", "MATERIAL": "TIERRA", "VIAS": 1, "CLASE": "PEATONAL", "ANCHO_1": "2.90" }, "geometry": { "type": "MultiLineString", "coordinates": [ [ [ -89.179980516639716, 13.656760540093257 ], [ -89.179967159617902, 13.656758590789803 ], [ -89.17993774449512, 13.656758879252809 ], [ -89.179914560769987, 13.656753225150833 ], [ -89.179877662632535, 13.656739065480853 ], [ -89.179670354848682, 13.656753403694534 ], [ -89.179514576695709, 13.656792548814405 ] ] ] } },
{ "type": "Feature", "properties": { "FID_1": 516, "NOMBRE_DE": "4a AVENIDA SUR", "Text_1": "BARRIO EL CENTRO", "ESTADO": "BUENO", "MATERIAL": "ADOQUIN", "VIAS": 2, "CLASE": "VEHICULAR", "ANCHO_1": "5.90" }, "geometry": { "type": "MultiLineString", "coordinates": [ [ [ -89.180755666680412, 13.657200323957817 ], [ -89.180734190924142, 13.6571136362176 ], [ -89.180724227701802, 13.657085426096454 ], [ -89.180692347714924, 13.657000801606323 ], [ -89.180627702328295, 13.656970688039747 ], [ -89.180510372745971, 13.656955207069839 ], [ -89.18042284652185, 13.656907596196632 ], [ -89.180375912016473, 13.656859503685366 ], [ -89.180368908971161, 13.656795992402673 ], [ -89.180366530214002, 13.656692644938939 ], [ -89.18036770592613, 13.656635290068138 ], [ -89.180339553351686, 13.656540917139365 ], [ -89.180260579549724, 13.656308865640314 ] ] ] } },
{ "type": "Feature", "properties": { "FID_1": 545, "NOMBRE_DE": "PASAJE S/N", "Text_1": "BARRIO EL CENTRO", "ESTADO": "MALO", "MATERIAL": "TIERRA", "VIAS": 1, "CLASE": "PEATONAL", "ANCHO_1": "2.30" }, "geometry": { "type": "MultiLineString", "coordinates": [ [ [ -89.181133036558606, 13.656272817403632 ], [ -89.181179377692445, 13.65626724813224 ], [ -89.181220647200149, 13.65625218527209 ], [ -89.181247520667839, 13.656242770185038 ], [ -89.181270561999028, 13.656243692729888 ], [ -89.181356015841729, 13.656258662175206 ], [ -89.181366068535056, 13.656254955623004 ], [ -89.181374895932365, 13.656243058388087 ], [ -89.181418989541754, 13.656127361545211 ], [ -89.18144550756648, 13.656046521239572 ] ] ] } },
{ "type": "Feature", "properties": { "FID_1": 830, "NOMBRE_DE": "PASAJE ALEJANDRO RECINOS", "Text_1": "COL LAS MERCEDITAS", "ESTADO": "MALO", "MATERIAL": "TIERRA", "VIAS": 2, "CLASE": "VEHICULAR", "ANCHO_1": "4.30" }, "geometry": { "type": "MultiLineString", "coordinates": [ [ [ -89.18108091595343, 13.655746647067026 ], [ -89.181104022926775, 13.655625882019018 ], [ -89.181118980077642, 13.655625871003325 ], [ -89.181128312795096, 13.655605737019227 ], [ -89.18113204221747, 13.655592926111449 ], [ -89.181117083659544, 13.655591107391679 ], [ -89.181143129007353, 13.655422752376392 ], [ -89.181174717699065, 13.655169318238732 ], [ -89.181196437982891, 13.65496484393041 ] ] ] } },
{ "type": "Feature", "properties": { "FID_1": 546, "NOMBRE_DE": "PASAJE HENRIQUEZ", "Text_1": "COLONIA TEPEYAC", "ESTADO": "BUENO", "MATERIAL": "CONCRETO", "VIAS": 1, "CLASE": "PEATONAL", "ANCHO_1": "4.00" }, "geometry": { "type": "MultiLineString", "coordinates": [ [ [ -89.186524530887425, 13.658979185117145 ], [ -89.186521007335273, 13.658839182761129 ], [ -89.186528936882695, 13.658739905123319 ], [ -89.18654225915509, 13.65870854608392 ] ] ] } },
{ "type": "Feature", "properties": { "FID_1": 558, "NOMBRE_DE": "CALLE PRINCIPAL TEPEYAC", "Text_1": "COLONIA TEPEYAC", "ESTADO": "BUENO", "MATERIAL": "CONCRETO", "VIAS": 2, "CLASE": "VEHICULAR", "ANCHO_1": "6.30" }, "geometry": { "type": "MultiLineString", "coordinates": [ [ [ -89.186483942668204, 13.659795945295073 ], [ -89.18650376096781, 13.659694049123386 ], [ -89.186550559540066, 13.659531507493906 ], [ -89.186572152368285, 13.659448470697416 ], [ -89.186590143821405, 13.659374270891135 ], [ -89.186626156674706, 13.659266494061148 ], [ -89.186660402334795, 13.659205362554067 ], [ -89.186793845968808, 13.659053353114796 ], [ -89.186876101981568, 13.658914672790111 ], [ -89.187147982979752, 13.658412882751662 ], [ -89.187241052530226, 13.658229800989266 ] ] ] } },
{ "type": "Feature", "properties": { "FID_1": 559, "NOMBRE_DE": "PASAJE CUMBRE", "Text_1": "COLONIA TEPEYAC", "ESTADO": "BUENO", "MATERIAL": "CONCRETO", "VIAS": 1, "CLASE": "PEATONAL - GRAD", "ANCHO_1": "4.11" }, "geometry": { "type": "MultiLineString", "coordinates": [ [ [ -89.187128046496568, 13.658909275936377 ], [ -89.187038904139058, 13.658978978530232 ], [ -89.186972163803688, 13.659032020373227 ], [ -89.186905407995681, 13.65906563214295 ], [ -89.186793846496741, 13.659053352320708 ] ] ] } },
{ "type": "Feature", "properties": { "FID_1": 566, "NOMBRE_DE": "PASAJE S/N", "Text_1": "COLONIA TEPEYAC", "ESTADO": "BUENO", "MATERIAL": "CONCRETO", "VIAS": 1, "CLASE": "PEATONAL", "ANCHO_1": "3.10" }, "geometry": { "type": "MultiLineString", "coordinates": [ [ [ -89.186248315383011, 13.658411654243166 ], [ -89.186332426959382, 13.658416012525688 ], [ -89.186458565382921, 13.658417317099394 ] ] ] } },
{ "type": "Feature", "properties": { "FID_1": 772, "NOMBRE_DE": "AVENIDA PRINCIPAL", "Text_1": "LOTIFICACION EL GUAJE", "ESTADO": "MALO", "MATERIAL": "TIERRA", "VIAS": 1, "CLASE": "VEHICULAR", "ANCHO_1": "9.85" }, "geometry": { "type": "MultiLineString", "coordinates": [ [ [ -89.162476909062704, 13.658623109215466 ], [ -89.16226160560268, 13.658611448453216 ], [ -89.162124344400439, 13.658646286261277 ], [ -89.161914194797177, 13.658592407906562 ], [ -89.161773898017472, 13.658463516631159 ], [ -89.16146862769979, 13.658218308229586 ], [ -89.161169774414972, 13.65796274217092 ], [ -89.161000311336608, 13.657821241864099 ] ] ] } },
{ "type": "Feature", "properties": { "FID_1": 773, "NOMBRE_DE": "PASAJE A", "Text_1": "LOTIFICACION EL GUAJE", "ESTADO": "MALO", "MATERIAL": "TIERRA", "VIAS": 1, "CLASE": "VEHICULAR", "ANCHO_1": "7.50" }, "geometry": { "type": "MultiLineString", "coordinates": [ [ [ -89.162387567777387, 13.657764224150197 ], [ -89.162045373512484, 13.65815445399962 ], [ -89.161773898521247, 13.658463515328389 ] ] ] } },
{ "type": "Feature", "properties": { "FID_1": 774, "NOMBRE_DE": "PASAJE B", "Text_1": "LOTIFICACION EL GUAJE", "ESTADO": "MALO", "MATERIAL": "TIERRA", "VIAS": 1, "CLASE": "VEHICULAR", "ANCHO_1": "7.50" }, "geometry": { "type": "MultiLineString", "coordinates": [ [ [ -89.161733668599453, 13.657908889407656 ], [ -89.161468628983357, 13.658218307632739 ] ] ] } },
{ "type": "Feature", "properties": { "FID_1": 775, "NOMBRE_DE": "PASAJE S/N", "Text_1": "LOTIFICACION EL GUAJE", "ESTADO": "MALO", "MATERIAL": "TIERRA", "VIAS": 1, "CLASE": "VEHICULAR", "ANCHO_1": "7.20" }, "geometry": { "type": "MultiLineString", "coordinates": [ [ [ -89.161302236543463, 13.657802843228884 ], [ -89.16116977500478, 13.657962741595631 ] ] ] } },
{ "type": "Feature", "properties": { "FID_1": 760, "NOMBRE_DE": "PASAJE S/N", "Text_1": "LOTIFICACION EL NARANJALITO", "ESTADO": "MALO", "MATERIAL": "TIERRA", "VIAS": 1, "CLASE": "PEATONAL", "ANCHO_1": "2.90" }, "geometry": { "type": "MultiLineString", "coordinates": [ [ [ -89.163704747172631, 13.658181035632708 ], [ -89.163580560386066, 13.658288481588995 ], [ -89.163418460557764, 13.658422326371378 ] ] ] } },
{ "type": "Feature", "properties": { "FID_1": 805, "NOMBRE_DE": "AVENIDA SANTA MARTA", "Text_1": "LOTIFICACION EL NARANJALITO", "ESTADO": "MALO", "MATERIAL": "TIERRA", "VIAS": 1, "CLASE": "PEATONAL", "ANCHO_1": "4.55" }, "geometry": { "type": "MultiLineString", "coordinates": [ [ [ -89.163646260684473, 13.658748632913687 ], [ -89.16350660922906, 13.658560280177849 ], [ -89.163418461173862, 13.658422327257473 ], [ -89.163264186318003, 13.658214125358576 ], [ -89.163143249018304, 13.658038593469453 ], [ -89.163081875504673, 13.657951607368584 ] ] ] } },
{ "type": "Feature", "properties": { "FID_1": 807, "NOMBRE_DE": "CALLE PRINCIPAL LOS AMATES", "Text_1": "LOTIFICACION EL NARANJALITO", "ESTADO": "BUENO", "MATERIAL": "CONCRETO", "VIAS": 2, "CLASE": "VEHICULAR", "ANCHO_1": "4.90" }, "geometry": { "type": "MultiLineString", "coordinates": [ [ [ -89.163646260684473, 13.658748632913687 ], [ -89.163759860549007, 13.658657401614835 ], [ -89.163891417499059, 13.65856293640933 ], [ -89.164078975693982, 13.658416145969582 ], [ -89.164166228441175, 13.658328087743202 ], [ -89.164279536950332, 13.658229809622503 ], [ -89.164330326588328, 13.658180036152642 ], [ -89.164504311071198, 13.658059759993499 ], [ -89.164537464007012, 13.658029437180103 ], [ -89.164579375029192, 13.657869494302906 ] ] ] } },
{ "type": "Feature", "properties": { "FID_1": 808, "NOMBRE_DE": "AVENIDA SAN JOSE", "Text_1": "LOTIFICACION EL NARANJALITO", "ESTADO": "MALO", "MATERIAL": "TIERRA", "VIAS": 1, "CLASE": "PEATONAL", "ANCHO_1": "5.40" }, "geometry": { "type": "MultiLineString", "coordinates": [ [ [ -89.164330327352118, 13.65818003624902 ], [ -89.164291235111079, 13.658147946785768 ], [ -89.16421473765287, 13.658114979841807 ], [ -89.164102253808409, 13.658084238093148 ], [ -89.164044885738534, 13.658066666748161 ], [ -89.163961641370648, 13.65803480482716 ], [ -89.16386151694627, 13.657987545708332 ], [ -89.163792890425881, 13.657952372185392 ], [ -89.163706298314423, 13.657957932851593 ], [ -89.163498551819316, 13.65793275723129 ], [ -89.163352885454415, 13.657911556749607 ] ] ] } },
{ "type": "Feature", "properties": { "FID_1": 764, "NOMBRE_DE": "CALLE PRINCIPAL", "Text_1": "COLONIA LA MARTINA", "ESTADO": "MALO", "MATERIAL": "TIERRA", "VIAS": 1, "CLASE": "VEHICULAR", "ANCHO_1": "6.20." }, "geometry": { "type": "MultiLineString", "coordinates": [ [ [ -89.163351993322536, 13.655837062772239 ], [ -89.163373763077303, 13.655841785360291 ], [ -89.163594581165654, 13.655855476479703 ], [ -89.163702681676725, 13.655841566621211 ], [ -89.163869190363016, 13.655828205143074 ], [ -89.163904010548393, 13.655823925173383 ], [ -89.16395185967292, 13.655830893624886 ], [ -89.164074431921094, 13.655822873563539 ], [ -89.164168631975869, 13.655833657531391 ], [ -89.164232374721138, 13.655868859878543 ], [ -89.164379276305127, 13.655971789296924 ], [ -89.164445803506851, 13.656025969070905 ], [ -89.164560825590016, 13.656099096826507 ], [ -89.164696489284395, 13.656183285748439 ], [ -89.164780424934122, 13.656245146086576 ], [ -89.164955161759934, 13.656376805364429 ] ] ] } },
{ "type": "Feature", "properties": { "FID_1": 766, "NOMBRE_DE": "PASAJE C", "Text_1": "COLONIA LA MARTINA", "ESTADO": "MALO", "MATERIAL": "TIERRA", "VIAS": 1, "CLASE": "PEATONAL", "ANCHO_1": "6.45" }, "geometry": { "type": "MultiLineString", "coordinates": [ [ [ -89.164605635972094, 13.655734489933126 ], [ -89.164955221710969, 13.65600136391471 ] ] ] } },
{ "type": "Feature", "properties": { "FID_1": 771, "NOMBRE_DE": "CALLE EL CEDRO", "Text_1": "COLONIA LA MARTINA", "ESTADO": "MALO", "MATERIAL": "TIERRA", "VIAS": 1, "CLASE": "VEHICULAR", "ANCHO_1": "4.30" }, "geometry": { "type": "MultiLineString", "coordinates": [ [ [ -89.162778985745803, 13.656239792499964 ], [ -89.162436582504114, 13.656126917075602 ], [ -89.162338036655285, 13.656074396766019 ], [ -89.162269334152711, 13.656010171085418 ], [ -89.162179737753107, 13.655948880576014 ], [ -89.162087166333421, 13.655902199045883 ], [ -89.161949789768613, 13.655814647248699 ], [ -89.161887065758251, 13.655762103164225 ] ] ] } },
{ "type": "Feature", "properties": { "FID_1": 812, "NOMBRE_DE": "FINAL CALLE PRINCIPAL", "Text_1": "COLONIA LA MARTINA", "ESTADO": "MALO", "MATERIAL": "TIERRA", "VIAS": 1, "CLASE": "VEHICULAR", "ANCHO_1": "8.00" }, "geometry": { "type": "MultiLineString", "coordinates": [ [ [ -89.162132520282015, 13.655751127124836 ], [ -89.161887065758251, 13.655762103164225 ] ] ] } },
{ "type": "Feature", "properties": { "FID_1": 813, "NOMBRE_DE": "FINAL CALLE PRINCIPAL", "Text_1": "COLONIA LA MARTINA", "ESTADO": "MALO", "MATERIAL": "TIERRA", "VIAS": 1, "CLASE": "VEHICULAR", "ANCHO_1": "4.90" }, "geometry": { "type": "MultiLineString", "coordinates": [ [ [ -89.161887065758251, 13.655762103164225 ], [ -89.161707765996368, 13.655653698060771 ] ] ] } },
{ "type": "Feature", "properties": { "FID_1": 761, "NOMBRE_DE": "CALLE D", "Text_1": "COLONIA LOS ANGELES", "ESTADO": "MALO", "MATERIAL": "TIERRA", "VIAS": 1, "CLASE": "VEHICULAR", "ANCHO_1": "4.90" }, "geometry": { "type": "MultiLineString", "coordinates": [ [ [ -89.163056626044479, 13.655369813915595 ], [ -89.162991592257853, 13.655370410376914 ], [ -89.162811828004891, 13.655346267103049 ], [ -89.162647569236569, 13.655337275622685 ], [ -89.162554588820839, 13.655325206476157 ], [ -89.162483304195277, 13.655319186618522 ], [ -89.162381029089133, 13.655313189412547 ], [ -89.162269718858639, 13.655305189411845 ], [ -89.16220443400853, 13.65531964380817 ], [ -89.162127255421197, 13.655360668393676 ], [ -89.161994171310411, 13.655445365949776 ], [ -89.161831714060057, 13.655558848040121 ], [ -89.161760850862294, 13.655604584777725 ], [ -89.161707764686653, 13.655653699407546 ] ] ] } },
{ "type": "Feature", "properties": { "FID_1": 762, "NOMBRE_DE": "PASAJE S/N", "Text_1": "COLONIA LOS ANGELES", "ESTADO": "REGULAR", "MATERIAL": "CONCRETO", "VIAS": 1, "CLASE": "PEATONAL - GRAD", "ANCHO_1": "6.50" }, "geometry": { "type": "MultiLineString", "coordinates": [ [ [ -89.162278220133445, 13.655305183851725 ], [ -89.162271505069015, 13.655198505654637 ], [ -89.162271345108067, 13.654966682316696 ] ] ] } },
{ "type": "Feature", "properties": { "FID_1": 769, "NOMBRE_DE": "PASAJE EL PEPETO", "Text_1": "COLONIA LOS ANGELES", "ESTADO": "MALO", "MATERIAL": "TIERRA", "VIAS": 1, "CLASE": "VEHICULAR", "ANCHO_1": "5.20" }, "geometry": { "type": "MultiLineString", "coordinates": [ [ [ -89.164302483644505, 13.655236419306819 ], [ -89.164230461053691, 13.655233371588588 ], [ -89.164065487791319, 13.655216586338673 ], [ -89.163922912327948, 13.655208351500136 ], [ -89.163771825253505, 13.655200122247651 ], [ -89.163595297623971, 13.655178844001552 ] ] ] } },
{ "type": "Feature", "properties": { "FID_1": 810, "NOMBRE_DE": "CALLE N-I", "Text_1": "COLONIA LOS ANGELES", "ESTADO": "MALO", "MATERIAL": "TIERRA", "VIAS": 2, "CLASE": "VEHICULAR", "ANCHO_1": "4.15" }, "geometry": { "type": "MultiLineString", "coordinates": [ [ [ -89.163573536174738, 13.65518311524175 ], [ -89.163562043438645, 13.655158743236873 ], [ -89.163589636943669, 13.65495118666002 ], [ -89.163622668567896, 13.654801291749047 ], [ -89.163650563370467, 13.654685367799924 ], [ -89.163680727141653, 13.654541659267201 ] ] ] } },
{ "type": "Feature", "properties": { "FID_1": 346, "NOMBRE_DE": "PASAJE No 1", "Text_1": "RESIDENCIAL BALBOA", "ESTADO": null, "MATERIAL": null, "VIAS": 0, "CLASE": null, "ANCHO_1": null }, "geometry": { "type": "MultiLineString", "coordinates": [ [ [ -89.190596555420854, 13.642369037504617 ], [ -89.190595638838545, 13.6424804370261 ], [ -89.190595724683817, 13.642586365343355 ], [ -89.190605311069717, 13.642631533252649 ], [ -89.190623624612201, 13.642685955325437 ] ] ] } },
{ "type": "Feature", "properties": { "FID_1": 347, "NOMBRE_DE": "PASAJE No 2", "Text_1": "RESIDENCIAL BALBOA", "ESTADO": null, "MATERIAL": null, "VIAS": 0, "CLASE": null, "ANCHO_1": null }, "geometry": { "type": "MultiLineString", "coordinates": [ [ [ -89.19023004281307, 13.642681641379783 ], [ -89.190217112029984, 13.642311708049851 ] ] ] } },
{ "type": "Feature", "properties": { "FID_1": 348, "NOMBRE_DE": "PASAJE No 3", "Text_1": "RESIDENCIAL BALBOA", "ESTADO": null, "MATERIAL": null, "VIAS": 0, "CLASE": null, "ANCHO_1": null }, "geometry": { "type": "MultiLineString", "coordinates": [ [ [ -89.189834334519915, 13.642675019076034 ], [ -89.189829705657303, 13.642591511587845 ], [ -89.189830740269002, 13.64231292647694 ], [ -89.189815184467349, 13.642189052838731 ] ] ] } },
{ "type": "Feature", "properties": { "FID_1": 349, "NOMBRE_DE": "PASAJE No 4", "Text_1": "RESIDENCIAL BALBOA", "ESTADO": null, "MATERIAL": null, "VIAS": 0, "CLASE": null, "ANCHO_1": null }, "geometry": { "type": "MultiLineString", "coordinates": [ [ [ -89.189348263464609, 13.642675393843039 ], [ -89.189339023452078, 13.642589424548479 ], [ -89.189333033876025, 13.642206273142177 ] ] ] } },
{ "type": "Feature", "properties": { "FID_1": 350, "NOMBRE_DE": "PASAJE S/N", "Text_1": "RESIDENCIAL BALBOA", "ESTADO": null, "MATERIAL": null, "VIAS": 0, "CLASE": null, "ANCHO_1": null }, "geometry": { "type": "MultiLineString", "coordinates": [ [ [ -89.190636194803645, 13.642945848328258 ], [ -89.190623624612201, 13.642685955325437 ] ] ] } },
{ "type": "Feature", "properties": { "FID_1": 351, "NOMBRE_DE": "PASAJE S/N", "Text_1": "RESIDENCIAL BALBOA", "ESTADO": null, "MATERIAL": null, "VIAS": 0, "CLASE": null, "ANCHO_1": null }, "geometry": { "type": "MultiLineString", "coordinates": [ [ [ -89.19126272019669, 13.642993454775587 ], [ -89.191199332998721, 13.642653177178998 ] ] ] } },
{ "type": "Feature", "properties": { "FID_1": 352, "NOMBRE_DE": "SENDA \"D\"", "Text_1": "RESIDENCIAL BALBOA", "ESTADO": null, "MATERIAL": null, "VIAS": 0, "CLASE": null, "ANCHO_1": null }, "geometry": { "type": "MultiLineString", "coordinates": [ [ [ -89.188976206171887, 13.643044448704709 ], [ -89.18902735847243, 13.642671021998757 ] ] ] } },
{ "type": "Feature", "properties": { "FID_1": 1102, "NOMBRE_DE": "AVENIDA LOS MILAGROS", "Text_1": "RESIDENCIAL BALBOA", "ESTADO": null, "MATERIAL": null, "VIAS": 0, "CLASE": null, "ANCHO_1": null }, "geometry": { "type": "MultiLineString", "coordinates": [ [ [ -89.191528074793126, 13.642273812729545 ], [ -89.19131485566588, 13.642535310345213 ], [ -89.191199332783341, 13.64265317790462 ], [ -89.19062362411907, 13.642685955208972 ], [ -89.190230043255568, 13.642681641225279 ], [ -89.189834334373657, 13.642675019417883 ], [ -89.189348263542485, 13.642675394184693 ], [ -89.189027358331103, 13.642671022303325 ], [ -89.188669129335892, 13.642616865146033 ] ] ] } },
{ "type": "Feature", "properties": { "FID_1": 1104, "NOMBRE_DE": "SENDA \"A\"", "Text_1": "RESIDENCIAL BALBOA", "ESTADO": null, "MATERIAL": null, "VIAS": 0, "CLASE": null, "ANCHO_1": null }, "geometry": { "type": "MultiLineString", "coordinates": [ [ [ -89.188669130547837, 13.642616864336361 ], [ -89.188718633247305, 13.642276382138244 ] ] ] } },
{ "type": "Feature", "properties": { "FID_1": 1105, "NOMBRE_DE": "SENDA \"A\"", "Text_1": "RESIDENCIAL BALBOA", "ESTADO": null, "MATERIAL": null, "VIAS": 0, "CLASE": null, "ANCHO_1": null }, "geometry": { "type": "MultiLineString", "coordinates": [ [ [ -89.188238541727941, 13.642213106471157 ], [ -89.188468700671933, 13.642244469430404 ], [ -89.188718633247305, 13.642276382138244 ] ] ] } },
{ "type": "Feature", "properties": { "FID_1": 1113, "NOMBRE_DE": "SENDA A", "Text_1": "RESIDENCIAL BALBOA", "ESTADO": null, "MATERIAL": null, "VIAS": 0, "CLASE": null, "ANCHO_1": null }, "geometry": { "type": "MultiLineString", "coordinates": [ [ [ -89.188228467065954, 13.642453171177022 ], [ -89.188238541343239, 13.642213107336451 ], [ -89.188266628763913, 13.641794401868916 ] ] ] } },
{ "type": "Feature", "properties": { "FID_1": 1114, "NOMBRE_DE": "CALLE  DORA ALICIA", "Text_1": "RESIDENCIAL BALBOA", "ESTADO": null, "MATERIAL": null, "VIAS": 0, "CLASE": null, "ANCHO_1": null }, "geometry": { "type": "MultiLineString", "coordinates": [ [ [ -89.188718633247305, 13.642276382138244 ], [ -89.188775449796736, 13.641885593655111 ] ] ] } },
{ "type": "Feature", "properties": { "FID_1": 341, "NOMBRE_DE": "PASAJE No 2", "Text_1": "COLONIA EL PINAR", "ESTADO": null, "MATERIAL": null, "VIAS": 0, "CLASE": null, "ANCHO_1": null }, "geometry": { "type": "MultiLineString", "coordinates": [ [ [ -89.189583386427159, 13.645359392591979 ], [ -89.189540860238282, 13.645067403577233 ], [ -89.189504316846367, 13.644810732057232 ], [ -89.189477145355426, 13.644616849598529 ] ] ] } },
{ "type": "Feature", "properties": { "FID_1": 342, "NOMBRE_DE": "PASAJE No 3", "Text_1": "COLONIA EL PINAR", "ESTADO": null, "MATERIAL": null, "VIAS": 0, "CLASE": null, "ANCHO_1": null }, "geometry": { "type": "MultiLineString", "coordinates": [ [ [ -89.189931083864181, 13.645259519646746 ], [ -89.189917561880847, 13.645058442248411 ], [ -89.189863970827489, 13.644719297203981 ], [ -89.189847239450259, 13.644583711431348 ] ] ] } },
{ "type": "Feature", "properties": { "FID_1": 343, "NOMBRE_DE": "PASAJE No 4", "Text_1": "COLONIA EL PINAR", "ESTADO": null, "MATERIAL": null, "VIAS": 0, "CLASE": null, "ANCHO_1": null }, "geometry": { "type": "MultiLineString", "coordinates": [ [ [ -89.190338968158159, 13.645147012900955 ], [ -89.190250888959582, 13.644535945541129 ] ] ] } },
{ "type": "Feature", "properties": { "FID_1": 344, "NOMBRE_DE": "PASAJE No 5", "Text_1": "COLONIA EL PINAR", "ESTADO": null, "MATERIAL": null, "VIAS": 0, "CLASE": null, "ANCHO_1": null }, "geometry": { "type": "MultiLineString", "coordinates": [ [ [ -89.190664097099045, 13.644907934061706 ], [ -89.190588522819098, 13.644484579861457 ] ] ] } },
{ "type": "Feature", "properties": { "FID_1": 345, "NOMBRE_DE": "PASAJE No 1", "Text_1": "COLONIA EL PINAR", "ESTADO": null, "MATERIAL": null, "VIAS": 0, "CLASE": null, "ANCHO_1": null }, "geometry": { "type": "MultiLineString", "coordinates": [ [ [ -89.189165245977151, 13.645109069235799 ], [ -89.189124927035181, 13.644746992396326 ], [ -89.189109676356622, 13.644671886999465 ] ] ] } },
{ "type": "Feature", "properties": { "FID_1": 353, "NOMBRE_DE": "SENDA LOS PINOS", "Text_1": "COLONIA EL PINAR", "ESTADO": null, "MATERIAL": null, "VIAS": 0, "CLASE": null, "ANCHO_1": null }, "geometry": { "type": "MultiLineString", "coordinates": [ [ [ -89.191292009492869, 13.644634967447725 ], [ -89.19143514074382, 13.644604265542066 ], [ -89.19133558245224, 13.644400196913345 ] ] ] } },
{ "type": "Feature", "properties": { "FID_1": 1099, "NOMBRE_DE": "PASAJE No 3", "Text_1": "COLONIA EL PINAR", "ESTADO": null, "MATERIAL": null, "VIAS": 0, "CLASE": null, "ANCHO_1": null }, "geometry": { "type": "MultiLineString", "coordinates": [ [ [ -89.189891745999176, 13.644966218241395 ], [ -89.189880585170982, 13.644948628037236 ] ], [ [ -89.189897258371857, 13.644959425738074 ], [ -89.189880535064347, 13.644932357977927 ] ], [ [ -89.189897208264071, 13.644943155678865 ], [ -89.1898860566792, 13.644925565467746 ] ], [ [ -89.189886181954037, 13.644966249654859 ], [ -89.189897221878482, 13.644948569995357 ] ], [ [ -89.189880571549637, 13.644943204681724 ], [ -89.189891611488036, 13.644925543100396 ] ], [ [ -89.189880618972509, 13.644959480511464 ], [ -89.189888897972693, 13.644945899876001 ] ], [ [ -89.189888897972693, 13.644945899876001 ], [ -89.189897178338697, 13.644932316998208 ] ] ] } },
{ "type": "Feature", "properties": { "FID_1": 1100, "NOMBRE_DE": "PASAJE No 4", "Text_1": "COLONIA EL PINAR", "ESTADO": null, "MATERIAL": null, "VIAS": 0, "CLASE": null, "ANCHO_1": null }, "geometry": { "type": "MultiLineString", "coordinates": [ [ [ -89.190288578710209, 13.644863256196832 ], [ -89.190277427099858, 13.644845666003469 ] ], [ [ -89.190294091061716, 13.644856454645746 ], [ -89.190277367723169, 13.644829395951428 ] ], [ [ -89.190294040926503, 13.644840184586473 ], [ -89.190282889316819, 13.644822594393352 ] ], [ [ -89.190283014660253, 13.644863278580338 ], [ -89.190294054557356, 13.644845607941917 ] ], [ [ -89.190277404219444, 13.644840233616259 ], [ -89.190288444130502, 13.644822581055925 ] ], [ [ -89.190277454040668, 13.644856514116512 ], [ -89.190285733014306, 13.64484293346796 ] ], [ [ -89.190285733014306, 13.644842933467649 ], [ -89.190294013353778, 13.644829350576424 ] ] ] } },
{ "type": "Feature", "properties": { "FID_1": 1101, "NOMBRE_DE": "PASAJE No 5        !", "Text_1": "COLONIA EL PINAR      `", "ESTADO": null, "MATERIAL": "`", "VIAS": 0, "CLASE": null, "ANCHO_1": "`" }, "geometry": { "type": "MultiLineString", "coordinates": [ [ [ -89.190654739931318, 13.644803710753209 ], [ -89.190654759059285, 13.644803922633896 ], [ -89.190654815518499, 13.644804128047275 ], [ -89.190654907593398, 13.644804320751952 ], [ -89.190655032486404, 13.644804494892782 ], [ -89.19065518640268, 13.644804645178427 ], [ -89.190655364665531, 13.64480476704273 ], [ -89.190655561858563, 13.64480485678283 ], [ -89.190655771990151, 13.644804911671999 ], [ -89.190655988675587, 13.644804930042458 ], [ -89.190656205330939, 13.644804911335953 ], [ -89.190656415373283, 13.644804856121077 ], [ -89.190656612420554, 13.644804766075335 ], [ -89.190656790485619, 13.644804643934748 ], [ -89.190656944158022, 13.644804493410563 ], [ -89.190657068768502, 13.64480431907635 ], [ -89.190657160530876, 13.64480412622909 ], [ -89.190657216656959, 13.644803920728455 ], [ -89.190657235441378, 13.644803708818376 ], [ -89.190657216313397, 13.644803496937739 ], [ -89.190657159854197, 13.644803291524404 ], [ -89.19065706777927, 13.644803098819706 ], [ -89.190656942886278, 13.644802924678901 ], [ -89.190656788970017, 13.644802774393224 ], [ -89.190656610707165, 13.644802652528902 ], [ -89.190656413514134, 13.644802562788858 ], [ -89.190656203382531, 13.644802507899664 ], [ -89.190655986697124, 13.64480248952928 ], [ -89.190655770041758, 13.644802508235648 ], [ -89.190655559999414, 13.644802563450586 ], [ -89.190655362952128, 13.644802653496347 ], [ -89.190655184887078, 13.644802775636876 ], [ -89.190655031214689, 13.644802926161129 ], [ -89.190654906604195, 13.644803100495364 ], [ -89.190654814841821, 13.644803293342619 ], [ -89.190654758715738, 13.644803498843226 ], [ -89.190654739931318, 13.644803710753209 ] ], [ [ -89.190654672597745, 13.644795474281961 ], [ -89.190654691725712, 13.644795686162526 ], [ -89.190654748184897, 13.644795891575864 ], [ -89.19065484025981, 13.6447960842806 ], [ -89.190654965152802, 13.644796258421428 ], [ -89.190655119069064, 13.644796408707151 ], [ -89.190655297331915, 13.644796530571426 ], [ -89.190655494524947, 13.64479662031146 ], [ -89.190655704656535, 13.644796675200666 ], [ -89.190655921341943, 13.644796693571108 ], [ -89.190656137997308, 13.644796674864681 ], [ -89.190656348039639, 13.644796619649746 ], [ -89.190656545086924, 13.644796529603971 ], [ -89.190656723151946, 13.644796407463446 ], [ -89.190656876824363, 13.644796256939255 ], [ -89.190657001434857, 13.644796082604962 ], [ -89.190657093197217, 13.644795889757708 ], [ -89.190657149323286, 13.644795684257096 ], [ -89.190657168107705, 13.644795472347061 ], [ -89.190657148979724, 13.644795260466459 ], [ -89.190657092520524, 13.644795055053073 ], [ -89.190657000445611, 13.64479486234837 ], [ -89.190656875552619, 13.64479468820754 ], [ -89.190656721636373, 13.644794537921838 ], [ -89.190656543373507, 13.644794416057595 ], [ -89.190656346180475, 13.644794326317534 ], [ -89.190656136048901, 13.644794271428347 ], [ -89.190655919363479, 13.644794253057915 ], [ -89.190655702708142, 13.644794271764313 ], [ -89.190655492665812, 13.644794326979257 ], [ -89.190655295618527, 13.644794417025041 ], [ -89.19065511755349, 13.644794539165577 ], [ -89.190654963881087, 13.644794689689764 ], [ -89.190654839270593, 13.644794864024032 ], [ -89.190654747508233, 13.644795056871235 ], [ -89.190654691382164, 13.644795262371931 ], [ -89.190654672597745, 13.644795474281961 ] ], [ [ -89.190654605264157, 13.644787237810574 ], [ -89.190654624392138, 13.644787449691282 ], [ -89.190654680851324, 13.64478765510462 ], [ -89.190654772926237, 13.644787847809315 ], [ -89.190654897819215, 13.644788021950033 ], [ -89.190655051735462, 13.644788172235742 ], [ -89.190655229998313, 13.644788294100092 ], [ -89.190655427191345, 13.64478838384019 ], [ -89.190655637322934, 13.644788438729305 ], [ -89.190655854008327, 13.644788457099764 ], [ -89.190656070663664, 13.64478843839332 ], [ -89.190656280706008, 13.644788383178437 ], [ -89.190656477753265, 13.644788293132637 ], [ -89.190656655818316, 13.644788170992053 ], [ -89.190656809490719, 13.644788020467859 ], [ -89.190656934101199, 13.644787846133653 ], [ -89.190657025863544, 13.644787653286405 ], [ -89.190657081989627, 13.644787447785763 ], [ -89.190657100774033, 13.644787235875732 ], [ -89.190657081646066, 13.644787023995052 ], [ -89.19065702518688, 13.644786818581714 ], [ -89.190656933111953, 13.644786625877009 ], [ -89.190656808218975, 13.644786451736261 ], [ -89.190656654302728, 13.64478630145053 ], [ -89.190656476039877, 13.644786179586214 ], [ -89.190656278846845, 13.644786089846169 ], [ -89.190656068715271, 13.644786034956963 ], [ -89.190655852029863, 13.644786016586586 ], [ -89.190655635374526, 13.644786035292958 ], [ -89.19065542533221, 13.644786090507894 ], [ -89.190655228284939, 13.644786180553657 ], [ -89.190655050219902, 13.644786302694213 ], [ -89.1906548965475, 13.644786453218435 ], [ -89.190654771937005, 13.644786627552669 ], [ -89.19065468017466, 13.644786820399924 ], [ -89.190654624048577, 13.644787025900566 ], [ -89.190654605264157, 13.644787237810574 ] ], [ [ -89.190663686051778, 13.644803640806122 ], [ -89.190663705179759, 13.644803852686747 ], [ -89.190663761638959, 13.64480405810008 ], [ -89.190663853713872, 13.644804250804786 ], [ -89.190663978606878, 13.644804424945645 ], [ -89.190664132523153, 13.644804575231317 ], [ -89.190664310786019, 13.644804697095589 ], [ -89.190664507979065, 13.644804786835625 ], [ -89.190664718110668, 13.644804841724826 ], [ -89.190664934796075, 13.644804860095213 ], [ -89.190665151451441, 13.644804841388785 ], [ -89.190665361493771, 13.64480478617385 ], [ -89.190665558541056, 13.644804696128141 ], [ -89.190665736606107, 13.644804573987551 ], [ -89.19066589027851, 13.644804423463359 ], [ -89.19066601488899, 13.644804249129097 ], [ -89.190666106651335, 13.644804056281842 ], [ -89.190666162777418, 13.644803850781198 ], [ -89.190666181561824, 13.644803638871171 ], [ -89.190666162433843, 13.644803426990546 ], [ -89.190666105974643, 13.644803221577204 ], [ -89.190666013899715, 13.644803028872529 ], [ -89.190665889006709, 13.644802854731704 ], [ -89.190665735090448, 13.644802704445993 ], [ -89.190665556827582, 13.644802582581759 ], [ -89.190665359634536, 13.644802492841668 ], [ -89.190665149502934, 13.644802437952521 ], [ -89.190664932817526, 13.644802419582089 ], [ -89.190664716162175, 13.644802438288476 ], [ -89.190664506119845, 13.644802493503438 ], [ -89.190664309072559, 13.644802583549209 ], [ -89.190664131007509, 13.644802705689743 ], [ -89.190663977335106, 13.644802856213932 ], [ -89.190663852724612, 13.644803030548253 ], [ -89.190663760962266, 13.644803223395453 ], [ -89.190663704836197, 13.644803428896088 ], [ -89.190663686051778, 13.644803640806122 ] ], [ [ -89.190663618717878, 13.644795404334735 ], [ -89.190663637845859, 13.64479561621545 ], [ -89.190663694305059, 13.644795821628787 ], [ -89.190663786379986, 13.644796014333478 ], [ -89.190663911272992, 13.644796188474199 ], [ -89.190664065189253, 13.644796338759958 ], [ -89.190664243452119, 13.644796460624258 ], [ -89.190664440645136, 13.644796550364326 ], [ -89.190664650776739, 13.64479660525347 ], [ -89.190664867462147, 13.644796623623915 ], [ -89.190665084117484, 13.644796604917428 ], [ -89.190665294159814, 13.64479654970255 ], [ -89.190665491207099, 13.644796459656785 ], [ -89.19066566927215, 13.644796337516199 ], [ -89.190665822944524, 13.644796186992005 ], [ -89.190665947555019, 13.644796012657769 ], [ -89.190666039317364, 13.644795819810517 ], [ -89.190666095443433, 13.644795614309873 ], [ -89.190666114227852, 13.644795402399854 ], [ -89.190666095099857, 13.644795190519217 ], [ -89.190666038640657, 13.644794985105868 ], [ -89.190665946565744, 13.644794792401175 ], [ -89.190665821672752, 13.644794618260407 ], [ -89.190665667756477, 13.644794467974643 ], [ -89.190665489493625, 13.644794346110352 ], [ -89.190665292300594, 13.644794256370272 ], [ -89.190665082168991, 13.644794201481133 ], [ -89.190664865483583, 13.64479418311069 ], [ -89.190664648828232, 13.644794201817181 ], [ -89.190664438785902, 13.644794257032109 ], [ -89.190664241738645, 13.644794347077823 ], [ -89.190664063673609, 13.644794469218382 ], [ -89.190663910001192, 13.6447946197426 ], [ -89.190663785390711, 13.644794794076887 ], [ -89.190663693628352, 13.644794986924138 ], [ -89.190663637502283, 13.644795192424761 ], [ -89.190663618717878, 13.644795404334735 ] ], [ [ -89.190663551383992, 13.644787167863434 ], [ -89.190663570511973, 13.644787379744059 ], [ -89.190663626971187, 13.644787585157443 ], [ -89.1906637190461, 13.644787777862122 ], [ -89.190663843939092, 13.644787952002954 ], [ -89.190663997855339, 13.644788102288627 ], [ -89.190664176118204, 13.644788224152892 ], [ -89.190664373311222, 13.64478831389299 ], [ -89.190664583442796, 13.644788368782141 ], [ -89.190664800128218, 13.644788387152524 ], [ -89.190665016783555, 13.644788368446171 ], [ -89.190665226825871, 13.64478831323116 ], [ -89.190665423873142, 13.644788223185447 ], [ -89.190665601938193, 13.644788101044918 ], [ -89.190665755610567, 13.644787950520671 ], [ -89.190665880221061, 13.644787776186407 ], [ -89.190665971983393, 13.64478758333915 ], [ -89.190666028109462, 13.64478737783857 ], [ -89.190666046893867, 13.644787165928481 ], [ -89.190666027765886, 13.644786954047904 ], [ -89.190665971306686, 13.644786748634571 ], [ -89.190665879231773, 13.644786555929839 ], [ -89.190665754338781, 13.644786381789014 ], [ -89.19066560042252, 13.644786231503334 ], [ -89.190665422159668, 13.644786109639067 ], [ -89.190665224966651, 13.644786019899028 ], [ -89.190665014835062, 13.644785965009827 ], [ -89.190664798149669, 13.644785946639445 ], [ -89.190664581494318, 13.644785965345843 ], [ -89.190664371452002, 13.644786020560801 ], [ -89.190664174404731, 13.644786110606519 ], [ -89.19066399633968, 13.64478623274705 ], [ -89.190663842667306, 13.644786383271288 ], [ -89.190663718056825, 13.644786557605499 ], [ -89.190663626294466, 13.644786750452813 ], [ -89.190663570168411, 13.64478695595345 ], [ -89.190663551383992, 13.644787167863434 ] ], [ [ -89.190659172736972, 13.644799514885207 ], [ -89.190659191864953, 13.644799726765815 ], [ -89.190659248324138, 13.644799932179197 ], [ -89.190659340399051, 13.644800124883842 ], [ -89.190659465292057, 13.644800299024679 ], [ -89.190659619208319, 13.644800449310434 ], [ -89.190659797471184, 13.644800571174681 ], [ -89.190659994664216, 13.644800660914745 ], [ -89.190660204795819, 13.644800715803944 ], [ -89.190660421481212, 13.644800734174327 ], [ -89.190660638136563, 13.644800715467895 ], [ -89.190660848178908, 13.644800660252967 ], [ -89.190661045226179, 13.644800570207259 ], [ -89.190661223291244, 13.644800448066697 ], [ -89.190661376963646, 13.644800297542503 ], [ -89.190661501574127, 13.644800123208185 ], [ -89.190661593336472, 13.644799930360987 ], [ -89.190661649462555, 13.644799724860324 ], [ -89.190661668246975, 13.644799512950339 ], [ -89.190661649118994, 13.644799301069678 ], [ -89.190661592659794, 13.644799095656357 ], [ -89.190661500584866, 13.644798902951592 ], [ -89.190661375691874, 13.64479872881088 ], [ -89.190661221775613, 13.644798578525121 ], [ -89.190661043512748, 13.644798456660849 ], [ -89.190660846319716, 13.644798366920808 ], [ -89.190660636188127, 13.644798312031611 ], [ -89.190660419502706, 13.644798293661161 ], [ -89.190660202847369, 13.644798312367596 ], [ -89.190659992805024, 13.644798367582531 ], [ -89.190659795757753, 13.644798457628301 ], [ -89.190659617692702, 13.644798579768855 ], [ -89.190659464020285, 13.644798730293072 ], [ -89.190659339409805, 13.644798904627306 ], [ -89.19065924764746, 13.644799097474564 ], [ -89.190659191521391, 13.644799302975205 ], [ -89.190659172736972, 13.644799514885207 ] ], [ [ -89.19065921689959, 13.64479117991846 ], [ -89.190659236027571, 13.644791391799036 ], [ -89.190659292486757, 13.644791597212416 ], [ -89.190659384561684, 13.644791789917157 ], [ -89.190659509454662, 13.644791964057918 ], [ -89.190659663370937, 13.644792114343652 ], [ -89.190659841633789, 13.644792236207918 ], [ -89.190660038826806, 13.644792325947964 ], [ -89.190660248958409, 13.644792380837169 ], [ -89.190660465643802, 13.644792399207608 ], [ -89.190660682299139, 13.644792380501144 ], [ -89.190660892341484, 13.644792325286181 ], [ -89.190661089388755, 13.644792235240482 ], [ -89.190661267453791, 13.644792113099944 ], [ -89.190661421126194, 13.644791962575701 ], [ -89.190661545736674, 13.644791788241438 ], [ -89.190661637499019, 13.644791595394235 ], [ -89.190661693625088, 13.644791389893543 ], [ -89.190661712409508, 13.64479117798351 ], [ -89.190661693281527, 13.644790966102939 ], [ -89.190661636822341, 13.644790760689597 ], [ -89.190661544747428, 13.644790567984868 ], [ -89.190661419854436, 13.644790393844037 ], [ -89.190661265938161, 13.64479024355836 ], [ -89.190661087675309, 13.644790121694102 ], [ -89.190660890482292, 13.644790031954001 ], [ -89.190660680350703, 13.644789977064852 ], [ -89.190660463665296, 13.644789958694474 ], [ -89.190660247009959, 13.644789977400844 ], [ -89.190660036967628, 13.644790032615791 ], [ -89.190659839920357, 13.644790122661542 ], [ -89.190659661855321, 13.644790244802079 ], [ -89.190659508182918, 13.644790395326268 ], [ -89.190659383572438, 13.644790569660524 ], [ -89.190659291810093, 13.644790762507782 ], [ -89.190659235684024, 13.644790968008428 ], [ -89.19065921689959, 13.64479117991846 ] ] ] } },
{ "type": "Feature", "properties": { "FID_1": 1103, "NOMBRE_DE": "PASAJE No\"6  ``       \"                $", "Text_1": "COL_NIA EL PINAR                   $                                              $                                  \"         $                                $                                             !         0", "ESTADO": null, "MATERIAL": null, "VIAS": 0, "CLASE": null, "ANCHO_1": null }, "geometry": { "type": "MultiLineString", "coordinates": [ [ [ -89.191036762051581, 13.644938494740382 ], [ -89.191015532320662, 13.64479207034606 ], [ -89.190985826930472, 13.644595697733537 ], [ -89.190959663376503, 13.644439511815957 ] ] ] } },
{ "type": "Feature", "properties": { "FID_1": 1106, "NOMBRE_DE": "SENDA LOS PINOS \"           $", "Text_1": "COLONIA EL PINAR   (                   !               @", "ESTADO": null, "MATERIAL": null, "VIAS": 0, "CLASE": null, "ANCHO_1": null }, "geometry": { "type": "MultiLineString", "coordinates": [ [ [ -89.191594185746467, 13.644469025765178 ], [ -89.191455286877613, 13.644401766676685 ], [ -89.191449333004655, 13.644388476606315 ], [ -89.191335582277446, 13.644400196492635 ], [ -89.191218610495071, 13.644416906690513 ], [ -89.190959663418468, 13.644439511632296 ] ] ] } },
{ "type": "Feature", "properties": { "FID_1": 1112, "NOMBRE_DE": "CALLE PRINCIPAL", "Text_1": "COLONIA EL PINAR", "ESTADO": null, "MATERIAL": null, "VIAS": 0, "CLASE": null, "ANCHO_1": null }, "geometry": { "type": "MultiLineString", "coordinates": [ [ [ -89.190959663376503, 13.644439511815957 ], [ -89.19095147110653, 13.644390607208281 ] ] ] } },
{ "type": "Feature", "properties": { "FID_1": 406, "NOMBRE_DE": "CALLE B", "Text_1": "LOTIFICACION PINARES DE SANTA TERESA", "ESTADO": null, "MATERIAL": null, "VIAS": 0, "CLASE": null, "ANCHO_1": null }, "geometry": { "type": "MultiLineString", "coordinates": [ [ [ -89.189743332104754, 13.647459746273089 ], [ -89.189598376750567, 13.647410538860807 ], [ -89.189556082219298, 13.647371386134722 ], [ -89.189482474704846, 13.647118915164702 ], [ -89.189330886793371, 13.646707585926253 ], [ -89.1892800648899, 13.64661037642569 ] ] ] } },
{ "type": "Feature", "properties": { "FID_1": 1120, "NOMBRE_DE": "PASAJE  DELICIAS DEL SUR", "Text_1": "COLONIA DELICIAS DEL SUR", "ESTADO": "REGULAR", "MATERIAL": "CONCRETO", "VIAS": 1, "CLASE": "PEATONAL", "ANCHO_1": "3.40" }, "geometry": { "type": "MultiLineString", "coordinates": [ [ [ -89.181798667315405, 13.645122146198421 ], [ -89.181756888644372, 13.645080281966951 ], [ -89.181771061779997, 13.645036724735789 ], [ -89.181806985345304, 13.644950067932173 ], [ -89.18185374652596, 13.644900137198004 ], [ -89.182022219292293, 13.644752231538838 ], [ -89.182013657224218, 13.644703131960924 ], [ -89.182021189552103, 13.644673743408759 ], [ -89.18201786962014, 13.644667260179396 ], [ -89.182004122070936, 13.644648739820816 ], [ -89.182009296800402, 13.644604262708619 ], [ -89.181985109095834, 13.644557491011383 ], [ -89.181968490452945, 13.644500521916859 ], [ -89.18193959191106, 13.644485718872859 ], [ -89.181902175768599, 13.644479260866978 ], [ -89.181644747049603, 13.64446615308951 ], [ -89.181626730717426, 13.644438833859168 ], [ -89.181621496531349, 13.644406409290252 ], [ -89.181619591922868, 13.644392976059628 ], [ -89.181634192929494, 13.644301826941362 ], [ -89.181752758270164, 13.643953682803836 ], [ -89.181784506673935, 13.643979602084038 ], [ -89.18179824628838, 13.643987930667251 ], [ -89.181982826405118, 13.644079398080288 ], [ -89.182082308320574, 13.644124260983496 ], [ -89.182160933990573, 13.644143659811954 ], [ -89.182182721240991, 13.644148276304996 ] ] ] } },
{ "type": "Feature", "properties": { "FID_1": 1118, "NOMBRE_DE": "PASAJE DELICIAS DEL SUR", "Text_1": "COLONIA LOMA LARGA", "ESTADO": "REGULAR", "MATERIAL": "CONCRETO", "VIAS": 1, "CLASE": "PEATONAL - GRAD", "ANCHO_1": "3.00" }, "geometry": { "type": "MultiLineString", "coordinates": [ [ [ -89.182182721240991, 13.644148276304996 ], [ -89.182181262887127, 13.644099634731971 ], [ -89.182163611132438, 13.643997934506237 ], [ -89.182165007763814, 13.643966894825953 ], [ -89.182157175754142, 13.643725298561348 ] ] ] } },
{ "type": "Feature", "properties": { "FID_1": 1109, "NOMBRE_DE": "CARRETERA  PLANES DE RENDEROS", "Text_1": "CANTON PLANES DE RENDEROS", "ESTADO": null, "MATERIAL": null, "VIAS": 0, "CLASE": null, "ANCHO_1": null }, "geometry": { "type": "MultiLineString", "coordinates": [ [ [ -89.188121251678481, 13.64644329500114 ], [ -89.188110100155299, 13.646425704710518 ] ], [ [ -89.188126764129692, 13.646436493499021 ], [ -89.188110040928152, 13.646409434658903 ] ], [ [ -89.188126714144076, 13.646420223440328 ], [ -89.18811556262159, 13.646402633149938 ] ], [ [ -89.188115696833648, 13.646443317328551 ], [ -89.18812672771783, 13.646425637756655 ] ], [ [ -89.188110077324794, 13.646420272323455 ], [ -89.188121126715401, 13.646402619854424 ] ], [ [ -89.188110129320364, 13.646436550403577 ], [ -89.188118408474764, 13.646422969828786 ] ], [ [ -89.188118408474764, 13.646422969828478 ], [ -89.188126688995041, 13.646409387011088 ] ] ] } },
{ "type": "Feature", "properties": { "FID_1": 152, "NOMBRE_DE": "CALLE 1", "Text_1": "JARDINES DE SAN MARCOS", "ESTADO": "BUENO", "MATERIAL": "ADOQUIN", "VIAS": 2, "CLASE": "VEHICULAR", "ANCHO_1": "8.70" }, "geometry": { "type": "MultiLineString", "coordinates": [ [ [ -89.188961063175114, 13.663698326216164 ], [ -89.188829094545625, 13.663751191140586 ], [ -89.188069669442953, 13.663778728854769 ], [ -89.186963964820976, 13.663802676905558 ], [ -89.186461862290173, 13.663814610592581 ], [ -89.186269595388126, 13.663840207792795 ] ] ] } },
{ "type": "Feature", "properties": { "FID_1": 153, "NOMBRE_DE": "CALLE#2", "Text_1": "JARDINES DE SAN MARCOS", "ESTADO": "BUENO", "MATERIAL": "ADOQUIN", "VIAS": 2, "CLASE": "VEHICULAR", "ANCHO_1": "6.92" }, "geometry": { "type": "MultiLineString", "coordinates": [ [ [ -89.189019929124939, 13.664258142727713 ], [ -89.18879123406353, 13.664273511429665 ], [ -89.188321130120244, 13.664288593898362 ], [ -89.18770059493805, 13.664311151343853 ], [ -89.187140231537271, 13.664329980935172 ], [ -89.186810268526997, 13.66434990422465 ] ] ] } },
{ "type": "Feature", "properties": { "FID_1": 154, "NOMBRE_DE": "PASAJE #5", "Text_1": "JARDINES DE SAN MARCOS", "ESTADO": "BUENO", "MATERIAL": "CONCRETO", "VIAS": 1, "CLASE": "PEATONAL", "ANCHO_1": "6.10" }, "geometry": { "type": "MultiLineString", "coordinates": [ [ [ -89.189130963374438, 13.665511761793477 ], [ -89.1890322025464, 13.665489010884089 ], [ -89.188938375223515, 13.66548563932116 ], [ -89.188741355202268, 13.665494971881468 ], [ -89.18849859007706, 13.665498602297715 ], [ -89.188162499816983, 13.665508118740146 ], [ -89.188030031926971, 13.665510139950317 ], [ -89.187925772273886, 13.665515733813965 ], [ -89.187797086543242, 13.665517672012991 ], [ -89.187565493352409, 13.665538492000728 ] ] ] } },
{ "type": "Feature", "properties": { "FID_1": 155, "NOMBRE_DE": "PASAJE #7", "Text_1": "JARDINES DE SAN MARCOS", "ESTADO": "REGULAR", "MATERIAL": "ASFALTO", "VIAS": 1, "CLASE": "PEATONAL", "ANCHO_1": "6.15" }, "geometry": { "type": "MultiLineString", "coordinates": [ [ [ -89.189173233352378, 13.666162061633299 ], [ -89.189054332005043, 13.666171292569123 ], [ -89.188796668831202, 13.666177494199163 ], [ -89.188344228113053, 13.666192850338682 ], [ -89.18807030607114, 13.666197562737421 ], [ -89.187898035779867, 13.66620223846132 ] ] ] } },
{ "type": "Feature", "properties": { "FID_1": 156, "NOMBRE_DE": "PASAJE #8", "Text_1": "JARDINES DE SAN MARCOS", "ESTADO": "MALO", "MATERIAL": "CONCRETO", "VIAS": 1, "CLASE": "PEATONAL", "ANCHO_1": "6.15" }, "geometry": { "type": "MultiLineString", "coordinates": [ [ [ -89.189134403065012, 13.666501101833399 ], [ -89.189116205452038, 13.66651280334921 ], [ -89.188948502977695, 13.666522050139237 ], [ -89.188624737191262, 13.666531416565237 ], [ -89.188235749068639, 13.666538553025555 ], [ -89.188031164852219, 13.666543144095249 ] ] ] } },
{ "type": "Feature", "properties": { "FID_1": 157, "NOMBRE_DE": "PASAJE #9", "Text_1": "JARDINES DE SAN MARCOS", "ESTADO": "REGULAR", "MATERIAL": "CONCRETO", "VIAS": 1, "CLASE": "PEATONAL", "ANCHO_1": "6.15" }, "geometry": { "type": "MultiLineString", "coordinates": [ [ [ -89.1892201584525, 13.666844672682247 ], [ -89.189127220489823, 13.666856197453502 ], [ -89.188954276702589, 13.666864722950653 ], [ -89.188699859210345, 13.666871912095802 ], [ -89.188431149389544, 13.666880510688454 ], [ -89.188042309739387, 13.666886479520578 ] ] ] } },
{ "type": "Feature", "properties": { "FID_1": 158, "NOMBRE_DE": "PASAJE #10", "Text_1": "JARDINES DE SAN MARCOS", "ESTADO": "BUENO", "MATERIAL": "CONCRETO", "VIAS": 1, "CLASE": "PEATONAL", "ANCHO_1": "6.15" }, "geometry": { "type": "MultiLineString", "coordinates": [ [ [ -89.189168200512256, 13.66719183227068 ], [ -89.189064759645774, 13.667187100512708 ], [ -89.188890396125089, 13.667195528609513 ], [ -89.188664398875915, 13.667212529276981 ], [ -89.18851289274896, 13.667218240497633 ], [ -89.188273605738004, 13.667221836857079 ] ] ] } },
{ "type": "Feature", "properties": { "FID_1": 159, "NOMBRE_DE": "PASAJE #11", "Text_1": "JARDINES DE SAN MARCOS", "ESTADO": "MALO", "MATERIAL": "TIERRA", "VIAS": 1, "CLASE": "PEATONAL", "ANCHO_1": "6.36" }, "geometry": { "type": "MultiLineString", "coordinates": [ [ [ -89.18864745967781, 13.667590442846286 ], [ -89.18879940104226, 13.667583334630132 ], [ -89.188990260110373, 13.667575215691249 ], [ -89.189022476004254, 13.667568087309702 ] ] ] } },
{ "type": "Feature", "properties": { "FID_1": 160, "NOMBRE_DE": "PASAJE PEATONAL", "Text_1": "JARDINES DE SAN MARCOS", "ESTADO": "BUENO", "MATERIAL": "CONCRETO", "VIAS": 1, "CLASE": "PEATONAL", "ANCHO_1": "2.04" }, "geometry": { "type": "MultiLineString", "coordinates": [ [ [ -89.188154707185546, 13.665165734651978 ], [ -89.188154699012884, 13.665165375630117 ], [ -89.188152788860705, 13.665043567730626 ], [ -89.188141890401113, 13.66479530301984 ] ] ] } },
{ "type": "Feature", "properties": { "FID_1": 161, "NOMBRE_DE": "PASAJE #4", "Text_1": "JARDINES DE SAN MARCOS", "ESTADO": "MALO", "MATERIAL": "CONCRETO", "VIAS": 1, "CLASE": "PEATONAL", "ANCHO_1": "6.00" }, "geometry": { "type": "MultiLineString", "coordinates": [ [ [ -89.189105887911268, 13.665153757124083 ], [ -89.188995906568209, 13.665138507195895 ], [ -89.188653884088708, 13.665152552273225 ], [ -89.18827362955723, 13.665160719376692 ], [ -89.188154699012884, 13.665165375630117 ], [ -89.187737145623942, 13.665173235429011 ], [ -89.187443885196473, 13.665175829763522 ] ] ] } },
{ "type": "Feature", "properties": { "FID_1": 957, "NOMBRE_DE": "PASAJE #6", "Text_1": "JARDINES DE SAN MARCOS", "ESTADO": "MALO", "MATERIAL": "ASFALTO", "VIAS": 1, "CLASE": "PEATONAL", "ANCHO_1": "6.10" }, "geometry": { "type": "MultiLineString", "coordinates": [ [ [ -89.189137806048294, 13.665822948807469 ], [ -89.189021342621317, 13.665832795038781 ], [ -89.188790024723119, 13.665839781166436 ], [ -89.188344384795315, 13.665845199285764 ], [ -89.188154431323156, 13.665844183756029 ], [ -89.188018417080059, 13.665854984438367 ], [ -89.187705390645675, 13.665864126779354 ] ] ] } },
{ "type": "Feature", "properties": { "FID_1": 898, "NOMBRE_DE": "AV. SAN JORGE", "Text_1": "LOTIFICACION SAN RAFAEL", "ESTADO": "MALO", "MATERIAL": "TIERRA", "VIAS": 1, "CLASE": "PEATONAL", "ANCHO_1": "9.00" }, "geometry": { "type": "MultiLineString", "coordinates": [ [ [ -89.159168404889968, 13.661187150780586 ], [ -89.159237197763161, 13.661015375511804 ], [ -89.159365359447563, 13.660492723816471 ] ] ] } },
{ "type": "Feature", "properties": { "FID_1": 901, "NOMBRE_DE": "PJE S/N", "Text_1": "LOTIFICACION SAN RAFAEL", "ESTADO": "MALO", "MATERIAL": "TIERRA", "VIAS": 1, "CLASE": "PEATONAL", "ANCHO_1": "3.35" }, "geometry": { "type": "MultiLineString", "coordinates": [ [ [ -89.159429414950679, 13.660014265350023 ], [ -89.159375476306863, 13.660158185089132 ], [ -89.159359858754669, 13.660200284984452 ], [ -89.159312998288442, 13.660315105640155 ], [ -89.159241512372375, 13.66043151482859 ] ] ] } },
{ "type": "Feature", "properties": { "FID_1": 1121, "NOMBRE_DE": "AVENIDA SAN LUIS", "Text_1": "LOTIFICACION SAN RAFAEL", "ESTADO": "MALO", "MATERIAL": "TIERRA", "VIAS": 1, "CLASE": "PEATONAL", "ANCHO_1": "9.30" }, "geometry": { "type": "MultiLineString", "coordinates": [ [ [ -89.159656654156549, 13.661321088522554 ], [ -89.159720291552489, 13.661043759796602 ], [ -89.159791306515231, 13.660715374733838 ] ] ] } },
{ "type": "Feature", "properties": { "FID_1": 465, "NOMBRE_DE": "AV. SAN MARCOS", "Text_1": "LOTIFICACION SANTA TERESA", "ESTADO": "MALO", "MATERIAL": "TIERRA", "VIAS": 1, "CLASE": "PEATONAL", "ANCHO_1": "6.20" }, "geometry": { "type": "MultiLineString", "coordinates": [ [ [ -89.16328427217644, 13.663600551971555 ], [ -89.163100087509761, 13.663111090924716 ], [ -89.163025432849082, 13.662911192037718 ], [ -89.162922847481127, 13.662656770723409 ], [ -89.16289994730738, 13.662581012533195 ], [ -89.162830667408215, 13.662418825402218 ], [ -89.162800756363879, 13.662275411677903 ], [ -89.162713637035878, 13.662022636212463 ], [ -89.162683803475559, 13.661991052223254 ], [ -89.162636617064379, 13.662008101504499 ], [ -89.162601860297499, 13.662039728214975 ], [ -89.162524951215204, 13.662185642239541 ], [ -89.162510077289909, 13.662229413451659 ], [ -89.162472837560372, 13.662263473094848 ], [ -89.16236850943271, 13.662273266138282 ] ] ] } },
{ "type": "Feature", "properties": { "FID_1": 467, "NOMBRE_DE": "AV. SANTA TERESA", "Text_1": "LOTIFICACION SANTA TERESA", "ESTADO": "MALO", "MATERIAL": "TIERRA", "VIAS": 1, "CLASE": "PEATONAL", "ANCHO_1": "8.90" }, "geometry": { "type": "MultiLineString", "coordinates": [ [ [ -89.162888940735115, 13.663766609978911 ], [ -89.162791561485989, 13.663547490754688 ], [ -89.162768029557881, 13.66346136887147 ], [ -89.162728909998876, 13.663461394760461 ], [ -89.162703479832686, 13.663459497212434 ], [ -89.162711258713642, 13.66339440996364 ], [ -89.162726890442002, 13.663369515514484 ], [ -89.162677903248522, 13.663245125187236 ], [ -89.162602641227537, 13.66305981719603 ], [ -89.162508922173842, 13.662772751698579 ], [ -89.162415240464412, 13.662538609482683 ], [ -89.162362702083286, 13.662349537099157 ], [ -89.16236850943271, 13.662273266138282 ], [ -89.162369477393781, 13.662188886831938 ], [ -89.162315452183165, 13.66194533960665 ], [ -89.162266896751433, 13.661845802669715 ] ] ] } },
{ "type": "Feature", "properties": { "FID_1": 468, "NOMBRE_DE": "PJE. S/N", "Text_1": "LOTIFICACION SANTA TERESA", "ESTADO": "MALO", "MATERIAL": "TIERRA", "VIAS": 1, "CLASE": "PEATONAL", "ANCHO_1": "5.20" }, "geometry": { "type": "MultiLineString", "coordinates": [ [ [ -89.162050588586908, 13.662483124040159 ], [ -89.162179103331582, 13.66243613381687 ], [ -89.162325962651892, 13.662366550243616 ], [ -89.16236270334646, 13.662349536897976 ] ] ] } },
{ "type": "Feature", "properties": { "FID_1": 470, "NOMBRE_DE": "PASAJE S/N", "Text_1": "LOTIFICACION SANTA TERESA", "ESTADO": "MALO", "MATERIAL": "TIERRA", "VIAS": 1, "CLASE": "PEATONAL", "ANCHO_1": "5.20" }, "geometry": { "type": "MultiLineString", "coordinates": [ [ [ -89.163550689306604, 13.661953677651155 ], [ -89.163382951367126, 13.662069180129977 ], [ -89.16332947966572, 13.662399863949881 ], [ -89.163416833932089, 13.662526810030675 ], [ -89.163461633002001, 13.662596851872118 ], [ -89.163475082865958, 13.662631879842511 ], [ -89.163454967712994, 13.662664738799963 ], [ -89.163377544001548, 13.662689034391894 ], [ -89.163218894376712, 13.662650332008354 ], [ -89.16289994730738, 13.662581012533195 ] ] ] } },
{ "type": "Feature", "properties": { "FID_1": 471, "NOMBRE_DE": "PASAJE S/N", "Text_1": "LOTIFICACION SANTA TERESA", "ESTADO": "MALO", "MATERIAL": "TIERRA", "VIAS": 1, "CLASE": "PEATONAL", "ANCHO_1": "4.60" }, "geometry": { "type": "MultiLineString", "coordinates": [ [ [ -89.162677903653517, 13.663245125176767 ], [ -89.162758141136194, 13.663187163385563 ], [ -89.162810498865241, 13.663119177074712 ], [ -89.162854996740151, 13.663052478064007 ], [ -89.162873272689922, 13.66295759006643 ], [ -89.162922848789265, 13.66265676947368 ] ] ] } },
{ "type": "Feature", "properties": { "FID_1": 1, "NOMBRE_DE": "PJE. S/N", "Text_1": "COLONIA SAN RAFAEL", "ESTADO": "MALO", "MATERIAL": "TIERRA", "VIAS": 1, "CLASE": "PEATONAL", "ANCHO_1": "4.50" }, "geometry": { "type": "MultiLineString", "coordinates": [ [ [ -89.178655475958209, 13.667846809767118 ], [ -89.178668024311534, 13.667615808598132 ], [ -89.178686551587589, 13.66722447652961 ] ] ] } },
{ "type": "Feature", "properties": { "FID_1": 2, "NOMBRE_DE": "PJE. S/N", "Text_1": "COLONIA SAN RAFAEL", "ESTADO": "MALO", "MATERIAL": "TIERRA", "VIAS": 1, "CLASE": "PEATONAL", "ANCHO_1": "5.15" }, "geometry": { "type": "MultiLineString", "coordinates": [ [ [ -89.17819831373663, 13.667779991210297 ], [ -89.178175921064764, 13.667185312646341 ] ] ] } },
{ "type": "Feature", "properties": { "FID_1": 3, "NOMBRE_DE": "PJE. S/N", "Text_1": "COLONIA SAN RAFAEL", "ESTADO": "MALO", "MATERIAL": "TIERRA", "VIAS": 1, "CLASE": "PEATONAL", "ANCHO_1": "3.30" }, "geometry": { "type": "MultiLineString", "coordinates": [ [ [ -89.178609360087506, 13.668644158604508 ], [ -89.178542107051911, 13.668615826577206 ], [ -89.178409240042797, 13.668544306769968 ], [ -89.178322473078865, 13.668501930451562 ], [ -89.178190981530179, 13.668456934059604 ], [ -89.178028347849704, 13.668449094486224 ], [ -89.17787446955748, 13.668452955605446 ] ] ] } },
{ "type": "Feature", "properties": { "FID_1": 5, "NOMBRE_DE": "CALLE  S/N", "Text_1": "COLONIA SAN RAFAEL", "ESTADO": "MALO", "MATERIAL": "TIERRA", "VIAS": 1, "CLASE": "PEATONAL", "ANCHO_1": "5.45" }, "geometry": { "type": "MultiLineString", "coordinates": [ [ [ -89.176519037778661, 13.667423605924265 ], [ -89.176512603133816, 13.667339395422783 ], [ -89.176570951694998, 13.667048763327795 ], [ -89.176627075077207, 13.666857025553446 ], [ -89.176704975413003, 13.666549351066848 ], [ -89.176746654357132, 13.666399957205918 ], [ -89.176764316397822, 13.666284792684714 ], [ -89.176799465080677, 13.66615369274866 ], [ -89.176813495236274, 13.666062275326007 ], [ -89.176804271884208, 13.665933264813358 ], [ -89.176805510918228, 13.6659036402352 ], [ -89.176840831205823, 13.665908552120397 ], [ -89.177017459610568, 13.665968906740657 ], [ -89.177159133245567, 13.666017139795009 ], [ -89.177278084531764, 13.666056350434816 ], [ -89.177340648495047, 13.666075197806883 ], [ -89.177361230936583, 13.666085507181268 ] ] ] } },
{ "type": "Feature", "properties": { "FID_1": 6, "NOMBRE_DE": "CALLE  S/N", "Text_1": "COLONIA SAN RAFAEL", "ESTADO": "MALO", "MATERIAL": "TIERRA", "VIAS": 1, "CLASE": "PEATONAL", "ANCHO_1": "6.50" }, "geometry": { "type": "MultiLineString", "coordinates": [ [ [ -89.177193240222806, 13.667943178719899 ], [ -89.177193109394878, 13.667769552644288 ], [ -89.17718915568058, 13.667641223105562 ], [ -89.177175585031677, 13.667546870832963 ], [ -89.177202868163121, 13.667404300068931 ], [ -89.177227701709597, 13.66707600202631 ], [ -89.177240108051265, 13.666898046834811 ], [ -89.177261919704605, 13.666720084862447 ], [ -89.177293101952529, 13.66649609554832 ], [ -89.177343085511481, 13.666259820514817 ], [ -89.177362260458338, 13.666118771663346 ], [ -89.17732811100997, 13.66585259975418 ], [ -89.177319688070057, 13.66578099782121 ], [ -89.177253581399583, 13.665514049909227 ] ] ] } },
{ "type": "Feature", "properties": { "FID_1": 7, "NOMBRE_DE": "CALLE  S/N", "Text_1": "COLONIA SAN RAFAEL", "ESTADO": "MALO", "MATERIAL": "TIERRA", "VIAS": 1, "CLASE": "PEATONAL", "ANCHO_1": "6.40" }, "geometry": { "type": "MultiLineString", "coordinates": [ [ [ -89.177975653520264, 13.668200187297783 ], [ -89.177940909020293, 13.668131429659015 ], [ -89.177833387658268, 13.667992943795893 ], [ -89.177807290691462, 13.667918106447383 ], [ -89.177799113340839, 13.667865553738338 ], [ -89.177826684864826, 13.667738118962644 ], [ -89.177881945889595, 13.667639332495938 ], [ -89.177896461399754, 13.667464602744523 ] ] ] } },
{ "type": "Feature", "properties": { "FID_1": 8, "NOMBRE_DE": "CALLE  S/N", "Text_1": "COLONIA SAN RAFAEL", "ESTADO": "MALO", "MATERIAL": "TIERRA", "VIAS": 1, "CLASE": "PEATONAL", "ANCHO_1": "5.00" }, "geometry": { "type": "MultiLineString", "coordinates": [ [ [ -89.177896461399754, 13.667464602744523 ], [ -89.177970517145354, 13.66738661817268 ], [ -89.178070899127533, 13.667283698425432 ], [ -89.178175921064764, 13.667185312646341 ] ] ] } },
{ "type": "Feature", "properties": { "FID_1": 9, "NOMBRE_DE": "CALLE  S/N", "Text_1": "COLONIA SAN RAFAEL", "ESTADO": "MALO", "MATERIAL": "TIERRA", "VIAS": 1, "CLASE": "PEATONAL", "ANCHO_1": "6.12" }, "geometry": { "type": "MultiLineString", "coordinates": [ [ [ -89.177896461399754, 13.667464602744523 ], [ -89.177871222959311, 13.667329478374224 ], [ -89.177827766884562, 13.66704388452634 ], [ -89.177781638407438, 13.666797962776817 ], [ -89.177773432944704, 13.666668379461042 ], [ -89.177917185870939, 13.666458943033529 ], [ -89.178238031530583, 13.666493167060491 ] ] ] } },
{ "type": "Feature", "properties": { "FID_1": 13, "NOMBRE_DE": "CALLE  S/N", "Text_1": "COLONIA SAN RAFAEL", "ESTADO": "MALO", "MATERIAL": "TIERRA", "VIAS": 1, "CLASE": "PEATONAL", "ANCHO_1": "4.00" }, "geometry": { "type": "MultiLineString", "coordinates": [ [ [ -89.17732902532012, 13.665851455806012 ], [ -89.177503830942314, 13.665862114093807 ], [ -89.17765651037999, 13.665886394936878 ], [ -89.178026006701245, 13.665874948482724 ] ] ] } },
{ "type": "Feature", "properties": { "FID_1": 14, "NOMBRE_DE": "CALLE  S/N", "Text_1": "COLONIA SAN RAFAEL", "ESTADO": "MALO", "MATERIAL": "TIERRA", "VIAS": 1, "CLASE": "PEATONAL", "ANCHO_1": "5.00" }, "geometry": { "type": "MultiLineString", "coordinates": [ [ [ -89.177861320530056, 13.664679862407828 ], [ -89.177881676617346, 13.664850814377465 ], [ -89.178010002076249, 13.665318763508086 ], [ -89.178028259757895, 13.66541514437357 ], [ -89.178029642051143, 13.665664627339824 ], [ -89.178020866414585, 13.66582931961401 ], [ -89.178026006701245, 13.665874948482724 ], [ -89.178091193607088, 13.666155776153923 ], [ -89.17809370635257, 13.666199421118488 ] ] ] } },
{ "type": "Feature", "properties": { "FID_1": 15, "NOMBRE_DE": "CALLE  S/N", "Text_1": "COLONIA SAN RAFAEL", "ESTADO": "MALO", "MATERIAL": "TIERRA", "VIAS": 1, "CLASE": "PEATONAL", "ANCHO_1": "4.70" }, "geometry": { "type": "MultiLineString", "coordinates": [ [ [ -89.17808059051039, 13.666210776746013 ], [ -89.178029466713028, 13.666217763074329 ], [ -89.177947090013035, 13.666215042969389 ], [ -89.1778391571942, 13.66622346022039 ], [ -89.177753939991021, 13.666220742104846 ], [ -89.177672984595219, 13.666219410743649 ], [ -89.177548240875396, 13.66615417729045 ], [ -89.177362260458338, 13.666118771663346 ] ] ] } },
{ "type": "Feature", "properties": { "FID_1": 16, "NOMBRE_DE": "CALLE  S/N", "Text_1": "COLONIA SAN RAFAEL", "ESTADO": "MALO", "MATERIAL": "TIERRA", "VIAS": 1, "CLASE": "PEATONAL", "ANCHO_1": "3.00" }, "geometry": { "type": "MultiLineString", "coordinates": [ [ [ -89.178238031530583, 13.666493167060491 ], [ -89.178167534628557, 13.666446856846976 ], [ -89.178120251336679, 13.666404400361255 ], [ -89.178101076555905, 13.666379419697417 ], [ -89.178075467286433, 13.666289457858177 ], [ -89.17808059051039, 13.666210776746013 ] ] ] } },
{ "type": "Feature", "properties": { "FID_1": 18, "NOMBRE_DE": "PJE.  S/N", "Text_1": "COLONIA SAN RAFAEL", "ESTADO": "MALO", "MATERIAL": "TIERRA", "VIAS": 1, "CLASE": "PEATONAL", "ANCHO_1": "3.00" }, "geometry": { "type": "MultiLineString", "coordinates": [ [ [ -89.178499679388707, 13.665854045694074 ], [ -89.178416974076498, 13.665853299159277 ], [ -89.178298053514098, 13.66585338540709 ], [ -89.178249138964162, 13.665857547645626 ], [ -89.178143714807547, 13.665860100103796 ], [ -89.17809032007203, 13.665861387571468 ], [ -89.17806248169137, 13.665863223986815 ], [ -89.178038664608309, 13.665865057487604 ], [ -89.178026006701245, 13.665874948482724 ] ] ] } },
{ "type": "Feature", "properties": { "FID_1": 19, "NOMBRE_DE": "CALLE  S/N", "Text_1": "COLONIA SAN RAFAEL", "ESTADO": "MALO", "MATERIAL": "TIERRA", "VIAS": 1, "CLASE": "PEATONAL", "ANCHO_1": "5.60" }, "geometry": { "type": "MultiLineString", "coordinates": [ [ [ -89.178175921064764, 13.667185312646341 ], [ -89.178260287881272, 13.667150338906891 ], [ -89.178351912769671, 13.667145148631448 ], [ -89.178412136977272, 13.667159622503991 ], [ -89.178513362367525, 13.66715613315124 ], [ -89.178619213479266, 13.667148604402113 ], [ -89.178654746753338, 13.667174817907053 ], [ -89.178686551587589, 13.66722447652961 ] ] ] } },
{ "type": "Feature", "properties": { "FID_1": 20, "NOMBRE_DE": "CALLE  S/N", "Text_1": "COLONIA SAN RAFAEL", "ESTADO": "BUENO", "MATERIAL": "CONCRETO", "VIAS": 2, "CLASE": "VEHICULAR", "ANCHO_1": "8.30" }, "geometry": { "type": "MultiLineString", "coordinates": [ [ [ -89.178686551587589, 13.66722447652961 ], [ -89.178663573040282, 13.667136081082608 ], [ -89.17858160912229, 13.666917186788568 ], [ -89.178451505960339, 13.666667720952004 ], [ -89.17835759194196, 13.666552426310318 ], [ -89.178238031530583, 13.666493167060491 ] ] ] } },
{ "type": "Feature", "properties": { "FID_1": 21, "NOMBRE_DE": "CALLE PRINCIPAL COL. SAN RAFAEL", "Text_1": "COLONIA SAN RAFAEL", "ESTADO": "BUENO", "MATERIAL": "CONCRETO", "VIAS": 2, "CLASE": "VEHICULAR", "ANCHO_1": "5.60" }, "geometry": { "type": "MultiLineString", "coordinates": [ [ [ -89.178686551587589, 13.66722447652961 ], [ -89.178770268678107, 13.667421276569751 ], [ -89.178865501933103, 13.66756197899322 ], [ -89.178884076967975, 13.667580129568973 ], [ -89.179250828917745, 13.667800102069005 ], [ -89.179385448108206, 13.667865848722915 ], [ -89.17960819167493, 13.667877038700151 ], [ -89.179705551441899, 13.667763442037089 ], [ -89.179696248270119, 13.667733932194752 ], [ -89.179553306672958, 13.667481086887392 ], [ -89.179458448000418, 13.667335284144912 ], [ -89.179431895868802, 13.667201668926754 ] ] ] } },
{ "type": "Feature", "properties": { "FID_1": 23, "NOMBRE_DE": "CALLE  S/N", "Text_1": "COLONIA SAN RAFAEL", "ESTADO": "MALO", "MATERIAL": "TIERRA", "VIAS": 1, "CLASE": "PEATONAL", "ANCHO_1": "6.30" }, "geometry": { "type": "MultiLineString", "coordinates": [ [ [ -89.179436234124907, 13.667203863165852 ], [ -89.179425759688243, 13.667143056951231 ], [ -89.179431267528329, 13.667089842051951 ], [ -89.179440119344434, 13.667056171566701 ], [ -89.179441210802196, 13.667032280170973 ], [ -89.179420121765162, 13.667025779939676 ], [ -89.17940681462683, 13.6670377349477 ], [ -89.179385742157848, 13.667052953428351 ], [ -89.179355763194877, 13.667030170630889 ], [ -89.179295781275712, 13.666953112888695 ], [ -89.179284668672125, 13.666932488199409 ], [ -89.179266593265865, 13.666883910623456 ], [ -89.179159864537425, 13.66676390817498 ], [ -89.179042920234465, 13.666656778855829 ], [ -89.178939811096086, 13.666559580725348 ], [ -89.178816905924919, 13.666412908809617 ], [ -89.178740307477938, 13.666305158982041 ], [ -89.178665701745473, 13.66620963821499 ], [ -89.178592423148544, 13.666169449344745 ], [ -89.178515304692738, 13.666149384288335 ], [ -89.178436921235971, 13.666155729001778 ], [ -89.178226711497203, 13.666183649738842 ], [ -89.178101825736192, 13.666193141876439 ], [ -89.17808059051039, 13.666210776746013 ] ] ] } },
{ "type": "Feature", "properties": { "FID_1": 24, "NOMBRE_DE": "PJE. S/N", "Text_1": "COLONIA SAN RAFAEL", "ESTADO": "MALO", "MATERIAL": "TIERRA", "VIAS": 1, "CLASE": "PEATONAL", "ANCHO_1": "2.10" }, "geometry": { "type": "MultiLineString", "coordinates": [ [ [ -89.180165290787045, 13.667789843176683 ], [ -89.179937318137107, 13.66763469116704 ], [ -89.179790700194289, 13.667532535056292 ], [ -89.179653122112839, 13.667440017081594 ], [ -89.17963049433537, 13.667445108972153 ], [ -89.179553306672958, 13.667481086887392 ] ] ] } },
{ "type": "Feature", "properties": { "FID_1": 360, "NOMBRE_DE": "PJE. S/N", "Text_1": "COLONIA SAN RAFAEL", "ESTADO": "MALO", "MATERIAL": "TIERRA", "VIAS": 1, "CLASE": "PEATONAL", "ANCHO_1": "6.30" }, "geometry": { "type": "MultiLineString", "coordinates": [ [ [ -89.176595248998936, 13.667739786829335 ], [ -89.176627995903388, 13.667648278583147 ], [ -89.176661162690891, 13.667549186933492 ], [ -89.176668650857465, 13.667460464097211 ], [ -89.176624797393998, 13.667413179619917 ], [ -89.176519037778661, 13.667423605924265 ], [ -89.17593909150844, 13.667491696790441 ] ] ] } },
{ "type": "Feature", "properties": { "FID_1": 362, "NOMBRE_DE": "CALLE  S/N", "Text_1": "COLONIA SAN RAFAEL", "ESTADO": "MALO", "MATERIAL": "TIERRA", "VIAS": 1, "CLASE": "PEATONAL", "ANCHO_1": "4.04" }, "geometry": { "type": "MultiLineString", "coordinates": [ [ [ -89.178028347849704, 13.668449094486224 ], [ -89.178005621422983, 13.6683138358301 ], [ -89.177990664709753, 13.66824886155494 ], [ -89.177975653520264, 13.668200187297783 ] ] ] } },
{ "type": "Feature", "properties": { "FID_1": 363, "NOMBRE_DE": "CALLE  S/N", "Text_1": "COLONIA SAN RAFAEL", "ESTADO": "MALO", "MATERIAL": "TIERRA", "VIAS": 1, "CLASE": "PEATONAL", "ANCHO_1": "6.75" }, "geometry": { "type": "MultiLineString", "coordinates": [ [ [ -89.177975653520264, 13.668200187297783 ], [ -89.177887974821402, 13.668212032479698 ], [ -89.177851537250291, 13.668213609216355 ], [ -89.177731109873463, 13.668185789391682 ], [ -89.177547295594181, 13.668137860304062 ], [ -89.177371382971884, 13.6680635688754 ], [ -89.177193240222806, 13.667943178719899 ], [ -89.177066516717602, 13.66787652259843 ], [ -89.176593619372639, 13.667744305740156 ] ] ] } },
{ "type": "Feature", "properties": { "FID_1": 900, "NOMBRE_DE": "PJE. S/N", "Text_1": "COLONIA SAN RAFAEL", "ESTADO": "MALO", "MATERIAL": "TIERRA", "VIAS": 1, "CLASE": "PEATONAL", "ANCHO_1": "3.90" }, "geometry": { "type": "MultiLineString", "coordinates": [ [ [ -89.179500795564408, 13.667613368583819 ], [ -89.179333082286234, 13.667586378162804 ], [ -89.179154252043674, 13.667448941807685 ], [ -89.179098479817, 13.667312848720174 ], [ -89.179065172499904, 13.667227516455499 ] ] ] } },
{ "type": "Feature", "properties": { "FID_1": 301, "NOMBRE_DE": "PASAJE N0.1", "Text_1": "LOTIFICACION EL CARMEN 3", "ESTADO": "MALO", "MATERIAL": "TIERRA", "VIAS": 1, "CLASE": "PEATONAL", "ANCHO_1": "3.00" }, "geometry": { "type": "MultiLineString", "coordinates": [ [ [ -89.172319262971001, 13.650790219142745 ], [ -89.172223571721133, 13.650811064254647 ], [ -89.172124436168389, 13.65082835848629 ] ] ] } },
{ "type": "Feature", "properties": { "FID_1": 302, "NOMBRE_DE": "PASAJE No 2", "Text_1": "LOTIFICACION EL CARMEN 3", "ESTADO": "MALO", "MATERIAL": "TIERRA", "VIAS": 1, "CLASE": "PEATONAL", "ANCHO_1": "3.00" }, "geometry": { "type": "MultiLineString", "coordinates": [ [ [ -89.172489857160883, 13.650252635079074 ], [ -89.172315453301948, 13.650297804636274 ], [ -89.172095073036644, 13.650342997959209 ] ] ] } },
{ "type": "Feature", "properties": { "FID_1": 303, "NOMBRE_DE": "PASAJE No 3", "Text_1": "LOTIFICACION EL CARMEN 3", "ESTADO": "MALO", "MATERIAL": "TIERRA", "VIAS": 1, "CLASE": "PEATONAL", "ANCHO_1": "5.85" }, "geometry": { "type": "MultiLineString", "coordinates": [ [ [ -89.172425682959897, 13.649746896965073 ], [ -89.172210602266048, 13.649799457431063 ], [ -89.172199975588171, 13.649810991398422 ], [ -89.172173648268625, 13.649820815076049 ], [ -89.1720282751605, 13.649854118816357 ], [ -89.171915610805414, 13.649876728204632 ], [ -89.171784028935761, 13.649908253981721 ] ] ] } },
{ "type": "Feature", "properties": { "FID_1": 364, "NOMBRE_DE": "CALLE PRINCIPAL", "Text_1": "LOTIFICACION EL CARMEN 3", "ESTADO": "MALO", "MATERIAL": "TIERRA", "VIAS": 1, "CLASE": "PEATONAL", "ANCHO_1": "5.00" }, "geometry": { "type": "MultiLineString", "coordinates": [ [ [ -89.17159595414266, 13.64944915176179 ], [ -89.171859856638392, 13.649387840583422 ], [ -89.172059596134119, 13.649339791864108 ] ] ] } },
{ "type": "Feature", "properties": { "FID_1": 464, "NOMBRE_DE": "PASAJE S/N", "Text_1": "LOTIFICACION EL CARMEN 3", "ESTADO": "MALO", "MATERIAL": "TIERRA", "VIAS": 1, "CLASE": "PEATONAL", "ANCHO_1": "4.90" }, "geometry": { "type": "MultiLineString", "coordinates": [ [ [ -89.172324833612706, 13.648932129838608 ], [ -89.17230493530171, 13.648787899722898 ], [ -89.172279652140091, 13.648542238375098 ] ] ] } },
{ "type": "Feature", "properties": { "FID_1": 1069, "NOMBRE_DE": "CALLE PRINCIPAL", "Text_1": "LOTIFICACION EL CARMEN 3", "ESTADO": "MALO", "MATERIAL": "TIERRA", "VIAS": 1, "CLASE": "PEATONAL", "ANCHO_1": "3.60" }, "geometry": { "type": "MultiLineString", "coordinates": [ [ [ -89.172567133658376, 13.648460145816811 ], [ -89.172114008419825, 13.648593947435002 ], [ -89.1719546414826, 13.648645651069415 ], [ -89.171843946588254, 13.648684552756267 ], [ -89.171824664314443, 13.64874536006303 ], [ -89.171844068009335, 13.648850724319365 ], [ -89.171940898372483, 13.649127609929048 ], [ -89.172059596644431, 13.649339791964485 ], [ -89.172155718060495, 13.649572365432148 ], [ -89.172210602266048, 13.649799457431063 ], [ -89.172174957970185, 13.650079416474316 ], [ -89.172099667975061, 13.650330603771998 ], [ -89.172095072543598, 13.650342999120074 ], [ -89.172082720773318, 13.650376308538394 ] ] ] } },
{ "type": "Feature", "properties": { "FID_1": 304, "NOMBRE_DE": "PASAJE LARA", "Text_1": "COLONIA JILTEPEQUE", "ESTADO": "BUENO", "MATERIAL": "CONCRETO", "VIAS": 1, "CLASE": "VEHICULAR", "ANCHO_1": "2.75" }, "geometry": { "type": "MultiLineString", "coordinates": [ [ [ -89.170803572019935, 13.650697205202645 ], [ -89.170791000486844, 13.65074744541543 ], [ -89.170702841652101, 13.650820888020515 ], [ -89.170598513665126, 13.650898658363758 ], [ -89.170438331448722, 13.65099517244203 ] ] ] } },
{ "type": "Feature", "properties": { "FID_1": 782, "NOMBRE_DE": "PASAJE LARA", "Text_1": "COLONIA JILTEPEQUE", "ESTADO": "MALO", "MATERIAL": "TIERRA", "VIAS": 2, "CLASE": "VEHICULAR", "ANCHO_1": "3.40" }, "geometry": { "type": "MultiLineString", "coordinates": [ [ [ -89.171566546966119, 13.652866080760573 ], [ -89.171486758165159, 13.652782417536576 ], [ -89.171411409406701, 13.652705950234967 ], [ -89.171362130352321, 13.652637966335783 ], [ -89.171246199133122, 13.65250767870123 ], [ -89.171170827849849, 13.652400035714331 ], [ -89.171118668178963, 13.65235189100029 ], [ -89.171037521999452, 13.65226692547442 ], [ -89.171002710445876, 13.652184760097704 ], [ -89.170986615749712, 13.652114583786284 ], [ -89.170981851367699, 13.652025085371049 ], [ -89.170930323182475, 13.651883920301769 ], [ -89.170890416940068, 13.651768108225015 ] ] ] } },
{ "type": "Feature", "properties": { "FID_1": 1071, "NOMBRE_DE": "PASAJE LARA", "Text_1": "COLONIA JILTEPEQUE", "ESTADO": "BUENO", "MATERIAL": "CONCRETO", "VIAS": 2, "CLASE": "VEHICULAR", "ANCHO_1": "2.00" }, "geometry": { "type": "MultiLineString", "coordinates": [ [ [ -89.17071684363134, 13.651421108959898 ], [ -89.17070933032123, 13.651399558142527 ], [ -89.170529257411573, 13.651141161881656 ], [ -89.170438331134108, 13.650995173536481 ], [ -89.170427020256753, 13.650947101869269 ], [ -89.170405834660301, 13.650785343015615 ], [ -89.170397687920428, 13.650688026126069 ] ] ] } },
{ "type": "Feature", "properties": { "FID_1": 305, "NOMBRE_DE": "PASAJE No. 2", "Text_1": "COLONIA SAN LUIS 1", "ESTADO": "BUENO", "MATERIAL": "TIERRA", "VIAS": 1, "CLASE": "PEATONAL", "ANCHO_1": "3.40" }, "geometry": { "type": "MultiLineString", "coordinates": [ [ [ -89.169679117791517, 13.651592484763972 ], [ -89.169683356175867, 13.651543705005258 ], [ -89.169690484128296, 13.651467151323327 ], [ -89.169711268980308, 13.651330988729624 ] ] ] } },
{ "type": "Feature", "properties": { "FID_1": 307, "NOMBRE_DE": "PASAJE EL ROSAL", "Text_1": "COLONIA SAN LUIS 1", "ESTADO": "MALO", "MATERIAL": "TIERRA", "VIAS": 1, "CLASE": "PEATONAL", "ANCHO_1": "5.15" }, "geometry": { "type": "MultiLineString", "coordinates": [ [ [ -89.170006533739141, 13.651063295411038 ], [ -89.169545039013158, 13.651004843596002 ], [ -89.169130496023442, 13.650947962823334 ] ] ] } },
{ "type": "Feature", "properties": { "FID_1": 308, "NOMBRE_DE": "CALLE S/N", "Text_1": "COLONIA SAN LUIS 1", "ESTADO": "MALO", "MATERIAL": "TIERRA", "VIAS": 1, "CLASE": "PEATONAL", "ANCHO_1": "7.80" }, "geometry": { "type": "MultiLineString", "coordinates": [ [ [ -89.169763221369436, 13.650663086490951 ], [ -89.169779310180374, 13.650378773406077 ], [ -89.17000313171016, 13.650426659065534 ], [ -89.170019645870696, 13.650228267042838 ], [ -89.170024973829968, 13.650094058090666 ] ] ] } },
{ "type": "Feature", "properties": { "FID_1": 309, "NOMBRE_DE": "PASAJE No 1", "Text_1": "COLONIA SAN LUIS 1", "ESTADO": "MALO", "MATERIAL": "TIERRA", "VIAS": 1, "CLASE": "PEATONAL", "ANCHO_1": "2.50" }, "geometry": { "type": "MultiLineString", "coordinates": [ [ [ -89.16954792971562, 13.651578644019462 ], [ -89.169553783845103, 13.651512460418568 ], [ -89.169559637633157, 13.651452823205648 ], [ -89.169573575738809, 13.651315554819098 ] ] ] } },
{ "type": "Feature", "properties": { "FID_1": 442, "NOMBRE_DE": "PASAJE ROSALES", "Text_1": "COLONIA SAN LUIS 1", "ESTADO": "MALO", "MATERIAL": "TIERRA", "VIAS": 1, "CLASE": "PEATONAL", "ANCHO_1": "4.20" }, "geometry": { "type": "MultiLineString", "coordinates": [ [ [ -89.167662651335874, 13.651144365069774 ], [ -89.167741816646839, 13.651106365938636 ], [ -89.167849808934164, 13.651055211070759 ], [ -89.167938811262829, 13.651009873804488 ], [ -89.168008853507658, 13.651012147832057 ], [ -89.168088098476005, 13.651034539866997 ], [ -89.168233244064282, 13.651044500626783 ], [ -89.168313970481165, 13.651046767257832 ], [ -89.168389949215751, 13.651050198049418 ], [ -89.168550228241841, 13.651073306960955 ], [ -89.168553024895473, 13.651041524424031 ], [ -89.168565413608619, 13.650935290297845 ] ] ] } },
{ "type": "Feature", "properties": { "FID_1": 443, "NOMBRE_DE": "PASAJE PRIVADO", "Text_1": "COLONIA SAN LUIS 1", "ESTADO": "MALO", "MATERIAL": "TIERRA", "VIAS": 1, "CLASE": "PEATONAL", "ANCHO_1": "2.80" }, "geometry": { "type": "MultiLineString", "coordinates": [ [ [ -89.168269720578309, 13.652042735397774 ], [ -89.168277496106654, 13.65189913579726 ], [ -89.168346506152133, 13.651514457028735 ] ] ] } },
{ "type": "Feature", "properties": { "FID_1": 444, "NOMBRE_DE": "CALLE PRINCIPAL", "Text_1": "COLONIA SAN LUIS 1", "ESTADO": "BUENO", "MATERIAL": "CONCRETO", "VIAS": 2, "CLASE": "VEHICULAR", "ANCHO_1": "4.00" }, "geometry": { "type": "MultiLineString", "coordinates": [ [ [ -89.168709494932742, 13.651960588100035 ], [ -89.168708269489457, 13.651907185891623 ], [ -89.168709429139184, 13.651868874212989 ], [ -89.168728810030188, 13.65170715734571 ], [ -89.168745403034478, 13.651543207020921 ] ] ] } },
{ "type": "Feature", "properties": { "FID_1": 1063, "NOMBRE_DE": "PASAJE ROSALES", "Text_1": "COLONIA SAN LUIS 1", "ESTADO": "MALO", "MATERIAL": "TIERRA", "VIAS": 1, "CLASE": "PEATONAL", "ANCHO_1": "4.00" }, "geometry": { "type": "MultiLineString", "coordinates": [ [ [ -89.169061972957621, 13.650994737612479 ], [ -89.169014481768784, 13.650986353472916 ], [ -89.168869484642045, 13.650959962763428 ], [ -89.168642462825659, 13.650926334525325 ], [ -89.168563497069769, 13.650918959015373 ], [ -89.168271710833139, 13.650887593179009 ], [ -89.16787553082753, 13.650840044302285 ], [ -89.167732818585066, 13.650824202168756 ], [ -89.167674604321789, 13.650812219924147 ], [ -89.167663997546555, 13.650811105941665 ], [ -89.167658060460312, 13.650809078351774 ], [ -89.167565321689878, 13.650803971572417 ] ] ] } },
{ "type": "Feature", "properties": { "FID_1": 1065, "NOMBRE_DE": "SENDA 5", "Text_1": "COLONIA SAN LUIS 1", "ESTADO": "MALO", "MATERIAL": "TIERRA", "VIAS": 1, "CLASE": "PEATONAL", "ANCHO_1": "4.20" }, "geometry": { "type": "MultiLineString", "coordinates": [ [ [ -89.167623135426012, 13.651359095537046 ], [ -89.16763222787479, 13.651293914796 ], [ -89.167641287974547, 13.651151345249923 ], [ -89.167648633222058, 13.65111513650354 ], [ -89.167664303018952, 13.650823295560301 ] ] ] } },
{ "type": "Feature", "properties": { "FID_1": 1072, "NOMBRE_DE": "PASAJE LARA", "Text_1": "COLONIA SAN LUIS 1", "ESTADO": "BUENO", "MATERIAL": "TIERRA", "VIAS": 1, "CLASE": "PEATONAL", "ANCHO_1": "3.20" }, "geometry": { "type": "MultiLineString", "coordinates": [ [ [ -89.169239713508517, 13.651568843262165 ], [ -89.169322813959965, 13.65157052746034 ], [ -89.169676900396411, 13.651601518064197 ], [ -89.169716325612455, 13.651725104144379 ] ] ] } },
{ "type": "Feature", "properties": { "FID_1": 1073, "NOMBRE_DE": "CALLE PRINCIPAL", "Text_1": "COLONIA SAN LUIS 1", "ESTADO": "BUENO", "MATERIAL": "ADOQUIN", "VIAS": 2, "CLASE": "VEHICULAR", "ANCHO_1": "5.00" }, "geometry": { "type": "MultiLineString", "coordinates": [ [ [ -89.169669935711312, 13.650666528434273 ], [ -89.169565376946267, 13.650652031921576 ], [ -89.169414790843518, 13.65063958333452 ], [ -89.169091950080002, 13.650584906626914 ], [ -89.169077110373678, 13.650584046128667 ] ] ] } },
{ "type": "Feature", "properties": { "FID_1": 1183, "NOMBRE_DE": "CALLE SAN RAFAEL", "Text_1": "COLONIA SAN LUIS 1", "ESTADO": "BUENO", "MATERIAL": "CONCRETO", "VIAS": 2, "CLASE": "VEHICULAR", "ANCHO_1": "4.30" }, "geometry": { "type": "MultiLineString", "coordinates": [ [ [ -89.1692385259594, 13.651568263611576 ], [ -89.169198163492041, 13.651568291386413 ], [ -89.168845819750729, 13.651529967405247 ], [ -89.168743086996145, 13.651520149374456 ], [ -89.168503025857305, 13.65149862086214 ], [ -89.168145306373205, 13.651450443614282 ], [ -89.167930879130751, 13.651433293457018 ], [ -89.167771171581762, 13.651410874080229 ], [ -89.167617221440182, 13.65139126872395 ], [ -89.167379659211747, 13.65136669978927 ] ] ] } },
{ "type": "Feature", "properties": { "FID_1": 147, "NOMBRE_DE": "PASAJE 4 OTE", "Text_1": "COLONIA FLORENCIA", "ESTADO": "BUENO", "MATERIAL": "CONCRETO", "VIAS": 1, "CLASE": "PEATONAL", "ANCHO_1": "4.30" }, "geometry": { "type": "MultiLineString", "coordinates": [ [ [ -89.18571319473115, 13.665538284445812 ], [ -89.185818034906731, 13.665467277230711 ], [ -89.185918745120276, 13.665405449761671 ], [ -89.185962780648751, 13.665358604957675 ] ] ] } },
{ "type": "Feature", "properties": { "FID_1": 365, "NOMBRE_DE": "PASAJE No. 11 PTE", "Text_1": "COLONIA FLORENCIA", "ESTADO": "BUENO", "MATERIAL": "CONCRETO", "VIAS": 1, "CLASE": "PEATONAL", "ANCHO_1": "3.70" }, "geometry": { "type": "MultiLineString", "coordinates": [ [ [ -89.187605111344567, 13.66662103258413 ], [ -89.18741809472742, 13.666747855854217 ], [ -89.187216926994765, 13.666881209607794 ], [ -89.187114178914172, 13.666957807257411 ] ] ] } },
{ "type": "Feature", "properties": { "FID_1": 366, "NOMBRE_DE": "PASAJE No. 9 PTE", "Text_1": "COLONIA FLORENCIA", "ESTADO": "BUENO", "MATERIAL": "CONCRETO", "VIAS": 1, "CLASE": "PEATONAL", "ANCHO_1": "4.05" }, "geometry": { "type": "MultiLineString", "coordinates": [ [ [ -89.187426754893522, 13.666216834414302 ], [ -89.187263678052602, 13.666327205764855 ], [ -89.187056150210324, 13.666468918199763 ], [ -89.186846285447999, 13.666606065959959 ] ] ] } },
{ "type": "Feature", "properties": { "FID_1": 367, "NOMBRE_DE": "PASAJE No. 8 PTE", "Text_1": "COLONIA FLORENCIA", "ESTADO": "BUENO", "MATERIAL": "CONCRETO", "VIAS": 1, "CLASE": "PEATONAL", "ANCHO_1": "4.10" }, "geometry": { "type": "MultiLineString", "coordinates": [ [ [ -89.187337669474289, 13.666012012228627 ], [ -89.187250966160263, 13.666073661854911 ], [ -89.187103263275944, 13.666169348056361 ], [ -89.186933730667405, 13.666285171559341 ], [ -89.186714796230348, 13.666427207759474 ] ] ] } },
{ "type": "Feature", "properties": { "FID_1": 368, "NOMBRE_DE": "PASAJE No. 7 PTE", "Text_1": "COLONIA FLORENCIA", "ESTADO": "BUENO", "MATERIAL": "CONCRETO", "VIAS": 1, "CLASE": "PEATONAL", "ANCHO_1": "4.00" }, "geometry": { "type": "MultiLineString", "coordinates": [ [ [ -89.187213495214522, 13.665829384712191 ], [ -89.186986529709486, 13.665987684001946 ], [ -89.186768979464418, 13.66613651459873 ], [ -89.186597590006059, 13.666244262134189 ] ] ] } },
{ "type": "Feature", "properties": { "FID_1": 369, "NOMBRE_DE": "PASAJE No. 6 PTE", "Text_1": "COLONIA FLORENCIA", "ESTADO": "BUENO", "MATERIAL": "CONCRETO", "VIAS": 1, "CLASE": "PEATONAL", "ANCHO_1": "3.95" }, "geometry": { "type": "MultiLineString", "coordinates": [ [ [ -89.18710161111261, 13.66564194358746 ], [ -89.186940995170005, 13.665752516830882 ], [ -89.186721179498136, 13.665903567994093 ], [ -89.186477592911189, 13.666062880631172 ] ] ] } },
{ "type": "Feature", "properties": { "FID_1": 370, "NOMBRE_DE": "PASAJE No. 5 PTE", "Text_1": "COLONIA FLORENCIA", "ESTADO": "BUENO", "MATERIAL": "CONCRETO", "VIAS": 1, "CLASE": "PEATONAL", "ANCHO_1": "3.90" }, "geometry": { "type": "MultiLineString", "coordinates": [ [ [ -89.186956066916593, 13.66547161610921 ], [ -89.186757221933291, 13.665606871815553 ], [ -89.186575935829069, 13.665737923623942 ], [ -89.186354982709943, 13.665885867598233 ] ] ] } },
{ "type": "Feature", "properties": { "FID_1": 371, "NOMBRE_DE": "PASAJE No. 4 PTE", "Text_1": "COLONIA FLORENCIA", "ESTADO": "BUENO", "MATERIAL": "CONCRETO", "VIAS": 1, "CLASE": "PEATONAL", "ANCHO_1": "3.50" }, "geometry": { "type": "MultiLineString", "coordinates": [ [ [ -89.186831146217926, 13.665296943226242 ], [ -89.18663740639289, 13.665432882486458 ], [ -89.186324756726833, 13.665644935324472 ], [ -89.186225275221645, 13.665709946894397 ] ] ] } },
{ "type": "Feature", "properties": { "FID_1": 372, "NOMBRE_DE": "PASAJE No. 3 PTE", "Text_1": "COLONIA FLORENCIA", "ESTADO": "BUENO", "MATERIAL": "CONCRETO", "VIAS": 1, "CLASE": "PEATONAL", "ANCHO_1": "4.00" }, "geometry": { "type": "MultiLineString", "coordinates": [ [ [ -89.186744704909302, 13.665091644264873 ], [ -89.186520348874637, 13.665248985344174 ], [ -89.186289805679735, 13.665400677935038 ], [ -89.186092428805964, 13.665538430309624 ] ] ] } },
{ "type": "Feature", "properties": { "FID_1": 373, "NOMBRE_DE": "PASAJE No. 2 PTE", "Text_1": "COLONIA FLORENCIA", "ESTADO": "BUENO", "MATERIAL": "CONCRETO", "VIAS": 1, "CLASE": "PEATONAL", "ANCHO_1": "3.72" }, "geometry": { "type": "MultiLineString", "coordinates": [ [ [ -89.18661936789853, 13.664916067694698 ], [ -89.1864475042523, 13.665034739681598 ], [ -89.186134853720276, 13.66524524618211 ], [ -89.185962780648751, 13.665358604957675 ] ] ] } },
{ "type": "Feature", "properties": { "FID_1": 374, "NOMBRE_DE": "PASAJE No. 1 PTE", "Text_1": "COLONIA FLORENCIA", "ESTADO": "BUENO", "MATERIAL": "CONCRETO", "VIAS": 1, "CLASE": "PEATONAL", "ANCHO_1": "3.76" }, "geometry": { "type": "MultiLineString", "coordinates": [ [ [ -89.186477957073208, 13.664758359665575 ], [ -89.186337983883206, 13.664853576796501 ], [ -89.18618791367328, 13.664955312465079 ], [ -89.185978936046993, 13.665095544166078 ], [ -89.185835872922624, 13.665185883727593 ] ] ] } },
{ "type": "Feature", "properties": { "FID_1": 375, "NOMBRE_DE": "PASAJE No. 12 PTE", "Text_1": "COLONIA FLORENCIA", "ESTADO": "BUENO", "MATERIAL": "CONCRETO", "VIAS": 1, "CLASE": "PEATONAL", "ANCHO_1": "3.50" }, "geometry": { "type": "MultiLineString", "coordinates": [ [ [ -89.186289741142488, 13.664622384979825 ], [ -89.186134407804218, 13.664726286442065 ], [ -89.185978728823443, 13.664833519309981 ], [ -89.18571645481417, 13.665009496116506 ] ] ] } },
{ "type": "Feature", "properties": { "FID_1": 376, "NOMBRE_DE": "PASAJE 10 OTE", "Text_1": "COLONIA FLORENCIA", "ESTADO": "BUENO", "MATERIAL": "CONCRETO", "VIAS": 1, "CLASE": "PEATONAL", "ANCHO_1": "3.50" }, "geometry": { "type": "MultiLineString", "coordinates": [ [ [ -89.187552403999703, 13.66639384299739 ], [ -89.187425204551502, 13.666481589372518 ], [ -89.187276595801507, 13.666582439005092 ], [ -89.187053048497489, 13.666735579256022 ], [ -89.186976836822112, 13.666784892517574 ] ] ] } },
{ "type": "Feature", "properties": { "FID_1": 377, "NOMBRE_DE": "PASAJE 10 OTE", "Text_1": "COLONIA FLORENCIA", "ESTADO": "BUENO", "MATERIAL": "CONCRETO", "VIAS": 1, "CLASE": "PEATONAL", "ANCHO_1": "3.85" }, "geometry": { "type": "MultiLineString", "coordinates": [ [ [ -89.186789593722736, 13.666916263881927 ], [ -89.186931113001592, 13.666818506083057 ], [ -89.186976836822112, 13.666784892517574 ] ] ] } },
{ "type": "Feature", "properties": { "FID_1": 378, "NOMBRE_DE": "PASAJE 9 OTE", "Text_1": "COLONIA FLORENCIA", "ESTADO": "BUENO", "MATERIAL": "CONCRETO", "VIAS": 1, "CLASE": "PEATONAL", "ANCHO_1": "3.60" }, "geometry": { "type": "MultiLineString", "coordinates": [ [ [ -89.186611067532525, 13.666774262163436 ], [ -89.186746026311695, 13.666683768771845 ], [ -89.186846285447999, 13.666606065959959 ] ] ] } },
{ "type": "Feature", "properties": { "FID_1": 379, "NOMBRE_DE": "PASAJE 8 OTE", "Text_1": "COLONIA FLORENCIA", "ESTADO": "BUENO", "MATERIAL": "CONCRETO", "VIAS": 1, "CLASE": "PEATONAL", "ANCHO_1": "4.00" }, "geometry": { "type": "MultiLineString", "coordinates": [ [ [ -89.18642019805867, 13.666645416802197 ], [ -89.186573265258559, 13.666537779130858 ], [ -89.186724020572598, 13.666439693318528 ] ] ] } },
{ "type": "Feature", "properties": { "FID_1": 380, "NOMBRE_DE": "PASAJE 7 OTE", "Text_1": "COLONIA FLORENCIA", "ESTADO": "BUENO", "MATERIAL": "CONCRETO", "VIAS": 1, "CLASE": "PEATONAL", "ANCHO_1": "4.12" }, "geometry": { "type": "MultiLineString", "coordinates": [ [ [ -89.186223385613815, 13.666517054856341 ], [ -89.18644209862606, 13.666365991420282 ], [ -89.186546252301568, 13.66629295470295 ], [ -89.186597590006059, 13.666244262134189 ] ] ] } },
{ "type": "Feature", "properties": { "FID_1": 381, "NOMBRE_DE": "PASAJE 6 OTE", "Text_1": "COLONIA FLORENCIA", "ESTADO": "BUENO", "MATERIAL": "CONCRETO", "VIAS": 1, "CLASE": "PEATONAL", "ANCHO_1": "3.95" }, "geometry": { "type": "MultiLineString", "coordinates": [ [ [ -89.186062591644045, 13.666354941236809 ], [ -89.186210583830345, 13.666256741496307 ], [ -89.186342506491116, 13.666167291570193 ], [ -89.186441296722435, 13.666102514147532 ], [ -89.186477592911189, 13.666062880631172 ] ] ] } },
{ "type": "Feature", "properties": { "FID_1": 382, "NOMBRE_DE": "PASAJE 5 OTE", "Text_1": "COLONIA FLORENCIA", "ESTADO": "BUENO", "MATERIAL": "CONCRETO", "VIAS": 1, "CLASE": "PEATONAL", "ANCHO_1": "5.00" }, "geometry": { "type": "MultiLineString", "coordinates": [ [ [ -89.185962256943085, 13.66615456066334 ], [ -89.186034111924627, 13.666110760905442 ], [ -89.186152602443201, 13.666028264976262 ], [ -89.186354982709943, 13.665885867598233 ] ] ] } },
{ "type": "Feature", "properties": { "FID_1": 383, "NOMBRE_DE": "PASAJE No. 16 PTE", "Text_1": "COLONIA FLORENCIA", "ESTADO": "BUENO", "MATERIAL": "CONCRETO", "VIAS": 1, "CLASE": "PEATONAL", "ANCHO_1": "4.00" }, "geometry": { "type": "MultiLineString", "coordinates": [ [ [ -89.185521352427088, 13.66408653663555 ], [ -89.185220728324623, 13.664297172824346 ] ] ] } },
{ "type": "Feature", "properties": { "FID_1": 384, "NOMBRE_DE": "PASAJE No. 13 PTE", "Text_1": "COLONIA FLORENCIA", "ESTADO": "BUENO", "MATERIAL": "CONCRETO", "VIAS": 1, "CLASE": "PEATONAL", "ANCHO_1": "3.70" }, "geometry": { "type": "MultiLineString", "coordinates": [ [ [ -89.186096810755714, 13.664497414101966 ], [ -89.185957765173313, 13.664586750930427 ], [ -89.18575018992891, 13.664725608108782 ], [ -89.185580860737943, 13.664846130406248 ] ] ] } },
{ "type": "Feature", "properties": { "FID_1": 385, "NOMBRE_DE": "PASAJE No. 14 PTE", "Text_1": "COLONIA FLORENCIA", "ESTADO": "BUENO", "MATERIAL": "CONCRETO", "VIAS": 1, "CLASE": "PEATONAL", "ANCHO_1": "3.60" }, "geometry": { "type": "MultiLineString", "coordinates": [ [ [ -89.185929108934729, 13.664341302943013 ], [ -89.185761204608028, 13.664457812070891 ], [ -89.185458316488024, 13.664660093706805 ] ] ] } },
{ "type": "Feature", "properties": { "FID_1": 386, "NOMBRE_DE": "PASAJE No. 14 OTE", "Text_1": "COLONIA FLORENCIA", "ESTADO": "BUENO", "MATERIAL": "CONCRETO", "VIAS": 1, "CLASE": "PEATONAL", "ANCHO_1": "4.00" }, "geometry": { "type": "MultiLineString", "coordinates": [ [ [ -89.18499606161366, 13.664987937991375 ], [ -89.185092451831324, 13.664924764874133 ], [ -89.185212711886052, 13.664840157659832 ], [ -89.185398645136843, 13.664711818110085 ], [ -89.185458316488024, 13.664660093706805 ] ] ] } },
{ "type": "Feature", "properties": { "FID_1": 387, "NOMBRE_DE": "PASAJE No. 15 PTE", "Text_1": "COLONIA FLORENCIA", "ESTADO": "BUENO", "MATERIAL": "CONCRETO", "VIAS": 1, "CLASE": "PEATONAL", "ANCHO_1": "4.20" }, "geometry": { "type": "MultiLineString", "coordinates": [ [ [ -89.185753140873942, 13.664199117874137 ], [ -89.185579378035399, 13.664317257522125 ], [ -89.185343925670566, 13.664477731532441 ] ] ] } },
{ "type": "Feature", "properties": { "FID_1": 388, "NOMBRE_DE": "PASAJE No. 15 OTE", "Text_1": "COLONIA FLORENCIA", "ESTADO": "BUENO", "MATERIAL": "CONCRETO", "VIAS": 1, "CLASE": "PEATONAL", "ANCHO_1": "4.00" }, "geometry": { "type": "MultiLineString", "coordinates": [ [ [ -89.184896135930188, 13.66479447144995 ], [ -89.185131300018611, 13.664632427654739 ], [ -89.185344928396447, 13.664479346944344 ] ] ] } },
{ "type": "Feature", "properties": { "FID_1": 390, "NOMBRE_DE": "PASAJE No. 16 OTE", "Text_1": "COLONIA FLORENCIA", "ESTADO": "BUENO", "MATERIAL": "CONCRETO", "VIAS": 1, "CLASE": "PEATONAL", "ANCHO_1": "4.40" }, "geometry": { "type": "MultiLineString", "coordinates": [ [ [ -89.184785091377023, 13.664584368021213 ], [ -89.184813591233024, 13.664565548225779 ], [ -89.18483346159681, 13.664564144250999 ], [ -89.185017884990913, 13.66444038091405 ], [ -89.185167049882779, 13.664340019751625 ], [ -89.185220728324623, 13.664297172824346 ] ] ] } },
{ "type": "Feature", "properties": { "FID_1": 1123, "NOMBRE_DE": "AVENIDA FLORENCIA", "Text_1": "COLONIA FLORENCIA", "ESTADO": "BUENO", "MATERIAL": "ASFALTO", "VIAS": 2, "CLASE": "VEHICULAR", "ANCHO_1": "9.23" }, "geometry": { "type": "MultiLineString", "coordinates": [ [ [ -89.185344868205974, 13.664479325484777 ], [ -89.185327535380026, 13.664451326323157 ], [ -89.185220728317702, 13.664297173326204 ], [ -89.185109417598255, 13.66414945641079 ] ], [ [ -89.186714796174599, 13.666427207574976 ], [ -89.186584403321746, 13.666223679478739 ], [ -89.186476802518442, 13.666061690843916 ], [ -89.186363917555923, 13.665897985435432 ], [ -89.186354982119767, 13.66588586765333 ], [ -89.18622527521201, 13.665709947206865 ], [ -89.186092427833501, 13.665538430472553 ], [ -89.185962780849238, 13.66535860495792 ], [ -89.185835872539073, 13.665185883659637 ], [ -89.1857916709112, 13.665120596624362 ], [ -89.185716454317344, 13.66500949615631 ], [ -89.185580860971115, 13.664846131373174 ], [ -89.185572620713188, 13.664836203809854 ], [ -89.185458316752445, 13.66466009368281 ], [ -89.185430957780966, 13.664617944014898 ], [ -89.185344927218765, 13.664479348040517 ] ], [ [ -89.18716747030814, 13.667059556370285 ], [ -89.187114178232534, 13.666957807946709 ], [ -89.186976835835509, 13.666784892715718 ], [ -89.186846284467677, 13.666606065824052 ], [ -89.186714834865526, 13.666427203716308 ] ] ] } },
{ "type": "Feature", "properties": { "FID_1": 1124, "NOMBRE_DE": "PASAJE No. 13 OTE", "Text_1": "COLONIA FLORENCIA", "ESTADO": "BUENO", "MATERIAL": "CONCRETO", "VIAS": 1, "CLASE": "PEATONAL", "ANCHO_1": "3.90" }, "geometry": { "type": "MultiLineString", "coordinates": [ [ [ -89.185580860737943, 13.664846130406248 ], [ -89.185498646614249, 13.66490464919733 ], [ -89.185318941816504, 13.665032758738901 ], [ -89.185112434493831, 13.665172638870343 ] ] ] } },
{ "type": "Feature", "properties": { "FID_1": 171, "NOMBRE_DE": "CALLE A ESCUELA", "Text_1": "COLONIA SAN JUAN", "ESTADO": null, "MATERIAL": null, "VIAS": 0, "CLASE": null, "ANCHO_1": null }, "geometry": { "type": "MultiLineString", "coordinates": [ [ [ -89.194164586911683, 13.666811301881328 ], [ -89.19410399933939, 13.666792381346173 ], [ -89.194011920254695, 13.666780598778038 ], [ -89.193683600986773, 13.666757147118377 ] ] ] } },
{ "type": "Feature", "properties": { "FID_1": 172, "NOMBRE_DE": "CALLE A ESCUELA", "Text_1": "COLONIA SAN JUAN", "ESTADO": null, "MATERIAL": null, "VIAS": 0, "CLASE": null, "ANCHO_1": null }, "geometry": { "type": "MultiLineString", "coordinates": [ [ [ -89.193683600986773, 13.666757147118377 ], [ -89.193480536170028, 13.666716654642652 ], [ -89.193067269717403, 13.666595545806123 ] ] ] } },
{ "type": "Feature", "properties": { "FID_1": 1238, "NOMBRE_DE": "PASAJE CHOUSSY", "Text_1": "COLONIA SAN JUAN", "ESTADO": null, "MATERIAL": null, "VIAS": 0, "CLASE": null, "ANCHO_1": null }, "geometry": { "type": "MultiLineString", "coordinates": [ [ [ -89.192747337372936, 13.668220930188046 ], [ -89.192748155868841, 13.668207398732147 ], [ -89.19275479616357, 13.668115831983197 ], [ -89.192814148405162, 13.668014853753057 ], [ -89.193098787450424, 13.667650249861806 ], [ -89.193105225209464, 13.667626231074179 ] ] ] } },
{ "type": "Feature", "properties": { "FID_1": 163, "NOMBRE_DE": "PASAJE VALENCIA", "Text_1": "COLONIA BELLO SAN JUAN ETAPA I", "ESTADO": null, "MATERIAL": null, "VIAS": 0, "CLASE": null, "ANCHO_1": null }, "geometry": { "type": "MultiLineString", "coordinates": [ [ [ -89.191204397403396, 13.66689863923208 ], [ -89.191626520146954, 13.66722251809477 ] ] ] } },
{ "type": "Feature", "properties": { "FID_1": 961, "NOMBRE_DE": "AVENIDA CATALUNA", "Text_1": "COLONIA BELLO SAN JUAN ETAPA I", "ESTADO": null, "MATERIAL": null, "VIAS": 0, "CLASE": null, "ANCHO_1": null }, "geometry": { "type": "MultiLineString", "coordinates": [ [ [ -89.19104687462486, 13.667968533029143 ], [ -89.191153923068185, 13.667837506665775 ], [ -89.191407870260647, 13.667507955720005 ], [ -89.191626519262115, 13.667222518337429 ], [ -89.191968558673722, 13.666775999402045 ] ] ] } },
{ "type": "Feature", "properties": { "FID_1": 164, "NOMBRE_DE": "CALLE BARCELONA", "Text_1": "COLONIA BELLO SAN JUAN ETAPA II", "ESTADO": null, "MATERIAL": null, "VIAS": 0, "CLASE": null, "ANCHO_1": null }, "geometry": { "type": "MultiLineString", "coordinates": [ [ [ -89.192748697486024, 13.665346785357286 ], [ -89.192578538192876, 13.665365422877011 ], [ -89.191592415850025, 13.66542067415971 ], [ -89.191031760664814, 13.665456133840284 ], [ -89.190913838854556, 13.66543207555851 ] ] ] } },
{ "type": "Feature", "properties": { "FID_1": 165, "NOMBRE_DE": "CALLE SEVILLA", "Text_1": "COLONIA BELLO SAN JUAN ETAPA II", "ESTADO": null, "MATERIAL": null, "VIAS": 0, "CLASE": null, "ANCHO_1": null }, "geometry": { "type": "MultiLineString", "coordinates": [ [ [ -89.191173474068805, 13.663975008985096 ], [ -89.191406664539656, 13.66399315398316 ], [ -89.191841065674097, 13.663964871767989 ], [ -89.192625965531207, 13.663905107833257 ] ] ] } },
{ "type": "Feature", "properties": { "FID_1": 166, "NOMBRE_DE": "CALLE TOLEDO", "Text_1": "COLONIA BELLO SAN JUAN ETAPA II", "ESTADO": null, "MATERIAL": null, "VIAS": 0, "CLASE": null, "ANCHO_1": null }, "geometry": { "type": "MultiLineString", "coordinates": [ [ [ -89.191251822004062, 13.663514360614178 ], [ -89.191625304439896, 13.663508110480565 ], [ -89.192392658050423, 13.663457152540021 ], [ -89.192611233125106, 13.663440687102062 ] ] ] } },
{ "type": "Feature", "properties": { "FID_1": 167, "NOMBRE_DE": "CALLE ESCORIAL", "Text_1": "COLONIA BELLO SAN JUAN ETAPA II", "ESTADO": null, "MATERIAL": null, "VIAS": 0, "CLASE": null, "ANCHO_1": null }, "geometry": { "type": "MultiLineString", "coordinates": [ [ [ -89.192523288769806, 13.662953861081037 ], [ -89.19242142750447, 13.662973881092098 ], [ -89.192014418303771, 13.663005583615524 ], [ -89.191328858798599, 13.663032777683766 ] ] ] } },
{ "type": "Feature", "properties": { "FID_1": 168, "NOMBRE_DE": "CALLE ALCAZAR", "Text_1": "COLONIA BELLO SAN JUAN ETAPA II", "ESTADO": null, "MATERIAL": null, "VIAS": 0, "CLASE": null, "ANCHO_1": null }, "geometry": { "type": "MultiLineString", "coordinates": [ [ [ -89.19109060766425, 13.664459063868938 ], [ -89.192673124503983, 13.664376968805696 ] ] ] } },
{ "type": "Feature", "properties": { "FID_1": 169, "NOMBRE_DE": "CALLE PAMPLONA", "Text_1": "COLONIA BELLO SAN JUAN ETAPA II", "ESTADO": null, "MATERIAL": null, "VIAS": 0, "CLASE": null, "ANCHO_1": null }, "geometry": { "type": "MultiLineString", "coordinates": [ [ [ -89.192698104102547, 13.664861962801842 ], [ -89.192450364184324, 13.664877001142948 ], [ -89.191704026089511, 13.664937737687996 ], [ -89.190996531143981, 13.664962630192852 ] ] ] } },
{ "type": "Feature", "properties": { "FID_1": 173, "NOMBRE_DE": "PASAJE PAMPLONA", "Text_1": "COLONIA BELLO SAN JUAN ETAPA II", "ESTADO": null, "MATERIAL": null, "VIAS": 0, "CLASE": null, "ANCHO_1": null }, "geometry": { "type": "MultiLineString", "coordinates": [ [ [ -89.190633217029898, 13.664998700720474 ], [ -89.190977937849581, 13.665060785010935 ] ] ] } },
{ "type": "Feature", "properties": { "FID_1": 393, "NOMBRE_DE": "PASAJE SAN JUAN", "Text_1": "COLONIA BELLO SAN JUAN ETAPA II", "ESTADO": null, "MATERIAL": null, "VIAS": 0, "CLASE": null, "ANCHO_1": null }, "geometry": { "type": "MultiLineString", "coordinates": [ [ [ -89.192968965914574, 13.665864163446583 ], [ -89.193052352794624, 13.665844109309983 ], [ -89.193188387655326, 13.665809076551463 ], [ -89.19322181720409, 13.665774124355956 ], [ -89.193219527467448, 13.665702091419513 ], [ -89.193188251367602, 13.665643178479556 ], [ -89.193132310182875, 13.665427118210081 ], [ -89.193071845286781, 13.665134660998529 ], [ -89.193054590993896, 13.665040750077186 ] ] ] } },
{ "type": "Feature", "properties": { "FID_1": 963, "NOMBRE_DE": "AVENIDA GRANADA", "Text_1": "COLONIA BELLO SAN JUAN ETAPA II", "ESTADO": null, "MATERIAL": null, "VIAS": 0, "CLASE": null, "ANCHO_1": null }, "geometry": { "type": "MultiLineString", "coordinates": [ [ [ -89.192940167901611, 13.66582196403764 ], [ -89.192838795086544, 13.66567341253173 ], [ -89.192766101211689, 13.665452695285907 ], [ -89.192748697608252, 13.665346785554441 ], [ -89.192733712858711, 13.665255601366324 ], [ -89.192698102861158, 13.664861963865777 ], [ -89.192693060279794, 13.664806199391828 ], [ -89.192676622217718, 13.664411971993408 ], [ -89.192673123312247, 13.664376968718321 ], [ -89.192625965195575, 13.663905107981131 ], [ -89.192613939005099, 13.663459765518464 ], [ -89.192611231722211, 13.663440687891597 ], [ -89.192559205515565, 13.663074017257134 ], [ -89.192523287458599, 13.662953861836709 ], [ -89.192398620725783, 13.662642181185339 ], [ -89.192310831732584, 13.66250023581928 ], [ -89.191966209156675, 13.662530091262568 ], [ -89.191585320289192, 13.662574767573002 ], [ -89.191452350932721, 13.662639962064796 ], [ -89.19145008589345, 13.662644239448278 ] ] ] } },
{ "type": "Feature", "properties": { "FID_1": 964, "NOMBRE_DE": "CALLE MADRID", "Text_1": "COLONIA BELLO SAN JUAN ETAPA II", "ESTADO": null, "MATERIAL": null, "VIAS": 0, "CLASE": null, "ANCHO_1": null }, "geometry": { "type": "MultiLineString", "coordinates": [ [ [ -89.192968965914574, 13.665864163446583 ], [ -89.19294016851201, 13.665821963871275 ] ] ] } },
{ "type": "Feature", "properties": { "FID_1": 965, "NOMBRE_DE": "CALLE MADRID", "Text_1": "COLONIA BELLO SAN JUAN ETAPA II", "ESTADO": null, "MATERIAL": null, "VIAS": 0, "CLASE": null, "ANCHO_1": null }, "geometry": { "type": "MultiLineString", "coordinates": [ [ [ -89.19119271305361, 13.665971218341681 ], [ -89.191425551681107, 13.665931920534481 ], [ -89.191988723073365, 13.665889513694278 ], [ -89.192394665390282, 13.665861218999058 ], [ -89.192940167901611, 13.66582196403764 ] ] ] } },
{ "type": "Feature", "properties": { "FID_1": 967, "NOMBRE_DE": "AVENIDA CADIZ", "Text_1": "COLONIA BELLO SAN JUAN ETAPA II", "ESTADO": null, "MATERIAL": null, "VIAS": 0, "CLASE": null, "ANCHO_1": null }, "geometry": { "type": "MultiLineString", "coordinates": [ [ [ -89.19145008589345, 13.662644239448278 ], [ -89.191370850027283, 13.662793873897556 ], [ -89.19132885754405, 13.663032778568299 ], [ -89.191297255175186, 13.663212585527244 ], [ -89.191251821458025, 13.663514360469502 ], [ -89.191222850372483, 13.663706795273976 ], [ -89.191111076381361, 13.664242211283472 ], [ -89.191050650702792, 13.664676927669602 ], [ -89.190996531412623, 13.664962630755463 ], [ -89.190977937528501, 13.665060786390102 ], [ -89.190948440304084, 13.665216503087702 ], [ -89.190913837895536, 13.665432076349498 ], [ -89.190894242770398, 13.665554160223378 ], [ -89.190830825770448, 13.665718573635386 ], [ -89.190703874316895, 13.665900806884403 ], [ -89.190685835184979, 13.666047417795761 ], [ -89.190708127887007, 13.666369998477377 ] ] ] } },
{ "type": "Feature", "properties": { "FID_1": 1239, "NOMBRE_DE": "PASAJE CANARIAS", "Text_1": "COLONIA BELLO SAN JUAN ETAPA II", "ESTADO": null, "MATERIAL": null, "VIAS": 0, "CLASE": null, "ANCHO_1": null }, "geometry": { "type": "MultiLineString", "coordinates": [ [ [ -89.190468387543845, 13.664358799462507 ], [ -89.191080864471431, 13.664459569277668 ], [ -89.19109060766425, 13.664459063868938 ] ] ] } },
{ "type": "Feature", "properties": { "FID_1": 1240, "NOMBRE_DE": "PASAJE GIBRALTAR", "Text_1": "COLONIA BELLO SAN JUAN ETAPA II", "ESTADO": null, "MATERIAL": null, "VIAS": 0, "CLASE": null, "ANCHO_1": null }, "geometry": { "type": "MultiLineString", "coordinates": [ [ [ -89.19075202062659, 13.663913421056725 ], [ -89.191166964389808, 13.66397450245125 ], [ -89.191173474068805, 13.663975008985096 ] ] ] } },
{ "type": "Feature", "properties": { "FID_1": 958, "NOMBRE_DE": "PASAJE A", "Text_1": "COLONIA JARDINES DE SAN MARCOS NO 2", "ESTADO": "BUENO", "MATERIAL": "CONCRETO", "VIAS": 1, "CLASE": "PEATONAL", "ANCHO_1": "2.80" }, "geometry": { "type": "MultiLineString", "coordinates": [ [ [ -89.189529546264893, 13.663776418520545 ], [ -89.189230435015858, 13.663766864891992 ], [ -89.188984024811504, 13.663761988461461 ] ] ] } },
{ "type": "Feature", "properties": { "FID_1": 959, "NOMBRE_DE": "PASAJE B", "Text_1": "COLONIA JARDINES DE SAN MARCOS NO 2", "ESTADO": "BUENO", "MATERIAL": "CONCRETO", "VIAS": 1, "CLASE": "PEATONAL", "ANCHO_1": "2.60" }, "geometry": { "type": "MultiLineString", "coordinates": [ [ [ -89.189551158716071, 13.664001805815078 ], [ -89.189336753139898, 13.663972817109181 ], [ -89.18901413059065, 13.6639272228156 ] ] ] } },
{ "type": "Feature", "properties": { "FID_1": 197, "NOMBRE_DE": "CALLE EL ARENAL", "Text_1": "COLONIA SAN ANTONIO 4", "ESTADO": "MALO", "MATERIAL": "TIERRA", "VIAS": 1, "CLASE": "PEATONAL", "ANCHO_1": "8.00" }, "geometry": { "type": "MultiLineString", "coordinates": [ [ [ -89.184005749017047, 13.661456590054392 ], [ -89.184110921891673, 13.661247169144623 ], [ -89.184161831163365, 13.66113864323667 ], [ -89.18421047396096, 13.660967196097763 ], [ -89.184301192961939, 13.660732794499346 ], [ -89.184361175715168, 13.660508373088749 ], [ -89.184424263191474, 13.660356522504072 ], [ -89.184589060628184, 13.660132165654842 ] ] ] } },
{ "type": "Feature", "properties": { "FID_1": 198, "NOMBRE_DE": "PASAJE 1", "Text_1": "COLONIA SAN ANTONIO 4", "ESTADO": "REGULAR", "MATERIAL": "CONCRETO", "VIAS": 1, "CLASE": "PEATONAL", "ANCHO_1": "6.50" }, "geometry": { "type": "MultiLineString", "coordinates": [ [ [ -89.183263260715094, 13.660943289956403 ], [ -89.183805626205853, 13.661157843238762 ] ] ] } },
{ "type": "Feature", "properties": { "FID_1": 199, "NOMBRE_DE": "CALLE PRINCIPAL", "Text_1": "COLONIA SAN ANTONIO 4", "ESTADO": "BUENO", "MATERIAL": "ASFALTO", "VIAS": 2, "CLASE": "VEHICULAR", "ANCHO_1": "7.20" }, "geometry": { "type": "MultiLineString", "coordinates": [ [ [ -89.183135600576549, 13.661971798045027 ], [ -89.183266745976397, 13.66193815189995 ], [ -89.183440591863217, 13.661849377367956 ], [ -89.183538350748094, 13.661764206344623 ], [ -89.183610429571544, 13.66164255500459 ], [ -89.183647605517137, 13.661545310123934 ], [ -89.183805625666693, 13.661157844595149 ], [ -89.183954448757191, 13.660825784085247 ], [ -89.183988189375299, 13.660717899010436 ], [ -89.184160071526591, 13.660323876478945 ], [ -89.184327622055662, 13.659896777004914 ] ] ] } },
{ "type": "Feature", "properties": { "FID_1": 200, "NOMBRE_DE": "PASAJE 2", "Text_1": "COLONIA SAN ANTONIO 4", "ESTADO": "REGULAR", "MATERIAL": "CONCRETO", "VIAS": 1, "CLASE": "PEATONAL", "ANCHO_1": "5.90" }, "geometry": { "type": "MultiLineString", "coordinates": [ [ [ -89.183534102905099, 13.660707085838082 ], [ -89.183836978132803, 13.660810890998073 ], [ -89.183954449450027, 13.660825782727228 ] ] ] } },
{ "type": "Feature", "properties": { "FID_1": 201, "NOMBRE_DE": "CALLE PRINCIPAL", "Text_1": "COLONIA SAN ANTONIO 4", "ESTADO": "BUENO", "MATERIAL": "ASFALTO", "VIAS": 2, "CLASE": "VEHICULAR", "ANCHO_1": "6.90" }, "geometry": { "type": "MultiLineString", "coordinates": [ [ [ -89.183767163681267, 13.659855179658168 ], [ -89.183976480259574, 13.659545987367419 ] ], [ [ -89.182673633590184, 13.66059884510063 ], [ -89.182802768432708, 13.66060254368645 ], [ -89.182922508095402, 13.66058716944408 ], [ -89.183089074563284, 13.660533543962105 ], [ -89.183312919611595, 13.660487521038021 ], [ -89.183377994930282, 13.660479829366558 ], [ -89.183469018078185, 13.66036256975354 ], [ -89.183518419141535, 13.660286103004999 ], [ -89.183650565041603, 13.660066931492354 ], [ -89.18376716370814, 13.659855179640699 ] ] ] } },
{ "type": "Feature", "properties": { "FID_1": 202, "NOMBRE_DE": "PASAJE S/N", "Text_1": "COLONIA SAN ANTONIO 4", "ESTADO": "REGULAR", "MATERIAL": "CONCRETO", "VIAS": 1, "CLASE": "PEATONAL", "ANCHO_1": "5.00" }, "geometry": { "type": "MultiLineString", "coordinates": [ [ [ -89.18313017181157, 13.660071271749374 ], [ -89.18351939936295, 13.660284477425831 ] ] ] } },
{ "type": "Feature", "properties": { "FID_1": 203, "NOMBRE_DE": "CALLE PRINCIPAL", "Text_1": "COLONIA SAN ANTONIO 4", "ESTADO": "REGULAR", "MATERIAL": "ADOQUIN", "VIAS": 2, "CLASE": "VEHICULAR", "ANCHO_1": "6.00" }, "geometry": { "type": "MultiLineString", "coordinates": [ [ [ -89.183661799643303, 13.659152444963754 ], [ -89.183702315035632, 13.659089189030139 ], [ -89.183748822560617, 13.65900093471314 ], [ -89.183811884132453, 13.658949425111469 ], [ -89.183884009454957, 13.65895995376523 ], [ -89.184058376406412, 13.659068630418952 ], [ -89.184377033649966, 13.659247773030609 ], [ -89.184440543221811, 13.659279868142525 ], [ -89.184632220080346, 13.659386177882654 ], [ -89.184781979864155, 13.659449292724647 ] ] ] } },
{ "type": "Feature", "properties": { "FID_1": 394, "NOMBRE_DE": "CALLE PRINCIPAL", "Text_1": "COLONIA SAN ANTONIO 4", "ESTADO": "BUENO", "MATERIAL": "ASFALTO", "VIAS": 2, "CLASE": "VEHICULAR", "ANCHO_1": "7.00" }, "geometry": { "type": "MultiLineString", "coordinates": [ [ [ -89.18351903417539, 13.659023459248731 ], [ -89.183661799643303, 13.659152444963754 ], [ -89.183750539170092, 13.65927441702326 ], [ -89.183972459645389, 13.659542066047074 ], [ -89.184159692062806, 13.659723324763162 ], [ -89.184327622055662, 13.659896777004914 ], [ -89.184589061171152, 13.660132166490252 ] ] ] } },
{ "type": "Feature", "properties": { "FID_1": 1231, "NOMBRE_DE": "PSAJE S/N", "Text_1": "COLONIA SAN ANTONIO 4", "ESTADO": "REGULAR", "MATERIAL": "CONCRETO", "VIAS": 1, "CLASE": "PEATONAL", "ANCHO_1": "6.20" }, "geometry": { "type": "MultiLineString", "coordinates": [ [ [ -89.18340913074077, 13.659648949377493 ], [ -89.183766425282258, 13.659854788676212 ] ] ] } },
{ "type": "Feature", "properties": { "FID_1": 186, "NOMBRE_DE": "PASAJE EL BAMBU", "Text_1": "COLONIA SAN ANTONIO 3", "ESTADO": "BUENO", "MATERIAL": "CONCRETO", "VIAS": 2, "CLASE": "VEHCULAR", "ANCHO_1": "5.70" }, "geometry": { "type": "MultiLineString", "coordinates": [ [ [ -89.185572488357664, 13.661856990142766 ], [ -89.185334151000859, 13.661732932376962 ], [ -89.185102901195592, 13.661610486919866 ], [ -89.184728840276762, 13.661421504258573 ] ] ] } },
{ "type": "Feature", "properties": { "FID_1": 187, "NOMBRE_DE": "PASAJE BALBOA", "Text_1": "COLONIA SAN ANTONIO 3", "ESTADO": "BUENO", "MATERIAL": "CONCRETO", "VIAS": 2, "CLASE": "VEHICULAR", "ANCHO_1": "5.17" }, "geometry": { "type": "MultiLineString", "coordinates": [ [ [ -89.185724712173879, 13.66138938592456 ], [ -89.185337633742478, 13.661201200026737 ], [ -89.184899477831237, 13.660988195175026 ] ] ] } },
{ "type": "Feature", "properties": { "FID_1": 188, "NOMBRE_DE": "PASAJE LOS PINOS", "Text_1": "COLONIA SAN ANTONIO 3", "ESTADO": "BUENO", "MATERIAL": "CONCRETO", "VIAS": 2, "CLASE": "VEHICULAR", "ANCHO_1": "5.70" }, "geometry": { "type": "MultiLineString", "coordinates": [ [ [ -89.185964221261969, 13.6609940497076 ], [ -89.185227597901616, 13.660617706318595 ] ] ] } },
{ "type": "Feature", "properties": { "FID_1": 189, "NOMBRE_DE": "PASAJE LAS PALMAS", "Text_1": "COLONIA SAN ANTONIO 3", "ESTADO": "BUENO", "MATERIAL": "CONCRETO", "VIAS": 2, "CLASE": "VEHICULAR", "ANCHO_1": "5.20" }, "geometry": { "type": "MultiLineString", "coordinates": [ [ [ -89.186271975751538, 13.66062031434101 ], [ -89.185960811877678, 13.660467851559044 ], [ -89.185544187904725, 13.660247454378382 ] ] ] } },
{ "type": "Feature", "properties": { "FID_1": 190, "NOMBRE_DE": "PASAJE S/N", "Text_1": "COLONIA SAN ANTONIO 3", "ESTADO": "BUENO", "MATERIAL": "CONCRETO", "VIAS": 2, "CLASE": "VEHICULAR", "ANCHO_1": "6.00" }, "geometry": { "type": "MultiLineString", "coordinates": [ [ [ -89.186143128138966, 13.66000470988347 ], [ -89.186183747370762, 13.659931264313556 ], [ -89.186277260237773, 13.659754973622803 ] ] ] } },
{ "type": "Feature", "properties": { "FID_1": 191, "NOMBRE_DE": "PASAJE MADRID", "Text_1": "COLONIA SAN ANTONIO 3", "ESTADO": "BUENO", "MATERIAL": "CONCRETO", "VIAS": 1, "CLASE": "PEATONAL", "ANCHO_1": "3.40" }, "geometry": { "type": "MultiLineString", "coordinates": [ [ [ -89.185718633409564, 13.65997563108615 ], [ -89.185731966473313, 13.659923597158036 ], [ -89.185748015310452, 13.659872412323502 ], [ -89.18582936710699, 13.659725600042867 ] ] ] } },
{ "type": "Feature", "properties": { "FID_1": 973, "NOMBRE_DE": "FINAL CALLE PRINCIPAL", "Text_1": "COLONIA SAN ANTONIO 3", "ESTADO": "BUENO", "MATERIAL": "CONCRETO", "VIAS": 2, "CLASE": "VEHICULAR", "ANCHO_1": "8.30" }, "geometry": { "type": "MultiLineString", "coordinates": [ [ [ -89.186587366653413, 13.660243870146527 ], [ -89.186294208320135, 13.660093263317167 ], [ -89.186143128138966, 13.66000470988347 ] ] ] } },
{ "type": "Feature", "properties": { "FID_1": 572, "NOMBRE_DE": "PASAJE A", "Text_1": "COLONIA SAN ANTONIO 7", "ESTADO": "MALO", "MATERIAL": "TIERRA", "VIAS": 1, "CLASE": "PEATONAL", "ANCHO_1": "3.70" }, "geometry": { "type": "MultiLineString", "coordinates": [ [ [ -89.185263934832449, 13.65397480504452 ], [ -89.185340171127862, 13.653982280163628 ], [ -89.185408008840639, 13.653995504968956 ], [ -89.185502972629365, 13.654002581936043 ], [ -89.185605236867389, 13.65400454722432 ] ] ] } },
{ "type": "Feature", "properties": { "FID_1": 573, "NOMBRE_DE": "PASAJE A", "Text_1": "COLONIA SAN ANTONIO 7", "ESTADO": "MALO", "MATERIAL": "TIERRA", "VIAS": 1, "CLASE": "VEHICULAR", "ANCHO_1": "5.90" }, "geometry": { "type": "MultiLineString", "coordinates": [ [ [ -89.185605236867389, 13.65400454722432 ], [ -89.185617691920839, 13.653919776033522 ], [ -89.185660330935903, 13.653736944320915 ], [ -89.185710425111807, 13.653449568798671 ] ] ] } },
{ "type": "Feature", "properties": { "FID_1": 587, "NOMBRE_DE": "PASAJE 5", "Text_1": "COLONIA SAN ANTONIO 7", "ESTADO": "MALO", "MATERIAL": "TIERRA", "VIAS": 1, "CLASE": "VEHICULAR", "ANCHO_1": "6.00" }, "geometry": { "type": "MultiLineString", "coordinates": [ [ [ -89.185748512699703, 13.652054534136655 ], [ -89.18573639289869, 13.651982615020003 ], [ -89.185611094540192, 13.651826793588709 ], [ -89.185380416923508, 13.651520703946288 ], [ -89.185238012235274, 13.651316126654814 ] ] ] } },
{ "type": "Feature", "properties": { "FID_1": 597, "NOMBRE_DE": "PASAJE 1", "Text_1": "COLONIA SAN ANTONIO 7", "ESTADO": "MALO", "MATERIAL": "TIERRA", "VIAS": 1, "CLASE": "PEATONAL", "ANCHO_1": "2.00" }, "geometry": { "type": "MultiLineString", "coordinates": [ [ [ -89.185597063433477, 13.653262637889124 ], [ -89.18587964051855, 13.653326598466244 ] ] ] } },
{ "type": "Feature", "properties": { "FID_1": 991, "NOMBRE_DE": "PASAJE A", "Text_1": "COLONIA SAN ANTONIO 7", "ESTADO": "BUENO", "MATERIAL": "CONCRETO", "VIAS": 1, "CLASE": "VEHICULAR", "ANCHO_1": "4.20" }, "geometry": { "type": "MultiLineString", "coordinates": [ [ [ -89.18555396738256, 13.653413910624693 ], [ -89.185710423734747, 13.653449568714974 ], [ -89.18585659195972, 13.653466162450348 ] ] ] } },
{ "type": "Feature", "properties": { "FID_1": 592, "NOMBRE_DE": "PASAJE 1", "Text_1": "URBANIZACION EL CARMEN", "ESTADO": "BUENO", "MATERIAL": "CONCRETO", "VIAS": 1, "CLASE": "PEATONAL", "ANCHO_1": "2.10" }, "geometry": { "type": "MultiLineString", "coordinates": [ [ [ -89.184804164421195, 13.653198226523608 ], [ -89.184742097745058, 13.653184852830156 ], [ -89.184721506952371, 13.653178152887044 ], [ -89.184720877394426, 13.653170827457171 ], [ -89.184670342596661, 13.653162318525373 ], [ -89.18464102047632, 13.6531580671 ], [ -89.184596379366184, 13.653146356360763 ], [ -89.184589253095155, 13.653142643735004 ], [ -89.184589722513763, 13.653135672178854 ], [ -89.184565498374582, 13.653129648651639 ], [ -89.184561226916486, 13.653132905085652 ], [ -89.18450898024993, 13.653121790366837 ], [ -89.184502801209049, 13.653114823799134 ], [ -89.184481425685945, 13.653107868632372 ], [ -89.184480006848744, 13.65311530564729 ], [ -89.184478584730385, 13.653118559942591 ], [ -89.184415412683308, 13.653103735424306 ], [ -89.184371768045935, 13.653091881565233 ], [ -89.184361093110041, 13.65309363098673 ], [ -89.184329770773772, 13.653087037078164 ], [ -89.18432478112959, 13.653077637160006 ], [ -89.184318369890136, 13.65307067629257 ], [ -89.184303420886565, 13.653067901227843 ], [ -89.18430058015106, 13.653075913880778 ], [ -89.184241848221163, 13.653060285127484 ], [ -89.184202354413543, 13.653051940467632 ], [ -89.184149005942771, 13.6530398971615 ], [ -89.184104599086368, 13.653024523648591 ], [ -89.184060635752289, 13.65301355234409 ], [ -89.184011222761555, 13.653005252798168 ], [ -89.183987367972819, 13.653000935653465 ], [ -89.183969985570215, 13.652994612898475 ], [ -89.183928438474126, 13.652979277510068 ], [ -89.183881749642339, 13.652967314876783 ], [ -89.183865719399122, 13.652968711195767 ], [ -89.183833652779498, 13.652963659283277 ], [ -89.183789791570433, 13.6529498487418 ], [ -89.183747187559405, 13.652939455458082 ], [ -89.183710039902152, 13.652930671573149 ], [ -89.18364981392962, 13.652914194734667 ], [ -89.183611539512199, 13.652903759493983 ], [ -89.183567637709274, 13.652893328448165 ], [ -89.183475333493604, 13.652874121873293 ], [ -89.183455638923093, 13.652875788749204 ], [ -89.183323728322009, 13.652847774896404 ] ] ] } },
{ "type": "Feature", "properties": { "FID_1": 593, "NOMBRE_DE": "PASAJE 2", "Text_1": "URBANIZACION EL CARMEN", "ESTADO": "BUENO", "MATERIAL": "CONCRETO", "VIAS": 1, "CLASE": "PEATONAL", "ANCHO_1": "2.00" }, "geometry": { "type": "MultiLineString", "coordinates": [ [ [ -89.184736208207624, 13.653446607167782 ], [ -89.184703283916392, 13.653438316390668 ], [ -89.184665344869558, 13.653430095460175 ], [ -89.184656151745415, 13.653433477127512 ], [ -89.184621662587816, 13.653427128469133 ], [ -89.184576441203816, 13.653415913201702 ], [ -89.184572987197143, 13.653408791292375 ], [ -89.184549610193073, 13.653403184230395 ], [ -89.184535432199681, 13.653401694974985 ], [ -89.184500174970751, 13.653393097032694 ], [ -89.184487909528173, 13.65338748162795 ], [ -89.184445985568942, 13.653373633831762 ], [ -89.184430125048578, 13.653374180984368 ], [ -89.184397851202618, 13.65336778210377 ], [ -89.184333847508455, 13.6533512371236 ], [ -89.184308138912513, 13.653347509594568 ], [ -89.184261642825447, 13.653338445070563 ], [ -89.184216349566213, 13.653328844379548 ], [ -89.184209781807667, 13.653322961472867 ], [ -89.184205949951703, 13.653318682287523 ], [ -89.184188446551829, 13.653316554370612 ], [ -89.184171487985068, 13.653311749759466 ], [ -89.184126631858646, 13.653301613467431 ], [ -89.184120188179691, 13.653302688806153 ], [ -89.184109796532411, 13.653302696586415 ], [ -89.184092835873273, 13.653295215686542 ], [ -89.184083534313103, 13.653290405337019 ], [ -89.184039225960902, 13.653281339133299 ], [ -89.183982629642045, 13.653266502566249 ], [ -89.183953240941619, 13.653261348273704 ], [ -89.183937373230066, 13.653261360142997 ], [ -89.183874475687219, 13.653243002635072 ], [ -89.18380335270075, 13.653227526969559 ], [ -89.183766909896278, 13.653220077358716 ], [ -89.183752211731544, 13.653212611495341 ], [ -89.183748090691267, 13.653203412301297 ], [ -89.183706358207402, 13.653195391492035 ], [ -89.183659923285404, 13.65318622390361 ], [ -89.183624370328644, 13.653176055256392 ], [ -89.183590886257051, 13.653171984542505 ], [ -89.183567864959556, 13.653167906014303 ], [ -89.183545364403841, 13.653160755309266 ], [ -89.183540650162968, 13.653153079363166 ], [ -89.183530705335386, 13.653146431249541 ], [ -89.183512918223684, 13.653145932559731 ], [ -89.183505598278302, 13.653151057665291 ], [ -89.183454847044104, 13.653142392138948 ], [ -89.183406712305398, 13.653134748579442 ], [ -89.183262404522424, 13.653094068043114 ] ] ] } },
{ "type": "Feature", "properties": { "FID_1": 594, "NOMBRE_DE": "PASAJE 3", "Text_1": "URBANIZACION EL CARMEN", "ESTADO": "BUENO", "MATERIAL": "CONCRETO", "VIAS": 1, "CLASE": "PEATONAL", "ANCHO_1": "2.50" }, "geometry": { "type": "MultiLineString", "coordinates": [ [ [ -89.184662704659203, 13.653704264312623 ], [ -89.184621079807911, 13.653691864021699 ], [ -89.184541702495522, 13.653672162362305 ], [ -89.184497081099238, 13.653659787623198 ], [ -89.184466547599285, 13.653647402308854 ], [ -89.184421927652906, 13.65363686581011 ], [ -89.184377799879528, 13.653626283454813 ], [ -89.184343860977037, 13.653620404891113 ], [ -89.18433104136237, 13.653620414500866 ], [ -89.184300122890122, 13.653619699674078 ], [ -89.184274477300107, 13.653611600881913 ], [ -89.184239780260114, 13.653600556864642 ], [ -89.184226951396795, 13.653588758459726 ], [ -89.184196780665403, 13.653579925048641 ], [ -89.184177175933257, 13.653582153735478 ], [ -89.184152288491788, 13.653579220370133 ], [ -89.184120609574805, 13.653570388078801 ], [ -89.184118340356861, 13.65356153376576 ], [ -89.184036883104255, 13.653542406714868 ], [ -89.18398559484784, 13.653529899075806 ], [ -89.183940713630903, 13.653521644764707 ], [ -89.183911789418914, 13.65351567949125 ], [ -89.183892325627596, 13.653517326839872 ], [ -89.183878422433267, 13.65351788150066 ], [ -89.183831141190879, 13.653506487300392 ], [ -89.183796094711923, 13.653494539682619 ], [ -89.183749367496659, 13.653480423731059 ], [ -89.183703754702236, 13.653469028259602 ], [ -89.183637265111813, 13.653454200014854 ], [ -89.183568381224333, 13.6534374010911 ], [ -89.183481198630517, 13.653414296919118 ], [ -89.183437068466219, 13.65340169207645 ], [ -89.183392937485152, 13.65338803407934 ], [ -89.183345582300007, 13.653379644213869 ], [ -89.183244412028614, 13.653358656680691 ], [ -89.183203215171872, 13.653354285238217 ] ] ] } },
{ "type": "Feature", "properties": { "FID_1": 599, "NOMBRE_DE": "PASAJE 4", "Text_1": "URBANIZACION EL CARMEN", "ESTADO": "BUENO", "MATERIAL": "CONCRETO", "VIAS": 1, "CLASE": "PEATONAL", "ANCHO_1": "3.00" }, "geometry": { "type": "MultiLineString", "coordinates": [ [ [ -89.184593512620694, 13.653988648727939 ], [ -89.184378144497884, 13.653936205913718 ], [ -89.184238806527148, 13.653902734508934 ], [ -89.183973723739356, 13.653825749097408 ], [ -89.183779676757084, 13.65377586181201 ], [ -89.183588250582446, 13.653724689535522 ], [ -89.183375855681092, 13.653679947154876 ], [ -89.183127181401488, 13.653619097640053 ] ] ] } },
{ "type": "Feature", "properties": { "FID_1": 600, "NOMBRE_DE": "PASAJE 5", "Text_1": "URBANIZACION EL CARMEN", "ESTADO": "BUENO", "MATERIAL": "CONCRETO", "VIAS": 1, "CLASE": "PEATONAL", "ANCHO_1": "2.20" }, "geometry": { "type": "MultiLineString", "coordinates": [ [ [ -89.184680887744591, 13.653660767840218 ], [ -89.184687044510994, 13.653641972248479 ], [ -89.184713487944762, 13.653530147914962 ], [ -89.184736207639716, 13.653446607819941 ], [ -89.184763219319507, 13.653347240283994 ], [ -89.184787877814344, 13.653248451583906 ], [ -89.184804163037555, 13.653198225892703 ] ] ] } },
{ "type": "Feature", "properties": { "FID_1": 601, "NOMBRE_DE": "PASAJE 5", "Text_1": "URBANIZACION EL CARMEN", "ESTADO": "BUENO", "MATERIAL": "CONCRETO", "VIAS": 1, "CLASE": "PEATONAL", "ANCHO_1": "5.16" }, "geometry": { "type": "MultiLineString", "coordinates": [ [ [ -89.184984093548294, 13.653234075718141 ], [ -89.184804164421195, 13.653198226523608 ] ] ] } },
{ "type": "Feature", "properties": { "FID_1": 575, "NOMBRE_DE": "AVENIDA ALCAINE", "Text_1": "URBANIZACION VALLE DE SAN MARCOS", "ESTADO": "BUENO", "MATERIAL": "ASFALTO", "VIAS": 2, "CLASE": "VEHICULAR", "ANCHO_1": "7.70" }, "geometry": { "type": "MultiLineString", "coordinates": [ [ [ -89.184450513114939, 13.652852412102865 ], [ -89.184503532672494, 13.652718767698483 ], [ -89.184573923644791, 13.652516553544055 ], [ -89.184702557923771, 13.652163626022492 ], [ -89.184822946259203, 13.651814941077751 ], [ -89.184910648927129, 13.651577378963461 ], [ -89.18495320950386, 13.65146549558068 ], [ -89.185035582624252, 13.651238169128266 ], [ -89.185083771244251, 13.651102288350229 ], [ -89.1851516410904, 13.650960101786888 ], [ -89.185241219896952, 13.650789731604513 ] ] ] } },
{ "type": "Feature", "properties": { "FID_1": 583, "NOMBRE_DE": "SENDA 4", "Text_1": "URBANIZACION VALLE DE SAN MARCOS", "ESTADO": "BUENO", "MATERIAL": "ASFALTO", "VIAS": 2, "CLASE": "VEHICULAR", "ANCHO_1": "6.00" }, "geometry": { "type": "MultiLineString", "coordinates": [ [ [ -89.184573923909056, 13.652516552970864 ], [ -89.184423480252605, 13.65246315759247 ], [ -89.184129982918463, 13.652365034806037 ], [ -89.183786222680936, 13.652241380130999 ], [ -89.183536945992827, 13.652151091000917 ] ] ] } },
{ "type": "Feature", "properties": { "FID_1": 584, "NOMBRE_DE": "SENDA 3", "Text_1": "URBANIZACION VALLE DE SAN MARCOS", "ESTADO": "BUENO", "MATERIAL": "ASFALTO", "VIAS": 2, "CLASE": "VEHICULAR", "ANCHO_1": "5.90" }, "geometry": { "type": "MultiLineString", "coordinates": [ [ [ -89.184702553756878, 13.652157349830233 ], [ -89.18449425605283, 13.652089471226821 ], [ -89.184200418575728, 13.651986374643114 ], [ -89.183697672321856, 13.651798085143094 ] ] ] } },
{ "type": "Feature", "properties": { "FID_1": 585, "NOMBRE_DE": "SENDA 2", "Text_1": "URBANIZACION VALLE DE SAN MARCOS", "ESTADO": "BUENO", "MATERIAL": "ASFALTO", "VIAS": 2, "CLASE": "VEHICULAR", "ANCHO_1": "5.70" }, "geometry": { "type": "MultiLineString", "coordinates": [ [ [ -89.184822942213955, 13.651808666705127 ], [ -89.184489947968189, 13.651683721089809 ], [ -89.183817124938685, 13.651459803850104 ] ] ] } },
{ "type": "Feature", "properties": { "FID_1": 586, "NOMBRE_DE": "SENDA 1", "Text_1": "URBANIZACION VALLE DE SAN MARCOS", "ESTADO": "BUENO", "MATERIAL": "ASFALTO", "VIAS": 2, "CLASE": "VEHICULAR", "ANCHO_1": "6.00" }, "geometry": { "type": "MultiLineString", "coordinates": [ [ [ -89.184953203766, 13.651459220074706 ], [ -89.184758983003988, 13.651392856411396 ], [ -89.184394824026754, 13.65127436248792 ], [ -89.183938405767563, 13.65111793152923 ] ] ] } },
{ "type": "Feature", "properties": { "FID_1": 588, "NOMBRE_DE": "SENDA N. 8", "Text_1": "URBANIZACION VALLE DE SAN MARCOS", "ESTADO": "BUENO", "MATERIAL": "ASFALTO", "VIAS": 2, "CLASE": "VEHICULAR", "ANCHO_1": "5.50" }, "geometry": { "type": "MultiLineString", "coordinates": [ [ [ -89.18522463950255, 13.651693860506789 ], [ -89.185166051755772, 13.651666838595807 ], [ -89.185109160957381, 13.651646748482584 ], [ -89.18491064410216, 13.651571103221535 ] ] ] } },
{ "type": "Feature", "properties": { "FID_1": 589, "NOMBRE_DE": "SENDA N. 9", "Text_1": "URBANIZACION VALLE DE SAN MARCOS", "ESTADO": "BUENO", "MATERIAL": "ASFALTO", "VIAS": 2, "CLASE": "VEHICULAR", "ANCHO_1": "6.00" }, "geometry": { "type": "MultiLineString", "coordinates": [ [ [ -89.185238012235274, 13.651316126654814 ], [ -89.185035579082964, 13.651231894479281 ] ] ] } },
{ "type": "Feature", "properties": { "FID_1": 590, "NOMBRE_DE": "SENDA N. 10", "Text_1": "URBANIZACION VALLE DE SAN MARCOS", "ESTADO": "BUENO", "MATERIAL": "ASFALTO", "VIAS": 2, "CLASE": "VEHICULAR", "ANCHO_1": "6.00" }, "geometry": { "type": "MultiLineString", "coordinates": [ [ [ -89.184806960920938, 13.651151558242525 ], [ -89.184842342653283, 13.651047918253614 ], [ -89.184898093252414, 13.65089535144879 ], [ -89.184910482300566, 13.650838071592442 ], [ -89.184889953109618, 13.650825404319527 ], [ -89.184879508521931, 13.650819070817789 ], [ -89.184879498274711, 13.650806035819256 ], [ -89.184890647047226, 13.650792287835628 ], [ -89.184903608213986, 13.650794391875019 ], [ -89.184931698499611, 13.650808814948043 ], [ -89.18495186077854, 13.650812675056576 ], [ -89.184968769881579, 13.650799627332052 ], [ -89.185117041253477, 13.650655066713723 ] ] ] } },
{ "type": "Feature", "properties": { "FID_1": 602, "NOMBRE_DE": "PASAJE COMALAPA", "Text_1": "URBANIZACION VALLE DE SAN MARCOS", "ESTADO": "BUENO", "MATERIAL": "ASFALTO", "VIAS": 2, "CLASE": "VEHICULAR", "ANCHO_1": "6.20" }, "geometry": { "type": "MultiLineString", "coordinates": [ [ [ -89.184023884527619, 13.650881345007416 ], [ -89.183649243072253, 13.650754784341736 ] ] ] } },
{ "type": "Feature", "properties": { "FID_1": 814, "NOMBRE_DE": "AVENIDA COMALAPA", "Text_1": "URBANIZACION VALLE DE SAN MARCOS", "ESTADO": "BUENO", "MATERIAL": "ASFALTO", "VIAS": 2, "CLASE": "VEHICULAR", "ANCHO_1": "6.80" }, "geometry": { "type": "MultiLineString", "coordinates": [ [ [ -89.185035577687032, 13.65123189404274 ], [ -89.184806960115949, 13.651151557928779 ], [ -89.184023883543205, 13.650881346040309 ] ] ] } },
{ "type": "Feature", "properties": { "FID_1": 606, "NOMBRE_DE": "PASAJE A", "Text_1": "COLONIA MONTECRISTO", "ESTADO": "MALO", "MATERIAL": "TIERRA", "VIAS": 1, "CLASE": "PEATONAL", "ANCHO_1": "3.70" }, "geometry": { "type": "MultiLineString", "coordinates": [ [ [ -89.182466104275932, 13.654178858112205 ], [ -89.182523264951854, 13.65396542857361 ], [ -89.182532167609992, 13.653931644142498 ], [ -89.182554853720433, 13.653877609207063 ], [ -89.182578359553133, 13.653833900649708 ], [ -89.182611534407897, 13.653698036393887 ], [ -89.182638227643608, 13.653577803187998 ], [ -89.182684373809067, 13.6534212753087 ], [ -89.182708661957946, 13.653339816414107 ], [ -89.182736979967629, 13.653221432190312 ], [ -89.182755591024559, 13.653146332579077 ], [ -89.182781132781486, 13.653109435362946 ] ] ] } },
{ "type": "Feature", "properties": { "FID_1": 607, "NOMBRE_DE": "PASAJE ITALIA", "Text_1": "COLONIA MONTECRISTO", "ESTADO": "MALO", "MATERIAL": "TIERRA", "VIAS": 1, "CLASE": "VEHICULAR", "ANCHO_1": "5.17" }, "geometry": { "type": "MultiLineString", "coordinates": [ [ [ -89.182172640810862, 13.652410655742278 ], [ -89.182239929751404, 13.652272472955785 ], [ -89.182309406537385, 13.652105409046902 ], [ -89.182381119404596, 13.651922962805388 ], [ -89.182410279710084, 13.651883384777582 ], [ -89.182470256132362, 13.651938846680645 ], [ -89.182508349052455, 13.651926154847214 ], [ -89.182549311976047, 13.651905016661992 ], [ -89.18259812786485, 13.651812810698891 ], [ -89.182637539643963, 13.651686695270156 ], [ -89.18271676618275, 13.65147262139808 ], [ -89.182661541018064, 13.651425871121932 ], [ -89.18261915663598, 13.651394810829911 ], [ -89.18258118843454, 13.651368927650498 ], [ -89.182525559800951, 13.651329240970757 ], [ -89.182495523789683, 13.651287805728568 ], [ -89.182476083626511, 13.651256727831491 ], [ -89.182463636257751, 13.651135823027849 ] ] ] } },
{ "type": "Feature", "properties": { "FID_1": 615, "NOMBRE_DE": "PASAJE S/N", "Text_1": "COLONIA MONTECRISTO", "ESTADO": "MALO", "MATERIAL": "TIERRA", "VIAS": 1, "CLASE": "VEHICULAR", "ANCHO_1": "3.75" }, "geometry": { "type": "MultiLineString", "coordinates": [ [ [ -89.182860239771045, 13.651375886481743 ], [ -89.182838736289639, 13.651333876737404 ], [ -89.182876695445117, 13.651298288274663 ], [ -89.182866763221412, 13.651269200922169 ], [ -89.182842063043296, 13.651218726943775 ], [ -89.182823826767375, 13.651180943981622 ], [ -89.182842524091285, 13.651102097336294 ], [ -89.182859373764856, 13.651031243119249 ], [ -89.182876463961605, 13.651009392834517 ], [ -89.182976072392634, 13.650932887222782 ], [ -89.183061970523596, 13.650884279359543 ] ] ] } },
{ "type": "Feature", "properties": { "FID_1": 618, "NOMBRE_DE": "PASAJE MONTECRISTO", "Text_1": "COLONIA MONTECRISTO", "ESTADO": "MALO", "MATERIAL": "TIERRA", "VIAS": 1, "CLASE": "PEATONAL", "ANCHO_1": "3.65" }, "geometry": { "type": "MultiLineString", "coordinates": [ [ [ -89.182130973420698, 13.651639654319043 ], [ -89.182080188793094, 13.651586211106766 ], [ -89.182041100851038, 13.651515568961413 ], [ -89.182013736201341, 13.651462108396681 ], [ -89.181996131344206, 13.651410550634896 ], [ -89.181998006141555, 13.651311227722751 ], [ -89.18199208612667, 13.651227190813541 ], [ -89.182066147716782, 13.651096093755948 ], [ -89.182120718700531, 13.6509986418497 ], [ -89.182177209057414, 13.650899990959978 ], [ -89.182197823620854, 13.650847075964684 ] ] ] } },
{ "type": "Feature", "properties": { "FID_1": 629, "NOMBRE_DE": "PASAJE S/N", "Text_1": "COLONIA MONTECRISTO", "ESTADO": "MALO", "MATERIAL": "TIERRA", "VIAS": 1, "CLASE": "PEATONAL", "ANCHO_1": "1.50" }, "geometry": { "type": "MultiLineString", "coordinates": [ [ [ -89.182363225442103, 13.652433174464623 ], [ -89.182453008293763, 13.652518007394171 ], [ -89.182478340949316, 13.652539902006801 ] ] ] } },
{ "type": "Feature", "properties": { "FID_1": 819, "NOMBRE_DE": "PASAJE A", "Text_1": "COLONIA MONTECRISTO", "ESTADO": "MALO", "MATERIAL": "ASFALTO", "VIAS": 2, "CLASE": "VEHICULAR", "ANCHO_1": "5.00" }, "geometry": { "type": "MultiLineString", "coordinates": [ [ [ -89.18320321028348, 13.653348010153213 ], [ -89.183133691213541, 13.653384713414823 ], [ -89.183090312686886, 13.653383229575981 ], [ -89.183057745452629, 13.65333928576209 ], [ -89.183049940494257, 13.653263484573056 ], [ -89.183045220939391, 13.653171003546898 ], [ -89.183040469527143, 13.653037586764032 ], [ -89.183054336109407, 13.652939789015166 ], [ -89.18308934612773, 13.652762766642182 ] ] ] } },
{ "type": "Feature", "properties": { "FID_1": 820, "NOMBRE_DE": "PASAJE MONTECRISTO", "Text_1": "COLONIA MONTECRISTO", "ESTADO": "MALO", "MATERIAL": "TIERRA", "VIAS": 1, "CLASE": "VEHICULAR", "ANCHO_1": "5.30" }, "geometry": { "type": "MultiLineString", "coordinates": [ [ [ -89.181773119831021, 13.652464820360947 ], [ -89.181822692381445, 13.652382473302989 ], [ -89.181888752045865, 13.652227249168563 ], [ -89.181932265064177, 13.652107009663913 ], [ -89.18195367680238, 13.652034413071393 ], [ -89.182010170029116, 13.651898758467734 ], [ -89.182082263872118, 13.651744742985032 ], [ -89.182130973465647, 13.651639654605896 ], [ -89.182163303504169, 13.651601290742745 ], [ -89.182190500113705, 13.651573474086485 ], [ -89.182225953212864, 13.651507431110286 ], [ -89.182242508584764, 13.65149004602403 ], [ -89.1822567109472, 13.651492351506148 ], [ -89.182274436751968, 13.651458749633228 ], [ -89.182246020798999, 13.65144255643224 ], [ -89.182292111379596, 13.651359130537822 ], [ -89.182335835128512, 13.651276867703585 ], [ -89.182371324400947, 13.651258309461349 ], [ -89.182400284031615, 13.651229224234713 ], [ -89.182463636257751, 13.651135823027849 ] ] ] } },
{ "type": "Feature", "properties": { "FID_1": 821, "NOMBRE_DE": "CALLE PRINCIPAL", "Text_1": "COLONIA MONTECRISTO", "ESTADO": "MALO", "MATERIAL": "TIERRA", "VIAS": 1, "CLASE": "VEHICULAR", "ANCHO_1": "3.50" }, "geometry": { "type": "MultiLineString", "coordinates": [ [ [ -89.18271676618275, 13.65147262139808 ], [ -89.182802462689551, 13.651413106701407 ], [ -89.182860239077456, 13.651375886797721 ], [ -89.182927051103746, 13.651313030701479 ], [ -89.182948602358806, 13.651291908543431 ], [ -89.18300607547188, 13.651245631684121 ], [ -89.183132160027768, 13.651144383221455 ] ] ] } },
{ "type": "Feature", "properties": { "FID_1": 604, "NOMBRE_DE": "CALLE PRINCIPAL", "Text_1": "COLONIA ABARCA", "ESTADO": "MALO", "MATERIAL": "TIERRA", "VIAS": 1, "CLASE": "PEATONAL", "ANCHO_1": "4.85" }, "geometry": { "type": "MultiLineString", "coordinates": [ [ [ -89.183387740136183, 13.651419965344196 ], [ -89.18343160470431, 13.651297509371224 ], [ -89.183464092300341, 13.651222591316028 ], [ -89.183479213989344, 13.65116509840594 ], [ -89.183495639185224, 13.65113557418208 ], [ -89.183551183876659, 13.651054724422831 ] ] ] } },
{ "type": "Feature", "properties": { "FID_1": 449, "NOMBRE_DE": "PASAJE COLORADO", "Text_1": "COLONIA SANTA LEONOR", "ESTADO": "MALO", "MATERIAL": "TIERRA", "VIAS": 1, "CLASE": "PEATONAL", "ANCHO_1": "5.75" }, "geometry": { "type": "MultiLineString", "coordinates": [ [ [ -89.183006224937103, 13.647834075613181 ], [ -89.183017642809745, 13.647745821196272 ], [ -89.183028843963697, 13.647623553834707 ], [ -89.183081752406295, 13.647141843817812 ], [ -89.183091852365862, 13.647075080737743 ] ] ] } },
{ "type": "Feature", "properties": { "FID_1": 450, "NOMBRE_DE": "PASAJE COLINAS", "Text_1": "COLONIA SANTA LEONOR", "ESTADO": "MALO", "MATERIAL": "TIERRA", "VIAS": 1, "CLASE": "PEATONAL", "ANCHO_1": "4.15" }, "geometry": { "type": "MultiLineString", "coordinates": [ [ [ -89.182360439061242, 13.647774508232121 ], [ -89.182373219763733, 13.647717146571543 ], [ -89.182393620174082, 13.6476033368324 ], [ -89.182413270096902, 13.647490422914045 ], [ -89.182469553509932, 13.647156977795721 ], [ -89.182473370827751, 13.647104590752631 ], [ -89.182538737990996, 13.646971281980147 ] ] ] } },
{ "type": "Feature", "properties": { "FID_1": 614, "NOMBRE_DE": "PASAJE S/N", "Text_1": "COLONIA SANTA LEONOR", "ESTADO": "MALO", "MATERIAL": "TIERRA", "VIAS": 1, "CLASE": "PEATONAL", "ANCHO_1": "2.50" }, "geometry": { "type": "MultiLineString", "coordinates": [ [ [ -89.182988195770363, 13.649877362673978 ], [ -89.182961994092835, 13.649847396809518 ], [ -89.182944469480105, 13.649824565345586 ], [ -89.18291528570191, 13.649817244179918 ], [ -89.182822744474976, 13.649810785997797 ], [ -89.182676004645188, 13.649790498172869 ] ] ] } },
{ "type": "Feature", "properties": { "FID_1": 616, "NOMBRE_DE": "PASAJE S/N", "Text_1": "COLONIA SANTA LEONOR", "ESTADO": "MALO", "MATERIAL": "TIERRA", "VIAS": 1, "CLASE": "PEATONAL", "ANCHO_1": "2.00" }, "geometry": { "type": "MultiLineString", "coordinates": [ [ [ -89.182981475433095, 13.650394757367598 ], [ -89.18293179043053, 13.650391362159379 ], [ -89.182878014387953, 13.650388542012175 ], [ -89.182772210465714, 13.650376036035029 ], [ -89.182692134278355, 13.650368601063876 ] ] ] } },
{ "type": "Feature", "properties": { "FID_1": 619, "NOMBRE_DE": "PASAJE VINEDOS", "Text_1": "COLONIA SANTA LEONOR", "ESTADO": "MALO", "MATERIAL": "TIERRA", "VIAS": 1, "CLASE": "PEATONAL", "ANCHO_1": "3.52" }, "geometry": { "type": "MultiLineString", "coordinates": [ [ [ -89.18189702259717, 13.654189216528142 ], [ -89.181843740644368, 13.654169811326154 ], [ -89.181629920114403, 13.654144173002898 ], [ -89.181320905610306, 13.654107139661098 ], [ -89.181316510238432, 13.654104276641668 ], [ -89.181312087244038, 13.65406558538672 ], [ -89.181310609598214, 13.654048388913635 ], [ -89.181297402495105, 13.65401257039537 ], [ -89.18129735940731, 13.653956678348257 ], [ -89.181289982236834, 13.653885027275519 ], [ -89.181276706655623, 13.653760354731512 ], [ -89.181276039056897, 13.653686255669646 ] ] ] } },
{ "type": "Feature", "properties": { "FID_1": 621, "NOMBRE_DE": "PASAJE LOS OLIVOS", "Text_1": "COLONIA SANTA LEONOR", "ESTADO": "MALO", "MATERIAL": "TIERRA", "VIAS": 1, "CLASE": "PEATONAL", "ANCHO_1": "6.70" }, "geometry": { "type": "MultiLineString", "coordinates": [ [ [ -89.181131489940071, 13.651165168945187 ], [ -89.181202849949798, 13.651148247038172 ], [ -89.181292333700057, 13.651126540863794 ], [ -89.181350252890894, 13.65113577253695 ], [ -89.181387398304224, 13.651145787308783 ] ] ] } },
{ "type": "Feature", "properties": { "FID_1": 627, "NOMBRE_DE": "CALLE JIBOA", "Text_1": "COLONIA SANTA LEONOR", "ESTADO": "MALO", "MATERIAL": "TIERRA", "VIAS": 1, "CLASE": "PEATONAL", "ANCHO_1": "3.00" }, "geometry": { "type": "MultiLineString", "coordinates": [ [ [ -89.182563009290945, 13.650453850715799 ], [ -89.182518817632385, 13.650446255917929 ], [ -89.182477299502636, 13.650449769772496 ], [ -89.182384762858348, 13.65044403335207 ], [ -89.182240023204173, 13.650431369505558 ] ] ] } },
{ "type": "Feature", "properties": { "FID_1": 628, "NOMBRE_DE": "CALLE JIBOA", "Text_1": "COLONIA SANTA LEONOR", "ESTADO": "MALO", "MATERIAL": "TIERRA", "VIAS": 2, "CLASE": "VEHICULAR", "ANCHO_1": "6.70" }, "geometry": { "type": "MultiLineString", "coordinates": [ [ [ -89.182240023204173, 13.650431369505558 ], [ -89.182158940752473, 13.650460225404395 ], [ -89.181987793975779, 13.650471961426941 ], [ -89.181818650196007, 13.650484927184229 ] ] ] } },
{ "type": "Feature", "properties": { "FID_1": 823, "NOMBRE_DE": "CALLE PRINCIPAL", "Text_1": "COLONIA SANTA LEONOR", "ESTADO": "MALO", "MATERIAL": "TIERRA", "VIAS": 2, "CLASE": "VEHICULAR", "ANCHO_1": "5.50" }, "geometry": { "type": "MultiLineString", "coordinates": [ [ [ -89.181387398304224, 13.651145787308783 ], [ -89.181363731996328, 13.651125168830793 ], [ -89.181340351281889, 13.651105386731933 ], [ -89.181301848537629, 13.650991423363626 ], [ -89.181276892732541, 13.650856115415502 ], [ -89.181246077395031, 13.650689161662536 ] ] ] } },
{ "type": "Feature", "properties": { "FID_1": 827, "NOMBRE_DE": "AVENIDA AFRICA", "Text_1": "COLONIA SANTA LEONOR", "ESTADO": "MALO", "MATERIAL": "EMPEDRADO", "VIAS": 1, "CLASE": "VEHICULAR", "ANCHO_1": "6.14" }, "geometry": { "type": "MultiLineString", "coordinates": [ [ [ -89.181901286991987, 13.653590393358773 ], [ -89.18181664945125, 13.653578133742398 ], [ -89.181767949753265, 13.653527571164821 ], [ -89.181649284415641, 13.653456225560278 ], [ -89.181512346174529, 13.653352153128985 ], [ -89.18140275893488, 13.653221272963082 ], [ -89.181338784140522, 13.653081429954714 ], [ -89.181323984164834, 13.65299094590703 ], [ -89.181317604033282, 13.652833232166456 ], [ -89.181303409412024, 13.652695676156196 ], [ -89.181285705216652, 13.65257865063902 ], [ -89.181271736514077, 13.652497006120399 ], [ -89.181259815276391, 13.652316872523832 ], [ -89.181244663955269, 13.652069311852797 ], [ -89.181217402521625, 13.651990801091468 ], [ -89.181209189423669, 13.651922251046399 ], [ -89.181205032370045, 13.651822426754283 ], [ -89.181195475139134, 13.651774516665757 ], [ -89.18116958405362, 13.651709315202863 ], [ -89.18116361955839, 13.651675068964948 ], [ -89.181159639971639, 13.651659540215496 ], [ -89.181111078698748, 13.651571131689304 ], [ -89.181095676402919, 13.651526945204257 ], [ -89.181103108103045, 13.651480655234876 ], [ -89.181131489940071, 13.651165168945187 ] ] ] } },
{ "type": "Feature", "properties": { "FID_1": 998, "NOMBRE_DE": "PASAJE 1", "Text_1": "COLONIA SANTA LEONOR", "ESTADO": "MALO", "MATERIAL": "TIERRA", "VIAS": 1, "CLASE": "PEATONAL", "ANCHO_1": "2.81" }, "geometry": { "type": "MultiLineString", "coordinates": [ [ [ -89.181534945496637, 13.654760891515169 ], [ -89.181540015896815, 13.654718814118755 ], [ -89.181580399679063, 13.654388368217866 ] ] ] } },
{ "type": "Feature", "properties": { "FID_1": 1095, "NOMBRE_DE": "CALLE PRINCIPAL", "Text_1": "COLONIA SANTA LEONOR", "ESTADO": "MALO", "MATERIAL": "TIERRA", "VIAS": 1, "CLASE": "VEHICULAR", "ANCHO_1": "4.00" }, "geometry": { "type": "MultiLineString", "coordinates": [ [ [ -89.183238592301848, 13.647868413056635 ], [ -89.183130311934519, 13.647852436200182 ], [ -89.183019687562023, 13.647835576060135 ], [ -89.183006225054314, 13.647834076646822 ], [ -89.182708985321923, 13.647800976509551 ], [ -89.182574278986081, 13.647802604199091 ] ], [ [ -89.182858404659285, 13.649492586375613 ], [ -89.182894012486301, 13.64933380907075 ], [ -89.182921736039575, 13.649215830372471 ], [ -89.182940148046015, 13.649047952429603 ], [ -89.182943503162491, 13.648833548156595 ], [ -89.182927903970736, 13.648709160663415 ], [ -89.182901086931622, 13.648642021339741 ], [ -89.182892322192458, 13.648563240549109 ], [ -89.182892042332028, 13.648203371814688 ], [ -89.182885450726616, 13.648120330334379 ], [ -89.182865804521171, 13.648037298562011 ], [ -89.182833075570514, 13.647996425327097 ], [ -89.182740275710984, 13.647917389220543 ], [ -89.182587499061327, 13.647811745752914 ], [ -89.182574185048068, 13.647802573811717 ] ] ] } },
{ "type": "Feature", "properties": { "FID_1": 1190, "NOMBRE_DE": "PASAJE EUROPA", "Text_1": "COLONIA SANTA LEONOR", "ESTADO": "MALO", "MATERIAL": "TIERRA", "VIAS": 1, "CLASE": "PEATONAL", "ANCHO_1": "4.60" }, "geometry": { "type": "MultiLineString", "coordinates": [ [ [ -89.182927903970736, 13.648709160663415 ], [ -89.182971277379025, 13.648700310129788 ], [ -89.183062113184533, 13.648699468499075 ], [ -89.183101605321923, 13.648697119777973 ], [ -89.183123716729909, 13.648688599513486 ], [ -89.183141069729089, 13.648658438210532 ], [ -89.183143364407314, 13.648561804674562 ], [ -89.183168580752607, 13.648383735178488 ], [ -89.183207855402856, 13.648132688809511 ], [ -89.183239299460027, 13.647869103568011 ], [ -89.183227227554568, 13.647994459242124 ] ] ] } },
{ "type": "Feature", "properties": { "FID_1": 1191, "NOMBRE_DE": "PASAJE S/N", "Text_1": "COLONIA SANTA LEONOR", "ESTADO": "MALO", "MATERIAL": "TIERRA", "VIAS": 1, "CLASE": "PEATONAL", "ANCHO_1": "2.70" }, "geometry": { "type": "MultiLineString", "coordinates": [ [ [ -89.183359720371286, 13.648410733570424 ], [ -89.183168581743615, 13.64838373537089 ] ] ] } },
{ "type": "Feature", "properties": { "FID_1": 609, "NOMBRE_DE": "CALLE PRINCIPAL", "Text_1": "COLONIA SANTA PAULA", "ESTADO": "BUENO", "MATERIAL": "CONCRETO", "VIAS": 2, "CLASE": "VEHICULAR", "ANCHO_1": "5.15" }, "geometry": { "type": "MultiLineString", "coordinates": [ [ [ -89.180753292442901, 13.653351803409091 ], [ -89.180761202431739, 13.653276997316217 ], [ -89.180764647484153, 13.653131968783081 ], [ -89.18077752218565, 13.652916160627695 ], [ -89.180781441352323, 13.652754365599684 ], [ -89.180765799641932, 13.652561054740405 ], [ -89.180738539597712, 13.652369647735535 ], [ -89.180679095220242, 13.652081590362627 ], [ -89.180626907411195, 13.651918581890698 ], [ -89.180630320850014, 13.651843849594615 ], [ -89.180590480091382, 13.651704090233478 ] ] ] } },
{ "type": "Feature", "properties": { "FID_1": 610, "NOMBRE_DE": "CALLE PRINCIPAL", "Text_1": "COLONIA SANTA PAULA", "ESTADO": "BUENO", "MATERIAL": "CONCRETO", "VIAS": 2, "CLASE": "VEHICULAR", "ANCHO_1": "5.00" }, "geometry": { "type": "MultiLineString", "coordinates": [ [ [ -89.180521711190963, 13.651235044086661 ], [ -89.180493695292469, 13.651128925015598 ], [ -89.180447003096418, 13.650935367735219 ], [ -89.180406155131351, 13.650775969371615 ], [ -89.180359487093938, 13.650613728334427 ], [ -89.180347785709472, 13.650528328879421 ], [ -89.180298176053341, 13.650323385967473 ], [ -89.180257272417251, 13.650091084794491 ], [ -89.180245544912069, 13.64997152213607 ], [ -89.180194471545462, 13.649757821111141 ], [ -89.180246234589305, 13.64957071739326 ] ] ] } },
{ "type": "Feature", "properties": { "FID_1": 624, "NOMBRE_DE": "PASAJE 1", "Text_1": "COLONIA SANTA PAULA", "ESTADO": "MALO", "MATERIAL": "TIERRA", "VIAS": 1, "CLASE": "PEATONAL", "ANCHO_1": "3.50" }, "geometry": { "type": "MultiLineString", "coordinates": [ [ [ -89.180753292442901, 13.653351803409091 ], [ -89.180708270539881, 13.653307152639947 ], [ -89.18067292347348, 13.653224962183534 ], [ -89.180627481431131, 13.653124691522777 ], [ -89.180570274353315, 13.653019496506458 ], [ -89.180503563226665, 13.652960260338821 ] ] ] } },
{ "type": "Feature", "properties": { "FID_1": 625, "NOMBRE_DE": "PASAJE S/N", "Text_1": "COLONIA SANTA PAULA", "ESTADO": "MALO", "MATERIAL": "TIERRA", "VIAS": 1, "CLASE": "PEATONAL", "ANCHO_1": "3.10" }, "geometry": { "type": "MultiLineString", "coordinates": [ [ [ -89.180189798232377, 13.651670791838077 ], [ -89.180346492274197, 13.651685262738944 ], [ -89.180467881102359, 13.651697052779785 ], [ -89.180590480091382, 13.651704090233478 ] ] ] } },
{ "type": "Feature", "properties": { "FID_1": 826, "NOMBRE_DE": "CALLE PRINCIPAL", "Text_1": "COLONIA SANTA PAULA", "ESTADO": "BUENO", "MATERIAL": "CONCRETO", "VIAS": 2, "CLASE": "VEHICULAR", "ANCHO_1": "5.15" }, "geometry": { "type": "MultiLineString", "coordinates": [ [ [ -89.181930692333211, 13.654938802483386 ], [ -89.181840240904904, 13.654930609435754 ], [ -89.181667606365238, 13.654834040680138 ], [ -89.181534945371823, 13.654760892011964 ], [ -89.181426321036284, 13.654707308437613 ], [ -89.181322167283952, 13.654648149418604 ], [ -89.181248285699041, 13.654601998484315 ], [ -89.181217992719041, 13.65456410956409 ], [ -89.18117526928441, 13.654354859028324 ], [ -89.18115087774612, 13.654237665385839 ], [ -89.181128248101871, 13.654152746695788 ], [ -89.181048284130057, 13.653998223381141 ], [ -89.180974782937724, 13.653852973106279 ], [ -89.180940320353287, 13.653784116271718 ], [ -89.180809536685118, 13.653491770431714 ], [ -89.180753292578132, 13.653351803652621 ] ] ] } },
{ "type": "Feature", "properties": { "FID_1": 829, "NOMBRE_DE": "CALLE PRINCIPAL", "Text_1": "COLONIA SANTA PAULA", "ESTADO": "BUENO", "MATERIAL": "CONCRETO", "VIAS": 2, "CLASE": "VEHICULAR", "ANCHO_1": "5.15" }, "geometry": { "type": "MultiLineString", "coordinates": [ [ [ -89.180590480091382, 13.651704090233478 ], [ -89.180572821155451, 13.651566983846482 ], [ -89.180558505830916, 13.651476372403684 ], [ -89.180544181152158, 13.651373561857442 ], [ -89.180521711190963, 13.651235044086661 ] ] ] } },
{ "type": "Feature", "properties": { "FID_1": 608, "NOMBRE_DE": "CALLE PRINCIPAL", "Text_1": "COLONIA LAS CAMPANITAS", "ESTADO": "BUENO", "MATERIAL": "CONCRETO", "VIAS": 1, "CLASE": "VEHICULAR", "ANCHO_1": "7.60" }, "geometry": { "type": "MultiLineString", "coordinates": [ [ [ -89.181818650196007, 13.650484927184229 ], [ -89.181829547808405, 13.650343684786474 ], [ -89.181850217550604, 13.650187335230308 ], [ -89.181875712169884, 13.649944345431086 ], [ -89.181889894466835, 13.649513341813869 ], [ -89.181881349729949, 13.649396430996395 ] ] ] } },
{ "type": "Feature", "properties": { "FID_1": 828, "NOMBRE_DE": "AVENIDA DANUBIO", "Text_1": "COLONIA LAS CAMPANITAS", "ESTADO": "MALO", "MATERIAL": "TIERRA", "VIAS": 2, "CLASE": "VEHICULAR", "ANCHO_1": "6.30" }, "geometry": { "type": "MultiLineString", "coordinates": [ [ [ -89.181246077395031, 13.650689161662536 ], [ -89.181243703565841, 13.650626096666329 ], [ -89.181271321884722, 13.65054178748851 ], [ -89.181291108832724, 13.650273854862974 ], [ -89.181324889954823, 13.649916935246956 ], [ -89.1813455894968, 13.649619926570285 ], [ -89.181369486123288, 13.649407813829232 ] ] ] } },
{ "type": "Feature", "properties": { "FID_1": 631, "NOMBRE_DE": "PASAJE LA LOMA", "Text_1": "COLONIA LAS MERCEDES", "ESTADO": "MALO", "MATERIAL": "TIERRA", "VIAS": 1, "CLASE": "PEATONAL", "ANCHO_1": "2.80" }, "geometry": { "type": "MultiLineString", "coordinates": [ [ [ -89.180755672050239, 13.655482987847567 ], [ -89.180711889056937, 13.655478407670122 ], [ -89.18066943070292, 13.655480516527833 ], [ -89.180640424382801, 13.65549092613791 ], [ -89.180581696623875, 13.655502050125168 ], [ -89.180522572599671, 13.655521212171724 ], [ -89.180433747700135, 13.655532511992858 ] ] ] } },
{ "type": "Feature", "properties": { "FID_1": 633, "NOMBRE_DE": "PASAJE CALDERON", "Text_1": "COLONIA LAS MERCEDES", "ESTADO": "MALO", "MATERIAL": "TIERRA", "VIAS": 1, "CLASE": "VEHICULAR", "ANCHO_1": "6.00" }, "geometry": { "type": "MultiLineString", "coordinates": [ [ [ -89.180028293960945, 13.65555478893998 ], [ -89.180082559220963, 13.65533674089713 ], [ -89.180157730392366, 13.654983238026141 ] ] ] } },
{ "type": "Feature", "properties": { "FID_1": 637, "NOMBRE_DE": "PASAJE DAVID POSADA", "Text_1": "COLONIA LAS MERCEDES", "ESTADO": "MALO", "MATERIAL": "TIERRA", "VIAS": 1, "CLASE": "VEHICULAR", "ANCHO_1": "2.80" }, "geometry": { "type": "MultiLineString", "coordinates": [ [ [ -89.179845557370527, 13.654296405264386 ], [ -89.179798054900786, 13.654289932327407 ], [ -89.179724890289222, 13.654265814453689 ], [ -89.179667881939196, 13.654250981430266 ], [ -89.179584263648081, 13.654221293146549 ], [ -89.179483540611344, 13.654184179978643 ], [ -89.179436021150238, 13.654155394961954 ], [ -89.179397029968214, 13.654098713687066 ], [ -89.179375135048289, 13.654038301265368 ], [ -89.179376604016056, 13.653946112300359 ], [ -89.179403862216134, 13.65383020887788 ] ] ] } },
{ "type": "Feature", "properties": { "FID_1": 643, "NOMBRE_DE": "PASAJE  MATAZANOS", "Text_1": "COLONIA LAS MERCEDES", "ESTADO": "REGULAR", "MATERIAL": "ASFALTO", "VIAS": 1, "CLASE": "PEATONAL", "ANCHO_1": "3.50" }, "geometry": { "type": "MultiLineString", "coordinates": [ [ [ -89.177938003756225, 13.654497565800611 ], [ -89.177992152684652, 13.654462514818237 ], [ -89.17802862209507, 13.654439451132907 ], [ -89.178086240772387, 13.654367993825851 ], [ -89.178136801810993, 13.654302300939476 ], [ -89.178126198392391, 13.654288486248637 ], [ -89.178128542783938, 13.654275814042947 ], [ -89.178146184608963, 13.6542585232986 ], [ -89.178162654673216, 13.65424814458779 ], [ -89.178197945294187, 13.654222778002573 ], [ -89.178255577836069, 13.654169750474294 ], [ -89.178314152724695, 13.65412167445009 ], [ -89.178364722382895, 13.654067500153086 ] ] ] } },
{ "type": "Feature", "properties": { "FID_1": 644, "NOMBRE_DE": "PASAJE B", "Text_1": "COLONIA LAS MERCEDES", "ESTADO": "MALO", "MATERIAL": "TIERRA", "VIAS": 1, "CLASE": "PEATONAL", "ANCHO_1": "4.70" }, "geometry": { "type": "MultiLineString", "coordinates": [ [ [ -89.178296501144786, 13.653727406036253 ], [ -89.17832124431753, 13.653699662260054 ], [ -89.178347193370485, 13.653640002778562 ] ] ] } },
{ "type": "Feature", "properties": { "FID_1": 645, "NOMBRE_DE": "PASAJE E", "Text_1": "COLONIA LAS MERCEDES", "ESTADO": "MALO", "MATERIAL": "TIERRA", "VIAS": 1, "CLASE": "PEATONAL", "ANCHO_1": "2.50" }, "geometry": { "type": "MultiLineString", "coordinates": [ [ [ -89.178070519279871, 13.653763741426795 ], [ -89.178065682580623, 13.65372215125193 ], [ -89.178077617533916, 13.653639954627026 ], [ -89.178091915459902, 13.653509617614107 ], [ -89.17810400008031, 13.65341876568286 ] ] ] } },
{ "type": "Feature", "properties": { "FID_1": 651, "NOMBRE_DE": "PASAJE MATAZANO", "Text_1": "COLONIA LAS MERCEDES", "ESTADO": "REGULAR", "MATERIAL": "ADOQUIN", "VIAS": 1, "CLASE": "PEATONAL", "ANCHO_1": "1.30" }, "geometry": { "type": "MultiLineString", "coordinates": [ [ [ -89.177697629282648, 13.654478432439834 ], [ -89.177676810293647, 13.654582428977827 ], [ -89.177658861636488, 13.654654876434806 ], [ -89.177644394597039, 13.654681081414315 ] ] ] } },
{ "type": "Feature", "properties": { "FID_1": 652, "NOMBRE_DE": "PASAJE S/N", "Text_1": "COLONIA LAS MERCEDES", "ESTADO": "MALO", "MATERIAL": "TIERRA", "VIAS": 1, "CLASE": "PEATONAL", "ANCHO_1": "2.20" }, "geometry": { "type": "MultiLineString", "coordinates": [ [ [ -89.177920066147607, 13.653858505267678 ], [ -89.177885523735128, 13.653859063870458 ], [ -89.177817459146198, 13.653830921371014 ], [ -89.177665125356214, 13.653753392956755 ] ] ] } },
{ "type": "Feature", "properties": { "FID_1": 654, "NOMBRE_DE": "PASAJE S/N", "Text_1": "COLONIA LAS MERCEDES", "ESTADO": "MALO", "MATERIAL": "TIERRA", "VIAS": 1, "CLASE": "PEATONAL", "ANCHO_1": "2.00" }, "geometry": { "type": "MultiLineString", "coordinates": [ [ [ -89.177955009781073, 13.654252840450964 ], [ -89.17793247686555, 13.654243887173021 ], [ -89.177897351163324, 13.654239616024025 ], [ -89.177845280283719, 13.654220626056048 ], [ -89.177784287052617, 13.654194374280786 ] ] ] } },
{ "type": "Feature", "properties": { "FID_1": 887, "NOMBRE_DE": "PASAJE B", "Text_1": "COLONIA LAS MERCEDES", "ESTADO": "MALO", "MATERIAL": "TIERRA", "VIAS": 1, "CLASE": "PEATONAL", "ANCHO_1": "3.00" }, "geometry": { "type": "MultiLineString", "coordinates": [ [ [ -89.178332224632143, 13.653974322599897 ], [ -89.178318328040419, 13.653880652982208 ], [ -89.178296720115782, 13.653726943941569 ], [ -89.178237486405891, 13.653733445391806 ], [ -89.178159127023804, 13.653756645700376 ], [ -89.178070519545571, 13.6537637423113 ], [ -89.177997756822734, 13.653785162615547 ], [ -89.177981759783222, 13.653803691773074 ], [ -89.177920065487456, 13.65385850519846 ], [ -89.177881390059497, 13.653913298096491 ], [ -89.17784856265034, 13.653966707526298 ], [ -89.177834770704877, 13.653999232636661 ], [ -89.177814089386942, 13.654059370553647 ], [ -89.177819859156187, 13.65407683353672 ], [ -89.177836001680078, 13.654104430240931 ], [ -89.177835436198222, 13.654119079204941 ], [ -89.177805535920399, 13.654169246969756 ], [ -89.177784287094738, 13.654194374298974 ], [ -89.177756921575906, 13.654242383656893 ], [ -89.177745099120415, 13.654248885630174 ], [ -89.177683063888679, 13.654231993483602 ], [ -89.17764612057293, 13.654218465626702 ] ] ] } },
{ "type": "Feature", "properties": { "FID_1": 888, "NOMBRE_DE": "PASAJE B", "Text_1": "COLONIA LAS MERCEDES", "ESTADO": "MALO", "MATERIAL": "TIERRA", "VIAS": 1, "CLASE": "PEATONAL", "ANCHO_1": "3.75" }, "geometry": { "type": "MultiLineString", "coordinates": [ [ [ -89.178364722382895, 13.654067500153086 ], [ -89.178341151073113, 13.654026050133256 ], [ -89.178332225634506, 13.653974321254653 ] ] ] } },
{ "type": "Feature", "properties": { "FID_1": 889, "NOMBRE_DE": "CALLE DAVID POSADA", "Text_1": "COLONIA LAS MERCEDES", "ESTADO": "BUENO", "MATERIAL": "ASFALTO", "VIAS": 2, "CLASE": "VEHICULAR", "ANCHO_1": "5.00" }, "geometry": { "type": "MultiLineString", "coordinates": [ [ [ -89.180459292794538, 13.654822096869843 ], [ -89.180366626910541, 13.654784871505052 ], [ -89.180240208919471, 13.654711320340512 ], [ -89.180133678939825, 13.654650260873941 ], [ -89.180028566722825, 13.654589201978208 ], [ -89.179791832568384, 13.654518784940242 ], [ -89.179650937494188, 13.654477440865007 ], [ -89.179528451941621, 13.654449619611443 ], [ -89.179353944238883, 13.654402133629057 ], [ -89.17921802572441, 13.654357904182989 ], [ -89.179134129077994, 13.654336622512863 ], [ -89.179001566316842, 13.654294031789531 ], [ -89.178892829963189, 13.654250112840113 ], [ -89.178819017440986, 13.654224255155894 ], [ -89.17874566578881, 13.654202778109322 ], [ -89.178674752021266, 13.65417412174245 ], [ -89.178647859490127, 13.654170950839477 ], [ -89.178528048263132, 13.65413196253138 ], [ -89.17849381996281, 13.65412560925447 ], [ -89.178402579068873, 13.65408234273025 ], [ -89.178364721383147, 13.65406750095983 ] ] ] } },
{ "type": "Feature", "properties": { "FID_1": 890, "NOMBRE_DE": "PASAJE A", "Text_1": "COLONIA LAS MERCEDES", "ESTADO": "MALO", "MATERIAL": "TIERRA", "VIAS": 1, "CLASE": "PEATONAL", "ANCHO_1": "3.90" }, "geometry": { "type": "MultiLineString", "coordinates": [ [ [ -89.178652883906821, 13.653747060417025 ], [ -89.178664919224829, 13.653814375334179 ], [ -89.178661004759633, 13.653820517419012 ], [ -89.178641416725696, 13.653832038312542 ], [ -89.178545032627213, 13.653873533843253 ], [ -89.178380470158686, 13.653938860083944 ], [ -89.178332224632143, 13.653974322599897 ], [ -89.178269739968727, 13.653991136616922 ], [ -89.178217320585958, 13.654012851737235 ], [ -89.178129498124235, 13.654067375200814 ], [ -89.178093403651559, 13.654102751078861 ], [ -89.178034873606578, 13.654162030954689 ], [ -89.177995858480116, 13.654210784180011 ], [ -89.177955008737257, 13.65425284117261 ], [ -89.177913049597208, 13.654319154147652 ], [ -89.177877927631656, 13.654355257524838 ], [ -89.177853930313461, 13.654367022082917 ], [ -89.177749661619202, 13.654371600943135 ], [ -89.177584401343452, 13.65437050165103 ], [ -89.177565944621534, 13.654389881612973 ], [ -89.177538268795288, 13.654431220649174 ], [ -89.17750140462492, 13.654534542412238 ], [ -89.177484785268618, 13.654588244075127 ] ] ] } },
{ "type": "Feature", "properties": { "FID_1": 1002, "NOMBRE_DE": "CALLE PRINCIPAL", "Text_1": "COLONIA LAS MERCEDES", "ESTADO": "MALO", "MATERIAL": "TIERRA", "VIAS": 1, "CLASE": "PEATONAL", "ANCHO_1": "1.50" }, "geometry": { "type": "MultiLineString", "coordinates": [ [ [ -89.180580951435729, 13.655694753934096 ], [ -89.18057381370852, 13.655676397796881 ], [ -89.180549970236314, 13.655582610077765 ], [ -89.180443563931902, 13.655615189707653 ], [ -89.180416122471897, 13.655591719715375 ] ] ] } },
{ "type": "Feature", "properties": { "FID_1": 1194, "NOMBRE_DE": "PASAJE RODAS", "Text_1": "COLONIA LAS MERCEDES", "ESTADO": "MALO", "MATERIAL": "TIERRA", "VIAS": 1, "CLASE": "VEHICULAR", "ANCHO_1": "3.40" }, "geometry": { "type": "MultiLineString", "coordinates": [ [ [ -89.180887278307367, 13.654225945193813 ], [ -89.180749817709028, 13.654245579828011 ], [ -89.180668875426093, 13.654253112868822 ], [ -89.180452539734389, 13.654276553809865 ] ] ] } },
{ "type": "Feature", "properties": { "FID_1": 622, "NOMBRE_DE": "PASAJE EL ESFUERZO", "Text_1": "COLONIA MARABU", "ESTADO": "MALO", "MATERIAL": "TIERRA", "VIAS": 1, "CLASE": "PEATONAL", "ANCHO_1": "3.00" }, "geometry": { "type": "MultiLineString", "coordinates": [ [ [ -89.180676533173312, 13.650339983953391 ], [ -89.180670111799657, 13.65027255369864 ], [ -89.180666847858092, 13.65021427159747 ], [ -89.180642589166695, 13.650064640029258 ], [ -89.180631245869833, 13.649965407187048 ], [ -89.180615098036938, 13.649897683007755 ], [ -89.180600574677428, 13.6498493391942 ], [ -89.180586024345089, 13.649765861271879 ], [ -89.180424957650771, 13.649525213712586 ] ] ] } },
{ "type": "Feature", "properties": { "FID_1": 999, "NOMBRE_DE": "PASAJE EL ESFUERZO", "Text_1": "COLONIA MARABU", "ESTADO": "MALO", "MATERIAL": "TIERRA", "VIAS": 1, "CLASE": "PEATONAL", "ANCHO_1": "2.20" }, "geometry": { "type": "MultiLineString", "coordinates": [ [ [ -89.180937923797316, 13.650674042309637 ], [ -89.180869154571738, 13.650584357585529 ], [ -89.18083782096349, 13.650515335732745 ], [ -89.180822120383425, 13.650436887167677 ], [ -89.180800705083286, 13.65022414768098 ], [ -89.180772977509704, 13.650150807861746 ], [ -89.18076209788093, 13.650083451783573 ], [ -89.180760389266766, 13.649947508887379 ], [ -89.180761541401665, 13.649881209245645 ], [ -89.18076353751097, 13.649869438761444 ], [ -89.180764296536751, 13.649820101402041 ], [ -89.180738599501552, 13.649779713332325 ], [ -89.180732136940563, 13.649719774083025 ], [ -89.18072448906301, 13.64967911056355 ], [ -89.180756966596064, 13.649472363426996 ] ] ] } },
{ "type": "Feature", "properties": { "FID_1": 73, "NOMBRE_DE": "CALLE  LAS DELICIAS", "Text_1": "COLONIA LAS DELICIAS", "ESTADO": "BUENO", "MATERIAL": "ASFALTO", "VIAS": 2, "CLASE": "VEHICULAR", "ANCHO_1": "5.80" }, "geometry": { "type": "MultiLineString", "coordinates": [ [ [ -89.187649466826457, 13.668742598484275 ], [ -89.18756980411132, 13.668766576240978 ], [ -89.187505015502325, 13.668787010142859 ], [ -89.18724588796826, 13.668901964083235 ], [ -89.187203557272227, 13.668917546873331 ], [ -89.187172696941758, 13.668916060931412 ], [ -89.187029258462829, 13.668987136505057 ], [ -89.186876556425233, 13.669055200171313 ], [ -89.186654444039789, 13.669150494473474 ], [ -89.186305065084454, 13.669305678031002 ], [ -89.186198615083939, 13.669349555882183 ], [ -89.186035133255771, 13.669417617807271 ], [ -89.185803772091447, 13.669526509285744 ], [ -89.185654569640917, 13.669543230124432 ], [ -89.18561930990704, 13.669593439263005 ], [ -89.185637660511858, 13.669659086225847 ], [ -89.185684466091217, 13.669710784221291 ], [ -89.185755662708019, 13.669750525154978 ], [ -89.185871572796117, 13.669770333824323 ], [ -89.185975271056577, 13.669772245934942 ], [ -89.186108643088062, 13.669776123848221 ], [ -89.186196058443457, 13.669758149734024 ], [ -89.186263129071904, 13.669724273559797 ], [ -89.186393214780978, 13.669668462860759 ], [ -89.186753000499706, 13.669540847639984 ], [ -89.186933906709214, 13.66947305887429 ], [ -89.187013203975113, 13.669472998586198 ], [ -89.187084417593184, 13.669534626428877 ], [ -89.187194319132757, 13.669667854383627 ], [ -89.187343005542431, 13.669827035818649 ] ] ] } },
{ "type": "Feature", "properties": { "FID_1": 79, "NOMBRE_DE": "7  CALLE ORIENTE", "Text_1": "COLONIA LOS ANDES II", "ESTADO": "MALO", "MATERIAL": "TIERRA", "VIAS": 1, "CLASE": "PEATONAL", "ANCHO_1": "3.65" }, "geometry": { "type": "MultiLineString", "coordinates": [ [ [ -89.181340765924105, 13.670789195667741 ], [ -89.181217517870209, 13.670752922951563 ], [ -89.181133320299779, 13.670732751485852 ], [ -89.181056513804023, 13.670721246047425 ], [ -89.180966413201503, 13.670706859868865 ], [ -89.180824593035922, 13.670654935201929 ], [ -89.180765646377296, 13.670638102880211 ], [ -89.180605432557783, 13.670597289004215 ] ] ] } },
{ "type": "Feature", "properties": { "FID_1": 80, "NOMBRE_DE": "9  CALLE ORIENTE", "Text_1": "COLONIA LOS ANDES II", "ESTADO": "MALO", "MATERIAL": "TIERRA", "VIAS": 1, "CLASE": "VEHICULAR", "ANCHO_1": "4.00" }, "geometry": { "type": "MultiLineString", "coordinates": [ [ [ -89.183391034066858, 13.67075616107196 ], [ -89.183304136894577, 13.670755309827015 ], [ -89.183233224134312, 13.670767610315801 ], [ -89.183138686493706, 13.670800341118069 ], [ -89.183017734196895, 13.670842617488285 ], [ -89.182963512179768, 13.670858988025552 ], [ -89.182846418874846, 13.670900137878617 ], [ -89.18249749312686, 13.670988997370266 ], [ -89.182355346351116, 13.671021433757153 ], [ -89.182107402209439, 13.671060414615114 ], [ -89.181647883245006, 13.671138348720325 ], [ -89.181475976845377, 13.671167573483364 ], [ -89.181244539110509, 13.671174210345818 ] ] ] } },
{ "type": "Feature", "properties": { "FID_1": 81, "NOMBRE_DE": "PASAJE  S/N", "Text_1": "COLONIA LOS ANDES II", "ESTADO": "MALO", "MATERIAL": "TIERRA", "VIAS": 1, "CLASE": "PEATONAL", "ANCHO_1": "5.15" }, "geometry": { "type": "MultiLineString", "coordinates": [ [ [ -89.182110489326476, 13.67105706766662 ], [ -89.18211030573157, 13.671023380351128 ], [ -89.182158370436397, 13.670900615922605 ], [ -89.182187852677416, 13.670856156033373 ], [ -89.182209407052753, 13.670836142942123 ], [ -89.182224130086936, 13.670790583031845 ], [ -89.182230794469504, 13.670705889879349 ] ] ] } },
{ "type": "Feature", "properties": { "FID_1": 82, "NOMBRE_DE": "7 CALLE ORIENTE", "Text_1": "COLONIA LOS ANDES II", "ESTADO": "BUENO", "MATERIAL": "CONCRETO", "VIAS": 1, "CLASE": "PEATONAL - GRAD", "ANCHO_1": "5.10" }, "geometry": { "type": "MultiLineString", "coordinates": [ [ [ -89.181769005067878, 13.670775962887932 ], [ -89.181820380757003, 13.670777837908872 ], [ -89.181919607719564, 13.670769246281736 ], [ -89.182008387719975, 13.670758958697405 ], [ -89.182047555558697, 13.670754670583602 ], [ -89.182230794469504, 13.670705889879349 ], [ -89.182540194227343, 13.670626859096654 ], [ -89.182708773686841, 13.670571771304072 ], [ -89.182874034180557, 13.670500520391178 ], [ -89.183323521649896, 13.670280335308522 ], [ -89.183558178953064, 13.670163768869713 ] ] ] } },
{ "type": "Feature", "properties": { "FID_1": 84, "NOMBRE_DE": "PASAJE S/N", "Text_1": "COLONIA LOS ANDES II", "ESTADO": "MALO", "MATERIAL": "TIERRA", "VIAS": 1, "CLASE": "PEATONAL", "ANCHO_1": "2.90" }, "geometry": { "type": "MultiLineString", "coordinates": [ [ [ -89.182003115964264, 13.671467875117667 ], [ -89.182006872362436, 13.6714218427886 ], [ -89.182026958342334, 13.671292911184677 ], [ -89.182051259321824, 13.671119271460119 ], [ -89.182061822282705, 13.671080995326273 ], [ -89.182062416474736, 13.671064967720502 ] ] ] } },
{ "type": "Feature", "properties": { "FID_1": 86, "NOMBRE_DE": "PASAJE LAS LOMITAS", "Text_1": "COLONIA LOS ANDES II", "ESTADO": "MALO", "MATERIAL": "TIERRA", "VIAS": 1, "CLASE": "PEATONAL", "ANCHO_1": "4.20" }, "geometry": { "type": "MultiLineString", "coordinates": [ [ [ -89.182844890730706, 13.671289417113133 ], [ -89.182840031463769, 13.670740761615678 ], [ -89.182844697624873, 13.670708623221721 ], [ -89.182882057810062, 13.67049130214123 ] ] ] } },
{ "type": "Feature", "properties": { "FID_1": 89, "NOMBRE_DE": "PASAJE EL AMATE", "Text_1": "COLONIA LOS ANDES II", "ESTADO": "MALO", "MATERIAL": "TIERRA", "VIAS": 1, "CLASE": "PEATONAL", "ANCHO_1": "3.90" }, "geometry": { "type": "MultiLineString", "coordinates": [ [ [ -89.180186561341088, 13.672019668824936 ], [ -89.180209661049219, 13.671961977393874 ], [ -89.180241352621067, 13.671890262475484 ], [ -89.180301087307981, 13.671765953086025 ], [ -89.180352283050439, 13.671652403697404 ], [ -89.180388118709871, 13.671569110718609 ], [ -89.180425517669477, 13.671489170031492 ], [ -89.180459933849036, 13.671427560254763 ], [ -89.180488600934609, 13.671415863808084 ], [ -89.180653833554814, 13.670959896779753 ], [ -89.180715103728645, 13.670825274207681 ], [ -89.180770756674463, 13.670641553125943 ] ] ] } },
{ "type": "Feature", "properties": { "FID_1": 94, "NOMBRE_DE": "9  CALLE ORIENTE", "Text_1": "COLONIA LOS ANDES II", "ESTADO": "MALO", "MATERIAL": "TIERRA", "VIAS": 1, "CLASE": "PEATONAL", "ANCHO_1": "5.50" }, "geometry": { "type": "MultiLineString", "coordinates": [ [ [ -89.181216644051574, 13.671145579304165 ], [ -89.181127036928402, 13.67116641074775 ], [ -89.181098490543377, 13.671174649772388 ], [ -89.181014490461408, 13.671146770408123 ], [ -89.180849854555035, 13.671097583520474 ], [ -89.18071353364661, 13.671051025234195 ], [ -89.180621719431244, 13.6710311447439 ], [ -89.180440419549655, 13.670958391127918 ] ] ] } },
{ "type": "Feature", "properties": { "FID_1": 95, "NOMBRE_DE": "11  CALLE ORIENTE", "Text_1": "COLONIA LOS ANDES II", "ESTADO": "MALO", "MATERIAL": "TIERRA", "VIAS": 1, "CLASE": "PEATONAL", "ANCHO_1": "4.80" }, "geometry": { "type": "MultiLineString", "coordinates": [ [ [ -89.180796343453991, 13.671524127316415 ], [ -89.180650404394797, 13.671474644968612 ], [ -89.180488600934609, 13.671415863808084 ], [ -89.180105438738607, 13.671284012585108 ] ] ] } },
{ "type": "Feature", "properties": { "FID_1": 401, "NOMBRE_DE": "CALLE PRINCIPAL", "Text_1": "COLONIA FLORIDA", "ESTADO": null, "MATERIAL": null, "VIAS": 0, "CLASE": null, "ANCHO_1": null }, "geometry": { "type": "MultiLineString", "coordinates": [ [ [ -89.193455557451443, 13.65537923047245 ], [ -89.193585522099582, 13.655460142672334 ], [ -89.19370123500066, 13.655532541819777 ], [ -89.193763638011362, 13.655568100585191 ], [ -89.1938130370295, 13.655590953609863 ], [ -89.193839041022386, 13.655608736249777 ], [ -89.193969039024253, 13.655670950238154 ], [ -89.194019741520421, 13.655698887700014 ], [ -89.194036007172656, 13.655815156872885 ], [ -89.194050899339743, 13.655928945612436 ], [ -89.194134417597596, 13.655937155641608 ], [ -89.194298274809583, 13.655948406004196 ], [ -89.194428370336567, 13.655961026325928 ], [ -89.194409803138996, 13.656034957947465 ], [ -89.194405295939916, 13.656072270858431 ], [ -89.194426020612013, 13.656105655076143 ], [ -89.194462375177864, 13.656161591731349 ], [ -89.194497825541418, 13.656221081447912 ], [ -89.194525984020615, 13.656244155805744 ], [ -89.19461313815728, 13.656260965898023 ], [ -89.194679409945195, 13.656270684478416 ], [ -89.194734797729922, 13.656290182695981 ], [ -89.194888270087617, 13.656372677153636 ], [ -89.194935497029434, 13.656404619713756 ], [ -89.195000199600727, 13.656430233728926 ] ] ] } },
{ "type": "Feature", "properties": { "FID_1": 402, "NOMBRE_DE": "PASAJE PRINCIPAL", "Text_1": "COLONIA FLORIDA", "ESTADO": null, "MATERIAL": null, "VIAS": 0, "CLASE": null, "ANCHO_1": null }, "geometry": { "type": "MultiLineString", "coordinates": [ [ [ -89.194428370823388, 13.655961026983563 ], [ -89.194465986285849, 13.655913152581117 ], [ -89.194503332745413, 13.65582120269187 ] ] ] } },
{ "type": "Feature", "properties": { "FID_1": 334, "NOMBRE_DE": "CALLE PRINCIPAL", "Text_1": "COLONIA SANTA MONICA", "ESTADO": null, "MATERIAL": null, "VIAS": 0, "CLASE": null, "ANCHO_1": null }, "geometry": { "type": "MultiLineString", "coordinates": [ [ [ -89.195819979869725, 13.655195515937889 ], [ -89.195839201636375, 13.65512987587374 ] ] ] } },
{ "type": "Feature", "properties": { "FID_1": 333, "NOMBRE_DE": "PASAJE PRINCIPAL", "Text_1": "COLONIASAN LUIS", "ESTADO": null, "MATERIAL": null, "VIAS": 0, "CLASE": null, "ANCHO_1": null }, "geometry": { "type": "MultiLineString", "coordinates": [ [ [ -89.196409389958646, 13.655068831596328 ], [ -89.196368085942922, 13.655006641784604 ], [ -89.196320798791518, 13.654941070742916 ], [ -89.196137224732539, 13.654706610373429 ] ] ] } },
{ "type": "Feature", "properties": { "FID_1": 337, "NOMBRE_DE": "PASAJE SIN NOMBRE", "Text_1": "COLONIA SAN CRISTOBAL", "ESTADO": "REGULAR", "MATERIAL": "EMPEDRADO", "VIAS": 1, "CLASE": "PEATONAL", "ANCHO_1": "4.25" }, "geometry": { "type": "MultiLineString", "coordinates": [ [ [ -89.190469302372549, 13.651399744833594 ], [ -89.190704551474596, 13.651367316744629 ] ] ] } },
{ "type": "Feature", "properties": { "FID_1": 338, "NOMBRE_DE": "PASAJE CORTIJO", "Text_1": "COLONIA SAN CRISTOBAL", "ESTADO": "REGULAR", "MATERIAL": "EMPEDRADO", "VIAS": 1, "CLASE": "PEATONAL", "ANCHO_1": "6.20" }, "geometry": { "type": "MultiLineString", "coordinates": [ [ [ -89.189279946140985, 13.650864029416983 ], [ -89.189329886256431, 13.650847160350711 ], [ -89.189409291074867, 13.650810232127709 ], [ -89.18943139912605, 13.650807009265394 ], [ -89.189444489457145, 13.65079177147625 ], [ -89.189445302558809, 13.650784557726695 ], [ -89.189540270544242, 13.650752426219535 ], [ -89.18966225290545, 13.650708251969752 ], [ -89.189815079462591, 13.650631194068181 ], [ -89.190512935817239, 13.650567707523409 ] ] ] } },
{ "type": "Feature", "properties": { "FID_1": 339, "NOMBRE_DE": "PASAJE LOS PINOS", "Text_1": "COLONIA SAN CRISTOBAL", "ESTADO": "MALO", "MATERIAL": "TIERRA", "VIAS": 1, "CLASE": "PEATONAL", "ANCHO_1": "3.60" }, "geometry": { "type": "MultiLineString", "coordinates": [ [ [ -89.189223099385174, 13.650604867019338 ], [ -89.189257430850944, 13.650574273376701 ], [ -89.189365613427185, 13.650461091368678 ], [ -89.189446806309618, 13.650445745219677 ], [ -89.189563385635736, 13.650417125971609 ], [ -89.189786830337525, 13.650337478843182 ], [ -89.190124487818409, 13.650146024265341 ], [ -89.190184110725696, 13.650091609843924 ], [ -89.19029717750891, 13.649974731173819 ], [ -89.190397709523609, 13.649934759349035 ] ] ] } },
{ "type": "Feature", "properties": { "FID_1": 405, "NOMBRE_DE": "CALLE ZAMORA", "Text_1": "COLONIA SAN CRISTOBAL", "ESTADO": "BUENO", "MATERIAL": "CONCRETO", "VIAS": 2, "CLASE": "VEHICULAR", "ANCHO_1": "4.80" }, "geometry": { "type": "MultiLineString", "coordinates": [ [ [ -89.192380692292986, 13.653089976044807 ], [ -89.192477656724549, 13.653016914937979 ], [ -89.19256009469774, 13.652952922700896 ], [ -89.192631935163234, 13.652890155166938 ], [ -89.192692823002332, 13.652812100763006 ], [ -89.192783378895498, 13.65270190268066 ], [ -89.192811469069383, 13.652651405733366 ], [ -89.192811401352316, 13.652568810455971 ], [ -89.192792579281473, 13.652486229882159 ], [ -89.192747221158811, 13.652443438230172 ], [ -89.192701890625102, 13.652434296497583 ], [ -89.192651905338579, 13.652466456069138 ], [ -89.192509787502246, 13.652591989906229 ], [ -89.192383281891523, 13.652697627386019 ], [ -89.192308298178816, 13.652738983701804 ], [ -89.192252045059504, 13.652751264032046 ], [ -89.19220046427786, 13.652743656636847 ], [ -89.192164493397271, 13.652713093885621 ], [ -89.192159767310969, 13.652667211284385 ], [ -89.192169104500181, 13.652618258606953 ], [ -89.192223687211197, 13.652474438889373 ], [ -89.192219418163646, 13.652419998981818 ], [ -89.192136460244527, 13.652265579953026 ], [ -89.192067613148183, 13.652166213429048 ], [ -89.1918566018592, 13.651875714327911 ], [ -89.191737631908708, 13.65173327361985 ], [ -89.191613668151149, 13.651625241382426 ], [ -89.191405547939311, 13.651485470749336 ], [ -89.191343706374951, 13.651459049093832 ], [ -89.191222605270895, 13.651413766523159 ], [ -89.191110530897021, 13.65138234200256 ], [ -89.190988125582621, 13.651316892876157 ], [ -89.190906945925875, 13.651266537277882 ], [ -89.190851805690045, 13.651240492923163 ], [ -89.190685650229355, 13.65122297529976 ] ] ] } },
{ "type": "Feature", "properties": { "FID_1": 903, "NOMBRE_DE": "PASAJE S/N", "Text_1": "COLONIA SAN CRISTOBAL", "ESTADO": "MALO", "MATERIAL": "TIERRA", "VIAS": 1, "CLASE": "PEATONAL", "ANCHO_1": "3.40" }, "geometry": { "type": "MultiLineString", "coordinates": [ [ [ -89.189518909993083, 13.651465155473533 ], [ -89.189507954807581, 13.651432104806211 ], [ -89.189404439914753, 13.651193963443605 ], [ -89.189350679531785, 13.651055933144431 ], [ -89.18929692360642, 13.65092336238515 ], [ -89.189279944871203, 13.650864029266815 ], [ -89.189251616891752, 13.650703192231559 ], [ -89.189223099488942, 13.650604867141947 ], [ -89.189206428513856, 13.650583725293995 ], [ -89.189178699201833, 13.650469915219436 ], [ -89.189080032781092, 13.650126611188677 ] ] ] } },
{ "type": "Feature", "properties": { "FID_1": 1097, "NOMBRE_DE": "PASAJE KRIETE", "Text_1": "COLONIA SAN CRISTOBAL", "ESTADO": "REGULAR", "MATERIAL": "EMPEDRADO", "VIAS": 2, "CLASE": "VEHICULAR", "ANCHO_1": "5.80" }, "geometry": { "type": "MultiLineString", "coordinates": [ [ [ -89.190773914629631, 13.651882178142472 ], [ -89.190743067111597, 13.651661445911778 ], [ -89.19070455042818, 13.651367317949036 ], [ -89.190685649738128, 13.651222975465103 ], [ -89.190568069096685, 13.650700713021115 ], [ -89.190512935149883, 13.650567708307248 ], [ -89.190397709456548, 13.64993476049413 ], [ -89.190370169940735, 13.649727788177422 ], [ -89.19032760318396, 13.649399066035141 ], [ -89.190297594077165, 13.649214493810721 ], [ -89.190246523212679, 13.648998795897269 ] ], [ [ -89.190283785194637, 13.65246505428804 ], [ -89.190345861615199, 13.652399859007861 ], [ -89.190481114205411, 13.652280319330432 ], [ -89.190596421694124, 13.652189023521565 ], [ -89.190667362488455, 13.652110792503006 ], [ -89.190753822881817, 13.652017347520427 ], [ -89.190776925559092, 13.651934458664622 ], [ -89.190773914629631, 13.651882178142472 ] ], [ [ -89.190283785194637, 13.65246505428804 ], [ -89.190210267432604, 13.65246341581175 ], [ -89.190015966718747, 13.652492165247395 ], [ -89.189770523982148, 13.652516664035693 ], [ -89.189723756202824, 13.652502400235795 ], [ -89.189706190854082, 13.652460945219742 ], [ -89.189659278327653, 13.652265080131924 ], [ -89.189629033818065, 13.65215777872452 ], [ -89.189639183377011, 13.65212426712376 ], [ -89.189686310157597, 13.652047260753189 ], [ -89.189707576140734, 13.652029133916921 ], [ -89.189869473085096, 13.652003654804826 ], [ -89.190379677385621, 13.651936252791714 ], [ -89.190773914629631, 13.651882178142472 ] ], [ [ -89.190259268841388, 13.652551795007483 ], [ -89.190283785194637, 13.65246505428804 ] ] ] } },
{ "type": "Feature", "properties": { "FID_1": 407, "NOMBRE_DE": "CALLE PRINCIPAL", "Text_1": "LOTIFICACION QUINTA SAN EMILIO", "ESTADO": "MALO", "MATERIAL": "TIERRA", "VIAS": 2, "CLASE": "VEHICULAR", "ANCHO_1": "4.80" }, "geometry": { "type": "MultiLineString", "coordinates": [ [ [ -89.191310878553736, 13.650750467917565 ], [ -89.191313246335582, 13.650750660882597 ], [ -89.191734883358933, 13.650791594567801 ], [ -89.192564747745223, 13.650846771280801 ], [ -89.192554732271276, 13.650730274439629 ], [ -89.192571847949907, 13.650431717782535 ], [ -89.192346144608976, 13.650405195438735 ], [ -89.191745931200927, 13.650344984663581 ], [ -89.191305196341276, 13.65030454302123 ], [ -89.190849749640137, 13.650261365809813 ] ] ] } },
{ "type": "Feature", "properties": { "FID_1": 316, "NOMBRE_DE": "PASAJE No 1", "Text_1": "LOT MALENA 1", "ESTADO": "MALO", "MATERIAL": "TIERRA", "VIAS": 1, "CLASE": "PEATONAL", "ANCHO_1": "4.90" }, "geometry": { "type": "MultiLineString", "coordinates": [ [ [ -89.178854387448951, 13.649403561998714 ], [ -89.178733071504325, 13.649437939176606 ], [ -89.17869863409733, 13.649444705801045 ], [ -89.178562264198916, 13.649474467886971 ], [ -89.178547072632568, 13.64942593942315 ], [ -89.178524992568171, 13.649377415959371 ], [ -89.178419074336006, 13.649224715253286 ] ] ] } },
{ "type": "Feature", "properties": { "FID_1": 319, "NOMBRE_DE": "PASAJE EL MOZOTE", "Text_1": "COLONIA MARABU SUR", "ESTADO": "MALO", "MATERIAL": "TIERRA", "VIAS": 1, "CLASE": "PEATONAL", "ANCHO_1": "3.00" }, "geometry": { "type": "MultiLineString", "coordinates": [ [ [ -89.178501734014546, 13.647863928014301 ], [ -89.178555948579074, 13.64802252528464 ], [ -89.178616686926262, 13.648178981647339 ], [ -89.178540412787626, 13.648206652594538 ], [ -89.17846642039467, 13.648225937780138 ], [ -89.178281473764969, 13.648286421106508 ], [ -89.178101104271832, 13.648339252855473 ], [ -89.178046216675824, 13.64818479146675 ], [ -89.177985741696958, 13.648024000119101 ] ] ] } },
{ "type": "Feature", "properties": { "FID_1": 320, "NOMBRE_DE": "PASAJE CARDENAL", "Text_1": "COLONIA MARABU SUR", "ESTADO": "MALO", "MATERIAL": "TIERRA", "VIAS": 1, "CLASE": "PEATONAL", "ANCHO_1": "4.70" }, "geometry": { "type": "MultiLineString", "coordinates": [ [ [ -89.179825374120057, 13.648317109745873 ], [ -89.179784441985888, 13.648214807981589 ], [ -89.179745098752548, 13.648160637224571 ], [ -89.179762940488473, 13.648130901865974 ], [ -89.179718180488948, 13.648001555087237 ], [ -89.179623287957469, 13.64772538171178 ], [ -89.179577662967077, 13.647593165686596 ] ] ] } },
{ "type": "Feature", "properties": { "FID_1": 323, "NOMBRE_DE": "PASAJE PRIVADO", "Text_1": "COLONIA MARABU SUR", "ESTADO": "MALO", "MATERIAL": "TIERRA", "VIAS": 1, "CLASE": "PEATONAL", "ANCHO_1": "3.70" }, "geometry": { "type": "MultiLineString", "coordinates": [ [ [ -89.178992098971747, 13.647998530057151 ], [ -89.178912494938331, 13.648026429856198 ], [ -89.178836746990157, 13.648047298542263 ], [ -89.178782260123342, 13.648060346653779 ], [ -89.178766310841453, 13.648061659098023 ], [ -89.17875566645121, 13.648047357495576 ], [ -89.178671576575525, 13.647802799240383 ] ] ] } },
{ "type": "Feature", "properties": { "FID_1": 324, "NOMBRE_DE": "PASAJE S/N", "Text_1": "COLONIA MARABU SUR", "ESTADO": "MALO", "MATERIAL": "TIERRA", "VIAS": 1, "CLASE": "PEATONAL", "ANCHO_1": "6.20" }, "geometry": { "type": "MultiLineString", "coordinates": [ [ [ -89.179986231415356, 13.648529357479307 ], [ -89.179971431711081, 13.648489286830893 ], [ -89.179964558139602, 13.648472201181834 ], [ -89.180219613878478, 13.648392779246716 ] ] ] } },
{ "type": "Feature", "properties": { "FID_1": 408, "NOMBRE_DE": "AVENIDA  EL CONDOR", "Text_1": "COLONIA MARABU SUR", "ESTADO": "MALO", "MATERIAL": "CONCRETO", "VIAS": 2, "CLASE": "VEHICULAR", "ANCHO_1": "4.60" }, "geometry": { "type": "MultiLineString", "coordinates": [ [ [ -89.180935135618157, 13.649453587470406 ], [ -89.180901669696311, 13.649290464760684 ], [ -89.180830380055696, 13.648967313973692 ], [ -89.180785974479747, 13.648833623857612 ], [ -89.18073563749202, 13.648625899046218 ], [ -89.180655972979253, 13.648333081238164 ], [ -89.180601117118258, 13.648099964902487 ], [ -89.180544814749254, 13.647887286520152 ], [ -89.180541278426034, 13.647859766991862 ], [ -89.180541257297989, 13.6478322448827 ], [ -89.180521860352201, 13.647749692749107 ], [ -89.18046513117956, 13.647600179181747 ], [ -89.180418871292872, 13.647474083996828 ], [ -89.180371341564694, 13.647387307947767 ], [ -89.180342296415759, 13.647328105848628 ], [ -89.180299545394476, 13.647171014861398 ], [ -89.180242980568039, 13.646985578213208 ] ] ] } },
{ "type": "Feature", "properties": { "FID_1": 409, "NOMBRE_DE": "CALLE PRINCIPAL", "Text_1": "COLONIA MARABU SUR", "ESTADO": "MALO", "MATERIAL": "TIERRA", "VIAS": 1, "CLASE": "PEATONAL", "ANCHO_1": "2.80" }, "geometry": { "type": "MultiLineString", "coordinates": [ [ [ -89.180785974479747, 13.648833623857612 ], [ -89.180692272415143, 13.648856186829731 ], [ -89.180637866883657, 13.64884420567234 ], [ -89.180581730374257, 13.648863137247902 ], [ -89.180543135777029, 13.648875186715665 ], [ -89.180393964865985, 13.64884953662988 ] ] ] } },
{ "type": "Feature", "properties": { "FID_1": 1088, "NOMBRE_DE": "CALLE  EL HALCON", "Text_1": "COLONIA MARABU SUR", "ESTADO": "MALO", "MATERIAL": "TIERRA", "VIAS": 1, "CLASE": "VEHICULAR", "ANCHO_1": "5.00" }, "geometry": { "type": "MultiLineString", "coordinates": [ [ [ -89.180774998135661, 13.646975649955969 ], [ -89.180651691481103, 13.646973381533078 ], [ -89.180562942633955, 13.646966327666181 ], [ -89.180512024773535, 13.646966365049025 ], [ -89.180420375450552, 13.64697070407045 ], [ -89.18036218481781, 13.646970746758218 ], [ -89.180242980096423, 13.646985578716119 ], [ -89.180004815737405, 13.647084911758222 ], [ -89.17981637389093, 13.647155694500597 ], [ -89.179625638447462, 13.647215758270574 ], [ -89.179424923850448, 13.647277127859864 ], [ -89.17939147004526, 13.647285693582134 ], [ -89.179231883935756, 13.647308592124098 ], [ -89.179058786016583, 13.647340041716452 ], [ -89.178930781091196, 13.647361490385784 ], [ -89.178833614686837, 13.647391461739749 ], [ -89.178613992623184, 13.647459962914008 ], [ -89.178489345527368, 13.647501771911978 ] ] ] } },
{ "type": "Feature", "properties": { "FID_1": 1125, "NOMBRE_DE": "CALLE PRINCIPAL", "Text_1": "COLONIA MARABU SUR", "ESTADO": "MALO", "MATERIAL": "ADOQUIN", "VIAS": 2, "CLASE": "VEHICULAR", "ANCHO_1": "4.50" }, "geometry": { "type": "MultiLineString", "coordinates": [ [ [ -89.180246235202631, 13.649570718664497 ], [ -89.180277239408085, 13.64939971186965 ], [ -89.180293396912077, 13.649239376323218 ], [ -89.180314706865644, 13.649164675781813 ], [ -89.180352624153571, 13.649069785983047 ], [ -89.18037453375311, 13.649020098766465 ], [ -89.18038409003367, 13.648961024171122 ], [ -89.180393964332978, 13.648849537934778 ], [ -89.180282537891912, 13.648566068093965 ], [ -89.180249356398008, 13.648479665813168 ], [ -89.180221564249038, 13.648398606588596 ], [ -89.18021961352062, 13.648392779931024 ], [ -89.180148353196316, 13.648179932626116 ], [ -89.180006344494132, 13.647768099418951 ], [ -89.179917333936444, 13.647493794822081 ], [ -89.17981637389093, 13.647155694500597 ] ] ] } },
{ "type": "Feature", "properties": { "FID_1": 1132, "NOMBRE_DE": "CALLE EL HALCON", "Text_1": "COLONIA MARABU SUR", "ESTADO": "MALO", "MATERIAL": "TIERRA", "VIAS": 1, "CLASE": "PEATONAL", "ANCHO_1": "4.00" }, "geometry": { "type": "MultiLineString", "coordinates": [ [ [ -89.180242980568039, 13.646985578213208 ], [ -89.180004816831541, 13.647084911239459 ], [ -89.179816375111301, 13.647155693799649 ] ] ] } },
{ "type": "Feature", "properties": { "FID_1": 1130, "NOMBRE_DE": "CALLE ERMITA", "Text_1": "LOT MALENA 2", "ESTADO": "BUENO", "MATERIAL": "CONCRETO", "VIAS": 2, "CLASE": "PEATONAL", "ANCHO_1": "5.20" }, "geometry": { "type": "MultiLineString", "coordinates": [ [ [ -89.178607852787707, 13.648597077693776 ], [ -89.178534068769125, 13.648560410162576 ], [ -89.178432330473342, 13.648513133099364 ], [ -89.178371132837924, 13.648541201503949 ], [ -89.178267214016159, 13.648586022909358 ] ] ] } },
{ "type": "Feature", "properties": { "FID_1": 314, "NOMBRE_DE": "PASAJE S/N", "Text_1": "LOTIFICACION LAS COLINAS", "ESTADO": "MALO", "MATERIAL": "TIERRA", "VIAS": 1, "CLASE": "PEATONAL", "ANCHO_1": "5.00" }, "geometry": { "type": "MultiLineString", "coordinates": [ [ [ -89.17686657379096, 13.648557965067996 ], [ -89.176854378450543, 13.648469289337484 ], [ -89.176836806399621, 13.648371442472614 ], [ -89.176825067794042, 13.648274406907429 ], [ -89.176808691669407, 13.648171772712805 ] ] ] } },
{ "type": "Feature", "properties": { "FID_1": 321, "NOMBRE_DE": "PASAJE S/N", "Text_1": "LOTIFICACION LAS COLINAS", "ESTADO": "MALO", "MATERIAL": "TIERRA", "VIAS": 1, "CLASE": "PEATONAL", "ANCHO_1": "5.35" }, "geometry": { "type": "MultiLineString", "coordinates": [ [ [ -89.176710104972685, 13.647927462227058 ], [ -89.176698887932005, 13.648172964558645 ] ] ] } },
{ "type": "Feature", "properties": { "FID_1": 322, "NOMBRE_DE": "PASAJE S/N", "Text_1": "LOTIFICACION LAS COLINAS", "ESTADO": "MALO", "MATERIAL": "TIERRA", "VIAS": 1, "CLASE": "PEATONAL", "ANCHO_1": "5.00" }, "geometry": { "type": "MultiLineString", "coordinates": [ [ [ -89.177007213663018, 13.647854091865522 ], [ -89.177149050871449, 13.648189032823886 ] ] ] } },
{ "type": "Feature", "properties": { "FID_1": 311, "NOMBRE_DE": "PASAJE SAN MAURICIO", "Text_1": "COLONIA SAN ANTONIO GUADALUPE", "ESTADO": "MALO", "MATERIAL": "TIERRA", "VIAS": 1, "CLASE": "PEATONAL", "ANCHO_1": "3.70" }, "geometry": { "type": "MultiLineString", "coordinates": [ [ [ -89.175664067440096, 13.650195101380877 ], [ -89.175599328030884, 13.650434710480486 ], [ -89.1755375556464, 13.650599283664208 ] ] ] } },
{ "type": "Feature", "properties": { "FID_1": 312, "NOMBRE_DE": "PASAJE LATINO", "Text_1": "COLONIA SAN ANTONIO GUADALUPE", "ESTADO": "MALO", "MATERIAL": "TIERRA", "VIAS": 1, "CLASE": "PEATONAL", "ANCHO_1": "3.30" }, "geometry": { "type": "MultiLineString", "coordinates": [ [ [ -89.176145624263853, 13.650476070956058 ], [ -89.176127666326238, 13.650365736536456 ], [ -89.176107048732277, 13.650245213895616 ], [ -89.176086407912663, 13.650093643754738 ], [ -89.176091940630315, 13.650005976222987 ], [ -89.176129193238737, 13.649912807000774 ], [ -89.176180629513539, 13.649769731422902 ], [ -89.176220506256939, 13.649663976898516 ], [ -89.176289996233677, 13.64957992565005 ], [ -89.176346152317251, 13.649475607733889 ] ] ] } },
{ "type": "Feature", "properties": { "FID_1": 313, "NOMBRE_DE": "AVENIDA MANGAL", "Text_1": "COLONIA SAN ANTONIO GUADALUPE", "ESTADO": "MALO", "MATERIAL": "TIERRA", "VIAS": 1, "CLASE": "PEATONAL", "ANCHO_1": "3.85" }, "geometry": { "type": "MultiLineString", "coordinates": [ [ [ -89.177275751252836, 13.65025288582863 ], [ -89.177261486481484, 13.650092334935978 ], [ -89.177249760070282, 13.650015520227191 ], [ -89.17719982706565, 13.649913817431864 ], [ -89.177155215171041, 13.649834950111208 ], [ -89.177125441292276, 13.649799979636667 ], [ -89.177067429442673, 13.649762810054195 ], [ -89.177017982403413, 13.64973865826904 ], [ -89.176885765081536, 13.649618746769992 ], [ -89.176777872783717, 13.649517596398567 ] ] ] } },
{ "type": "Feature", "properties": { "FID_1": 317, "NOMBRE_DE": "PASAJE LOS PALMOS", "Text_1": "COLONIA SAN ANTONIO GUADALUPE", "ESTADO": "MALO", "MATERIAL": "TIERRA", "VIAS": 1, "CLASE": "PEATONAL", "ANCHO_1": "2.00" }, "geometry": { "type": "MultiLineString", "coordinates": [ [ [ -89.178169403395913, 13.649459843079612 ], [ -89.17804500378837, 13.649585816130822 ], [ -89.177926768421031, 13.649709654976228 ], [ -89.177801562950634, 13.649821009942368 ], [ -89.177719256664687, 13.649900544014304 ], [ -89.177678376635953, 13.64995591425329 ] ] ] } },
{ "type": "Feature", "properties": { "FID_1": 611, "NOMBRE_DE": "PASAJE GALAN", "Text_1": "COLONIA SAN ANTONIO GUADALUPE", "ESTADO": "MALO", "MATERIAL": "TIERRA", "VIAS": 1, "CLASE": "VEHICULAR", "ANCHO_1": "4.20" }, "geometry": { "type": "MultiLineString", "coordinates": [ [ [ -89.179652911491047, 13.652085512680944 ], [ -89.179692959291458, 13.652065153079178 ], [ -89.179856572213168, 13.652030557210752 ], [ -89.179875852459062, 13.65198049692863 ], [ -89.179898387863574, 13.651729137404898 ], [ -89.179902888640171, 13.651670631655076 ], [ -89.179892653545252, 13.65166062990642 ], [ -89.179889229086868, 13.651640613939241 ], [ -89.179891472926911, 13.651602799627977 ], [ -89.179906244187677, 13.651600564547207 ], [ -89.179914142706082, 13.651527157703256 ], [ -89.179918804837456, 13.651367403151719 ], [ -89.179853215222607, 13.651375198926118 ], [ -89.179734475667985, 13.651389674502466 ], [ -89.179674545057409, 13.651403000231904 ], [ -89.179532828517068, 13.651413260314403 ] ] ] } },
{ "type": "Feature", "properties": { "FID_1": 626, "NOMBRE_DE": "PASAJE SAN JORGE", "Text_1": "COLONIA SAN ANTONIO GUADALUPE", "ESTADO": "MALO", "MATERIAL": "TIERRA", "VIAS": 1, "CLASE": "PEATONAL", "ANCHO_1": "6.00" }, "geometry": { "type": "MultiLineString", "coordinates": [ [ [ -89.179056078173787, 13.65113293799998 ], [ -89.179129073745614, 13.651128474845859 ], [ -89.179280625143704, 13.651099958868116 ], [ -89.179393472999266, 13.651066210750241 ], [ -89.17950847802139, 13.651041929517653 ], [ -89.179619176648529, 13.65100923492186 ], [ -89.179663990728088, 13.650985004876238 ], [ -89.179691920255578, 13.650958683047236 ], [ -89.179766078969379, 13.650938639765869 ], [ -89.179778964316952, 13.650919693322317 ], [ -89.179768087872105, 13.650754090303883 ], [ -89.179764741077008, 13.650656310087387 ] ] ] } },
{ "type": "Feature", "properties": { "FID_1": 785, "NOMBRE_DE": "CALLE PRINCIPAL", "Text_1": "COLONIA SAN ANTONIO GUADALUPE", "ESTADO": "REGULAR", "MATERIAL": "CONCRETO", "VIAS": 2, "CLASE": "VEHICULAR", "ANCHO_1": "4.80" }, "geometry": { "type": "MultiLineString", "coordinates": [ [ [ -89.179280575722998, 13.651707500977286 ], [ -89.179272681741708, 13.651693178845258 ], [ -89.179128022726545, 13.651392504464763 ], [ -89.179120663804781, 13.651315131549509 ], [ -89.179059060464425, 13.651153294193037 ], [ -89.179056078149387, 13.65113293888689 ], [ -89.179041773386871, 13.651035332162211 ], [ -89.179026359400794, 13.650961262026113 ], [ -89.179030624430794, 13.650799138366384 ], [ -89.17904357872321, 13.650560460951061 ], [ -89.179063254072062, 13.650260937914705 ], [ -89.179098335108463, 13.650213615158732 ], [ -89.179145423587372, 13.650157100165746 ], [ -89.179183831368988, 13.650067642716845 ], [ -89.179212854477143, 13.649937196883645 ], [ -89.179196772384529, 13.649804393984549 ] ] ] } },
{ "type": "Feature", "properties": { "FID_1": 787, "NOMBRE_DE": "PASAJE AMERICA", "Text_1": "COLONIA SAN ANTONIO GUADALUPE", "ESTADO": "MALO", "MATERIAL": "TIERRA", "VIAS": 1, "CLASE": "PEATONAL", "ANCHO_1": "4.75" }, "geometry": { "type": "MultiLineString", "coordinates": [ [ [ -89.178787440579981, 13.651329593888454 ], [ -89.178767707784289, 13.651262048094125 ], [ -89.178751339202947, 13.651180140246847 ], [ -89.178726226234133, 13.651035469077774 ], [ -89.178673460625944, 13.650841344241204 ], [ -89.178621721676294, 13.650651838192564 ], [ -89.178604468395449, 13.650579475055144 ], [ -89.178587221515969, 13.650515527686819 ], [ -89.178569986148062, 13.65046672870494 ], [ -89.17854931496143, 13.650422981681956 ], [ -89.178518287753462, 13.650330430676719 ], [ -89.17835869494543, 13.649971431667066 ] ] ] } },
{ "type": "Feature", "properties": { "FID_1": 788, "NOMBRE_DE": "PASAJE BELEN", "Text_1": "COLONIA SAN ANTONIO GUADALUPE", "ESTADO": "MALO", "MATERIAL": "TIERRA", "VIAS": 1, "CLASE": "PEATONAL", "ANCHO_1": "5.10" }, "geometry": { "type": "MultiLineString", "coordinates": [ [ [ -89.178224304814549, 13.651071040708114 ], [ -89.178193615607825, 13.650957190169191 ], [ -89.178114708614245, 13.650808077778366 ], [ -89.178022988769257, 13.650672102728263 ], [ -89.177931230956744, 13.650483567861894 ], [ -89.177848960253115, 13.650310485093321 ], [ -89.177812764015997, 13.650218021010781 ], [ -89.177736194839412, 13.650128014108265 ] ] ] } },
{ "type": "Feature", "properties": { "FID_1": 789, "NOMBRE_DE": "PASAJE BELEN", "Text_1": "COLONIA SAN ANTONIO GUADALUPE", "ESTADO": "MALO", "MATERIAL": "TIERRA", "VIAS": 1, "CLASE": "PEATONAL", "ANCHO_1": "4.70" }, "geometry": { "type": "MultiLineString", "coordinates": [ [ [ -89.178193616284005, 13.650957190080192 ], [ -89.178133933377381, 13.650958145258846 ], [ -89.178048238415826, 13.650953599436308 ], [ -89.177976671214466, 13.650952729666823 ], [ -89.177896629730427, 13.650952787584112 ], [ -89.177852368013319, 13.650948211715926 ], [ -89.177807115859665, 13.650879126172228 ], [ -89.177726554576026, 13.650728989891935 ], [ -89.177660084096928, 13.650636560361125 ], [ -89.177583376494212, 13.650515395178804 ], [ -89.177433081779995, 13.650210217793411 ] ] ] } },
{ "type": "Feature", "properties": { "FID_1": 792, "NOMBRE_DE": "AVENIDA AZUCENA", "Text_1": "COLONIA SAN ANTONIO GUADALUPE", "ESTADO": "MALO", "MATERIAL": "TIERRA", "VIAS": 2, "CLASE": "VEHICULAR", "ANCHO_1": "5.00" }, "geometry": { "type": "MultiLineString", "coordinates": [ [ [ -89.179128022726545, 13.651392504464763 ], [ -89.179074042590869, 13.651361050375881 ], [ -89.179013938763816, 13.651343000256501 ], [ -89.178947678550628, 13.651330985160493 ], [ -89.178787439348923, 13.65132959393716 ], [ -89.178713903073543, 13.65135424076829 ], [ -89.178587128967379, 13.651378426963987 ], [ -89.178534204963114, 13.651389308370829 ], [ -89.178473886288117, 13.651386942360348 ], [ -89.178434484648747, 13.651376129631634 ], [ -89.178391380870039, 13.651350860808121 ], [ -89.178313777806508, 13.651283452190937 ], [ -89.178264494840917, 13.651224456754143 ], [ -89.178226228329009, 13.651087146547601 ], [ -89.178224304814549, 13.651071040708114 ], [ -89.17816593822451, 13.651071750000055 ], [ -89.178050001809623, 13.651089825237094 ], [ -89.177949618648356, 13.651109271707897 ], [ -89.177826620841344, 13.651137038026146 ], [ -89.177726240380778, 13.651157869705385 ], [ -89.17763364367498, 13.651111904436831 ], [ -89.177559044073774, 13.65102614078674 ], [ -89.177453733621832, 13.650914652860806 ], [ -89.177319918638659, 13.650796747737566 ], [ -89.177243143173911, 13.650732438700221 ], [ -89.177186090859038, 13.650661679927442 ], [ -89.177107097379221, 13.65056304609633 ], [ -89.176952795715764, 13.650315732168567 ] ] ] } },
{ "type": "Feature", "properties": { "FID_1": 1075, "NOMBRE_DE": "PASAJE LATINO", "Text_1": "COLONIA SAN ANTONIO GUADALUPE", "ESTADO": "MALO", "MATERIAL": "TIERRA", "VIAS": 1, "CLASE": "VEHICULAR", "ANCHO_1": "6.50" }, "geometry": { "type": "MultiLineString", "coordinates": [ [ [ -89.177726240380778, 13.651157869705385 ], [ -89.177684893212259, 13.651312230229173 ], [ -89.177655105829103, 13.651438229227708 ], [ -89.177632168040191, 13.651503485168377 ], [ -89.17753798200377, 13.651580041027623 ], [ -89.177480540617495, 13.651613826251596 ], [ -89.177400105342215, 13.651638631039223 ], [ -89.177338046373876, 13.651645424663482 ], [ -89.177275987397223, 13.651649966812357 ], [ -89.177209320496075, 13.651643266553055 ], [ -89.177094351187634, 13.651596108443892 ], [ -89.177039388022479, 13.651562464946732 ], [ -89.176964169974482, 13.651499648136232 ], [ -89.176897931096889, 13.651434917088567 ], [ -89.176862480701772, 13.651403010036409 ], [ -89.176830754121212, 13.651361976399995 ], [ -89.176797156008462, 13.651314558256638 ], [ -89.176776424826556, 13.651273874756507 ], [ -89.176741178470465, 13.651219904779003 ], [ -89.176680161185715, 13.651134585143913 ], [ -89.176557208763001, 13.651021634282074 ], [ -89.17643467686058, 13.65092463140256 ], [ -89.176310586277836, 13.650817010589217 ], [ -89.176239226693625, 13.650744243761142 ], [ -89.176117453110905, 13.650622167931441 ], [ -89.176001229308596, 13.650505656308091 ] ] ] } },
{ "type": "Feature", "properties": { "FID_1": 1080, "NOMBRE_DE": "PASAJE BELEN", "Text_1": "COLONIA SAN ANTONIO GUADALUPE", "ESTADO": "REGULAR", "MATERIAL": "EMPEDRADO", "VIAS": 1, "CLASE": "VEHICULAR", "ANCHO_1": "2.80" }, "geometry": { "type": "MultiLineString", "coordinates": [ [ [ -89.177736194839412, 13.650128014108265 ], [ -89.177694583848563, 13.650003890594324 ], [ -89.17767837658208, 13.649955914928556 ], [ -89.1776481456493, 13.649866423998404 ], [ -89.177567298670098, 13.649685097806859 ], [ -89.17748832813848, 13.649535918498957 ], [ -89.177468060355537, 13.649487283717473 ], [ -89.177445473480304, 13.649426773204754 ], [ -89.177409017931893, 13.649373059625477 ], [ -89.177359634363768, 13.649324953947964 ], [ -89.177324924663367, 13.649276974499392 ], [ -89.177274129165014, 13.649205006884994 ], [ -89.17721740934968, 13.649128076083782 ], [ -89.177194807344975, 13.649096770541403 ], [ -89.177183468815613, 13.649045905977582 ], [ -89.177181122530229, 13.648929783971674 ], [ -89.177159760379837, 13.648851113566989 ], [ -89.17713961345936, 13.648771036018813 ], [ -89.177074433114583, 13.648605984907165 ] ] ] } },
{ "type": "Feature", "properties": { "FID_1": 1086, "NOMBRE_DE": "PASAJE LATINO", "Text_1": "COLONIA SAN ANTONIO GUADALUPE", "ESTADO": "MALO", "MATERIAL": "TIERRA", "VIAS": 1, "CLASE": "PEATONAL", "ANCHO_1": "2.80" }, "geometry": { "type": "MultiLineString", "coordinates": [ [ [ -89.176694821920748, 13.650705596215126 ], [ -89.176537508327343, 13.650681413515395 ], [ -89.176117453830571, 13.650622168234738 ] ] ] } },
{ "type": "Feature", "properties": { "FID_1": 1087, "NOMBRE_DE": "PASAJE CORTEZ", "Text_1": "COLONIA SAN ANTONIO GUADALUPE", "ESTADO": "MALO", "MATERIAL": "TIERRA", "VIAS": 1, "CLASE": "PEATONAL", "ANCHO_1": "4.10" }, "geometry": { "type": "MultiLineString", "coordinates": [ [ [ -89.176346153069801, 13.649475607665559 ], [ -89.176517429756203, 13.649500694399194 ], [ -89.176631644639002, 13.649519093556778 ], [ -89.176707833795092, 13.649505092015271 ], [ -89.17677787233643, 13.64951759655772 ], [ -89.17700538386886, 13.649522306555973 ], [ -89.177176222190454, 13.649516512671367 ] ] ] } },
{ "type": "Feature", "properties": { "FID_1": 318, "NOMBRE_DE": "PASAJE EL MAMEY", "Text_1": "COLONIA GUADALUPE", "ESTADO": "REGULAR", "MATERIAL": "CONCRETO", "VIAS": 1, "CLASE": "VEHICULAR", "ANCHO_1": "3.80" }, "geometry": { "type": "MultiLineString", "coordinates": [ [ [ -89.179019089051721, 13.648994836074694 ], [ -89.179030589154976, 13.648967759928279 ], [ -89.179094343298971, 13.648914460927495 ], [ -89.179152481062687, 13.648877692663437 ], [ -89.179230300508493, 13.648815201900888 ], [ -89.17926685782578, 13.648774776746247 ], [ -89.179343428722035, 13.648720477965984 ] ] ] } },
{ "type": "Feature", "properties": { "FID_1": 325, "NOMBRE_DE": "PASAJE No 1", "Text_1": "COLONIA GUADALUPE", "ESTADO": "MALO", "MATERIAL": "TIERRA", "VIAS": 1, "CLASE": "PEATONAL", "ANCHO_1": "2.00" }, "geometry": { "type": "MultiLineString", "coordinates": [ [ [ -89.179743220106189, 13.648692498307826 ], [ -89.179707918818892, 13.648636303581945 ], [ -89.179591534945686, 13.648451601097234 ], [ -89.179505054361002, 13.648315074326829 ] ] ] } },
{ "type": "Feature", "properties": { "FID_1": 1081, "NOMBRE_DE": "PASAJE LA HERMITA", "Text_1": "COLONIA GUADALUPE", "ESTADO": "MALO", "MATERIAL": "TIERRA", "VIAS": 1, "CLASE": "PEATONAL", "ANCHO_1": "4.75" }, "geometry": { "type": "MultiLineString", "coordinates": [ [ [ -89.17955062760484, 13.648296823954725 ], [ -89.179505053860481, 13.648315074137118 ], [ -89.179349315355466, 13.648416821802604 ], [ -89.179201188974972, 13.648505015891427 ], [ -89.179072873099429, 13.648574549889268 ], [ -89.178933543060353, 13.648649382020864 ], [ -89.178763906040174, 13.648714746432198 ], [ -89.178731193878889, 13.648733750112219 ], [ -89.178672163078048, 13.648766814056177 ], [ -89.178667482145656, 13.648766209908484 ] ] ] } },
{ "type": "Feature", "properties": { "FID_1": 1084, "NOMBRE_DE": "PASAJE No 2", "Text_1": "COLONIA GUADALUPE", "ESTADO": "MALO", "MATERIAL": "TIERRA", "VIAS": 1, "CLASE": "PEATONAL", "ANCHO_1": "3.40" }, "geometry": { "type": "MultiLineString", "coordinates": [ [ [ -89.179409717585713, 13.648815147139558 ], [ -89.179372405188232, 13.648767909698243 ], [ -89.179343427753551, 13.64872047804514 ], [ -89.179201188974972, 13.648505015891427 ] ] ] } },
{ "type": "Feature", "properties": { "FID_1": 669, "NOMBRE_DE": "PASAJE PALACIOS", "Text_1": "COLONIA SANTA MARIA", "ESTADO": "MALO", "MATERIAL": "TIERRA", "VIAS": 1, "CLASE": "VEHICULAR", "ANCHO_1": "5.00" }, "geometry": { "type": "MultiLineString", "coordinates": [ [ [ -89.17355986951614, 13.656154154988512 ], [ -89.173562936064471, 13.656084995953785 ], [ -89.173559364198042, 13.655825315608764 ], [ -89.173545736278285, 13.655674019046344 ], [ -89.173543988341308, 13.655548269328424 ] ] ] } },
{ "type": "Feature", "properties": { "FID_1": 670, "NOMBRE_DE": "FINAL CALLE B", "Text_1": "COLONIA SANTA MARIA", "ESTADO": "REGULAR", "MATERIAL": "ASFALTO", "VIAS": 2, "CLASE": "VEHICULAR", "ANCHO_1": "4.80" }, "geometry": { "type": "MultiLineString", "coordinates": [ [ [ -89.173909896413534, 13.655198813320395 ], [ -89.17373061059314, 13.655104503549227 ], [ -89.173577214840051, 13.655031721296938 ], [ -89.173292370665067, 13.654941880891618 ], [ -89.173006389567718, 13.654814995084342 ] ] ] } },
{ "type": "Feature", "properties": { "FID_1": 671, "NOMBRE_DE": "1 CALLE PONIENTE", "Text_1": "COLONIA SANTA MARIA", "ESTADO": "BUENO", "MATERIAL": "ASFALTO", "VIAS": 2, "CLASE": "VEHICULAR", "ANCHO_1": "6.40" }, "geometry": { "type": "MultiLineString", "coordinates": [ [ [ -89.172460099474904, 13.655598461334719 ], [ -89.172081336621858, 13.655540621523416 ], [ -89.171997576474212, 13.655541365324405 ], [ -89.17187809095708, 13.655518296516028 ], [ -89.171765703327551, 13.6554986955997 ], [ -89.171415542769608, 13.655452635230208 ] ] ] } },
{ "type": "Feature", "properties": { "FID_1": 672, "NOMBRE_DE": "PASAJE # 1", "Text_1": "COLONIA SANTA MARIA", "ESTADO": "MALO", "MATERIAL": "TIERRA", "VIAS": 1, "CLASE": "PEATONAL", "ANCHO_1": "3.20" }, "geometry": { "type": "MultiLineString", "coordinates": [ [ [ -89.172540062656722, 13.655041356467455 ], [ -89.172456777594135, 13.65502418012872 ], [ -89.172467246589093, 13.654931365715637 ], [ -89.17249335550332, 13.65473872187191 ] ] ] } },
{ "type": "Feature", "properties": { "FID_1": 673, "NOMBRE_DE": "AVENIDA MEXICO", "Text_1": "COLONIA SANTA MARIA", "ESTADO": "MALO", "MATERIAL": "ADOQUIN MIXTO", "VIAS": 2, "CLASE": "VEHICULAR", "ANCHO_1": "6.80" }, "geometry": { "type": "MultiLineString", "coordinates": [ [ [ -89.172404984124015, 13.656035475897408 ], [ -89.172416799620194, 13.65595606022727 ], [ -89.172442606259551, 13.655786867666709 ], [ -89.172462496321415, 13.655598827348479 ], [ -89.172497225314942, 13.65531323949309 ], [ -89.172540061526647, 13.655041356065437 ] ] ] } },
{ "type": "Feature", "properties": { "FID_1": 680, "NOMBRE_DE": "FINAL PASAJE TEJADA", "Text_1": "COLONIA SANTA MARIA", "ESTADO": "BUENO", "MATERIAL": "ASFALTO", "VIAS": 2, "CLASE": "PEATONAL", "ANCHO_1": "5.00" }, "geometry": { "type": "MultiLineString", "coordinates": [ [ [ -89.171868132735241, 13.65419927282681 ], [ -89.171843012327173, 13.654023533797901 ], [ -89.171833073585105, 13.653903990274788 ], [ -89.171832970735821, 13.653763229310805 ], [ -89.171805219241733, 13.653533788928058 ], [ -89.171773688555618, 13.65338868026916 ] ] ] } },
{ "type": "Feature", "properties": { "FID_1": 694, "NOMBRE_DE": "PASAJE S/N", "Text_1": "COLONIA SANTA MARIA", "ESTADO": "MALO", "MATERIAL": "TIERRA", "VIAS": 1, "CLASE": "PEATONAL", "ANCHO_1": "2.00" }, "geometry": { "type": "MultiLineString", "coordinates": [ [ [ -89.173909896413534, 13.655198813320395 ], [ -89.173934756970681, 13.655171581577939 ], [ -89.173952256237285, 13.655085629747623 ], [ -89.173976334131893, 13.65498964699227 ], [ -89.173985096468527, 13.654963858957101 ], [ -89.1740311561326, 13.654957907376835 ] ] ] } },
{ "type": "Feature", "properties": { "FID_1": 696, "NOMBRE_DE": "PASAJE S/N", "Text_1": "COLONIA SANTA MARIA", "ESTADO": "MALO", "MATERIAL": "TIERRA", "VIAS": 1, "CLASE": "PEATONAL", "ANCHO_1": "2.70" }, "geometry": { "type": "MultiLineString", "coordinates": [ [ [ -89.174710494126671, 13.655721894864721 ], [ -89.175067606547998, 13.655690054319978 ] ] ] } },
{ "type": "Feature", "properties": { "FID_1": 777, "NOMBRE_DE": "1a CALLE PONIENTE", "Text_1": "COLONIA SANTA MARIA", "ESTADO": "BUENO", "MATERIAL": "ASFALTO", "VIAS": 2, "CLASE": "VEHICULAR", "ANCHO_1": "6.50" }, "geometry": { "type": "MultiLineString", "coordinates": [ [ [ -89.172022178858413, 13.655997590541283 ], [ -89.172081336621858, 13.655540621523416 ], [ -89.172127487806137, 13.655228745827806 ], [ -89.172161616946426, 13.655026454157813 ], [ -89.172189355999166, 13.654830456256725 ], [ -89.172166471531028, 13.654733722969379 ] ] ] } },
{ "type": "Feature", "properties": { "FID_1": 778, "NOMBRE_DE": "3a AVENIDA SUR", "Text_1": "COLONIA SANTA MARIA  !     `                                              $        0                                                                                                     (    `   !         0                (  $          !", "ESTADO": "BUENO", "MATERIAL": "ASFALTO", "VIAS": 2, "CLASE": "VEHICULAR", "ANCHO_1": "5.82" }, "geometry": { "type": "MultiLineString", "coordinates": [ [ [ -89.172127488284147, 13.655228744462782 ], [ -89.171940498958975, 13.655195428546346 ], [ -89.171679121525017, 13.655156262067621 ], [ -89.171468009266633, 13.655124930086567 ] ] ] } },
{ "type": "Feature", "properties": { "FID_1": 779, "NOMBRE_DE": "wa CCLLD KRIDNTE!                              `", "Text_1": "COLONIA\"SANTA MARIA           (    `", "ESTADO": "REGULAR", "MATERIAL": "ADOQUIN", "VIAS": 2, "CLASE": "VEHI\u0003ULAR", "ANCHO_1": "5.40     " }, "geometry": { "type": "MultiLineString", "coordinates": [ [ [ -89.171773688555618, 13.65338868026916 ], [ -89.171694251860174, 13.653309823351101 ], [ -89.171620551256026, 13.653234448558727 ], [ -89.171447434241642, 13.653048517925514 ] ] ] } },
{ "type": "Feature", "properties": { "FID_1": 0, "NOMBRE_DE": "CALLE MEXICO \"", "Text_1": "COLONIA SANTA MARIA                                  0         `                        `", "ESTADO": "RDGULAR", "MATERIAL": "TIERRA", "VIAS": 1, "CLASE": "PEATÏNAL", "ANCHO_1": "5.40" }, "geometry": { "type": "MultiLineString", "coordinates": [ [ [ -89.173216844770593, 13.655431008373313 ], [ -89.17324605230354, 13.655289740031453 ], [ -89.173265511257512, 13.655149971435581 ], [ -89.173122700869115, 13.655140499589514 ], [ -89.173064017962687, 13.65514436799018 ], [ -89.173002100812866, 13.655130869513627 ] ] ] } },
{ "type": "Feature", "properties": { "FID_1": 872, "NOMBRE_DE": "5 CALLE ORIENTE", "Text_1": "COLONIA SANTA MARIA", "ESTADO": "BUENO", "MATERIAL": "ADOQUIN", "VIAS": 2, "CLASE": "ADOQUIN", "ANCHO_1": "6.00" }, "geometry": { "type": "MultiLineString", "coordinates": [ [ [ -89.172166471531028, 13.654733722969379 ], [ -89.172090439868157, 13.654753621691665 ], [ -89.171869820010244, 13.654632220346008 ], [ -89.171555391436229, 13.654486074626112 ], [ -89.171177690450222, 13.654287782941884 ], [ -89.17111253067101, 13.654224105533219 ] ] ] } },
{ "type": "Feature", "properties": { "FID_1": 1011, "NOMBRE_DE": "CALLE PRINCIPAL", "Text_1": "COLONIA SANTA MARIA", "ESTADO": "BUENO", "MATERIAL": "ADOQUIN", "VIAS": 2, "CLASE": "VEHICULAR", "ANCHO_1": "6.00" }, "geometry": { "type": "MultiLineString", "coordinates": [ [ [ -89.171373041052831, 13.655891239309609 ], [ -89.171393553637373, 13.655706245094448 ], [ -89.171415542769608, 13.655452635230208 ], [ -89.171468007968812, 13.655124929941152 ], [ -89.171497368657739, 13.654868150963594 ], [ -89.171525106318441, 13.654667190658374 ], [ -89.171555391436229, 13.654486074626112 ] ] ] } },
{ "type": "Feature", "properties": { "FID_1": 1014, "NOMBRE_DE": "2a AVENIDA SUR", "Text_1": "COLONIA SANTA MARIA                                                                                                                                                                                                                        p", "ESTADO": "MALO  !", "MATERIAL": "ADOQUIN", "VIAS": 0, "CLASE": "VEhICULAR`    0", "ANCHO_1": "6.00" }, "geometry": { "type": "MultiLineString", "coordinates": [ [ [ -89.170868617669129, 13.654581123456422 ], [ -89.17111253067101, 13.654224105533219 ], [ -89.171336958212748, 13.65393495974093 ], [ -89.171551619198667, 13.65364805546217 ], [ -89.171773688392207, 13.653388681372077 ] ] ] } },
{ "type": "Feature", "properties": { "FID_1": 1133, "NOMBRE_DE": "CALLE SAN AN\u0014ONIO    $         $     !", "Text_1": "COLONIA ENCÁRN@CION    0   0    \"                          `                                     `           (                                                             \"", "ESTADO": "MQLO", "MATERIAL": "ADOQUIN", "VIAS": 2, "CLASE": "VEHICULAR", "ANCHO_1": "4.30" }, "geometry": { "type": "MultiLineString", "coordinates": [ [ [ -89.170795470184288, 13.653855727110795 ], [ -89.170655561738087, 13.653740037104516 ], [ -89.170422253308331, 13.653565221164177 ], [ -89.170337261091092, 13.653502726881372 ], [ -89.170225897252223, 13.653422196669075 ], [ -89.170123441907094, 13.653347105454257 ], [ -89.169999109950112, 13.653271345455773 ] ] ] } },
{ "type": "Feature", "properties": { "FID_1": 0, "NOMBRE_DE": "AVENIDA SAN ANT_NIO   \"", "Text_1": "CO\\ONIA ENCArNACION                           `     (              $", "ESTADO": "MALO", "MATERIAL": "ASFALTO", "VIAS": 2, "CLASE": "VEhICULAR", "ANCHO_1": "8.30" }, "geometry": { "type": "MultiLineString", "coordinates": [ [ [ -89.170503179822418, 13.654219519643185 ], [ -89.17059775850268, 13.654121124041014 ], [ -89.170795470341062, 13.653855727143405 ] ] ] } },
{ "type": "Feature", "properties": { "FID_1": 0, "NOMBRE_DE": "PASAJE NO>4     (                                $", "Text_1": "G_MUNIDAD ENCARNACION           (        $", "ESTADO": "RMGULAR", "MATERIAL": "CONCRETO   ", "VIAS": 1, "CLASE": "PEATONAL   0", "ANCHO_1": "3.70    !" }, "geometry": { "type": "MultiLineString", "coordinates": [ [ [ -89.171016096860768, 13.653059111982875 ], [ -89.170806040923367, 13.653096660444209 ], [ -89.170656139308022, 13.653113693188358 ] ] ] } },
{ "type": "Feature", "properties": { "FID_1": 1016, "NOMBRE_DE": "PÁSAJE No 3                 !      $        `", "Text_1": "COMUNIDAD ENCARNACION                 $            $", "ESTADO": "MALO", "MATERIAL": "TIERRA ", "VIAS": 1, "CLASE": "PEAÔONaL     0", "ANCHO_1": "3.50" }, "geometry": { "type": "MultiLineString", "coordinates": [ [ [ -89.171069340022214, 13.653299501709709 ], [ -89.171013681584256, 13.653306663675989 ], [ -89.170977495920297, 13.653315158672402 ], [ -89.170941304656935, 13.653315953817788 ], [ -89.170877584528441, 13.653328317862483 ], [ -89.170835107981588, 13.653341437118742 ], [ -89.170830401850566, 13.653361459996118 ], [ -89.170819508264088, 13.653387429721398 ] ] ] } },
{ "type": "Feature", "properties": { "FID_1": 1017, "NOMBRE_DE": "PASAJE No\"5                        `", "Text_1": "COMUNIDAD ENCARNACION                                  `                   `                    !     $      (", "ESTADO": "REGULÁR", "MATERIAL": "CONCRETO", "VIAS": 1, "CLASE": "PEATOFAL    `", "ANCHO_1": "3.90" }, "geometry": { "type": "MultiLineString", "coordinates": [ [ [ -89.170861386290383, 13.652833842598991 ], [ -89.1706253894734, 13.652876951552699 ] ] ] } },
{ "type": "Feature", "properties": { "FID_1": 1, "NOMBRE_DE": "PASAJE No 7                    !     0", "Text_1": "KOMUNIDAD ENSARNACION0", "ESTADO": "MALO", "MATERIAL": "TIERRA", "VIAS": 1, "CLASE": "PEATONAL", "ANCHO_1": "4.60" }, "geometry": { "type": "MultiLineString", "coordinates": [ [ [ -89.170727856779791, 13.652614568862475 ], [ -89.170573166251444, 13.652644175188232 ] ] ] } },
{ "type": "Feature", "properties": { "FID_1": 1019, "NOMBRE_DE": "PASAJE No 2", "Text_1": "COMUNIDAD ENCARNACION", "ESTADO": "MALO", "MATERIAL": "TIERRA", "VIAS": 1, "CLASE": "PEATONAL", "ANCHO_1": "4.00" }, "geometry": { "type": "MultiLineString", "coordinates": [ [ [ -89.170939242827686, 13.653555905978655 ], [ -89.171009884338787, 13.653509768131961 ], [ -89.171056781937736, 13.653477698793848 ], [ -89.171063311173384, 13.653453132766565 ], [ -89.171054073941605, 13.653411986321576 ] ] ] } },
{ "type": "Feature", "properties": { "FID_1": 1020, "NOMBRE_DE": "PASAJE S/N", "Text_1": "COMUNIDAD ENCARNACION", "ESTADO": "MALO", "MATERIAL": "TIERRA", "VIAS": 1, "CLASE": "PEATONAL", "ANCHO_1": "1.50" }, "geometry": { "type": "MultiLineString", "coordinates": [ [ [ -89.171054073941605, 13.653411986321576 ], [ -89.170997697611384, 13.653422946623696 ], [ -89.170870849283062, 13.653445451778522 ] ] ] } },
{ "type": "Feature", "properties": { "FID_1": 1022, "NOMBRE_DE": "CALLE PRINCIPAL              !            `      (", "Text_1": "COMUNADA@ EÎCARNACION (`                  (                             $                         !                                   (", "ESTADO": "BUENO", "MATERIAL": "CONCRETO", "VIAS": 1, "CLASE": "ÐEATONAL      (", "ANCHO_1": "2.00" }, "geometry": { "type": "MultiLineString", "coordinates": [ [ [ -89.170123441907094, 13.653347105454257 ], [ -89.170137873837064, 13.653296339704507 ], [ -89.170161221630636, 13.653258197694699 ], [ -89.170223233064036, 13.653209799980173 ], [ -89.170239423419943, 13.653190226286684 ], [ -89.170272383221828, 13.653153030385706 ], [ -89.170293365011432, 13.653138341923437 ], [ -89.170316333664559, 13.653107998343215 ], [ -89.170335294730052, 13.653066899521264 ], [ -89.170344271877298, 13.653039501740167 ], [ -89.170352254317947, 13.653018952814293 ], [ -89.170342184119292, 13.652918199112701 ], [ -89.170287048126752, 13.65269872302388 ], [ -89.170279009026061, 13.652641011008777 ], [ -89.170258031975209, 13.652539843912496 ], [ -89.170224665912755, 13.652392881069101 ] ] ] } },
{ "type": "Feature", "properties": { "FID_1": 1023, "NOMBRE_DE": "PASAJE ENCARNACION!", "Text_1": "COMTNIDAD E^CARNACION                                                  \"                  #                                                         (   !    \"                                                (               $", "ESTADO": "BUENO", "MATERIAL": "ADOQUIN MIXTO", "VIAS": 1, "CLASE": "REATONAL", "ANCHO_1": "3.50" }, "geometry": { "type": "MultiLineString", "coordinates": [ [ [ -89.170161221630636, 13.653258197694699 ], [ -89.170131139868715, 13.653217913465467 ], [ -89.170094264172761, 13.653018597912451 ], [ -89.17001825833978, 13.652692113252348 ], [ -89.170015234159948, 13.652679122970367 ], [ -89.169964841764568, 13.652433766913811 ] ] ] } },
{ "type": "Feature", "properties": { "FID_1": 1025, "NOMBRE_DE": "@ASANE S/N", "Text_1": "COMUNIDaD ENCARNACION  0                 !                                                                        \"         $             \"          1                     (                    0  \"  (  !          \"", "ESTADO": "BUENO", "MATERIAL": "CONCRETO", "VIAS": 1, "CLASE": "PEATONAL", "ANCHO_1": "4.30" }, "geometry": { "type": "MultiLineString", "coordinates": [ [ [ -89.170279010301499, 13.6526410108611 ], [ -89.170210044041724, 13.652648884685338 ], [ -89.170098103761106, 13.652668527337509 ], [ -89.170018258071011, 13.652692114075514 ] ] ] } },
{ "type": "Feature", "properties": { "FID_1": 1061, "NOMBRE_DE": "PASAJE TAZUMAL", "Text_1": "COMUNIDAD ENCARNACION", "ESTADO": "REGULAR", "MATERIAL": "CONCRETO", "VIAS": 1, "CLASE": "PEATONAL", "ANCHO_1": "2.50" }, "geometry": { "type": "MultiLineString", "coordinates": [ [ [ -89.170704618671934, 13.653552495813756 ], [ -89.170609560541905, 13.65349653127984 ], [ -89.170529686529747, 13.653435998643163 ], [ -89.170469378087731, 13.653397772817373 ], [ -89.170360162544483, 13.653314937857655 ], [ -89.170223233064036, 13.653209799980173 ] ] ] } },
{ "type": "Feature", "properties": { "FID_1": 1062, "NOMBRE_DE": "PASAJE LOS PINOS", "Text_1": "COMUNIDAD ENCARNACION", "ESTADO": "REGULAR", "MATERIAL": "ADOQUIN", "VIAS": 1, "CLASE": "VEHICULAR", "ANCHO_1": "3.00" }, "geometry": { "type": "MultiLineString", "coordinates": [ [ [ -89.170422253308331, 13.653565221164177 ], [ -89.170475975444688, 13.653509379619246 ], [ -89.170529686529747, 13.653435998643163 ], [ -89.170589114633486, 13.653358721494445 ], [ -89.170691118128261, 13.653218340813417 ] ] ] } },
{ "type": "Feature", "properties": { "FID_1": 1134, "NOMBRE_DE": "PASAJE LOS ALPES", "Text_1": "COMUNIDAD ENCARNACION", "ESTADO": "REGULAR", "MATERIAL": "ADOQUIN", "VIAS": 2, "CLASE": "VEHICULAR", "ANCHO_1": "6.30" }, "geometry": { "type": "MultiLineString", "coordinates": [ [ [ -89.170714749079409, 13.653235434534423 ], [ -89.170691118128261, 13.653218340813417 ], [ -89.170656139050024, 13.653113694013131 ], [ -89.17064596674993, 13.653002252996203 ], [ -89.170625389466025, 13.652876951288436 ], [ -89.170599614402434, 13.652744187121398 ], [ -89.170573166405006, 13.652644175231245 ], [ -89.170559999839995, 13.652594396266879 ], [ -89.170530634664942, 13.652387768389367 ] ] ] } },
{ "type": "Feature", "properties": { "FID_1": 1135, "NOMBRE_DE": "PASAJE LOS ALPES", "Text_1": "COMUNIDAD ENCARNACION", "ESTADO": "MALO", "MATERIAL": "TIERRA", "VIAS": 1, "CLASE": "PEATONAL", "ANCHO_1": "1.50" }, "geometry": { "type": "MultiLineString", "coordinates": [ [ [ -89.170704619290845, 13.653552494579001 ], [ -89.170705396189774, 13.653551399271233 ], [ -89.170731068654774, 13.653462005456028 ], [ -89.17074432766718, 13.653427870871077 ], [ -89.170785821208966, 13.653402654277414 ], [ -89.170814868448261, 13.653387432944372 ] ] ] } },
{ "type": "Feature", "properties": { "FID_1": 1039, "NOMBRE_DE": "PASAJE 6", "Text_1": "COLONIA EL CENIZAL", "ESTADO": "BUENO", "MATERIAL": "CONCRETO", "VIAS": 2, "CLASE": "VEHICULAR", "ANCHO_1": "3.30" }, "geometry": { "type": "MultiLineString", "coordinates": [ [ [ -89.166985360330798, 13.654632214330549 ], [ -89.166985068657226, 13.654631019145103 ], [ -89.166967352781811, 13.654515296755038 ], [ -89.167065471916885, 13.654493152032133 ], [ -89.167293897601184, 13.654452424876521 ] ] ] } },
{ "type": "Feature", "properties": { "FID_1": 1040, "NOMBRE_DE": "PASAJE 5", "Text_1": "COLONIA EL CENIZAL                                                                                                                                 $                                 !     $             0((  (", "ESTADO": "BUENO", "MATERIAL": "CONCRETO", "VIAS": 1, "CLASE": "vEHICULAR", "ANCHO_1": "3.7=" }, "geometry": { "type": "MultiLineString", "coordinates": [ [ [ -89.167355234696842, 13.654781092599661 ], [ -89.167336014270063, 13.654689333193485 ], [ -89.167305894422881, 13.654532445007602 ], [ -89.167293898935114, 13.65445474388962 ], [ -89.167249386601142, 13.654228856406375 ] ] ] } },
{ "type": "Feature", "properties": { "FID_1": 1041, "NOMBRE_DE": "PASAJE 7           (", "Text_1": "COLONIA EL CENIZÁL   `                                                  !  \" 0                     `   \"                           `!       \"         \"`   ¡   ", "ESTADO": "BUENO   %", "MATERIAL": "CONCRETO", "VIAS": 0, "CLASE": "PEATONAL", "ANCHO_1": "4.00" }, "geometry": { "type": "MultiLineString", "coordinates": [ [ [ -89.167791795595832, 13.653621042381122 ], [ -89.167930248293672, 13.653594527308673 ] ] ] } },
{ "type": "Feature", "properties": { "FID_1": 0, "NOMBRE_DE": "PASAJD`1      !                                ", "Text_1": "COLONIA EL CENIZAL                                                         (       0      ! !", "ESTADO": "ÂUEnO", "MATERIAL": "CONARETO", "VIAS": 1, "CLASE": "PEATONAL", "ANCHO_1": "3.52" }, "geometry": { "type": "MultiLineString", "coordinates": [ [ [ -89.168371705650969, 13.654608838092182 ], [ -89.168276881281116, 13.654609331700355 ], [ -89.168038948967023, 13.6546657096505 ], [ -89.167838516360064, 13.654703705779797 ], [ -89.167656632924746, 13.654733372322006 ] ] ] } },
{ "type": "Feature", "properties": { "FID_1": 1055, "NOMBRE_DE": "PASAJE 3 \"0 0                 0", "Text_1": "COLKNIA EL CENIÚAL", "ESTADO": "BUENO", "MATERIAL": "CONCRETO", "VIAS": 1, "CLASE": "PEATONAL `", "ANCHO_1": "3.50" }, "geometry": { "type": "MultiLineString", "coordinates": [ [ [ -89.16814454309295, 13.654106164803089 ], [ -89.168027439165854, 13.654127010229411 ], [ -89.16786632484451, 13.65416326002903 ], [ -89.167633038961313, 13.654207772514825 ], [ -89.167545764063135, 13.65422097372587 ] ] ] } },
{ "type": "Feature", "properties": { "FID_1": 1137, "NOMBRE_DE": "PASAJE\"2                    (   `0", "Text_1": "ÃOLONIA EH CEnIZ@L                                `  0            `         `                  0 !                                 !       \"                                   !           $  (             \"  ( \" `0    \"", "ESTADO": "ÂUENO", "MATERIAL": "CONCRETO", "VIAS": 1, "CLASE": "PEATON\u0001L      a", "ANCHO_1": "3.50" }, "geometry": { "type": "MultiLineString", "coordinates": [ [ [ -89.168257656065279, 13.654357177728805 ], [ -89.168116991670701, 13.654374269857973 ], [ -89.167999981551446, 13.654404043687899 ], [ -89.167786177772456, 13.654448023458357 ], [ -89.167602994983298, 13.654479256233474 ] ] ] } },
{ "type": "Feature", "properties": { "FID_1": 1138, "NOMBRE_DE": "PASAJE 5 0       \"             0           \"", "Text_1": "AOLONIA EL CENIZAL          `         `", "ESTADO": "BÕENO", "MATERIAL": "CONCRETO", "VIAS": 0, "CLASE": "VE@ICULAR", "ANCHO_1": "3.80" }, "geometry": { "type": "MultiLineString", "coordinates": [ [ [ -89.167355233046351, 13.654778773283159 ], [ -89.167286430659814, 13.654766323145765 ], [ -89.167186553721109, 13.654745038892173 ], [ -89.167085832736191, 13.654719648368438 ], [ -89.167040509907196, 13.654710644081756 ], [ -89.167001901548289, 13.654699995043469 ], [ -89.166985359948043, 13.654632214232896 ] ], [ [ -89.167675318400882, 13.654863223023259 ], [ -89.167587532388808, 13.654846101487555 ], [ -89.167496560960259, 13.654817553768526 ], [ -89.167355234696842, 13.654781092599661 ] ] ] } },
{ "type": "Feature", "properties": { "FID_1": 0, "NOMBRE_DE": "PASAJE 17", "Text_1": "URBANI\u001aACION SAN MARCOQ        !                 \"    $                     \"           $", "ESTADO": "BUENO", "MATERIAL": "CONCRETO", "VIAS": 1, "CLASE": "PDAtOFAL", "ANCHO_1": "\".50" }, "geometry": { "type": "MultiLineString", "coordinates": [ [ [ -89.170726349422495, 13.655783453515598 ], [ -89.170751593115313, 13.655725695889567 ], [ -89.170764563622981, 13.655645998049311 ], [ -89.170806825945334, 13.655535998107213 ], [ -89.170826337229414, 13.655492952583772 ], [ -89.170909273017188, 13.655327772568191 ], [ -89.1709731472763, 13.655193124393756 ] ] ] } },
{ "type": "Feature", "properties": { "FID_1": 1, "NOMBRE_DE": "PASAJE 16", "Text_1": "URBAN\tZACION SAN MARCOS", "ESTADO": "BUENO", "MATERIAL": "CONCRETO", "VIAS": null, "CLASE": "PEATONAL", "ANCHO_1": "3.12" }, "geometry": { "type": "MultiLineString", "coordinates": [ [ [ -89.170400744931172, 13.655736193995804 ], [ -89.170429052749014, 13.655673439952688 ], [ -89.170483175055963, 13.655554922254549 ], [ -89.170537316543573, 13.655462929945076 ], [ -89.170600465737621, 13.655333795794029 ], [ -89.170679854187156, 13.655172819858008 ], [ -89.170752597154802, 13.65502586548649 ], [ -89.170786933886518, 13.654952545721953 ] ] ] } },
{ "type": "Feature", "properties": { "FID_1": 1027, "NOMBRE_DE": "PASAJE@15(             \"                  `", "Text_1": "URbANIZACION", "ESTADO": "BUENO", "MATERIAL": "CONCRETO", "VIAS": 0, "CLASE": "PEATONAL", "ANCHO_1": "\".90 $" }, "geometry": { "type": "MultiLineString", "coordinates": [ [ [ -89.170147436478459, 13.655673991682638 ], [ -89.170150139631687, 13.655606849226503 ], [ -89.170219465630083, 13.655479162993121 ], [ -89.170309788641845, 13.655297936478156 ], [ -89.170368598036347, 13.655172316165885 ], [ -89.170437919312292, 13.655038453827277 ], [ -89.170524033332029, 13.65485517146549 ], [ -89.170589147267108, 13.654721311999808 ] ] ] } },
{ "type": "Feature", "properties": { "FID_1": 1028, "NOMBRE_DE": "PASAJE 14 0                  !   (", "Text_1": "URBANIZACION SAN M@ZÃOS         ", "ESTADO": "BUENO", "MATERIAL": "CONCRETO", "VIAS": 1, "CLASE": "QEATOnAL", "ANCHO_1": "³.10" }, "geometry": { "type": "MultiLineString", "coordinates": [ [ [ -89.169870370626484, 13.655562476505986 ], [ -89.169898796115362, 13.655500996552723 ], [ -89.169964212587274, 13.65537154157067 ], [ -89.170030836124795, 13.655233775016113 ], [ -89.170103518444719, 13.655086506286185 ], [ -89.170251896249866, 13.654784732076624 ], [ -89.170325727999142, 13.654623599657207 ] ] ] } },
{ "type": "Feature", "properties": { "FID_1": 1029, "NOMBRE_DE": "PASAJE 13                 ", "Text_1": "URBANIZACION SÁN MARCOS                          \"     0  !                      $", "ESTADO": "BUENO", "MATERIAL": "CONCRETO", "VIAS": 1, "CLASE": "PEATONAD", "ANCHO_1": "2.10" }, "geometry": { "type": "MultiLineString", "coordinates": [ [ [ -89.169605159772757, 13.655436117007085 ], [ -89.169652424254537, 13.655376318466439 ], [ -89.16968358469255, 13.655319438122048 ], [ -89.169757710910488, 13.655164604550302 ], [ -89.169847095195522, 13.654991938031046 ], [ -89.169934210656933, 13.654812742380679 ], [ -89.170033283812273, 13.654610100144643 ], [ -89.170099911997895, 13.654487840148553 ] ] ] } },
{ "type": "Feature", "properties": { "FID_1": 0, "NOMBRE_DE": "PASAJE 12 !                           $", "Text_1": "URBANAZACION SAN MARCOS        !           ! \"         \"!     (", "ESTADO": "BUENO", "MATERIAL": "CONCRETO", "VIAS": 1, "CLASE": "PEAT\u000fNAL      ", "ANCHO_1": "2.90" }, "geometry": { "type": "MultiLineString", "coordinates": [ [ [ -89.169373580672257, 13.655311897019086 ], [ -89.169403963974887, 13.65525022999566 ], [ -89.169464611744459, 13.655131314151115 ], [ -89.16953062110646, 13.654996916202062 ], [ -89.169623911451367, 13.654812036284902 ], [ -89.169721850909824, 13.654616865292146 ], [ -89.169866576536535, 13.654324007014454 ] ] ] } },
{ "type": "Feature", "properties": { "FID_1": 1031, "NOMBRE_DE": "C@LLE ESTACIONAMIE^TO          !        !$", "Text_1": "URBA\u000eIZACIÏN SAN MARCOS", "ESTADO": "BUENO  ", "MATERIAL": "ASFALTO", "VIAS": 2, "CLASE": "VEHICULAR", "ANCHO_1": "9.10  ( `" }, "geometry": { "type": "MultiLineString", "coordinates": [ [ [ -89.170554187216013, 13.65470763499294 ], [ -89.170532956235789, 13.654699328848544 ], [ -89.170438707232165, 13.654666709685371 ], [ -89.170325728235312, 13.654623599775395 ], [ -89.170228849889739, 13.654577087411193 ], [ -89.170099911677283, 13.654487840974035 ], [ -89.16986657531011, 13.654324007085023 ], [ -89.16981442517995, 13.654265857689197 ], [ -89.169642074420722, 13.65416568767138 ], [ -89.169557516527021, 13.654100761509602 ], [ -89.169438035827469, 13.65403604916618 ], [ -89.16940571551477, 13.654001195603477 ], [ -89.169400359848851, 13.653995419756168 ], [ -89.169340611480663, 13.653952263890982 ], [ -89.169235849610743, 13.653947252710294 ], [ -89.168905511299727, 13.654002253571536 ] ] ] } },
{ "type": "Feature", "properties": { "FID_1": 1032, "NOMBRE_DE": "CALLE PRINCÉPAL URÂANIZACION SAN MARCOS         0", "Text_1": "URBANIZACKON SAN MARCO[  $", "ESTADO": "BUENO", "MATERIAL": "ASFALTO", "VIAS": 2, "CLASE": "VEHICULAR", "ANCHO_1": "9,30" }, "geometry": { "type": "MultiLineString", "coordinates": [ [ [ -89.168868803476599, 13.655083509478681 ], [ -89.168919784434237, 13.654957593004339 ], [ -89.168956489677868, 13.654768279691842 ], [ -89.168986730487347, 13.654646777202979 ], [ -89.169001530191125, 13.654551525499574 ], [ -89.168994719409014, 13.654478777863249 ], [ -89.168973587980034, 13.654334162183398 ], [ -89.168942000453796, 13.654207329235437 ], [ -89.168905511299727, 13.654002253571536 ], [ -89.168891617628447, 13.653938845994288 ], [ -89.168834544225987, 13.653678347022405 ], [ -89.168796840500661, 13.653534902237366 ], [ -89.16877005108968, 13.653425212193621 ], [ -89.168730771743256, 13.653280702643277 ], [ -89.168695174135593, 13.653148706899188 ], [ -89.168687130116126, 13.653099131819413 ], [ -89.168666146629832, 13.652988093701042 ], [ -89.168649013911065, 13.652875882368935 ] ] ] } },
{ "type": "Feature", "properties": { "FID_1": 1034, "NOMBRE_DE": "BLOCK B PASAJE 70 0", "Text_1": "URBANIZC\u0003ION SAN ]ARCOC                                        ", "ESTADO": "BUENO", "MATERIAL": "CONCRETO", "VIAS": 1, "CLASE": "PEATONAL   `", "ANCHO_1": "2.50" }, "geometry": { "type": "MultiLineString", "coordinates": [ [ [ -89.168994719551876, 13.654478776512468 ], [ -89.168935252079066, 13.654485431363474 ], [ -89.168789299482057, 13.654519924339175 ], [ -89.168606856304621, 13.654559733442946 ], [ -89.168460902665771, 13.654592903425874 ], [ -89.168371705650969, 13.654608838092182 ] ] ] } },
{ "type": "Feature", "properties": { "FID_1": 11, "NOMBRE_DE": "PASAJE 8$", "Text_1": "URBAN\tZACION SAN MARCOS", "ESTADO": "BUENO$", "MATERIAL": "CONCRETO", "VIAS": 0, "CLASE": "PEATKNAL", "ANCHO_1": "2.50" }, "geometry": { "type": "MultiLineString", "coordinates": [ [ [ -89.168956490961577, 13.654768279092057 ], [ -89.168894376423083, 13.654773894630162 ], [ -89.168770926680438, 13.654804626209032 ], [ -89.168721721949581, 13.654811664961638 ], [ -89.168487340942349, 13.654862611824946 ] ] ] } },
{ "type": "Feature", "properties": { "FID_1": 1036, "NOMBRE_DE": "B\\OCK B PASAJE 6           `         `", "Text_1": "URBANIZACION SAN LARCOS    $                   \"         (             \"   (              0                            `p", "ESTADO": "BUENO0", "MATERIAL": "CONCRETO", "VIAS": 1, "CLASE": "PEATONEL", "ANCHO_1": "2.57" }, "geometry": { "type": "MultiLineString", "coordinates": [ [ [ -89.16894200108419, 13.654207328619981 ], [ -89.168871747279127, 13.654219232423234 ], [ -89.168727613044354, 13.654253712452139 ], [ -89.168541085025538, 13.654296520339349 ], [ -89.16837030370074, 13.654336946194727 ], [ -89.168257656065279, 13.654357177728805 ] ] ] } },
{ "type": "Feature", "properties": { "FID_1": 1037, "NOMBRE_DE": "BLOCk B PASAJE 5 `       `   0          ` ¡     ", "Text_1": "URBANIJACIGN SAN MARCOS                  (                                    `                  (          (!     `        `         $!                  \" 0       (                 $    `                                  0", "ESTADO": "BUENO", "MATERIAL": "CONCRETO", "VIAS": 1, "CLASE": "PEATONAL", "ANCHO_1": "2.50!    " }, "geometry": { "type": "MultiLineString", "coordinates": [ [ [ -89.16814454309295, 13.654106164803089 ], [ -89.168228706512352, 13.654089631593171 ], [ -89.168333905856059, 13.654062100190398 ], [ -89.168420875085786, 13.654045564993979 ], [ -89.168503632593087, 13.654024913740994 ], [ -89.168593404683293, 13.654004257650868 ], [ -89.168685984565997, 13.653986345543242 ], [ -89.168891618872578, 13.653938844910012 ] ] ] } },
{ "type": "Feature", "properties": { "FID_1": 0, "NOMBRE_DE": "PASAJE 3B                             0  0  \"", "Text_1": "URBANIZAcION SAN MARCOS  0      $ $        !                     $                                          (", "ESTADO": "BUUNO", "MATERIAL": "CONCRETO", "VIAS": 1, "CLASE": "PAATONAL      (", "ANCHO_1": "2.´0" }, "geometry": { "type": "MultiLineString", "coordinates": [ [ [ -89.168674339426488, 13.653427454617223 ], [ -89.168591753343222, 13.65345050502845 ], [ -89.168415728170089, 13.653488010509927 ], [ -89.168151694373122, 13.653549957494063 ], [ -89.167930248293672, 13.653594527308673 ] ] ] } },
{ "type": "Feature", "properties": { "FID_1": 0, "NOMBRE_DE": "PISAJE 11            !", "Text_1": "URBANIZACION SAN MARCOS     (     !                                                  \"\"             (        \"", "ESTADO": "BUENO", "MATERIAL": "CONCRETO ", "VIAS": 1, "CLASE": "pE@TONAL", "ANCHO_1": "2.75" }, "geometry": { "type": "MultiLineString", "coordinates": [ [ [ -89.169130077909585, 13.655190867932067 ], [ -89.169159881057112, 13.655133792291521 ], [ -89.169201012673838, 13.65504389190923 ], [ -89.169253290090168, 13.654938025253827 ], [ -89.169287569504888, 13.654867447870933 ], [ -89.169380429544276, 13.654687415583359 ], [ -89.169445466509288, 13.654552929641486 ], [ -89.169563723117989, 13.65431918908183 ], [ -89.169642074002553, 13.654165687306952 ] ] ] } },
{ "type": "Feature", "properties": { "FID_1": 0, "NOMBRE_DE": "PASAJE 16 A  0                          `", "Text_1": "URBANIZACION SAN(MARCOS                !       (      0          $ `           (           (                       \"               $                 \"               \"           !                      \"                             0                 `   0", "ESTADO": "BUENO  0", "MATERIAL": "CONCRETO", "VIAS": 1, "CLASE": "PEATONAL", "ANCHO_1": "2.45     !" }, "geometry": { "type": "MultiLineString", "coordinates": [ [ [ -89.170325727999142, 13.654623599657207 ], [ -89.170356396901255, 13.654576999084099 ], [ -89.170374816646273, 13.654548412055055 ], [ -89.1704361921486, 13.654420537273694 ], [ -89.170479321818348, 13.65433175526459 ] ] ] } },
{ "type": "Feature", "properties": { "FID_1": 1143, "NOMBRE_DE": "PASAJE 13 A   ` 0           \"", "Text_1": "URBANIZACION SAN MARCOS \"       !  0", "ESTADO": "BUENO  !", "MATERIAL": "CONCRETO", "VIAS": 1, "CLASE": "PEÁTONAL$", "ANCHO_1": "2.52" }, "geometry": { "type": "MultiLineString", "coordinates": [ [ [ -89.170099911997895, 13.654487840148553 ], [ -89.170125777602834, 13.654412218038717 ], [ -89.170177434862808, 13.654320786293319 ], [ -89.170250962059697, 13.654179624976788 ] ] ] } },
{ "type": "Feature", "properties": { "FID_1": 1144, "NOMBRE_DE": "PASAJE 12àA                      \"  $", "Text_1": "\u0015RBANIZACION SAN MARCOS           \"                  !                  `                     !     !        ` !   0     `                0    @                         $", "ESTADO": "BUENO", "MATERIAL": "CONCRETO", "VIAS": 1, "CLASE": "PEATONAL", "ANCHO_1": "2.50" }, "geometry": { "type": "MultiLineString", "coordinates": [ [ [ -89.169897849198918, 13.654265968902878 ], [ -89.169907472975822, 13.65424691434429 ], [ -89.169974354721944, 13.654100290249394 ], [ -89.17000095422361, 13.654050445246051 ] ] ] } },
{ "type": "Feature", "properties": { "FID_1": 1145, "NOMBRE_DE": "PASAJE 10 A", "Text_1": "URBANIZACION SAN MARCOS", "ESTADO": "BUENO", "MATERIAL": "CONCRETO", "VIAS": 1, "CLASE": "PEATONAL", "ANCHO_1": "2.60" }, "geometry": { "type": "MultiLineString", "coordinates": [ [ [ -89.169537461184873, 13.653741626700681 ], [ -89.169458710826419, 13.653901363676621 ], [ -89.169405716080803, 13.6540011947978 ] ] ] } },
{ "type": "Feature", "properties": { "FID_1": 1146, "NOMBRE_DE": "PASAJE 11 A", "Text_1": "URBANIZACION SAN MARCOS", "ESTADO": "BUENO", "MATERIAL": "CONCRETO", "VIAS": 1, "CLASE": "PEATONAL", "ANCHO_1": "2.70" }, "geometry": { "type": "MultiLineString", "coordinates": [ [ [ -89.169642074002553, 13.654165687306952 ], [ -89.169670243705724, 13.654098809081285 ], [ -89.169728079755885, 13.653981039559058 ], [ -89.169768036696823, 13.653893520605482 ] ] ] } },
{ "type": "Feature", "properties": { "FID_1": 1147, "NOMBRE_DE": "PASAJE 4 A", "Text_1": "URBANIZACION SAN MARCOS", "ESTADO": "BUENO", "MATERIAL": "CONCRETO", "VIAS": 1, "CLASE": "PEATONAL", "ANCHO_1": "2.40" }, "geometry": { "type": "MultiLineString", "coordinates": [ [ [ -89.16916755264063, 13.653607905178719 ], [ -89.169089741481415, 13.653618342445043 ], [ -89.169017803559811, 13.653632508007872 ], [ -89.168878609192717, 13.653666561417525 ] ] ] } },
{ "type": "Feature", "properties": { "FID_1": 1148, "NOMBRE_DE": "PASAJE 4 A", "Text_1": "URBANIZACION SAN MARCOS", "ESTADO": "BUENO", "MATERIAL": "CONCRETO", "VIAS": 1, "CLASE": "PEATONAL", "ANCHO_1": "10.00" }, "geometry": { "type": "MultiLineString", "coordinates": [ [ [ -89.169235850624005, 13.653947251516511 ], [ -89.169210360437333, 13.65380904734549 ], [ -89.16916755264063, 13.653607905178719 ] ] ] } },
{ "type": "Feature", "properties": { "FID_1": 1149, "NOMBRE_DE": "PASAJE 3 A", "Text_1": "URBANIZACION SAN MARCOS", "ESTADO": "BUENO", "MATERIAL": "CONCRETO", "VIAS": 1, "CLASE": "PEATONAL", "ANCHO_1": "2.40" }, "geometry": { "type": "MultiLineString", "coordinates": [ [ [ -89.169104088707883, 13.653335050788604 ], [ -89.168947151390697, 13.653371540296353 ], [ -89.168808764369885, 13.653401241320937 ] ] ] } },
{ "type": "Feature", "properties": { "FID_1": 1150, "NOMBRE_DE": "PASAJE 2 A", "Text_1": "URBANIZACION SAN MARCOS", "ESTADO": "BUENO", "MATERIAL": "CONCRETO", "VIAS": 1, "CLASE": "PEATONAL", "ANCHO_1": "2.60" }, "geometry": { "type": "MultiLineString", "coordinates": [ [ [ -89.16905495557242, 13.653068503640045 ], [ -89.168934977735546, 13.653093116130671 ], [ -89.168864816570405, 13.653112160268201 ], [ -89.168754150204578, 13.653134844042468 ] ] ] } },
{ "type": "Feature", "properties": { "FID_1": 1151, "NOMBRE_DE": "PASAJE 1 B", "Text_1": "URBANIZACION SAN MARCOS", "ESTADO": "BUENO", "MATERIAL": "CONCRETO", "VIAS": 1, "CLASE": "PEATONAL", "ANCHO_1": "2.75" }, "geometry": { "type": "MultiLineString", "coordinates": [ [ [ -89.168621422005003, 13.652888526467278 ], [ -89.168560441524221, 13.652900758100227 ], [ -89.168449535775579, 13.65292798306629 ], [ -89.168266312038298, 13.652968460610168 ], [ -89.168044152651248, 13.653016810869657 ], [ -89.167862460026143, 13.653053845884909 ] ] ] } },
{ "type": "Feature", "properties": { "FID_1": 1152, "NOMBRE_DE": "FINAL PASAJE PRINCIPAL", "Text_1": "URBANIZACION SAN MARCOS", "ESTADO": "REGULAR", "MATERIAL": "ASFALTO", "VIAS": 2, "CLASE": "VEHICULAR", "ANCHO_1": "6.20" }, "geometry": { "type": "MultiLineString", "coordinates": [ [ [ -89.168649016120781, 13.65287610144377 ], [ -89.168553560648888, 13.652444385452009 ], [ -89.168563268186929, 13.652496750499626 ] ] ] } },
{ "type": "Feature", "properties": { "FID_1": 1153, "NOMBRE_DE": "PASAJE 2 B", "Text_1": "URBANIZACION SAN MARCOS", "ESTADO": "BUENO", "MATERIAL": "CONCRETO", "VIAS": 1, "CLASE": "PEATONAL", "ANCHO_1": "2.50" }, "geometry": { "type": "MultiLineString", "coordinates": [ [ [ -89.168675141470928, 13.653149155991681 ], [ -89.168609990214051, 13.653167861741469 ], [ -89.168527882254025, 13.653183991520333 ], [ -89.168438312014146, 13.65320451006356 ], [ -89.168274100215356, 13.653242614383281 ], [ -89.168075551651498, 13.653286586971312 ], [ -89.167924740274898, 13.653319007166818 ], [ -89.16783430658414, 13.653339635700013 ] ] ] } },
{ "type": "Feature", "properties": { "FID_1": 1154, "NOMBRE_DE": "PASAJE 4 B", "Text_1": "URBANIZACION SAN MARCOS", "ESTADO": "BUENO", "MATERIAL": "CONCRETO", "VIAS": 1, "CLASE": "PEATONAL", "ANCHO_1": "2.30" }, "geometry": { "type": "MultiLineString", "coordinates": [ [ [ -89.168797147510972, 13.653674889014995 ], [ -89.168677843715059, 13.653697561969331 ], [ -89.168525876822784, 13.653742338088932 ], [ -89.168447326203946, 13.653760240526671 ], [ -89.168253755932781, 13.653805681076982 ], [ -89.168048867629324, 13.653847416006917 ] ] ] } },
{ "type": "Feature", "properties": { "FID_1": 1155, "NOMBRE_DE": "PASAJE 1 A", "Text_1": "URBANIZACION SAN MARCOS", "ESTADO": "BUENO", "MATERIAL": "CONCRETO", "VIAS": 1, "CLASE": "PEATONAL", "ANCHO_1": "2.80" }, "geometry": { "type": "MultiLineString", "coordinates": [ [ [ -89.168946573619763, 13.652812563712551 ], [ -89.16868862745936, 13.652865842126838 ] ] ] } },
{ "type": "Feature", "properties": { "FID_1": 1038, "NOMBRE_DE": "CALLE B PONIENTE", "Text_1": "URBANIZACION 10 DE OCTUBRE 1a ETAPA", "ESTADO": "BUENO", "MATERIAL": "ADOQUIN", "VIAS": 2, "CLASE": "VEHICULAR", "ANCHO_1": "6.00" }, "geometry": { "type": "MultiLineString", "coordinates": [ [ [ -89.166059709198137, 13.654547070143051 ], [ -89.166111348838257, 13.654545293862691 ], [ -89.166220095428429, 13.654535610990012 ], [ -89.166411021495549, 13.654520446571221 ], [ -89.166560237841566, 13.65449027662245 ], [ -89.166676532864912, 13.654457979502785 ], [ -89.166779638008933, 13.654397770087714 ], [ -89.166983626485788, 13.654234395606613 ], [ -89.167231938086559, 13.654018920706907 ], [ -89.167329645019066, 13.653898033119626 ], [ -89.167458804537944, 13.653713727706538 ], [ -89.167546223605072, 13.653602825295929 ], [ -89.167628636556415, 13.65347716957935 ], [ -89.167643868429124, 13.653411368691254 ], [ -89.167642816470661, 13.653304774578837 ], [ -89.167671137162245, 13.653105368971119 ], [ -89.167710846135606, 13.652720756629625 ] ] ] } },
{ "type": "Feature", "properties": { "FID_1": 1043, "NOMBRE_DE": "CALLE PRINCIPAL", "Text_1": "URBANIZACION 10 DE OCTUBRE 1a ETAPA", "ESTADO": "BUENO", "MATERIAL": "ADOQUIN", "VIAS": 2, "CLASE": "VEHICULAR", "ANCHO_1": "6.82" }, "geometry": { "type": "MultiLineString", "coordinates": [ [ [ -89.167266334704493, 13.653975942690426 ], [ -89.166565014563162, 13.653858285405063 ] ] ] } },
{ "type": "Feature", "properties": { "FID_1": 1044, "NOMBRE_DE": "PASAJE 1", "Text_1": "URBANIZACION 10 DE OCTUBRE 1a ETAPA", "ESTADO": "BUENO", "MATERIAL": "CONCRETO", "VIAS": 1, "CLASE": "PEATONAL", "ANCHO_1": "2.30" }, "geometry": { "type": "MultiLineString", "coordinates": [ [ [ -89.167431473790714, 13.65367485521263 ], [ -89.16735900541488, 13.653662136751175 ], [ -89.167278809113142, 13.653650584169547 ], [ -89.166779012464644, 13.653558046573385 ] ] ] } },
{ "type": "Feature", "properties": { "FID_1": 1045, "NOMBRE_DE": "PASAJE 2", "Text_1": "URBANIZACION 10 DE OCTUBRE 1a ETAPA", "ESTADO": "BUENO", "MATERIAL": "CONCRETO", "VIAS": 1, "CLASE": "PEATONAL", "ANCHO_1": "2.20" }, "geometry": { "type": "MultiLineString", "coordinates": [ [ [ -89.167643869422278, 13.653411367465734 ], [ -89.167500237740001, 13.653390531963332 ], [ -89.167271032280439, 13.653348821221712 ], [ -89.166902419957523, 13.653271066593142 ] ] ] } },
{ "type": "Feature", "properties": { "FID_1": 1046, "NOMBRE_DE": "CALLE B ORIENTE", "Text_1": "URBANIZACION 10 DE OCTUBRE 1a ETAPA", "ESTADO": "BUENO", "MATERIAL": "ASFALTO", "VIAS": 2, "CLASE": "VEHICULAR", "ANCHO_1": "9.30" }, "geometry": { "type": "MultiLineString", "coordinates": [ [ [ -89.166445864083698, 13.653898716392652 ], [ -89.166474203333266, 13.653865312417858 ], [ -89.166593656828482, 13.653660353123861 ], [ -89.166686745766413, 13.653552365082373 ], [ -89.166776169106498, 13.653405835453297 ], [ -89.166852348530128, 13.653271353272309 ], [ -89.166873462702682, 13.653135232396428 ], [ -89.166773921613625, 13.652762351525396 ], [ -89.166759577030902, 13.652559371842676 ] ] ] } },
{ "type": "Feature", "properties": { "FID_1": 1047, "NOMBRE_DE": "PASAJE 1", "Text_1": "URBANIZACION 10 DE OCTUBRE 1a ETAPA", "ESTADO": "BUENO", "MATERIAL": "CONCRETO", "VIAS": 1, "CLASE": "PEATONAL", "ANCHO_1": "3.82" }, "geometry": { "type": "MultiLineString", "coordinates": [ [ [ -89.16594222875986, 13.654560782963085 ], [ -89.165859382125376, 13.654552719783393 ], [ -89.165809222526846, 13.654548980568272 ], [ -89.165666027234323, 13.654525545321668 ], [ -89.165506611521536, 13.654493347149234 ], [ -89.165440583628211, 13.654483238417061 ], [ -89.165140405255102, 13.654428371236502 ], [ -89.164738896281065, 13.654353762931301 ], [ -89.164570573365182, 13.654323139926152 ] ] ] } },
{ "type": "Feature", "properties": { "FID_1": 1048, "NOMBRE_DE": "PASAJE 2", "Text_1": "URBANIZACION 10 DE OCTUBRE 1a ETAPA", "ESTADO": "BUENO", "MATERIAL": "CONCRETO", "VIAS": 1, "CLASE": "PEATONAL", "ANCHO_1": "3.90" }, "geometry": { "type": "MultiLineString", "coordinates": [ [ [ -89.166025708123172, 13.654309971979783 ], [ -89.165973468201955, 13.65430217092757 ], [ -89.16574252318388, 13.654269678964548 ], [ -89.165421640373069, 13.654210192044072 ], [ -89.165225048741306, 13.654181578329244 ], [ -89.164917724377844, 13.654124292862615 ], [ -89.164777617346886, 13.654093429680843 ], [ -89.164716417416614, 13.654073441098367 ] ] ] } },
{ "type": "Feature", "properties": { "FID_1": 1049, "NOMBRE_DE": "PASAJE 3", "Text_1": "URBANIZACION 10 DE OCTUBRE 1a ETAPA", "ESTADO": "BUENO", "MATERIAL": "CONCRETO", "VIAS": 1, "CLASE": "PEATONAL", "ANCHO_1": "4.00" }, "geometry": { "type": "MultiLineString", "coordinates": [ [ [ -89.166179577789237, 13.654080002771991 ], [ -89.166141581797163, 13.654069580023984 ], [ -89.16602047589528, 13.654045282164819 ], [ -89.16585247579205, 13.654018113538443 ], [ -89.165835560221282, 13.654019866350088 ], [ -89.165794300018149, 13.654010026217566 ], [ -89.165745028235008, 13.654002513349553 ], [ -89.165728071797602, 13.654000799522398 ], [ -89.16554598173505, 13.653967925697653 ], [ -89.16547584765388, 13.65396137360662 ], [ -89.165408405292439, 13.653946900531411 ], [ -89.164961286629563, 13.653865369616364 ], [ -89.164868209487381, 13.653841732697666 ] ] ] } },
{ "type": "Feature", "properties": { "FID_1": 1050, "NOMBRE_DE": "CALLE LA BOMBA", "Text_1": "URBANIZACION 10 DE OCTUBRE 1a ETAPA", "ESTADO": "BUENO", "MATERIAL": "ADOQUIN", "VIAS": 2, "CLASE": "VEHICULAR", "ANCHO_1": "7.75" }, "geometry": { "type": "MultiLineString", "coordinates": [ [ [ -89.164446298637358, 13.654435833827574 ], [ -89.164465272268359, 13.654406217277963 ], [ -89.164501038898578, 13.654314228312662 ], [ -89.164568023027329, 13.654219846186837 ], [ -89.164627127817866, 13.654123290681497 ], [ -89.16465229213027, 13.654045621584787 ], [ -89.164802125790075, 13.65383643981639 ], [ -89.164905229944651, 13.653697288871742 ], [ -89.164998099968429, 13.653555172227634 ], [ -89.165021197472655, 13.65351527538737 ], [ -89.165142538610525, 13.653450979061414 ], [ -89.165340378931688, 13.653395616352245 ], [ -89.165414451532328, 13.653378784910782 ], [ -89.165686029184343, 13.653317000030313 ], [ -89.165888702123169, 13.653277912756835 ], [ -89.166145517583033, 13.653228180786737 ], [ -89.166279503364521, 13.65320186107995 ], [ -89.166342989505424, 13.653217003496128 ], [ -89.166413533638305, 13.653237662464225 ], [ -89.16651794178928, 13.653273483284154 ], [ -89.166650937243986, 13.653331315575647 ], [ -89.166666966723369, 13.653335658221268 ] ] ] } },
{ "type": "Feature", "properties": { "FID_1": 1051, "NOMBRE_DE": "SENDA 3", "Text_1": "URBANIZACION 10 DE OCTUBRE 1a ETAPA", "ESTADO": "BUENO", "MATERIAL": "CONCRETO", "VIAS": 1, "CLASE": "PEATONAL", "ANCHO_1": "4.40" }, "geometry": { "type": "MultiLineString", "coordinates": [ [ [ -89.164769654259828, 13.653809873020183 ], [ -89.164749460634212, 13.653792472513659 ], [ -89.164664626226326, 13.653693326394714 ], [ -89.164559927598134, 13.653549188386163 ] ] ] } },
{ "type": "Feature", "properties": { "FID_1": 1052, "NOMBRE_DE": "SENDA 2", "Text_1": "URBANIZACION 10 DE OCTUBRE 1a ETAPA", "ESTADO": "BUENO", "MATERIAL": "CONCRETO", "VIAS": 1, "CLASE": "PEATONAL", "ANCHO_1": "4.30" }, "geometry": { "type": "MultiLineString", "coordinates": [ [ [ -89.164578724142785, 13.654095591068648 ], [ -89.164467374932244, 13.653936163670545 ], [ -89.164410127256176, 13.653865355803514 ], [ -89.164359135047022, 13.653793669098489 ], [ -89.164210631971201, 13.653610412125973 ] ] ] } },
{ "type": "Feature", "properties": { "FID_1": 1053, "NOMBRE_DE": "SENDA 1", "Text_1": "URBANIZACION 10 DE OCTUBRE 1a ETAPA", "ESTADO": "BUENO", "MATERIAL": "CONCRETO", "VIAS": 1, "CLASE": "PEATONAL", "ANCHO_1": "4.75" }, "geometry": { "type": "MultiLineString", "coordinates": [ [ [ -89.164484547411732, 13.653958929241705 ], [ -89.164361266690335, 13.65405003705663 ], [ -89.164328375282324, 13.654015320119013 ], [ -89.164247446213523, 13.653906654234303 ], [ -89.164200149609144, 13.653852349974025 ], [ -89.164172598634423, 13.653812862641461 ], [ -89.164125766259559, 13.653751839596342 ], [ -89.164076183763129, 13.653703426686306 ] ] ] } },
{ "type": "Feature", "properties": { "FID_1": 1056, "NOMBRE_DE": "PASAJE 3", "Text_1": "URBANIZACION 10 DE OCTUBRE 1a ETAPA", "ESTADO": "BUENO", "MATERIAL": "CONCRETO", "VIAS": 1, "CLASE": "PEATONAL", "ANCHO_1": "2.00" }, "geometry": { "type": "MultiLineString", "coordinates": [ [ [ -89.167671138372953, 13.65310536790243 ], [ -89.167533301427454, 13.653082004596977 ], [ -89.167416441324264, 13.65306449124629 ], [ -89.167281600518933, 13.653041125759755 ], [ -89.167235157976805, 13.653036759113737 ], [ -89.167186281645868, 13.653043620588432 ], [ -89.167146232418403, 13.653067156763168 ], [ -89.16692100308164, 13.653109974139786 ] ] ] } },
{ "type": "Feature", "properties": { "FID_1": 1057, "NOMBRE_DE": "PASAJE 4", "Text_1": "URBANIZACION 10 DE OCTUBRE 1a ETAPA", "ESTADO": "BUENO", "MATERIAL": "CONCRETO", "VIAS": 1, "CLASE": "PEATONAL", "ANCHO_1": "4.50" }, "geometry": { "type": "MultiLineString", "coordinates": [ [ [ -89.166411466169151, 13.653799625093351 ], [ -89.166371689498177, 13.653789203585765 ], [ -89.16616509961419, 13.653751032388199 ], [ -89.166130284399443, 13.653743735414816 ], [ -89.166108701739176, 13.653738880665072 ], [ -89.16606002398386, 13.653731947926801 ], [ -89.166030935820885, 13.653727468941824 ], [ -89.166011050367771, 13.653726321431291 ], [ -89.165981073283618, 13.653723874678091 ], [ -89.165847799880851, 13.653700310530809 ], [ -89.165592531616895, 13.653654045126855 ], [ -89.165523887036329, 13.65364663241072 ], [ -89.165045484883166, 13.653553121246592 ] ] ] } },
{ "type": "Feature", "properties": { "FID_1": 1058, "NOMBRE_DE": "PASAJE 5", "Text_1": "URBANIZACION 10 DE OCTUBRE 1a ETAPA", "ESTADO": "BUENO", "MATERIAL": "CONCRETO", "VIAS": 1, "CLASE": "PEATONAL", "ANCHO_1": "4.30" }, "geometry": { "type": "MultiLineString", "coordinates": [ [ [ -89.166527669687412, 13.653606831093247 ], [ -89.166478392212568, 13.65359119182571 ], [ -89.166138400580067, 13.653540948847089 ], [ -89.165924827333654, 13.653506382297561 ], [ -89.165641063793686, 13.653454331490046 ], [ -89.165446054049156, 13.653423407736167 ] ] ] } },
{ "type": "Feature", "properties": { "FID_1": 1059, "NOMBRE_DE": "PASAJE 6", "Text_1": "URBANIZACION 10 DE OCTUBRE 1a ETAPA", "ESTADO": "BUENO", "MATERIAL": "CONCRETO", "VIAS": 1, "CLASE": "PEATONAL", "ANCHO_1": "4.90" }, "geometry": { "type": "MultiLineString", "coordinates": [ [ [ -89.166612752620807, 13.65347341096529 ], [ -89.166522516750732, 13.653454897114269 ], [ -89.16643822070715, 13.65344218388895 ], [ -89.16585199396863, 13.653334903170103 ] ] ] } },
{ "type": "Feature", "properties": { "FID_1": 719, "NOMBRE_DE": "CALLE \"B\"", "Text_1": "COLONIA SANTA FE", "ESTADO": "REGULAR", "MATERIAL": "ASFALTO", "VIAS": 2, "CLASE": "VEHICULAR", "ANCHO_1": "8.00" }, "geometry": { "type": "MultiLineString", "coordinates": [ [ [ -89.168728588766257, 13.656799704292469 ], [ -89.16882313666062, 13.656815591605858 ], [ -89.168942118404587, 13.656809128461433 ], [ -89.169052939488225, 13.656788316920611 ], [ -89.169059420993079, 13.656734077179246 ], [ -89.16907394391616, 13.656531484413772 ], [ -89.169059184770362, 13.65640547904666 ], [ -89.169009397896701, 13.656262154180304 ], [ -89.169011785015826, 13.656085007217211 ], [ -89.169001617043776, 13.655930011081567 ], [ -89.169004096030633, 13.655878340566408 ], [ -89.169017915588, 13.655766993344356 ], [ -89.169025361978896, 13.655641612672033 ], [ -89.169005716328996, 13.655545567588133 ], [ -89.168965734682871, 13.655481641149574 ], [ -89.168874937785276, 13.655431961770413 ], [ -89.16871812156819, 13.655359275167648 ] ] ] } },
{ "type": "Feature", "properties": { "FID_1": 720, "NOMBRE_DE": "CALLE \"A\"", "Text_1": "COLONIA SANTA FE", "ESTADO": "REGULAR", "MATERIAL": "ASFALTO", "VIAS": 2, "CLASE": "VEHICULAR", "ANCHO_1": "7.40" }, "geometry": { "type": "MultiLineString", "coordinates": [ [ [ -89.169152192377325, 13.655845646372628 ], [ -89.169035864886823, 13.655837965695435 ], [ -89.169004096030633, 13.655878340566408 ], [ -89.168757706026355, 13.655858827022312 ], [ -89.168410862304256, 13.655756227009862 ] ] ] } },
{ "type": "Feature", "properties": { "FID_1": 722, "NOMBRE_DE": "CALLE \" E \"", "Text_1": "COLONIA SANTA FE", "ESTADO": "BUENO", "MATERIAL": "ADOQUIN", "VIAS": 2, "CLASE": "VEHICULAR", "ANCHO_1": "8.20" }, "geometry": { "type": "MultiLineString", "coordinates": [ [ [ -89.167923519498757, 13.656385427995328 ], [ -89.167911499445978, 13.656269078822699 ], [ -89.167876296397111, 13.65615349219363 ], [ -89.167841108993073, 13.656059777835914 ], [ -89.167799478109899, 13.655884827943096 ], [ -89.167786611172303, 13.655750478381343 ], [ -89.16774984035392, 13.655696951816527 ], [ -89.167700465903849, 13.655666886331925 ], [ -89.167641111251442, 13.655683726333066 ], [ -89.167486811458801, 13.655765032115188 ], [ -89.1673884683632, 13.655827980759708 ], [ -89.167247982727005, 13.655924363924672 ], [ -89.167095478791055, 13.656062021280485 ] ] ] } },
{ "type": "Feature", "properties": { "FID_1": 842, "NOMBRE_DE": "PASAJE 3", "Text_1": "COLONIA SANTA FE", "ESTADO": "REGULAR", "MATERIAL": "ASFALTO", "VIAS": 1, "CLASE": "PEATONAL", "ANCHO_1": "5.60" }, "geometry": { "type": "MultiLineString", "coordinates": [ [ [ -89.168209447509128, 13.657256724454401 ], [ -89.168238383836595, 13.657181869646712 ], [ -89.168253322979098, 13.657155909866923 ], [ -89.168263472856054, 13.657088034844245 ], [ -89.168272757091131, 13.656940248455625 ], [ -89.168279927075631, 13.656856120362416 ], [ -89.168285468943907, 13.656773136429408 ], [ -89.168291162406973, 13.656717020952819 ], [ -89.168250937773195, 13.656592200210021 ], [ -89.168183041167083, 13.656406639843308 ] ] ] } },
{ "type": "Feature", "properties": { "FID_1": 849, "NOMBRE_DE": "PASAJE 4", "Text_1": "COLONIA SANTA FE", "ESTADO": "REGULAR", "MATERIAL": "ASFALTO", "VIAS": 1, "CLASE": "PEATONAL", "ANCHO_1": "3.45" }, "geometry": { "type": "MultiLineString", "coordinates": [ [ [ -89.167671159667918, 13.65679562262719 ], [ -89.167717479851092, 13.656709594280516 ], [ -89.167734888276641, 13.65666550008925 ], [ -89.167781542006125, 13.656589610204465 ], [ -89.16782157862724, 13.656522254139757 ], [ -89.16786261309025, 13.656433454917595 ] ] ] } },
{ "type": "Feature", "properties": { "FID_1": 850, "NOMBRE_DE": "PASAJE 5", "Text_1": "COLONIA SANTA FE", "ESTADO": "REGULAR", "MATERIAL": "ASFALTO", "VIAS": 1, "CLASE": "PEATONAL", "ANCHO_1": "4.40" }, "geometry": { "type": "MultiLineString", "coordinates": [ [ [ -89.167263989619258, 13.656558926062599 ], [ -89.16731660483606, 13.656526280339463 ], [ -89.167350731121729, 13.656488520339925 ], [ -89.167391432376817, 13.656401158951937 ], [ -89.167443137683023, 13.656295460771727 ], [ -89.167460243420194, 13.656262878221783 ] ] ] } },
{ "type": "Feature", "properties": { "FID_1": 851, "NOMBRE_DE": "PASAJE 6", "Text_1": "COLONIA SANTA FE", "ESTADO": "REGULAR", "MATERIAL": "ASFALTO", "VIAS": 1, "CLASE": "PEATONAL", "ANCHO_1": "5.35" }, "geometry": { "type": "MultiLineString", "coordinates": [ [ [ -89.166856852192481, 13.656477784411443 ], [ -89.166941189926249, 13.656323676701538 ], [ -89.167029192261296, 13.656144275332606 ], [ -89.167068308473674, 13.656070321684199 ], [ -89.167095478791055, 13.656062021280485 ] ] ] } },
{ "type": "Feature", "properties": { "FID_1": 852, "NOMBRE_DE": "CALLE \" C \"", "Text_1": "COLONIA SANTA FE", "ESTADO": "BUENO", "MATERIAL": "ADOQUIN", "VIAS": 2, "CLASE": "VEHICULAR", "ANCHO_1": "5.36" }, "geometry": { "type": "MultiLineString", "coordinates": [ [ [ -89.16651620500177, 13.655797107291608 ], [ -89.166672374826717, 13.655871317856134 ], [ -89.167095478939672, 13.65606202188803 ], [ -89.167458509973713, 13.656240955461566 ], [ -89.16760327759215, 13.656301522657643 ], [ -89.167766007235755, 13.656361117569118 ], [ -89.167873662826125, 13.656390879734824 ], [ -89.167925815330733, 13.656397968616153 ], [ -89.168084196727506, 13.656406989021896 ], [ -89.168183039979212, 13.656406640332859 ], [ -89.16840222311582, 13.656352153535538 ], [ -89.168596969908918, 13.656296170554953 ] ] ] } },
{ "type": "Feature", "properties": { "FID_1": 853, "NOMBRE_DE": "PASAJE 7", "Text_1": "COLONIA SANTA FE", "ESTADO": "REGULAR", "MATERIAL": "ASFALTO", "VIAS": 1, "CLASE": "PEATONAL", "ANCHO_1": "4.65" }, "geometry": { "type": "MultiLineString", "coordinates": [ [ [ -89.166330718722918, 13.656431480733236 ], [ -89.166370777146852, 13.656364715391415 ], [ -89.16640928125419, 13.656337760255285 ], [ -89.166438625878911, 13.656328764034653 ], [ -89.166455125637526, 13.656314390688921 ], [ -89.166486279274551, 13.656269487793104 ], [ -89.166554046587848, 13.656118639034656 ], [ -89.166596258234179, 13.656028655208877 ], [ -89.166672375518658, 13.65587131778592 ] ] ] } },
{ "type": "Feature", "properties": { "FID_1": 729, "NOMBRE_DE": "PASAJE A", "Text_1": "LOT SANTA FE 2", "ESTADO": "MALO", "MATERIAL": "TIERRA", "VIAS": 1, "CLASE": "PEATONAL", "ANCHO_1": "3.00" }, "geometry": { "type": "MultiLineString", "coordinates": [ [ [ -89.166264088816774, 13.65689894746772 ], [ -89.166278606760287, 13.656787129145203 ], [ -89.166292783392038, 13.65663959444538 ], [ -89.166330718722918, 13.656431480733236 ] ] ] } },
{ "type": "Feature", "properties": { "FID_1": 723, "NOMBRE_DE": "PASAJE \" A \"", "Text_1": "COLONIA BUENOS AIRES", "ESTADO": "MALO", "MATERIAL": "TIERRA", "VIAS": 1, "CLASE": "PEATONAL", "ANCHO_1": "2.00" }, "geometry": { "type": "MultiLineString", "coordinates": [ [ [ -89.165777022767514, 13.656260902280668 ], [ -89.165968028744885, 13.656324548686163 ] ] ] } },
{ "type": "Feature", "properties": { "FID_1": 413, "NOMBRE_DE": "CALLE SANTA FE NO 2", "Text_1": "LOTIFICACION SANTA FE NO 1", "ESTADO": "MALO", "MATERIAL": "TIERRA", "VIAS": 1, "CLASE": "PEATONAL", "ANCHO_1": "3.70" }, "geometry": { "type": "MultiLineString", "coordinates": [ [ [ -89.175871197730473, 13.661742613548043 ], [ -89.175936989928587, 13.661590549713139 ], [ -89.175998547593778, 13.661436264616508 ], [ -89.17608052978926, 13.661104252364238 ], [ -89.176124928239503, 13.660913095788104 ] ] ] } },
{ "type": "Feature", "properties": { "FID_1": 414, "NOMBRE_DE": "CALLE SANTA FE NO 2", "Text_1": "LOTIFICACION SANTA FE NO 1", "ESTADO": "MALO", "MATERIAL": "TIERRA", "VIAS": 1, "CLASE": "PEATONAL", "ANCHO_1": "2.80" }, "geometry": { "type": "MultiLineString", "coordinates": [ [ [ -89.176124928239503, 13.660913095788104 ], [ -89.176030575619251, 13.660836701048499 ], [ -89.175999390030881, 13.66073625297679 ], [ -89.175933866899086, 13.660480557042257 ], [ -89.175874595573347, 13.660264435862791 ], [ -89.175837185789234, 13.660160947661986 ], [ -89.175759271220556, 13.659975285356262 ], [ -89.175744742494814, 13.659918816840046 ], [ -89.175715741502515, 13.659643980485789 ] ] ] } },
{ "type": "Feature", "properties": { "FID_1": 415, "NOMBRE_DE": "CALLE SANTA FE NO 1", "Text_1": "LOTIFICACION SANTA FE NO 1", "ESTADO": "MALO", "MATERIAL": "TIERRA", "VIAS": 1, "CLASE": "PEATONAL", "ANCHO_1": "2.85" }, "geometry": { "type": "MultiLineString", "coordinates": [ [ [ -89.176124928239503, 13.660913095788104 ], [ -89.176162552883028, 13.660780223217621 ], [ -89.176173857257453, 13.660659408698365 ], [ -89.176187084435867, 13.660570188325924 ], [ -89.176194611388425, 13.6604772549159 ], [ -89.176215417015641, 13.660363867826906 ], [ -89.176219126852075, 13.660245829179399 ], [ -89.17621525615057, 13.660149186813811 ], [ -89.176188580453399, 13.66003211662343 ], [ -89.176146700533721, 13.65990018883746 ], [ -89.176084019208062, 13.659887223804434 ], [ -89.175935897503862, 13.659902198302602 ], [ -89.175744742494814, 13.659918816840046 ] ] ] } },
{ "type": "Feature", "properties": { "FID_1": 267, "NOMBRE_DE": "PASAJE S/N", "Text_1": "LOTIFICACION SANTA FE NO 2", "ESTADO": "MALO", "MATERIAL": "TIERRA", "VIAS": 1, "CLASE": "PEATONAL", "ANCHO_1": "3.50" }, "geometry": { "type": "MultiLineString", "coordinates": [ [ [ -89.175394550992706, 13.660265060656316 ], [ -89.175357290105765, 13.660143551685316 ], [ -89.175345814283176, 13.660080181573562 ], [ -89.175279664952228, 13.659922404349979 ] ] ] } },
{ "type": "Feature", "properties": { "FID_1": 479, "NOMBRE_DE": "CALLE PRINCIPAL", "Text_1": "LOTIFICACION SANTA FE NO 2", "ESTADO": "MALO", "MATERIAL": "TIERRA", "VIAS": 1, "CLASE": "PEATONAL", "ANCHO_1": "3.00" }, "geometry": { "type": "MultiLineString", "coordinates": [ [ [ -89.175578388653364, 13.659000999720188 ], [ -89.175593907119278, 13.659088810989619 ], [ -89.175652789196747, 13.659248367646979 ], [ -89.175693299021674, 13.659362784104793 ], [ -89.175726594747388, 13.659481444919344 ], [ -89.175732445022007, 13.659581756725609 ], [ -89.175715585035064, 13.659643627898349 ], [ -89.175665563428154, 13.659751298931885 ], [ -89.175602410482398, 13.659848576057737 ], [ -89.175542212302744, 13.659872190669459 ], [ -89.175477717098573, 13.659887012140091 ], [ -89.175279664554637, 13.659922404908333 ], [ -89.175234848905902, 13.659913652791724 ], [ -89.175160234168345, 13.659926785485672 ], [ -89.175088839275631, 13.659941676316734 ] ] ] } },
{ "type": "Feature", "properties": { "FID_1": 480, "NOMBRE_DE": "PASAJE PRINCIPÀL", "Text_1": "LOTIFICACION SANTA FE NO 2", "ESTADO": "MALO", "MATERIAL": "TIERRA", "VIAS": 1, "CLASE": "PEATONAL", "ANCHO_1": "2.30" }, "geometry": { "type": "MultiLineString", "coordinates": [ [ [ -89.175477717098573, 13.659887012140091 ], [ -89.175462860907544, 13.659867196550717 ], [ -89.17542307166913, 13.65981345418326 ], [ -89.175376266938272, 13.659755712624991 ], [ -89.175340721509556, 13.659684010163236 ], [ -89.175293521468191, 13.659636269409086 ], [ -89.175207458495052, 13.659620136345904 ], [ -89.175109821342417, 13.659618586119132 ], [ -89.174981242627169, 13.65961836152241 ] ] ] } },
{ "type": "Feature", "properties": { "FID_1": 855, "NOMBRE_DE": "PASAJE S/N", "Text_1": "LOTIFICACION SANTA FE NO 2", "ESTADO": "MALO", "MATERIAL": "TIERRA", "VIAS": 1, "CLASE": "PEATONAL", "ANCHO_1": "3.65" }, "geometry": { "type": "MultiLineString", "coordinates": [ [ [ -89.175071457278662, 13.660340065618664 ], [ -89.175088839275631, 13.659941676316734 ], [ -89.175073558509681, 13.659856970880893 ], [ -89.175061113819851, 13.659800339631134 ], [ -89.175021786658391, 13.659727546360147 ], [ -89.174981242627169, 13.65961836152241 ], [ -89.174946797999937, 13.659555735224409 ], [ -89.174894391822207, 13.659464533518602 ], [ -89.174833801225347, 13.659368534581146 ], [ -89.174815792990813, 13.659347737524662 ], [ -89.174792848514969, 13.659286927477774 ], [ -89.174715863140264, 13.659136516203082 ], [ -89.174638707329024, 13.65897829415546 ], [ -89.174612410968223, 13.658921645684384 ] ] ] } },
{ "type": "Feature", "properties": { "FID_1": 856, "NOMBRE_DE": "PASAJE S/N", "Text_1": "LOTIFICACION SANTA FE NO 2", "ESTADO": "MALO", "MATERIAL": "TIERRA", "VIAS": 1, "CLASE": "PEATONAL", "ANCHO_1": "2.20" }, "geometry": { "type": "MultiLineString", "coordinates": [ [ [ -89.174799976325005, 13.659682684959803 ], [ -89.174888046863344, 13.659644169407089 ], [ -89.174950653169844, 13.659618667166507 ], [ -89.174981243209714, 13.659618360849567 ] ] ] } },
{ "type": "Feature", "properties": { "FID_1": 251, "NOMBRE_DE": "PASAJE S/N", "Text_1": "LOTIFICACION SAN MARCOS", "ESTADO": "MALO", "MATERIAL": "TIERRA", "VIAS": 1, "CLASE": "PEATONAL", "ANCHO_1": "4.70" }, "geometry": { "type": "MultiLineString", "coordinates": [ [ [ -89.178022874657415, 13.660546028894808 ], [ -89.178011264946221, 13.660511693651681 ], [ -89.178026481743643, 13.66035106878053 ], [ -89.178037032235864, 13.660104886632885 ] ] ] } },
{ "type": "Feature", "properties": { "FID_1": 252, "NOMBRE_DE": "PASAJE S/N", "Text_1": "LOTIFICACION SAN MARCOS", "ESTADO": "MALO", "MATERIAL": "TIERRA", "VIAS": 1, "CLASE": "PEATONAL", "ANCHO_1": "6.50" }, "geometry": { "type": "MultiLineString", "coordinates": [ [ [ -89.178466780949066, 13.659974381943529 ], [ -89.178372585465056, 13.659990865911642 ], [ -89.17823774748922, 13.660031459555123 ], [ -89.178109039862804, 13.660072048684636 ], [ -89.178037032235864, 13.660104886632885 ] ] ] } },
{ "type": "Feature", "properties": { "FID_1": 254, "NOMBRE_DE": "PASAJE S/N", "Text_1": "LOTIFICACION SAN MARCOS", "ESTADO": "MALO", "MATERIAL": "TIERRA", "VIAS": 1, "CLASE": "PEATONAL", "ANCHO_1": "5.33" }, "geometry": { "type": "MultiLineString", "coordinates": [ [ [ -89.178037032235864, 13.660104886632885 ], [ -89.177914155637964, 13.660157854798507 ], [ -89.1778071049104, 13.660199027783531 ], [ -89.177433458287311, 13.660318474783441 ], [ -89.177268250660219, 13.660367908599646 ], [ -89.177068838534836, 13.660439969493238 ], [ -89.176849775505801, 13.660510529576941 ], [ -89.176446997941824, 13.660635789557366 ] ] ] } },
{ "type": "Feature", "properties": { "FID_1": 256, "NOMBRE_DE": "PASAJE S/N", "Text_1": "LOTIFICACION SAN MARCOS", "ESTADO": "MALO", "MATERIAL": "TIERRA", "VIAS": 1, "CLASE": "PEATONAL", "ANCHO_1": "6.10" }, "geometry": { "type": "MultiLineString", "coordinates": [ [ [ -89.176997521393844, 13.660915033002867 ], [ -89.176849775505801, 13.660510529576941 ] ] ] } },
{ "type": "Feature", "properties": { "FID_1": 263, "NOMBRE_DE": "PASAJE PARIS", "Text_1": "LOTIFICACION SAN MARCOS", "ESTADO": "MALO", "MATERIAL": "TIERRA", "VIAS": 1, "CLASE": "PEATONAL", "ANCHO_1": "6.20" }, "geometry": { "type": "MultiLineString", "coordinates": [ [ [ -89.178037032235864, 13.660104886632885 ], [ -89.178051649813867, 13.660033584054066 ], [ -89.178112421851324, 13.659933968722902 ], [ -89.178185154941588, 13.659822630436722 ], [ -89.17821786685289, 13.659752094692038 ] ] ] } },
{ "type": "Feature", "properties": { "FID_1": 253, "NOMBRE_DE": "PASAJE BRAVO", "Text_1": "COLONIA EL TRANSITO NO 2", "ESTADO": "REGULAR", "MATERIAL": "CONCRETO", "VIAS": 1, "CLASE": "PEATONAL", "ANCHO_1": "3.75" }, "geometry": { "type": "MultiLineString", "coordinates": [ [ [ -89.178017405218313, 13.659711389514278 ], [ -89.177965784243227, 13.659760653515434 ], [ -89.177911530853663, 13.659789020928034 ], [ -89.177825928476082, 13.659830394738023 ], [ -89.177728250718729, 13.659852891808015 ], [ -89.177646246993191, 13.659868295477725 ], [ -89.177507459496738, 13.659907037343247 ], [ -89.17742101324346, 13.659930369080524 ], [ -89.177260005476143, 13.659971735407494 ] ] ] } },
{ "type": "Feature", "properties": { "FID_1": 258, "NOMBRE_DE": "PASAJE ALFA", "Text_1": "COLONIA EL TRANSITO NO 2", "ESTADO": "REGULAR", "MATERIAL": "CONCRETO", "VIAS": 1, "CLASE": "PEATONAL", "ANCHO_1": "2.50" }, "geometry": { "type": "MultiLineString", "coordinates": [ [ [ -89.176446777625117, 13.660025518801962 ], [ -89.176473948450138, 13.659998120869679 ], [ -89.176523362699697, 13.659967491572177 ], [ -89.176607652945833, 13.659909089326174 ], [ -89.176675213214196, 13.659849433556632 ], [ -89.176778932802691, 13.659767243369624 ], [ -89.176859483398786, 13.65970667918398 ], [ -89.176944448549975, 13.659643950857054 ], [ -89.177047065525443, 13.659563922287763 ], [ -89.177071182328007, 13.659584554629467 ] ] ] } },
{ "type": "Feature", "properties": { "FID_1": 259, "NOMBRE_DE": "PASAJE CHARLIE", "Text_1": "COLONIA EL TRANSITO NO 2", "ESTADO": "REGULAR", "MATERIAL": "CONCRETO", "VIAS": 1, "CLASE": "PEATONAL", "ANCHO_1": "5.00" }, "geometry": { "type": "MultiLineString", "coordinates": [ [ [ -89.177802430219657, 13.659563366117156 ], [ -89.177734290023835, 13.65958695351032 ], [ -89.177508104919781, 13.659639465602194 ], [ -89.177384767755342, 13.659676299538972 ], [ -89.177290061213654, 13.659700360998809 ], [ -89.177241127642887, 13.659723422396155 ], [ -89.177167939907065, 13.659757180067929 ], [ -89.177152651080775, 13.659768520331369 ] ] ] } },
{ "type": "Feature", "properties": { "FID_1": 260, "NOMBRE_DE": "PASAJE ALFA", "Text_1": "COLONIA EL TRANSITO NO 2", "ESTADO": "REGULAR", "MATERIAL": "CONCRETO", "VIAS": 1, "CLASE": "PEATONAL", "ANCHO_1": "2.50" }, "geometry": { "type": "MultiLineString", "coordinates": [ [ [ -89.177071182328007, 13.659584554629467 ], [ -89.177158724257779, 13.659526837949175 ], [ -89.177350214480938, 13.659373405105367 ], [ -89.177495588475225, 13.659269278736341 ], [ -89.17754451608279, 13.659239131934306 ], [ -89.177543100968691, 13.659217233695671 ], [ -89.177503888017, 13.659147458111102 ], [ -89.177363060544877, 13.658955451984671 ] ] ] } },
{ "type": "Feature", "properties": { "FID_1": 264, "NOMBRE_DE": "PASAJE DELTA", "Text_1": "COLONIA EL TRANSITO NO 2", "ESTADO": "MALO", "MATERIAL": "TIERRA", "VIAS": 1, "CLASE": "PEATONAL", "ANCHO_1": "4.90" }, "geometry": { "type": "MultiLineString", "coordinates": [ [ [ -89.177260005476143, 13.659971735407494 ], [ -89.177169648544691, 13.659987065658649 ], [ -89.177090295598248, 13.660015481659659 ], [ -89.177058800640751, 13.660019203317461 ], [ -89.177018488170248, 13.660025397305191 ], [ -89.176935353607519, 13.660051349991541 ], [ -89.176789232794022, 13.660089677870703 ], [ -89.176476743448575, 13.660162452181009 ] ] ] } },
{ "type": "Feature", "properties": { "FID_1": 265, "NOMBRE_DE": "PASAJE DELTA", "Text_1": "COLONIA EL TRANSITO NO 2", "ESTADO": "MALO", "MATERIAL": "TIERRA", "VIAS": 1, "CLASE": "PEATONAL", "ANCHO_1": "1.75" }, "geometry": { "type": "MultiLineString", "coordinates": [ [ [ -89.177260005476143, 13.659971735407494 ], [ -89.177234046637111, 13.659902332375928 ], [ -89.177201959140504, 13.659851102148616 ], [ -89.177152651080775, 13.659768520331369 ], [ -89.177131776203723, 13.659740996389587 ], [ -89.177069897075484, 13.659609227471623 ], [ -89.177068943097325, 13.659585428502115 ] ] ] } },
{ "type": "Feature", "properties": { "FID_1": 475, "NOMBRE_DE": "PASAJE SAN JUAN", "Text_1": "COLONIA BELLA VISTA", "ESTADO": "MALO", "MATERIAL": "TIERRA", "VIAS": 1, "CLASE": "PEATONAL", "ANCHO_1": "2.40" }, "geometry": { "type": "MultiLineString", "coordinates": [ [ [ -89.175541207096131, 13.658941231572467 ], [ -89.17548254346049, 13.65893282922829 ], [ -89.175246882897724, 13.658927765575148 ], [ -89.17504089212153, 13.658922026271435 ], [ -89.174949559610212, 13.6589187811062 ] ], [ [ -89.176544513699355, 13.659597414713781 ], [ -89.176496337719939, 13.65953276825989 ], [ -89.176434913124609, 13.65949609275661 ], [ -89.176283063275093, 13.659414419241816 ], [ -89.176143156039117, 13.659337742589496 ], [ -89.17594864751922, 13.659226055875099 ], [ -89.175578388653364, 13.659000999720188 ] ] ] } },
{ "type": "Feature", "properties": { "FID_1": 476, "NOMBRE_DE": "CALLE LOS AMATES", "Text_1": "COLONIA BELLA VISTA", "ESTADO": "MALO", "MATERIAL": "TIERRA", "VIAS": 1, "CLASE": "PEATONAL", "ANCHO_1": "3.70" }, "geometry": { "type": "MultiLineString", "coordinates": [ [ [ -89.175578388653364, 13.659000999720188 ], [ -89.175541207096131, 13.658941231572467 ], [ -89.175541151416382, 13.658866638859596 ], [ -89.17555979478179, 13.658814700207444 ], [ -89.175749519971205, 13.658583851648403 ] ] ] } },
{ "type": "Feature", "properties": { "FID_1": 477, "NOMBRE_DE": "CALLE LOS AMATES", "Text_1": "COLONIA BELLA VISTA", "ESTADO": "MALO", "MATERIAL": "TIERRA", "VIAS": 1, "CLASE": "PEATONAL", "ANCHO_1": "2.50" }, "geometry": { "type": "MultiLineString", "coordinates": [ [ [ -89.175749520686907, 13.658583851508517 ], [ -89.175785307640069, 13.658523422816394 ], [ -89.175850518312686, 13.658403553535704 ], [ -89.175948337185261, 13.658227743667549 ], [ -89.176035273111893, 13.658070920238428 ] ] ] } },
{ "type": "Feature", "properties": { "FID_1": 490, "NOMBRE_DE": "PASAJE PORTILLO", "Text_1": "COLONIA BELLA VISTA", "ESTADO": "MALO", "MATERIAL": "EMPEDRADO", "VIAS": 1, "CLASE": "PEATONAL", "ANCHO_1": "4.75" }, "geometry": { "type": "MultiLineString", "coordinates": [ [ [ -89.174936707437212, 13.657783380066743 ], [ -89.174874208204827, 13.657728280580409 ], [ -89.174745694667024, 13.657659797966918 ], [ -89.174582136278119, 13.657578278459662 ], [ -89.174250013601167, 13.657413609952123 ], [ -89.174159566066493, 13.657377219075668 ] ] ] } },
{ "type": "Feature", "properties": { "FID_1": 835, "NOMBRE_DE": "CALLE PRINCIPAL", "Text_1": "COLONIA BELLA VISTA", "ESTADO": "MALO", "MATERIAL": "EMPEDRADO", "VIAS": 1, "CLASE": "PEATONAL", "ANCHO_1": "3.00" }, "geometry": { "type": "MultiLineString", "coordinates": [ [ [ -89.174317497871769, 13.658597660805567 ], [ -89.174255766536632, 13.658553563600407 ], [ -89.174231158588782, 13.658495050272403 ], [ -89.17422143903876, 13.658350817578423 ], [ -89.17423012222838, 13.658268889982647 ], [ -89.174239844090749, 13.658141363120999 ], [ -89.174245064198033, 13.657958565326521 ], [ -89.174250382850232, 13.657908775126472 ], [ -89.174240481348406, 13.657796109880543 ], [ -89.174200191253846, 13.657622861582055 ], [ -89.174164333969344, 13.657411002107599 ], [ -89.174159564963588, 13.657377219253304 ], [ -89.174136521313059, 13.657213985195522 ], [ -89.174140032761727, 13.657134946615569 ], [ -89.174164095229457, 13.657088637565479 ], [ -89.174193506739428, 13.657033590871755 ], [ -89.174229931507867, 13.656993367058908 ], [ -89.174310263409879, 13.656925883312855 ], [ -89.17445796264775, 13.656856103056645 ], [ -89.174545838574915, 13.65681861936147 ], [ -89.174627150577109, 13.656798663169948 ], [ -89.174696284945497, 13.656805579743025 ], [ -89.174785760619301, 13.656829393437796 ], [ -89.174848784443554, 13.656822382958806 ], [ -89.174893498613855, 13.65680245490493 ], [ -89.174948362761782, 13.656758640141145 ], [ -89.17497490536698, 13.656730949437792 ], [ -89.175004538576403, 13.656698943396087 ], [ -89.175034155074513, 13.656641463488588 ], [ -89.175077004586683, 13.656472901798038 ], [ -89.175093280633021, 13.656382260836306 ], [ -89.175106441365159, 13.656251399807031 ], [ -89.175129802606762, 13.655935795992379 ] ] ] } },
{ "type": "Feature", "properties": { "FID_1": 489, "NOMBRE_DE": "PASAJ PRINCIPAL SANTO DOMINGO", "Text_1": "COLONIA SANTO DOMINGO", "ESTADO": "BUENO", "MATERIAL": "ADOQUIN MIXTO", "VIAS": 2, "CLASE": "VEHICULAR", "ANCHO_1": "7.00" }, "geometry": { "type": "MultiLineString", "coordinates": [ [ [ -89.176298914315794, 13.655768110983844 ], [ -89.176197925985605, 13.65567166742191 ], [ -89.176098524715428, 13.655644561671803 ], [ -89.175966985719114, 13.655638936430028 ], [ -89.175779909529794, 13.655630488638895 ], [ -89.175693682824402, 13.655633410235968 ], [ -89.175648355087006, 13.65560340623974 ], [ -89.175627852165732, 13.655549069738573 ], [ -89.175601978846998, 13.655457376968396 ], [ -89.175588144165985, 13.655242789831554 ], [ -89.175572732948794, 13.655010386338233 ], [ -89.175578591186763, 13.654931182753485 ] ] ] } },
{ "type": "Feature", "properties": { "FID_1": 659, "NOMBRE_DE": "CALLE PRINCIPAL", "Text_1": "COLONIA SANTO DOMINGO", "ESTADO": "BUENO", "MATERIAL": "ASFALTO", "VIAS": 2, "CLASE": "VEHICULAR", "ANCHO_1": "7.50" }, "geometry": { "type": "MultiLineString", "coordinates": [ [ [ -89.176651242823439, 13.655745307687825 ], [ -89.176644070164173, 13.655656639215405 ], [ -89.176591750292815, 13.65542239978288 ], [ -89.176560609775947, 13.65527370114058 ], [ -89.176527582922034, 13.655109409691363 ], [ -89.17649786642589, 13.654950970979225 ] ] ] } },
{ "type": "Feature", "properties": { "FID_1": 660, "NOMBRE_DE": "CALLE PRINCIPAL", "Text_1": "COLONIA SANTO DOMINGO", "ESTADO": "BUENO", "MATERIAL": "ASFALTO", "VIAS": 2, "CLASE": "VEHICULAR", "ANCHO_1": "7.00" }, "geometry": { "type": "MultiLineString", "coordinates": [ [ [ -89.17649786642589, 13.654950970979225 ], [ -89.176377746606803, 13.654964687843972 ], [ -89.17623151257834, 13.654981832829199 ], [ -89.176052189813731, 13.654983664350951 ], [ -89.175912891010725, 13.65496331774078 ], [ -89.175787531550611, 13.654953184511978 ], [ -89.175578591186763, 13.654931182753485 ], [ -89.175526118319922, 13.654837256952218 ], [ -89.175235170421246, 13.654775829853381 ], [ -89.175066851878285, 13.654749311790088 ], [ -89.174896109683786, 13.654702931626101 ], [ -89.174792255297461, 13.654675447846179 ], [ -89.174654962395834, 13.654644545209003 ], [ -89.174531751285841, 13.654620520389351 ], [ -89.174387426662207, 13.654599954149598 ], [ -89.174274785551688, 13.654589700791535 ], [ -89.174232551406135, 13.654593174386907 ], [ -89.174229062305116, 13.654634512462787 ], [ -89.174243173108721, 13.654677559902639 ], [ -89.174289034214709, 13.654818757519639 ], [ -89.17434587034758, 13.655001804299641 ] ] ] } },
{ "type": "Feature", "properties": { "FID_1": 661, "NOMBRE_DE": "PSAJE S/N", "Text_1": "COLONIA SANTO DOMINGO", "ESTADO": "BUENO", "MATERIAL": "CONCRETO", "VIAS": 1, "CLASE": "PEATONAL - GRAD", "ANCHO_1": "2.30" }, "geometry": { "type": "MultiLineString", "coordinates": [ [ [ -89.176497867249481, 13.654950971052127 ], [ -89.17650866374764, 13.654913784786471 ], [ -89.176509462550584, 13.654888166215752 ], [ -89.176505347161168, 13.654854545547913 ], [ -89.176488109039127, 13.654775302240028 ], [ -89.176475579860863, 13.654715133876421 ] ] ] } },
{ "type": "Feature", "properties": { "FID_1": 662, "NOMBRE_DE": "CALLE PRINCIPAL", "Text_1": "COLONIA SANTO DOMINGO", "ESTADO": "MALO", "MATERIAL": "TIERRA", "VIAS": 1, "CLASE": "VEHICULAR", "ANCHO_1": "5.77" }, "geometry": { "type": "MultiLineString", "coordinates": [ [ [ -89.174792256148422, 13.654675448000043 ], [ -89.174814280872951, 13.654596827056672 ], [ -89.174835988536302, 13.654431830594541 ] ] ] } },
{ "type": "Feature", "properties": { "FID_1": 663, "NOMBRE_DE": "CALLE PRINCIPAL", "Text_1": "COLONIA SANTO DOMINGO", "ESTADO": "MALO", "MATERIAL": "TIERRA", "VIAS": 2, "CLASE": "VEHICULAR", "ANCHO_1": "5.30" }, "geometry": { "type": "MultiLineString", "coordinates": [ [ [ -89.17561975616232, 13.654350347436658 ], [ -89.175556783094279, 13.654369264166682 ], [ -89.175462803433632, 13.654383854561535 ], [ -89.175302866351629, 13.654398492499963 ], [ -89.175209122859172, 13.654407537010609 ], [ -89.175088486241819, 13.654419414821184 ], [ -89.174993142085242, 13.654433554722992 ], [ -89.174835987570233, 13.654431831574373 ], [ -89.17469397962364, 13.654421398469328 ], [ -89.174624789564746, 13.654413753700034 ], [ -89.174546166948801, 13.654406115606692 ], [ -89.174447096739158, 13.654393874874886 ], [ -89.174371615851541, 13.65438315549792 ], [ -89.174289846434576, 13.654375519553893 ], [ -89.174165616342478, 13.654360219747192 ], [ -89.174026557134866, 13.654345024712056 ] ] ] } },
{ "type": "Feature", "properties": { "FID_1": 695, "NOMBRE_DE": "PASAJE S/N", "Text_1": "COLONIA SANTO DOMINGO", "ESTADO": "BUENO", "MATERIAL": "CONCRETO", "VIAS": 1, "CLASE": "PEATONAL - GRAD", "ANCHO_1": "4.90" }, "geometry": { "type": "MultiLineString", "coordinates": [ [ [ -89.175235171038068, 13.654775829314541 ], [ -89.175201922702513, 13.654709670917994 ], [ -89.175197618017322, 13.654627652594682 ], [ -89.175209205094859, 13.654516552076466 ], [ -89.175209123875518, 13.654407536361353 ] ] ] } },
{ "type": "Feature", "properties": { "FID_1": 858, "NOMBRE_DE": "PASAJE EL ARENAL", "Text_1": "COLONIA SANTO DOMINGO", "ESTADO": "MALO", "MATERIAL": "TIERRA", "VIAS": 1, "CLASE": "PEATONAL", "ANCHO_1": "2.60" }, "geometry": { "type": "MultiLineString", "coordinates": [ [ [ -89.176560611162699, 13.655273701379883 ], [ -89.176506662395255, 13.655291950410222 ], [ -89.176407123975849, 13.655309321621711 ], [ -89.176208045045968, 13.655341332380523 ], [ -89.175987614500002, 13.655375270484543 ], [ -89.175829003775021, 13.655406571601898 ], [ -89.175601979740307, 13.655457377309414 ] ] ] } },
{ "type": "Feature", "properties": { "FID_1": 861, "NOMBRE_DE": "PASAJE 4", "Text_1": "COLONIA SANTO DOMINGO", "ESTADO": "MALO", "MATERIAL": "TIERRA", "VIAS": 1, "CLASE": "PEATONAL", "ANCHO_1": "5.10" }, "geometry": { "type": "MultiLineString", "coordinates": [ [ [ -89.174060908337708, 13.654158546894948 ], [ -89.174026557134866, 13.654345024712056 ], [ -89.173987449658654, 13.654572081258824 ], [ -89.173936889530779, 13.654823851817257 ] ] ] } },
{ "type": "Feature", "properties": { "FID_1": 862, "NOMBRE_DE": "CALLE PRINCIPAL", "Text_1": "COLONIA SANTO DOMINGO", "ESTADO": "BUENO", "MATERIAL": "ADOQUIN MIXTO", "VIAS": 2, "CLASE": "VEHICULAR", "ANCHO_1": "4.70" }, "geometry": { "type": "MultiLineString", "coordinates": [ [ [ -89.175588144165985, 13.655242789831554 ], [ -89.175494630280824, 13.655244708067178 ], [ -89.175327155276889, 13.655219615706908 ], [ -89.175187590388248, 13.655196602543123 ], [ -89.174994345149486, 13.655161024077563 ], [ -89.174835449377383, 13.655125418834324 ], [ -89.174607835692782, 13.655062548518691 ], [ -89.174466121127438, 13.655037437279589 ], [ -89.17434587034758, 13.655001804299641 ], [ -89.174240924542417, 13.654993732933287 ], [ -89.174031154913152, 13.654957908329573 ] ] ] } },
{ "type": "Feature", "properties": { "FID_1": 649, "NOMBRE_DE": "CALLE 1", "Text_1": "COLONIA GRIMALDI", "ESTADO": "MALO", "MATERIAL": "TIERRA", "VIAS": 1, "CLASE": "PEATONAL", "ANCHO_1": "5.00" }, "geometry": { "type": "MultiLineString", "coordinates": [ [ [ -89.176953182457567, 13.652334209598944 ], [ -89.176776789436019, 13.652376220386603 ], [ -89.176661186349151, 13.652413299466453 ], [ -89.176483257658631, 13.652479085834948 ], [ -89.176351486015577, 13.65252408523083 ], [ -89.176273343226214, 13.652566134338857 ], [ -89.176030078913868, 13.652655678485949 ] ] ] } },
{ "type": "Feature", "properties": { "FID_1": 864, "NOMBRE_DE": "CALLE PRINCIPAL", "Text_1": "COLONIA GRIMALDI", "ESTADO": "BUENO", "MATERIAL": "ADOQUIN", "VIAS": 2, "CLASE": "VEHICULAR", "ANCHO_1": "5.76" }, "geometry": { "type": "MultiLineString", "coordinates": [ [ [ -89.177017055331305, 13.655752098582093 ], [ -89.177014549679697, 13.655658075338136 ], [ -89.177009199040839, 13.655509372532356 ], [ -89.176990799237757, 13.655429906666745 ], [ -89.176940868753988, 13.655224830840414 ], [ -89.176830539178667, 13.654827509682423 ], [ -89.176754396549285, 13.654603206847439 ], [ -89.176628352810354, 13.654213587485033 ], [ -89.176527267516619, 13.653930138920821 ], [ -89.176461038290796, 13.653743689912892 ], [ -89.176338428847728, 13.653441286191155 ], [ -89.176153511511174, 13.652944551768885 ], [ -89.176043364714374, 13.652669875334775 ], [ -89.17601578824609, 13.652643522663611 ], [ -89.175969083025223, 13.652497041464905 ], [ -89.17596879813388, 13.652497041668781 ] ] ] } },
{ "type": "Feature", "properties": { "FID_1": 891, "NOMBRE_DE": "PASAJE 1", "Text_1": "COLONIA GRIMALDI", "ESTADO": "MALO", "MATERIAL": "TIERRA", "VIAS": 1, "CLASE": "PEATONAL", "ANCHO_1": "6.30" }, "geometry": { "type": "MultiLineString", "coordinates": [ [ [ -89.176527267516619, 13.653930138920821 ], [ -89.176788285203102, 13.653828264993896 ], [ -89.176679283954883, 13.653554816099067 ], [ -89.176618025066546, 13.653411482789449 ], [ -89.176576403955181, 13.65330617625867 ], [ -89.176536666915752, 13.65319532605889 ], [ -89.176491275038288, 13.653097414355893 ], [ -89.176451606837844, 13.653078963861939 ], [ -89.176438339261722, 13.653014294535861 ], [ -89.176432625333902, 13.652947769962436 ], [ -89.176464703557286, 13.652918178952534 ], [ -89.176451385546315, 13.65278402722447 ], [ -89.17644562694673, 13.652660215420438 ], [ -89.176483257676566, 13.652479086320767 ] ] ] } },
{ "type": "Feature", "properties": { "FID_1": 668, "NOMBRE_DE": "CALLE PRINCIPAL", "Text_1": "LOTIFICACION EL CARMEN NO 1", "ESTADO": "BUENO", "MATERIAL": "CONCRETO", "VIAS": 2, "CLASE": "VEHICULAR", "ANCHO_1": "6.00" }, "geometry": { "type": "MultiLineString", "coordinates": [ [ [ -89.173264871755293, 13.653822545929911 ], [ -89.173246296500722, 13.653653879404953 ], [ -89.173229530195854, 13.653569059023855 ], [ -89.173239030325618, 13.653436433033797 ], [ -89.173244940668397, 13.653334283443687 ], [ -89.173247947098019, 13.653237156306163 ], [ -89.173282871347482, 13.653157845675743 ], [ -89.173361949368129, 13.6530262464416 ], [ -89.173404247759763, 13.652959543402451 ], [ -89.173473298243522, 13.652833668949544 ], [ -89.173595279602154, 13.652599374796541 ] ] ] } },
{ "type": "Feature", "properties": { "FID_1": 697, "NOMBRE_DE": "PASAJE S/N", "Text_1": "LOTIFICACION EL CARMEN NO 1", "ESTADO": "REGULAR", "MATERIAL": "CONCRETO", "VIAS": 1, "CLASE": "PEATONAL - GRAD", "ANCHO_1": "1.50" }, "geometry": { "type": "MultiLineString", "coordinates": [ [ [ -89.173880983489497, 13.653920281006155 ], [ -89.173816008537045, 13.653884509273022 ], [ -89.173753623210871, 13.653848350274238 ], [ -89.173693353281209, 13.653814258512956 ], [ -89.173625683369536, 13.653778103214181 ], [ -89.173553784254409, 13.653739882133525 ], [ -89.173468138280981, 13.653692361364339 ], [ -89.173356059330345, 13.653631412340042 ], [ -89.173281054278235, 13.653590767472492 ], [ -89.173229529951087, 13.653569058865978 ] ] ] } },
{ "type": "Feature", "properties": { "FID_1": 865, "NOMBRE_DE": "PASAJE 1", "Text_1": "LOTIFICACION EL CARMEN NO 1", "ESTADO": "BUENO", "MATERIAL": "CONCRETO", "VIAS": 1, "CLASE": "PEATONAL - GRAD", "ANCHO_1": "3.00" }, "geometry": { "type": "MultiLineString", "coordinates": [ [ [ -89.174096930347105, 13.653799209802319 ], [ -89.17397458199278, 13.653739860431848 ], [ -89.173895633214542, 13.653696317374189 ], [ -89.173740281439237, 13.653609229384138 ], [ -89.173573468646254, 13.653514675288353 ], [ -89.173373548224703, 13.653401459180754 ], [ -89.173244941267356, 13.653334282944943 ] ] ] } },
{ "type": "Feature", "properties": { "FID_1": 866, "NOMBRE_DE": "PASAJE 3", "Text_1": "LOTIFICACION EL CARMEN NO 1", "ESTADO": "REGULAR", "MATERIAL": "CONCRETO", "VIAS": 1, "CLASE": "PEATONAL - GRAD", "ANCHO_1": "2.30" }, "geometry": { "type": "MultiLineString", "coordinates": [ [ [ -89.174200574417327, 13.652916271257903 ], [ -89.174041557778864, 13.652843199554075 ], [ -89.173944673189723, 13.652795876562562 ], [ -89.17380227062705, 13.652712683726373 ], [ -89.17359593180764, 13.652599731820628 ] ] ] } },
{ "type": "Feature", "properties": { "FID_1": 860, "NOMBRE_DE": "CALLE PRINCIPAL", "Text_1": "COLONIA EL CARMEN", "ESTADO": "BUENO", "MATERIAL": "TIERRA", "VIAS": 1, "CLASE": "PEATONAL", "ANCHO_1": "6.20" }, "geometry": { "type": "MultiLineString", "coordinates": [ [ [ -89.173792103391051, 13.654481174035737 ], [ -89.17382487383891, 13.654429498609231 ], [ -89.173878970539732, 13.654282879374577 ], [ -89.173884654189678, 13.654252163153362 ], [ -89.173806154165007, 13.654192743927192 ], [ -89.173743339916669, 13.654124383337814 ], [ -89.173677675242516, 13.654061609534624 ], [ -89.173574929167486, 13.654007236591259 ], [ -89.173482716034997, 13.653957752604363 ] ] ] } },
{ "type": "Feature", "properties": { "FID_1": 870, "NOMBRE_DE": "PASAJE 1", "Text_1": "COLONIA EL CARMEN", "ESTADO": "MALO", "MATERIAL": "TIERRA", "VIAS": 1, "CLASE": "PEATONAL", "ANCHO_1": "3.15" }, "geometry": { "type": "MultiLineString", "coordinates": [ [ [ -89.17287919861127, 13.654352000108615 ], [ -89.172954330948102, 13.654217961719304 ], [ -89.173050006334933, 13.65403226643426 ] ] ] } },
{ "type": "Feature", "properties": { "FID_1": 674, "NOMBRE_DE": "PASAJE A", "Text_1": "URB LOS ALPES NO 2", "ESTADO": "BUENO", "MATERIAL": "CONCRETO", "VIAS": 1, "CLASE": "PEATONAL", "ANCHO_1": "5.30" }, "geometry": { "type": "MultiLineString", "coordinates": [ [ [ -89.171970507364136, 13.654273899051153 ], [ -89.172064693376313, 13.654243745729769 ], [ -89.172219710630372, 13.654230392039933 ], [ -89.17245348760089, 13.654238656954819 ], [ -89.172552671640602, 13.654247995318556 ] ] ] } },
{ "type": "Feature", "properties": { "FID_1": 675, "NOMBRE_DE": "PASAJE B", "Text_1": "URB LOS ALPES NO 2", "ESTADO": "BUENO", "MATERIAL": "CONCRETO", "VIAS": 1, "CLASE": "PEATONAL", "ANCHO_1": "5.15" }, "geometry": { "type": "MultiLineString", "coordinates": [ [ [ -89.172614319718448, 13.653946693064263 ], [ -89.172529557536564, 13.653947764181879 ], [ -89.172361063898904, 13.653945859069498 ], [ -89.172232882855496, 13.653941902342137 ], [ -89.172073604852713, 13.653934170702136 ] ] ] } },
{ "type": "Feature", "properties": { "FID_1": 676, "NOMBRE_DE": "PASAJE C", "Text_1": "URB LOS ALPES NO 2", "ESTADO": "BUENO", "MATERIAL": "CONCRETO", "VIAS": 1, "CLASE": "PEATONAL", "ANCHO_1": "4.60" }, "geometry": { "type": "MultiLineString", "coordinates": [ [ [ -89.172611507555629, 13.653664238920626 ], [ -89.172506834215568, 13.653654213537159 ], [ -89.172254746732293, 13.653647898139974 ], [ -89.172133489302865, 13.653637468027604 ], [ -89.172062873126322, 13.653630139918738 ] ] ] } },
{ "type": "Feature", "properties": { "FID_1": 677, "NOMBRE_DE": "PASAJE D", "Text_1": "URB LOS ALPES NO 2", "ESTADO": "BUENO", "MATERIAL": "CONCRETO", "VIAS": 1, "CLASE": "PEATONAL", "ANCHO_1": "4.25" }, "geometry": { "type": "MultiLineString", "coordinates": [ [ [ -89.172718354300358, 13.653413295838076 ], [ -89.172630935775103, 13.653369789358621 ], [ -89.172528710025517, 13.653369861100622 ], [ -89.17235062990423, 13.653357076979074 ], [ -89.172187396110914, 13.653353964080953 ], [ -89.172054871005301, 13.653349025453197 ] ] ] } },
{ "type": "Feature", "properties": { "FID_1": 681, "NOMBRE_DE": "PASAJE LOS NARANJOS", "Text_1": "COLONIA ABREGO", "ESTADO": "BUENO", "MATERIAL": "ASFALTO", "VIAS": 2, "CLASE": "VEHICULAR", "ANCHO_1": "4.50" }, "geometry": { "type": "MultiLineString", "coordinates": [ [ [ -89.173126720255667, 13.651941943022557 ], [ -89.17305785968442, 13.65196274809156 ], [ -89.172923292809031, 13.652012635844487 ], [ -89.172833154176985, 13.652048625872382 ], [ -89.172667621067873, 13.65211689924514 ], [ -89.172544502725316, 13.652176325610444 ], [ -89.172463061741496, 13.652224596447953 ], [ -89.172332372246018, 13.652295154256556 ], [ -89.172262298619032, 13.652341562687509 ], [ -89.17189198809136, 13.652562225419237 ] ] ] } },
{ "type": "Feature", "properties": { "FID_1": 682, "NOMBRE_DE": "PASAJE LAS ROSAS", "Text_1": "COLONIA ABREGO", "ESTADO": "BUENO", "MATERIAL": "ASFALTO", "VIAS": 2, "CLASE": "VEHICULAR", "ANCHO_1": "5.15" }, "geometry": { "type": "MultiLineString", "coordinates": [ [ [ -89.172914742486142, 13.652777831028768 ], [ -89.172843372351721, 13.652751560631714 ], [ -89.172724454382092, 13.652751644187228 ], [ -89.172579940392097, 13.652775021742002 ], [ -89.172462865048118, 13.652793008564284 ], [ -89.172294563470885, 13.652811031227282 ], [ -89.172093877811463, 13.652838028783455 ], [ -89.171947523724839, 13.652847083505517 ] ] ] } },
{ "type": "Feature", "properties": { "FID_1": 658, "NOMBRE_DE": "PASAJE SIN NOMBRE", "Text_1": "LOTIFICACION EL CARMEN NO 2", "ESTADO": "MALO", "MATERIAL": "TIERRA", "VIAS": 1, "CLASE": "PEATONAL", "ANCHO_1": "6.40" }, "geometry": { "type": "MultiLineString", "coordinates": [ [ [ -89.175116563654498, 13.652765755302202 ], [ -89.175043224123087, 13.652717671448409 ], [ -89.174962209131095, 13.652651340584805 ], [ -89.174880111999315, 13.652601072202037 ], [ -89.174815532109804, 13.652565782295595 ], [ -89.174719222502034, 13.652530514918283 ], [ -89.17459775114304, 13.652499548499694 ], [ -89.174370168934004, 13.652504210297412 ], [ -89.174266315003024, 13.652510703491977 ], [ -89.174082661779408, 13.652527952438897 ] ] ] } },
{ "type": "Feature", "properties": { "FID_1": 684, "NOMBRE_DE": "PASAJE SAN ANTONIO", "Text_1": "LOTIFICACION EL CARMEN NO 2", "ESTADO": "MALO", "MATERIAL": "TIERRA", "VIAS": 1, "CLASE": "VEHICULAR", "ANCHO_1": "3.30" }, "geometry": { "type": "MultiLineString", "coordinates": [ [ [ -89.175073046332827, 13.651163474808918 ], [ -89.175056878388688, 13.651207882170656 ], [ -89.175001403203922, 13.651248316628823 ], [ -89.174897539096079, 13.651292961812027 ], [ -89.174684123752129, 13.65138922231586 ], [ -89.174447519989045, 13.651532954074446 ], [ -89.174259450456688, 13.65161686423003 ], [ -89.174068493047372, 13.651726063140815 ], [ -89.173903383164117, 13.651806028163055 ], [ -89.173770085770101, 13.651850916014169 ], [ -89.173716407209213, 13.651919118385576 ], [ -89.173676629971212, 13.651950307213784 ], [ -89.173638829978316, 13.651972238883614 ], [ -89.173565345136964, 13.652024772777251 ], [ -89.173455360302697, 13.65207591289089 ], [ -89.173251268100131, 13.652174850661337 ] ] ] } },
{ "type": "Feature", "properties": { "FID_1": 686, "NOMBRE_DE": "CALLE PRINCIPAL", "Text_1": "LOTIFICACION EL CARMEN NO 2", "ESTADO": "BUENO", "MATERIAL": "ADOQUIN", "VIAS": 2, "CLASE": "VEHICULAR", "ANCHO_1": "5.00" }, "geometry": { "type": "MultiLineString", "coordinates": [ [ [ -89.173075169114242, 13.651603884635076 ], [ -89.172919854523656, 13.65168885017658 ], [ -89.172765590814905, 13.651774545107228 ], [ -89.172724437044479, 13.651774574016756 ], [ -89.17264205373921, 13.651671424615012 ], [ -89.172448521915854, 13.651339800177903 ] ] ] } },
{ "type": "Feature", "properties": { "FID_1": 687, "NOMBRE_DE": "PASAJE JUAREZ", "Text_1": "LOTIFICACION EL CARMEN NO 2", "ESTADO": "MALO", "MATERIAL": "TIERRA", "VIAS": 2, "CLASE": "VEHICULAR", "ANCHO_1": "4.00" }, "geometry": { "type": "MultiLineString", "coordinates": [ [ [ -89.17264205373921, 13.651671424615012 ], [ -89.172600931393831, 13.651714246733464 ], [ -89.172449241508744, 13.651802456909078 ], [ -89.172258980894185, 13.651905797513242 ], [ -89.172023639468918, 13.652045763121041 ], [ -89.171932219687918, 13.652074986780885 ] ] ] } },
{ "type": "Feature", "properties": { "FID_1": 689, "NOMBRE_DE": "PASAJE D-1", "Text_1": "LOTIFICACION EL CARMEN NO 2", "ESTADO": "MALO", "MATERIAL": "TIERRA", "VIAS": 1, "CLASE": "PEATONAL", "ANCHO_1": "5.15" }, "geometry": { "type": "MultiLineString", "coordinates": [ [ [ -89.172258980894185, 13.651905797513242 ], [ -89.172186884347752, 13.651800123503136 ], [ -89.171973049035117, 13.651426901074485 ] ] ] } },
{ "type": "Feature", "properties": { "FID_1": 692, "NOMBRE_DE": "PASAJE SIN NOMBRE", "Text_1": "LOTIFICACION EL CARMEN NO 2", "ESTADO": "MALO", "MATERIAL": "TIERRA", "VIAS": 1, "CLASE": "PEATONAL", "ANCHO_1": "6.70" }, "geometry": { "type": "MultiLineString", "coordinates": [ [ [ -89.174082661779408, 13.652527952438897 ], [ -89.174156117780882, 13.652220735985201 ], [ -89.174198817887728, 13.652024388522587 ] ] ] } },
{ "type": "Feature", "properties": { "FID_1": 871, "NOMBRE_DE": "CARRETERA AUTOPISTA A COMALAPA", "Text_1": "LOTIFICACION EL CARMEN NO 2", "ESTADO": "MALO", "MATERIAL": "TIERRA", "VIAS": 2, "CLASE": "VEHICULAR", "ANCHO_1": "3.00" }, "geometry": { "type": "MultiLineString", "coordinates": [ [ [ -89.173075169114242, 13.651603884635076 ], [ -89.173046458908658, 13.651450980347436 ], [ -89.172982374442981, 13.651196810269624 ] ] ] } },
{ "type": "Feature", "properties": { "FID_1": 37, "NOMBRE_DE": "PASAJE S/N", "Text_1": "LOTIFICAC ION LAS ALTURAS", "ESTADO": "MALO", "MATERIAL": "TIERRA", "VIAS": 1, "CLASE": "PEATONAL", "ANCHO_1": "3.20  (" }, "geometry": { "type": "MultiLineString", "coordinates": [ [ [ -89.226029619672346, 13.641782350292889 ], [ -89.225958829265636, 13.64174907150956 ], [ -89.225772744760292, 13.64165677884619 ], [ -89.225606292399945, 13.641569857549126 ] ] ] } },
{ "type": "Feature", "properties": { "FID_1": 38, "NOMBRE_DE": "PASAJE S/N \"   0`", "Text_1": "LOTIFICAC I\u000fN LCS ALTURAS            !", "ESTADO": "MALO", "MATERIAL": "TIERRA     `", "VIAS": 1, "CLASE": "PEATNFAL", "ANCHO_1": "2.50" }, "geometry": { "type": "MultiLineString", "coordinates": [ [ [ -89.225048392261101, 13.641938179918801 ], [ -89.224612655204467, 13.641711767656057 ] ] ] } },
{ "type": "Feature", "properties": { "FID_1": 39, "NOMBRE_DE": "PASAJE S/N", "Text_1": "LO\\IFICAC YON LAS ALTURAS    !               $", "ESTADO": "MALO", "MATERIAL": "TIERRA", "VIAS": 1, "CLASE": "PEATONAL", "ANCHO_1": "3.70" }, "geometry": { "type": "MultiLineString", "coordinates": [ [ [ -89.225705773950622, 13.638642307587679 ], [ -89.22567946916368, 13.638306253529844 ], [ -89.225653507077993, 13.637962461956636 ] ] ] } },
{ "type": "Feature", "properties": { "FID_1": 0, "NOMBRE_DE": "PASAJE S/N    0     0", "Text_1": "LOTIFICAC ION LAS ALTURAS                             (               (", "ESTADO": "MALO", "MATERIAL": "TIERRA", "VIAS": 1, "CLASE": "PEATONAÌ", "ANCHO_1": "5.00" }, "geometry": { "type": "MultiLineString", "coordinates": [ [ [ -89.226556525769141, 13.631241725578342 ], [ -89.226113312635604, 13.631208362475389 ], [ -89.225664760280495, 13.631169424843888 ] ] ] } },
{ "type": "Feature", "properties": { "FID_1": 44, "NOMBRE_DE": "PASAJE S/N                   !0               `   ", "Text_1": "LOTIFÉCAC ION LAS ALTURAS      d                                               0   `         !", "ESTADO": "MALO", "MATERIAL": "TIERRA", "VIAS": 1, "CLASE": "PEATONAL", "ANCHO_1": "5n80     " }, "geometry": { "type": "MultiLineString", "coordinates": [ [ [ -89.225636864120503, 13.631743623109264 ], [ -89.225786551472453, 13.631781839572312 ], [ -89.22621090547571, 13.6319800642299 ], [ -89.226991218733616, 13.632348528373942 ] ] ] } },
{ "type": "Feature", "properties": { "FID_1": 45, "NOMBRE_DE": "PASAJE S/N    !              0 ", "Text_1": "LOTYFICAC ION LAS ALTURAS                                           0                   !            $", "ESTADO": "MALO", "MATERIAL": "TIERRA", "VIAS": 1, "CLASE": "PEATONAL", "ANCHO_1": "4.20" }, "geometry": { "type": "MultiLineString", "coordinates": [ [ [ -89.225753370690001, 13.632998315627422 ], [ -89.225554345042156, 13.63289537230094 ], [ -89.225224503377419, 13.632732823608999 ], [ -89.225165541277846, 13.632710794090361 ] ] ] } },
{ "type": "Feature", "properties": { "FID_1": 46, "NOMBRE_DE": "PASAJE S/N", "Text_1": "LOTIFICAC ION LAS ALTURAS", "ESTADO": "MALO", "MATERIAL": "TIERRA", "VIAS": 1, "CLASE": "PEATONAL", "ANCHO_1": "4.75" }, "geometry": { "type": "MultiLineString", "coordinates": [ [ [ -89.223434664078496, 13.641138882440073 ], [ -89.223355947805601, 13.641134078199524 ], [ -89.222921292964287, 13.641108331801259 ], [ -89.222622619713079, 13.641090779096871 ], [ -89.222426891907205, 13.641077066433144 ], [ -89.222393947402608, 13.641077624816313 ], [ -89.222237285149419, 13.641037065384994 ], [ -89.222166098268929, 13.641017036795056 ], [ -89.22190044115662, 13.640841827260168 ], [ -89.221679723737722, 13.6406936165966 ], [ -89.22145761767058, 13.640531121365131 ], [ -89.221312881376093, 13.640425463100405 ], [ -89.221113125210778, 13.64028768172764 ] ] ] } },
{ "type": "Feature", "properties": { "FID_1": 47, "NOMBRE_DE": "PASAJE S/N", "Text_1": "LOTIFICAC ION LAS ALTURAS", "ESTADO": "MALO", "MATERIAL": "TIERRA", "VIAS": 1, "CLASE": "PEATONAL", "ANCHO_1": "6.80" }, "geometry": { "type": "MultiLineString", "coordinates": [ [ [ -89.222760831959491, 13.639807523623421 ], [ -89.22341770797928, 13.639836884995811 ] ] ] } },
{ "type": "Feature", "properties": { "FID_1": 48, "NOMBRE_DE": "PASAJE S/N", "Text_1": "LOTIFICAC ION LAS ALTURAS                                                                                                                                                                                       \"                                          ", "ESTADO": "MYLO", "MATERIAL": "TIERRA", "VIAS": 1, "CLASE": "PEATONAL", "ANCHO_1": "5.00" }, "geometry": { "type": "MultiLineString", "coordinates": [ [ [ -89.223918948135449, 13.634507997278517 ], [ -89.223808532159396, 13.634418057594823 ], [ -89.22328093333175, 13.63409011736724 ], [ -89.222949956360196, 13.633860729431191 ], [ -89.222509533291358, 13.633552534035589 ], [ -89.2226138180052, 13.633234682738673 ], [ -89.222759935167204, 13.632820463400842 ] ] ] } },
{ "type": "Feature", "properties": { "FID_1": 0, "NOMBRE_DE": "PASAJE S/N       `    0                    !", "Text_1": "LOTIFICAC ION LAS \u0001LtURAS", "ESTADO": "MALO", "MATERIAL": "TIERRA", "VIAS": 0, "CLASE": "PEATONAL", "ANCHO_1": "3.60" }, "geometry": { "type": "MultiLineString", "coordinates": [ [ [ -89.22252379857008, 13.642120772814541 ], [ -89.222507464289308, 13.641961543959674 ], [ -89.222480533285022, 13.641659337933971 ], [ -89.222443850788409, 13.641260610864405 ], [ -89.222426891907205, 13.641077066433144 ], [ -89.222418959686792, 13.640985732054236 ], [ -89.22241567269846, 13.640817366649419 ], [ -89.222406162042361, 13.640682680548782 ], [ -89.222384050638183, 13.640453107301436 ], [ -89.222311837367172, 13.640162354485328 ], [ -89.222214635547289, 13.639906819407612 ], [ -89.222167592087374, 13.63977216720863 ], [ -89.221995340656449, 13.639533545794691 ], [ -89.221851296987623, 13.639356123678978 ], [ -89.221800282744439, 13.639303092460279 ], [ -89.221653691306145, 13.639206594994974 ], [ -89.22148945595832, 13.638974520117365 ], [ -89.221258376109191, 13.638780366279027 ], [ -89.221063769682814, 13.638620153521632 ] ] ] } },
{ "type": "Feature", "properties": { "FID_1": null, "NOMBRE_DE": "PAWAJE CHAVEX       ", "Text_1": "LOTIFICAC I\u000fN LAS ALTURIS            !                   (       `", "ESTADO": "MALO    ", "MATERIAL": "TIERRA", "VIAS": 0, "CLASE": "PEATONAL      ", "ANCHO_1": "5.40" }, "geometry": { "type": "MultiLineString", "coordinates": [ [ [ -89.224612655204467, 13.641711767656057 ], [ -89.224708882183393, 13.640797996404483 ], [ -89.224805557800835, 13.63971786155548 ], [ -89.224759313274404, 13.639253182521379 ], [ -89.224664520395038, 13.638309489484717 ], [ -89.22464764477624, 13.638138589888152 ], [ -89.224545032118542, 13.637542391081904 ], [ -89.224694463981393, 13.637203770222754 ] ] ] } },
{ "type": "Feature", "properties": { "FID_1": 914, "NOMBRE_DE": "PASAJE S/N      0           (   !", "Text_1": "LOTIFICAC", "ESTADO": "MAÌO", "MATERIAL": "TIERRA", "VIAS": 1, "CLASE": "PEATONAL", "ANCHO_1": "4.30  (" }, "geometry": { "type": "MultiLineString", "coordinates": [ [ [ -89.224839548770703, 13.643041911895216 ], [ -89.224890918164206, 13.643011577007217 ], [ -89.224936970055438, 13.642913453324123 ], [ -89.225061005147964, 13.642648147569561 ], [ -89.225189759860399, 13.642382439295382 ], [ -89.225355876808948, 13.642061736418619 ], [ -89.225606292399945, 13.641569857549126 ], [ -89.225871567646294, 13.641036517213921 ], [ -89.226130659077825, 13.640528552613455 ], [ -89.226250272758222, 13.640328823627801 ], [ -89.226352254213651, 13.640250618006563 ] ] ] } },
{ "type": "Feature", "properties": { "FID_1": 916, "NOMBRE_DE": "pA\u0013QJE S/N                         \" (", "Text_1": "LOTIFICAC YON LAS ALTURAs      \"                                                                                                                                     !", "ESTADO": "MALO", "MATERIAL": "TIERRA", "VIAS": 0, "CLASE": "PEADONAL", "ANCHO_1": "4.00 !" }, "geometry": { "type": "MultiLineString", "coordinates": [ [ [ -89.226133334644771, 13.637949578185282 ], [ -89.225833154832628, 13.637961202948311 ], [ -89.225653507077993, 13.637962461956636 ], [ -89.225128331986582, 13.637688946934121 ], [ -89.224699674159169, 13.637198970658531 ], [ -89.224224407076903, 13.636687338419467 ] ] ] } },
{ "type": "Feature", "properties": { "FID_1": 920, "NOMBRE_DE": "PASAJE S/N  `                                 !", "Text_1": "LÏTIFICAC ION LAS aLTURAS  $", "ESTADO": "MALO", "MATERIAL": "TIERRA", "VIAS": 1, "CLASE": "PECTONAL", "ANCHO_1": "6.2\u0010 " }, "geometry": { "type": "MultiLineString", "coordinates": [ [ [ -89.226556525769141, 13.631241725578342 ], [ -89.226601947044912, 13.631100601009052 ], [ -89.22732044558235, 13.631151555695968 ], [ -89.228033497685914, 13.631194807812166 ] ] ] } },
{ "type": "Feature", "properties": { "FID_1": 0, "NOMBRE_DE": "PASAJE S/N                           $          `", "Text_1": "LOTIFICAC ION LAS \u0001HTURAS    \"     (     (   p`", "ESTADO": "MALO     $", "MATERIAL": "TIERRA", "VIAS": 1, "CLASE": "PEATONAL $", "ANCHO_1": "5.02" }, "geometry": { "type": "MultiLineString", "coordinates": [ [ [ -89.225753370690001, 13.632998315627422 ], [ -89.226156247830303, 13.632086383674883 ], [ -89.22621090547571, 13.6319800642299 ], [ -89.226475846354674, 13.631429536202342 ], [ -89.226556525769141, 13.631241725578342 ] ] ] } },
{ "type": "Feature", "properties": { "FID_1": 925, "NOMBRE_DE": "PA[AJE S/N    ( `        0                  ", "Text_1": "LOTIFICAÃ ION LAS ALTURAS (                                                              0          (   0  0       (", "ESTADO": "MALO", "MATERIAL": "TIERRA", "VIAS": 1, "CLASE": "PEATONAL", "ANCHO_1": "6.00     0" }, "geometry": { "type": "MultiLineString", "coordinates": [ [ [ -89.224513146546258, 13.633626546692367 ], [ -89.224589067485084, 13.633671037626048 ], [ -89.225029723591433, 13.633886183166515 ], [ -89.22537051606804, 13.633458919370636 ], [ -89.225488031771647, 13.633311436824453 ], [ -89.225753370690001, 13.632998315627422 ] ] ] } },
{ "type": "Feature", "properties": { "FID_1": 927, "NOMBRE_DE": "PASAJE S?N                ! \"            0", "Text_1": "LOtIFICAC ION LAS ALTURAS       0                                  !         0       `       ", "ESTADO": "MALO", "MATERIAL": "TIERRA ", "VIAS": 1, "CLASE": "PEATONAL", "ANCHO_1": "7.30   !" }, "geometry": { "type": "MultiLineString", "coordinates": [ [ [ -89.22341770797928, 13.639836884995811 ], [ -89.22342245501288, 13.639857125070961 ], [ -89.223503419954213, 13.640172851038187 ], [ -89.223595329542633, 13.640360745133345 ], [ -89.223630583659613, 13.640498219309857 ], [ -89.22361311184909, 13.640592770735555 ], [ -89.223595623683323, 13.640670133895291 ], [ -89.223525540216968, 13.640842080405131 ], [ -89.22346424568002, 13.641022613046331 ], [ -89.223434664078496, 13.641138882440073 ] ] ] } },
{ "type": "Feature", "properties": { "FID_1": 968, "NOMBRE_DE": "PASAJE S/O `\"    `        \"                \"", "Text_1": "LOTYFICAC IGN LAS ALTURAs              \"", "ESTADO": "OALO", "MATERIAL": "TIERRA", "VIAS": 0, "CLASE": "PEATONAL", "ANCHO_1": "1\u0010.00" }, "geometry": { "type": "MultiLineString", "coordinates": [ [ [ -89.223468356687988, 13.637004738361867 ], [ -89.223355576334711, 13.637386054259997 ], [ -89.223242983985926, 13.637741431026695 ], [ -89.223259296675053, 13.637930895958357 ], [ -89.223324045414984, 13.638159791848318 ], [ -89.223356423581237, 13.638278187276949 ], [ -89.223356513554691, 13.638372927064845 ], [ -89.223340523138006, 13.638522946381881 ], [ -89.223300475796293, 13.638822992335349 ], [ -89.223308797114925, 13.639091414402531 ], [ -89.223309014505304, 13.639320368882139 ], [ -89.223357660722684, 13.639580859329701 ], [ -89.22341770797928, 13.639836884995811 ] ] ] } },
{ "type": "Feature", "properties": { "FID_1": 0, "NOMBRE_DE": "PASAJE S/N              $ \"     \"            $!", "Text_1": "LOTIFICAC ION LAS ALTURAS", "ESTADO": "MALO    @", "MATERIAL": "TIERRA", "VIAS": 1, "CLASE": "PEATONAL   `", "ANCHO_1": "6.00" }, "geometry": { "type": "MultiLineString", "coordinates": [ [ [ -89.222867964738469, 13.636856120090211 ], [ -89.223468356687988, 13.637004738361867 ] ] ] } },
{ "type": "Feature", "properties": { "FID_1": 1, "NOMBRE_DE": "CALLE PRINCIPAL          0       ", "Text_1": "LOTIFICAC!ION LAS ALTURAS                  \"          (  (", "ESTADO": "MALO `", "MATERIAL": "TIERRA", "VIAS": 1, "CLASE": "PEATONAL", "ANCHO_1": "5.40" }, "geometry": { "type": "MultiLineString", "coordinates": [ [ [ -89.224387638783668, 13.642491369985274 ], [ -89.22442508663265, 13.64239421613922 ], [ -89.224563126141547, 13.642091083211671 ], [ -89.224612045714196, 13.641717555351953 ], [ -89.224612655204467, 13.641711767656057 ] ] ] } },
{ "type": "Feature", "properties": { "FID_1": 1178, "NOMBRE_DE": "CALLE PRKNCIPAL                      (", "Text_1": "LOTIFICAC IGN LIS ALTURAS                                                                   (  $  `      0      $                  !$", "ESTADO": "MALO", "MATERIAL": "PIEDRA", "VIAS": 2, "CLASE": "VEHICULAR  (", "ANCHO_1": "y.30" }, "geometry": { "type": "MultiLineString", "coordinates": [ [ [ -89.223434664078496, 13.641138882440073 ], [ -89.223420504631363, 13.641194535583169 ], [ -89.223429473288419, 13.641392192641341 ], [ -89.223455946577729, 13.641529674815709 ], [ -89.223535137914766, 13.641701485626008 ], [ -89.223640655718, 13.641856084189165 ], [ -89.223816429066119, 13.642019212909018 ], [ -89.224027326297161, 13.64218230950509 ], [ -89.224273372070556, 13.642371156281975 ], [ -89.224387638783668, 13.642491369985274 ], [ -89.22479857528441, 13.642931349060463 ], [ -89.224843056091757, 13.643044136487736 ] ] ] } },
{ "type": "Feature", "properties": { "FID_1": 0, "NOMBRE_DE": "CALlE PRINCIPAL", "Text_1": "LOTIFACAC I_N LAS ALTURAS                         0    !                    $ !                                       $    !   (                $                0      `                                                      `         \"        \"", "ESTADO": "MALO !!", "MATERIAL": "TIERRA", "VIAS": 1, "CLASE": "PEATONAL", "ANCHO_1": "8.30    $" }, "geometry": { "type": "MultiLineString", "coordinates": [ [ [ -89.223918948135449, 13.634507997278517 ], [ -89.223884727326464, 13.634629012601058 ], [ -89.223857341697652, 13.634716414984281 ], [ -89.223850640823727, 13.634891175983674 ], [ -89.223864547972127, 13.6350726395632 ], [ -89.223864733503234, 13.635267558317702 ], [ -89.223885546296998, 13.635489343658778 ], [ -89.223872061365199, 13.635751488277833 ], [ -89.22385845485141, 13.635885927505967 ], [ -89.223783075143785, 13.636054029669578 ], [ -89.223721455393488, 13.63624900465771 ], [ -89.223522848227489, 13.636820499334664 ], [ -89.223468356687988, 13.637004738361867 ] ] ] } },
{ "type": "Feature", "properties": { "FID_1": 230, "NOMBRE_DE": "PASAHE B      $", "Text_1": "COMQNIDAD EL TRANSITO ³                           (", "ESTADO": "REGULAR", "MATERIAL": "CONCRETO", "VIAS": 1, "CLASE": "PECTONAL", "ANCHO_1": "2>00" }, "geometry": { "type": "MultiLineString", "coordinates": [ [ [ -89.178780516178705, 13.659862941975687 ], [ -89.178788088512889, 13.659834151183851 ], [ -89.178786564145298, 13.65980862386758 ], [ -89.178778023726835, 13.65979242934519 ], [ -89.178776506078421, 13.659775738786292 ], [ -89.178782477395686, 13.659711913383319 ], [ -89.178784462147206, 13.659683158052797 ] ] ] } },
{ "type": "Feature", "properties": { "FID_1": 231, "NOMBRE_DE": "PASAJE 3           $                       $", "Text_1": "COMUNIDAD ]L TRANSHTO 3    $", "ESTADO": "MALO", "MATERIAL": "TIERRA", "VIAS": 1, "CLASE": "PEATONAL", "ANCHO_1": "2.40!$" }, "geometry": { "type": "MultiLineString", "coordinates": [ [ [ -89.178848548673997, 13.660049234880013 ], [ -89.178842202831589, 13.660012759908001 ], [ -89.178828277154452, 13.659978763640398 ], [ -89.178823840851223, 13.659960836221833 ], [ -89.178823812641525, 13.659923738357026 ], [ -89.178829457552908, 13.659869324020599 ] ] ] } },
{ "type": "Feature", "properties": { "FID_1": 0, "NOMBRE_DE": "PASAJE 3  (                            0 0  \"", "Text_1": "COMUNIDAD EL TRANSIÔÏ\"3         `                  $                                     (   (          $                             \"                          $             \"       $                  $                              `", "ESTADO": "REGULAR", "MATERIAL": "CONCRETO", "VIAS": 1, "CLASE": "PÅATONAL", "ANCHO_1": "1.80" }, "geometry": { "type": "MultiLineString", "coordinates": [ [ [ -89.178944338538258, 13.660177176681236 ], [ -89.178962354298321, 13.660127234255368 ], [ -89.178963124685296, 13.660106877879752 ], [ -89.178928946175915, 13.660064799198929 ], [ -89.178914808828424, 13.660053670252307 ], [ -89.178888121126491, 13.660052921158954 ], [ -89.178848547981346, 13.660049234842175 ], [ -89.178815063935559, 13.660052350879242 ], [ -89.178783473780783, 13.660051755399662 ], [ -89.178754412387505, 13.660053631317483 ], [ -89.178749366615193, 13.660064147494445 ], [ -89.178735468577401, 13.660067248731773 ], [ -89.178672013218957, 13.660061209670268 ] ] ] } },
{ "type": "Feature", "properties": { "FID_1": 233, "NOMBRE_DE": "PASAJE 5-A    ¤                   ", "Text_1": "COMUNIDAD!EL TRANSKTÏ 3 !     (      \"                          $             \"                                      !         `$", "ESTADO": "MAMO", "MATERIAL": "TIERRA", "VIAS": 1, "CLASE": "PEATONAL", "ANCHO_1": "4*00" }, "geometry": { "type": "MultiLineString", "coordinates": [ [ [ -89.179142304265369, 13.660394910604186 ], [ -89.179136467376964, 13.66031900541811 ], [ -89.179076028384031, 13.660310600716832 ], [ -89.178949102012211, 13.660287036695344 ], [ -89.178894485406403, 13.660288457114531 ], [ -89.178875963028972, 13.660297769947832 ] ] ] } },
{ "type": "Feature", "properties": { "FID_1": 0, "NOMBRE_DE": "PASAJG 5                                     ( !(", "Text_1": "COMUNIDAD$EL TRANSITO 3                                 !   \"                \"    (          (                    !!", "ESTADO": "MALO", "MATERIAL": "TIERRA", "VIAS": 0, "CLASE": "PEaToNAL", "ANCHO_1": "2.32" }, "geometry": { "type": "MultiLineString", "coordinates": [ [ [ -89.178838137527549, 13.660237741083902 ], [ -89.178816053039142, 13.66022295638893 ], [ -89.178787428640931, 13.660208576467266 ], [ -89.178772710416524, 13.660204986983947 ], [ -89.178746552286469, 13.660208606181849 ], [ -89.178721630478364, 13.660225425151516 ], [ -89.178658296436225, 13.660257472802257 ] ] ] } },
{ "type": "Feature", "properties": { "FID_1": 235, "NOMBRE_DE": "PASAJE 5                               !       `", "Text_1": "COMUNIDAD", "ESTADO": "MALO   !", "MATERIAL": "TIERRA", "VIAS": 1, "CLASE": "PEATONAL    $", "ANCHO_1": "2.30" }, "geometry": { "type": "MultiLineString", "coordinates": [ [ [ -89.178815068592669, 13.660155671380963 ], [ -89.178864021301294, 13.660159068414453 ], [ -89.178888890334989, 13.660160053854593 ], [ -89.178905781690261, 13.660170127065552 ] ], [ [ -89.178944338538258, 13.660177176681236 ], [ -89.178905781690261, 13.660170127065552 ] ], [ [ -89.178838137551452, 13.660237740448624 ], [ -89.178867957542423, 13.660213319036625 ], [ -89.178894910743921, 13.660178897513207 ], [ -89.178905781690261, 13.660170127065552 ] ] ] } },
{ "type": "Feature", "properties": { "FID_1": 237, "NOMBRE_DE": "PASAJE PRINCITAL", "Text_1": "COMUNIDAD EL TRANSITK 3    `       $           !                    $(              ( $", "ESTADO": "MÁLO`", "MATERIAL": "TIERRA", "VIAS": 1, "CLASE": "PEATONAL ` ", "ANCHO_1": "2.80" }, "geometry": { "type": "MultiLineString", "coordinates": [ [ [ -89.179390328044292, 13.660704987960065 ], [ -89.179267894411353, 13.660686583390657 ], [ -89.179179866609473, 13.660678179609882 ], [ -89.179118261519946, 13.66065064480672 ], [ -89.179091109642627, 13.66063534186193 ], [ -89.179082752459493, 13.660626153984985 ], [ -89.179078557288534, 13.66060163980554 ], [ -89.179060793430196, 13.660577137161201 ], [ -89.17897723538087, 13.660507733777806 ], [ -89.17896469760791, 13.660492420182452 ], [ -89.178963638785049, 13.660474033578716 ], [ -89.178967799170536, 13.660453599154456 ], [ -89.178961514631069, 13.660425000655351 ], [ -89.178953136686232, 13.660389254290477 ], [ -89.178949591769623, 13.660375541231618 ], [ -89.178936820424866, 13.660357239284084 ], [ -89.178904045533002, 13.660318142582723 ], [ -89.17887596180374, 13.660297769681957 ], [ -89.178848794448839, 13.660276135493104 ], [ -89.178838137551452, 13.660237740448624 ] ] ] } },
{ "type": "Feature", "properties": { "FID_1": 0, "NOMBRE_DE": "PiSAJE 6-A                   0(     ( !        0", "Text_1": "COMUOIDED E\f URANSITO 3                                     !      $", "ESTADO": "MALO", "MATERIAL": "TIERRA", "VIAS": 0, "CLASE": "PEATONAL", "ANCHO_1": "2.20" }, "geometry": { "type": "MultiLineString", "coordinates": [ [ [ -89.179168380524658, 13.660844546774465 ], [ -89.179185728476767, 13.660833387393069 ], [ -89.179248323887819, 13.660799363083605 ], [ -89.17925823530642, 13.660787827374286 ], [ -89.179296037586312, 13.660763529321608 ], [ -89.179386487879839, 13.660756245159009 ] ] ] } },
{ "type": "Feature", "properties": { "FID_1": 0, "NOMBRE_DE": "PASAJE LONDRES    $", "Text_1": "COMUNIDAD EL TRANWITO 3                   0        !             $", "ESTADO": "REGULAR", "MATERIAL": "CONCRETO", "VIAS": 1, "CLASE": "PEATONAL", "ANCHO_1": "1.40" }, "geometry": { "type": "MultiLineString", "coordinates": [ [ [ -89.178443624292598, 13.659925583451226 ], [ -89.178439652195706, 13.659809072641901 ], [ -89.178438214298097, 13.659770607996764 ], [ -89.178432918842773, 13.659710815493835 ], [ -89.178408085264579, 13.659697752319421 ] ] ] } },
{ "type": "Feature", "properties": { "FID_1": 242, "NOMBRE_DE": "PASAJE No.2", "Text_1": "COMUNIDAD EL TRANSITO 3", "ESTADO": "REGULAR", "MATERIAL": "CONCRETO", "VIAS": 1, "CLASE": "PEATONAL", "ANCHO_1": "5.00" }, "geometry": { "type": "MultiLineString", "coordinates": [ [ [ -89.178686799569476, 13.659649018710816 ], [ -89.178579710138251, 13.659653313986457 ], [ -89.17851967885035, 13.659650758166794 ], [ -89.178481961711185, 13.659651305425491 ], [ -89.178445312955205, 13.65965965011978 ], [ -89.178421952907641, 13.659678382790103 ], [ -89.178408085100926, 13.659697751979966 ] ] ] } },
{ "type": "Feature", "properties": { "FID_1": 261, "NOMBRE_DE": "PASAJE PARIS", "Text_1": "COMUNIDAD EL TRANSITO 3", "ESTADO": "REGULAR", "MATERIAL": "CONCRETO", "VIAS": 1, "CLASE": "PEATONAL", "ANCHO_1": "5.00" }, "geometry": { "type": "MultiLineString", "coordinates": [ [ [ -89.178408085100926, 13.659697751979966 ], [ -89.178340581514476, 13.659711078542006 ], [ -89.178294819150921, 13.659722521123902 ], [ -89.17821786685289, 13.659752094692038 ] ] ] } },
{ "type": "Feature", "properties": { "FID_1": 422, "NOMBRE_DE": "PASAJE 4", "Text_1": "COMUNIDAD EL TRANSITO 3                                                                                                                                                                                   !                    $     0       \"", "ESTADO": "MALO", "MATERIAL": "TIERRA", "VIAS": 0, "CLASE": "PEATONAL       ", "ANCHO_1": "1*50" }, "geometry": { "type": "MultiLineString", "coordinates": [ [ [ -89.179135501579879, 13.660213149135327 ], [ -89.17911195699331, 13.66021699808328 ], [ -89.179089975722945, 13.660213557409589 ], [ -89.17905346963704, 13.660205902476219 ], [ -89.17903815957726, 13.660201304713059 ], [ -89.17898712955764, 13.660190587736606 ], [ -89.178965930904653, 13.660184073875573 ], [ -89.178944339484914, 13.660177176222929 ] ] ] } },
{ "type": "Feature", "properties": { "FID_1": 438, "NOMBRE_DE": "PASAJE No.5                       \"", "Text_1": "COMUNITAD EL TRALSITO 3                  (     0              \"                         (", "ESTADO": "RMGULAR", "MATERIAL": "CONCRETO", "VIAS": 1, "CLASE": "ÐEATONAL  \"(", "ANCHO_1": "4&30" }, "geometry": { "type": "MultiLineString", "coordinates": [ [ [ -89.179142913095532, 13.659886191715854 ], [ -89.179081210653166, 13.659880928818396 ], [ -89.179029121617717, 13.65988096674503 ], [ -89.178962147012044, 13.65988153629193 ], [ -89.178829457011915, 13.659869325100784 ], [ -89.178780516761606, 13.65986294118569 ], [ -89.178733375048523, 13.659849116925734 ], [ -89.178700230574862, 13.65984693037929 ], [ -89.178683654979508, 13.659841045377641 ], [ -89.178667828628136, 13.659828525170955 ], [ -89.178656521762719, 13.659818212865275 ], [ -89.178649733280693, 13.659805687746378 ], [ -89.178610561880802, 13.659802766297576 ], [ -89.178533740539265, 13.659811669029548 ], [ -89.178439652195706, 13.659809072641901 ] ] ] } },
{ "type": "Feature", "properties": { "FID_1": 0, "NOMBRE_DE": "PASAJE 6            `           $", "Text_1": "GOMUNIDAD EL TRANSITO 7                             $                                \"    $        `        \"", "ESTADO": "MALO", "MATERIAL": "TIERRA", "VIAS": 1, "CLASE": "PEATONAL  ", "ANCHO_1": "2.40" }, "geometry": { "type": "MultiLineString", "coordinates": [ [ [ -89.179118533385889, 13.66076018765593 ], [ -89.179200543962523, 13.660714702063409 ], [ -89.179267894411353, 13.660686583390657 ] ], [ [ -89.179052629298383, 13.660806677712895 ], [ -89.179118533385889, 13.66076018765593 ] ], [ [ -89.179241153499859, 13.660967708089537 ], [ -89.179118533385889, 13.66076018765593 ] ] ] } },
{ "type": "Feature", "properties": { "FID_1": 215, "NOMBRE_DE": "CELLE S/N", "Text_1": "LOTIFICACION SANCHEZ SOLANO", "ESTADO": "MAMO", "MATERIAL": "TIERRA", "VIAS": 1, "CLASE": "PEATONAL", "ANCHO_1": "5.15\"" }, "geometry": { "type": "MultiLineString", "coordinates": [ [ [ -89.180085472290386, 13.659545063268776 ], [ -89.180058013387011, 13.659526983519219 ], [ -89.180003185841372, 13.659418088497926 ], [ -89.179955660294979, 13.659312759765301 ], [ -89.179897175246126, 13.659193416661392 ] ] ] } },
{ "type": "Feature", "properties": { "FID_1": 0, "NOMBRE_DE": "CALLE S/N           \"        00", "Text_1": "LOTIFICACION SANCHEZ SOLANG `         `      `            h          \"      !                  (      \"                               $   0 0       $       \"                    (                  (                                             $", "ESTADO": "MALO !", "MATERIAL": "CONCRETO", "VIAS": 1, "CLASE": "PEATONAL", "ANCHO_1": "2.80" }, "geometry": { "type": "MultiLineString", "coordinates": [ [ [ -89.179119812233509, 13.659354211013687 ], [ -89.179187937763146, 13.659453101449452 ], [ -89.179212387618719, 13.659498592786029 ], [ -89.179078693436537, 13.65950096425801 ], [ -89.178996144731883, 13.659491924181243 ], [ -89.178944989428786, 13.65948968512528 ], [ -89.178798512875773, 13.6594977570106 ], [ -89.178673224202882, 13.659497262174327 ], [ -89.178678378144667, 13.659560070329265 ], [ -89.178686799828341, 13.659649019735944 ], [ -89.17868972989973, 13.659690358167618 ], [ -89.178712507543395, 13.659689125132733 ], [ -89.178784461794052, 13.659683159234818 ], [ -89.178932159524123, 13.659673888192314 ], [ -89.178978106809467, 13.659670565011062 ], [ -89.179009261203504, 13.659669445017675 ], [ -89.179030048007775, 13.659665365563415 ] ] ] } },
{ "type": "Feature", "properties": { "FID_1": 424, "NOMBRE_DE": "CALLE PRINCIPAL", "Text_1": "LOTIFICACION(SANCHEX Ó_LANO                     $         $   (               (    `            \"       `   `        \u0004", "ESTADO": "@UENO", "MATERIAL": "CONCRETO      ", "VIAS": 1, "CLASE": "PDAToNAL  0", "ANCHO_1": "4.45   " }, "geometry": { "type": "MultiLineString", "coordinates": [ [ [ -89.179286033933138, 13.659124535311031 ], [ -89.179271203660221, 13.659129309531661 ], [ -89.179182537239953, 13.659173466007452 ], [ -89.179101922571476, 13.659213295727774 ], [ -89.17894621409809, 13.659270065191816 ], [ -89.178785970068162, 13.659322867871937 ], [ -89.178612261117721, 13.659369693255382 ], [ -89.178517813776509, 13.65940897451693 ], [ -89.178378501333952, 13.659461405341689 ], [ -89.178294268714609, 13.659496353282979 ], [ -89.178266730293998, 13.659507473309889 ], [ -89.178213251373151, 13.659497997574302 ], [ -89.178096566705634, 13.659475880326578 ], [ -89.178054430811315, 13.65946639689316 ], [ -89.177944232050493, 13.659450618794448 ], [ -89.17778914056926, 13.659428599805501 ] ] ] } },
{ "type": "Feature", "properties": { "FID_1": 425, "NOMBRE_DE": "PAS@JE 1         `                       (", "Text_1": "LOTAFICACION ÓANCHEZ SOLANO  0", "ESTADO": "MALO", "MATERIAL": "TIERRA", "VIAS": 1, "CLASE": "PEATONAL", "ANCHO_1": "4.50" }, "geometry": { "type": "MultiLineString", "coordinates": [ [ [ -89.179101923219235, 13.659213295422575 ], [ -89.179095641956934, 13.65915607652073 ], [ -89.179098917234086, 13.659035809772091 ], [ -89.179101227828397, 13.658866415502159 ] ] ] } },
{ "type": "Feature", "properties": { "FID_1": 440, "NOMBRE_DE": "PASAJE NO 2", "Text_1": "LOTIFICACION SANCHEZ SOLANO", "ESTADO": "MALO", "MATERIAL": "TIERRA", "VIAS": 1, "CLASE": "PEATONAL", "ANCHO_1": "2.25" }, "geometry": { "type": "MultiLineString", "coordinates": [ [ [ -89.17861226180743, 13.659369692540313 ], [ -89.178606217959995, 13.659314089306347 ], [ -89.178605712507149, 13.659245338517691 ], [ -89.178605119747573, 13.659061631024167 ], [ -89.178596194979278, 13.658953032345067 ] ] ] } },
{ "type": "Feature", "properties": { "FID_1": 271, "NOMBRE_DE": "CALLE ROMA", "Text_1": "COLONIA EL TRANSITO NO 1", "ESTADO": "BUENO", "MATERIAL": "CONCRETO", "VIAS": 2, "CLASE": "VEHICULAR", "ANCHO_1": "5.45" }, "geometry": { "type": "MultiLineString", "coordinates": [ [ [ -89.178417501081526, 13.658784089797981 ], [ -89.178336253105115, 13.658732257263965 ], [ -89.178297055799661, 13.658653212298846 ], [ -89.178276789380917, 13.658565504952142 ], [ -89.178283030666876, 13.658471600779075 ], [ -89.178301918427508, 13.658406104435546 ], [ -89.17841560756942, 13.658217912006027 ], [ -89.178556906596143, 13.65799253736774 ], [ -89.178722174366996, 13.657755412306289 ], [ -89.178846713270673, 13.657562901856505 ] ] ] } },
{ "type": "Feature", "properties": { "FID_1": 272, "NOMBRE_DE": "PASAJE LISBOA", "Text_1": "COLONIA EL TRANSITO NO 1", "ESTADO": "MALO", "MATERIAL": "TIERRA", "VIAS": 1, "CLASE": "PEATONAL", "ANCHO_1": "5.65" }, "geometry": { "type": "MultiLineString", "coordinates": [ [ [ -89.178801534064434, 13.658450602909214 ], [ -89.178897880513063, 13.658346416629346 ], [ -89.179012795933943, 13.65823378822201 ], [ -89.179184353518949, 13.658121118495066 ] ] ] } },
{ "type": "Feature", "properties": { "FID_1": 427, "NOMBRE_DE": "PASAJE GLORIA", "Text_1": "QUINTA GLORIA", "ESTADO": "REGULAR", "MATERIAL": "CONCRETO", "VIAS": 1, "CLASE": "PEATONAL", "ANCHO_1": "4.45" }, "geometry": { "type": "MultiLineString", "coordinates": [ [ [ -89.18082328718458, 13.659667084612046 ], [ -89.180930362266139, 13.659622116223295 ], [ -89.181025988188637, 13.659572932168357 ], [ -89.181127534761728, 13.659519168275244 ], [ -89.181192145295626, 13.659494408455961 ], [ -89.181266777280428, 13.659475084921398 ] ] ] } },
{ "type": "Feature", "properties": { "FID_1": 428, "NOMBRE_DE": "PASAJE GLORIA", "Text_1": "QUINTA GLORIA", "ESTADO": "REGULAR", "MATERIAL": "CONCRETO", "VIAS": 1, "CLASE": "PEATONAL", "ANCHO_1": "3.00" }, "geometry": { "type": "MultiLineString", "coordinates": [ [ [ -89.181229356800571, 13.659694621822656 ], [ -89.181267885644019, 13.659689302170602 ], [ -89.181288275475808, 13.65968306620219 ], [ -89.181262962943691, 13.659475675287741 ] ] ] } },
{ "type": "Feature", "properties": { "FID_1": 206, "NOMBRE_DE": "PJE. ATLACATL", "Text_1": "COLONIA EL TRANSITO 3", "ESTADO": "BUENO", "MATERIAL": "CONCRETO", "VIAS": 1, "CLASE": "PEATONAL - GRAD", "ANCHO_1": "6.00" }, "geometry": { "type": "MultiLineString", "coordinates": [ [ [ -89.181956207014608, 13.661149554540307 ], [ -89.181879383574227, 13.661163812362215 ], [ -89.18169271376334, 13.661168887712217 ], [ -89.181528240684045, 13.661170984119767 ], [ -89.181497231821481, 13.660737106559161 ] ] ] } },
{ "type": "Feature", "properties": { "FID_1": 207, "NOMBRE_DE": "AVENIDA TOLEDO", "Text_1": "COLONIA EL TRANSITO 3", "ESTADO": "MALO", "MATERIAL": "TIERRA", "VIAS": 1, "CLASE": "PEATONAL", "ANCHO_1": "3.00" }, "geometry": { "type": "MultiLineString", "coordinates": [ [ [ -89.182172001011182, 13.66151699303839 ], [ -89.182140823396836, 13.66144982434702 ], [ -89.182125155943268, 13.661419215889676 ], [ -89.181956207636603, 13.661149555385036 ], [ -89.181832946469456, 13.660716670762952 ] ] ] } },
{ "type": "Feature", "properties": { "FID_1": 208, "NOMBRE_DE": "CALLE PRINCIPAL", "Text_1": "COLONIA EL TRANSITO 3", "ESTADO": "BUENO", "MATERIAL": "ADOQUIN MIXTO", "VIAS": 2, "CLASE": "VEHICULAR", "ANCHO_1": "6.75" }, "geometry": { "type": "MultiLineString", "coordinates": [ [ [ -89.181832778890765, 13.660716680963835 ], [ -89.181497230580518, 13.660737106311917 ], [ -89.181020520908859, 13.66075738151941 ], [ -89.180582456174605, 13.66075386546118 ], [ -89.180249658258091, 13.660737123541939 ], [ -89.180168347822018, 13.660733034395378 ] ] ] } },
{ "type": "Feature", "properties": { "FID_1": 209, "NOMBRE_DE": "PJE. GAVIDIA", "Text_1": "COLONIA EL TRANSITO 3", "ESTADO": "REGULAR", "MATERIAL": "ASFALTO", "VIAS": 1, "CLASE": "PEATONAL", "ANCHO_1": "5.60" }, "geometry": { "type": "MultiLineString", "coordinates": [ [ [ -89.181733650270857, 13.660355327039982 ], [ -89.181673945538819, 13.660345507824893 ], [ -89.181446014631973, 13.660350228411522 ], [ -89.181304554251795, 13.660353030393592 ] ] ] } },
{ "type": "Feature", "properties": { "FID_1": 214, "NOMBRE_DE": "PASAJE LOS ALPES", "Text_1": "COLONIA EL TRANSITO 3", "ESTADO": "MALO", "MATERIAL": "EMPEDRADO", "VIAS": 1, "CLASE": "PEATONAL", "ANCHO_1": "5.10" }, "geometry": { "type": "MultiLineString", "coordinates": [ [ [ -89.180595065607818, 13.65988673666271 ], [ -89.180486893876278, 13.659892015231842 ], [ -89.180297395445422, 13.659895169791806 ], [ -89.18011713445874, 13.659890778555843 ], [ -89.179855221887024, 13.659890970248979 ], [ -89.179609331456916, 13.659888134407979 ], [ -89.179142913095532, 13.659886191715854 ] ] ] } },
{ "type": "Feature", "properties": { "FID_1": 216, "NOMBRE_DE": "PASAJE MONTECRISTO", "Text_1": "COLONIA EL TRANSITO 3", "ESTADO": "MALO", "MATERIAL": "EMPEDRADO", "VIAS": 1, "CLASE": "PEATONAL", "ANCHO_1": "4.50" }, "geometry": { "type": "MultiLineString", "coordinates": [ [ [ -89.180586187812878, 13.660256825991739 ], [ -89.180451099014277, 13.660253852225503 ], [ -89.180245149602499, 13.660252978216661 ], [ -89.179855641391072, 13.660245480665486 ], [ -89.179461614577249, 13.660242832417561 ], [ -89.179349029194611, 13.660244389779471 ], [ -89.179274576456976, 13.660248591142897 ], [ -89.179246124391355, 13.660246834879834 ], [ -89.179198293797256, 13.660233837647379 ], [ -89.179135501397639, 13.660213149671153 ] ] ] } },
{ "type": "Feature", "properties": { "FID_1": 217, "NOMBRE_DE": "PASAJE DELGADO", "Text_1": "COLONIA EL TRANSITO 3", "ESTADO": "REGULAR", "MATERIAL": "CONCRETO", "VIAS": 1, "CLASE": "PEATONAL - GRAD", "ANCHO_1": "5.80" }, "geometry": { "type": "MultiLineString", "coordinates": [ [ [ -89.179852139378539, 13.660720947657589 ], [ -89.179852953811817, 13.660655008169549 ], [ -89.179855733444271, 13.660365842898136 ], [ -89.179855641391072, 13.660245480665486 ], [ -89.179855221887024, 13.659890970248979 ] ] ] } },
{ "type": "Feature", "properties": { "FID_1": 218, "NOMBRE_DE": "PASAJE LOS NARANJOS", "Text_1": "COLONIA EL TRANSITO 3", "ESTADO": "MALO", "MATERIAL": "EMPEDRADO", "VIAS": 1, "CLASE": "PEATONAL", "ANCHO_1": "2.40" }, "geometry": { "type": "MultiLineString", "coordinates": [ [ [ -89.180168347822018, 13.660733034395378 ], [ -89.179852139378539, 13.660720947657589 ], [ -89.179644850632286, 13.660714685188637 ], [ -89.179471273804538, 13.660708072445482 ], [ -89.179390328044292, 13.660704987960065 ] ] ] } },
{ "type": "Feature", "properties": { "FID_1": 219, "NOMBRE_DE": "PASAJE BARRIOS", "Text_1": "COLONIA EL TRANSITO 3", "ESTADO": "MALO", "MATERIAL": "TIERRA", "VIAS": 1, "CLASE": "PEATONAL", "ANCHO_1": "4.80" }, "geometry": { "type": "MultiLineString", "coordinates": [ [ [ -89.180249659265385, 13.660737124008776 ], [ -89.180255241263339, 13.660670972167159 ], [ -89.180257971187231, 13.660590375145842 ], [ -89.180243972902289, 13.660538476749252 ], [ -89.180245149930016, 13.660252978270066 ] ] ] } },
{ "type": "Feature", "properties": { "FID_1": 220, "NOMBRE_DE": "PASAJE ARCE", "Text_1": "COLONIA EL TRANSITO 3", "ESTADO": "MALO", "MATERIAL": "TIERRA", "VIAS": 1, "CLASE": "PEATONAL", "ANCHO_1": "3.50" }, "geometry": { "type": "MultiLineString", "coordinates": [ [ [ -89.179471274435841, 13.660708071335193 ], [ -89.179472399281067, 13.660615653747666 ], [ -89.179458823070817, 13.660514383264271 ], [ -89.179461615603813, 13.660242832349972 ] ] ] } },
{ "type": "Feature", "properties": { "FID_1": 222, "NOMBRE_DE": "PASAJE LOS ANDES", "Text_1": "COLONIA EL TRANSITO 3", "ESTADO": "MALO", "MATERIAL": "EMPEDRADO", "VIAS": 1, "CLASE": "PEATONAL", "ANCHO_1": "3.00" }, "geometry": { "type": "MultiLineString", "coordinates": [ [ [ -89.180168648312304, 13.661124839285993 ], [ -89.179924454698991, 13.661130048064233 ], [ -89.17965112438884, 13.66111928557399 ], [ -89.179397962213045, 13.661115085459089 ] ] ] } },
{ "type": "Feature", "properties": { "FID_1": 223, "NOMBRE_DE": "PASAJE LA LOMA", "Text_1": "COLONIA EL TRANSITO 3", "ESTADO": "MALO", "MATERIAL": "EMPEDRADO", "VIAS": 1, "CLASE": "PEATONAL", "ANCHO_1": "7.20" }, "geometry": { "type": "MultiLineString", "coordinates": [ [ [ -89.179441069037907, 13.661545566407206 ], [ -89.180168969139729, 13.661543599615444 ] ] ] } },
{ "type": "Feature", "properties": { "FID_1": 227, "NOMBRE_DE": "PASAJE C", "Text_1": "COLONIA EL TRANSITO 3", "ESTADO": "MALO", "MATERIAL": "TIERRA", "VIAS": 1, "CLASE": "PEATONAL", "ANCHO_1": "2.40" }, "geometry": { "type": "MultiLineString", "coordinates": [ [ [ -89.181475512014643, 13.661663092382323 ], [ -89.181466915038854, 13.661610532346568 ], [ -89.181467785136917, 13.661506063243111 ], [ -89.181473024415723, 13.661394817274786 ] ] ] } },
{ "type": "Feature", "properties": { "FID_1": 228, "NOMBRE_DE": "PASAJE C", "Text_1": "COLONIA EL TRANSITO 3", "ESTADO": "MALO", "MATERIAL": "TIERRA", "VIAS": 1, "CLASE": "PEATONAL", "ANCHO_1": "2.60" }, "geometry": { "type": "MultiLineString", "coordinates": [ [ [ -89.181473024415723, 13.661394817274786 ], [ -89.181391925094871, 13.661406350141867 ] ] ] } },
{ "type": "Feature", "properties": { "FID_1": 229, "NOMBRE_DE": "PASAJE D", "Text_1": "COLONIA EL TRANSITO 3", "ESTADO": "MALO", "MATERIAL": "TIERRA", "VIAS": 1, "CLASE": "PEATONAL", "ANCHO_1": "2.60" }, "geometry": { "type": "MultiLineString", "coordinates": [ [ [ -89.18172264202471, 13.661366208111966 ], [ -89.181615194820068, 13.66137948559923 ], [ -89.181473024415723, 13.661394817274786 ] ] ] } },
{ "type": "Feature", "properties": { "FID_1": 423, "NOMBRE_DE": "AVENIDA GRANADA SUR", "Text_1": "COLONIA EL TRANSITO 3", "ESTADO": "BUENO", "MATERIAL": "CONCRETO", "VIAS": 2, "CLASE": "VEHICULAR", "ANCHO_1": "6.75" }, "geometry": { "type": "MultiLineString", "coordinates": [ [ [ -89.180588334172853, 13.662274591660154 ], [ -89.180584916061136, 13.661672387700795 ], [ -89.180586774394172, 13.661605493017605 ], [ -89.180582475566681, 13.660757689926061 ] ] ] } },
{ "type": "Feature", "properties": { "FID_1": 426, "NOMBRE_DE": "1A CALLE ORIENTE", "Text_1": "COLONIA EL TRANSITO 3", "ESTADO": "MALO", "MATERIAL": "TIERRA", "VIAS": 2, "CLASE": "PEATONAL", "ANCHO_1": "4.20" }, "geometry": { "type": "MultiLineString", "coordinates": [ [ [ -89.182839316673409, 13.661307362041784 ], [ -89.182725609432921, 13.661328769488177 ], [ -89.18257336188978, 13.661384475559329 ], [ -89.182386070798387, 13.661448485681159 ], [ -89.182261139942767, 13.661488827062232 ], [ -89.182172001011182, 13.66151699303839 ], [ -89.182127657147618, 13.661531003575474 ], [ -89.181969524691524, 13.661559958730328 ], [ -89.181899811196502, 13.661573713254356 ], [ -89.181791577736362, 13.661592791385566 ], [ -89.181609228874549, 13.661624591083493 ], [ -89.181519235719648, 13.661652826415251 ], [ -89.181475511741596, 13.661663092588936 ], [ -89.181454532724302, 13.661663867101142 ] ] ] } },
{ "type": "Feature", "properties": { "FID_1": 435, "NOMBRE_DE": "AVENIDA LA RONDA", "Text_1": "COLONIA EL TRANSITO 3", "ESTADO": "MALO", "MATERIAL": "TIERRA", "VIAS": 1, "CLASE": "PEATONAL", "ANCHO_1": "5.25" }, "geometry": { "type": "MultiLineString", "coordinates": [ [ [ -89.18223197022391, 13.661673324222507 ], [ -89.182264198634257, 13.661648386989297 ], [ -89.182274938403225, 13.661637859900258 ], [ -89.182277756400907, 13.661624015284284 ], [ -89.182270932607281, 13.661578621531111 ], [ -89.182257852759889, 13.661491707591013 ] ], [ [ -89.18223197022391, 13.661673324222507 ], [ -89.182186123009274, 13.661646783695618 ], [ -89.182124369962523, 13.661533884102514 ] ], [ [ -89.182794370253305, 13.662199876731943 ], [ -89.182737516607204, 13.662140762609164 ], [ -89.182689841008937, 13.662107256757121 ], [ -89.182579452348691, 13.662050892277703 ], [ -89.182347035198134, 13.66196568307185 ], [ -89.182300207987439, 13.661950099914531 ], [ -89.182246837709542, 13.661729397755854 ], [ -89.18223197022391, 13.661673324222507 ] ] ] } },
{ "type": "Feature", "properties": { "FID_1": 436, "NOMBRE_DE": "PASAJE S/N", "Text_1": "COLONIA EL TRANSITO 3", "ESTADO": "MALO", "MATERIAL": "TIERRA", "VIAS": 1, "CLASE": "PEATONAL", "ANCHO_1": "2.60" }, "geometry": { "type": "MultiLineString", "coordinates": [ [ [ -89.181914942353558, 13.661764402846288 ], [ -89.181969525916429, 13.661559958204288 ] ] ] } },
{ "type": "Feature", "properties": { "FID_1": 975, "NOMBRE_DE": "AVENIDA TOLEDO", "Text_1": "COLONIA EL TRANSITO 3", "ESTADO": "BUENO", "MATERIAL": "ASFALTO", "VIAS": 1, "CLASE": "PEATONAL", "ANCHO_1": "6.75" }, "geometry": { "type": "MultiLineString", "coordinates": [ [ [ -89.181832946469456, 13.660716670762952 ], [ -89.181752635543248, 13.660477317459701 ], [ -89.181733649699197, 13.660355327904414 ], [ -89.181736153033938, 13.660226298864199 ] ] ] } },
{ "type": "Feature", "properties": { "FID_1": 976, "NOMBRE_DE": "AV. ASTURIAS", "Text_1": "COLONIA EL TRANSITO 3", "ESTADO": "BUENO", "MATERIAL": "CONCRETO", "VIAS": 2, "CLASE": "VEHICULAR", "ANCHO_1": "6.90" }, "geometry": { "type": "MultiLineString", "coordinates": [ [ [ -89.180174030914117, 13.662132813306558 ], [ -89.180173438678437, 13.662132644726029 ], [ -89.180161445639726, 13.661663590954998 ], [ -89.180168968825001, 13.661543600508047 ], [ -89.180168647996908, 13.661124839328643 ], [ -89.180168347822018, 13.660733034395378 ] ] ] } },
{ "type": "Feature", "properties": { "FID_1": 248, "NOMBRE_DE": "CALLE BUENOS AIRES", "Text_1": "COLONIA LOMAS DE SAN CARLOS", "ESTADO": "BUENO", "MATERIAL": "ADOQUIN", "VIAS": 2, "CLASE": "VEHICULAR", "ANCHO_1": "4.40" }, "geometry": { "type": "MultiLineString", "coordinates": [ [ [ -89.179716289791571, 13.662316583722079 ], [ -89.179776379186606, 13.662314642828159 ], [ -89.179977613269187, 13.662307201656951 ], [ -89.180232414815137, 13.662329309236512 ] ] ] } },
{ "type": "Feature", "properties": { "FID_1": 249, "NOMBRE_DE": "PASAJE S/N", "Text_1": "COLONIA LOMAS DE SAN CARLOS", "ESTADO": "MALO", "MATERIAL": "TIERRA", "VIAS": 1, "CLASE": "PEATONAL", "ANCHO_1": "1.20" }, "geometry": { "type": "MultiLineString", "coordinates": [ [ [ -89.179664603360223, 13.662100976925416 ], [ -89.179684098694679, 13.662176853846539 ], [ -89.179716289791571, 13.662316583722079 ] ] ] } },
{ "type": "Feature", "properties": { "FID_1": 250, "NOMBRE_DE": "PASAJE S/N", "Text_1": "COLONIA LOMAS DE SAN CARLOS", "ESTADO": "BUENO", "MATERIAL": "ADOQUIN", "VIAS": 2, "CLASE": "VEHICULAR", "ANCHO_1": "4.22" }, "geometry": { "type": "MultiLineString", "coordinates": [ [ [ -89.179119347388024, 13.662401666226064 ], [ -89.179355295759478, 13.662353243686429 ], [ -89.179524840741635, 13.662329414541929 ], [ -89.179660855498526, 13.662318374242608 ], [ -89.179716289791571, 13.662316583722079 ] ] ] } },
{ "type": "Feature", "properties": { "FID_1": 286, "NOMBRE_DE": "SENDA 1", "Text_1": "COLONIA 10 DE OCTUBRE II ETAPA", "ESTADO": "BUENO", "MATERIAL": "CONCRETO", "VIAS": 1, "CLASE": "PEATONAL", "ANCHO_1": "4.00" }, "geometry": { "type": "MultiLineString", "coordinates": [ [ [ -89.167221777590711, 13.651939491847433 ], [ -89.16703513052002, 13.651924805709614 ], [ -89.166924686632512, 13.651916874605501 ], [ -89.16675560939062, 13.651900977120276 ], [ -89.166631937436705, 13.651893054854453 ] ] ] } },
{ "type": "Feature", "properties": { "FID_1": 287, "NOMBRE_DE": "SENDA 2", "Text_1": "COLONIA 10 DE OCTUBRE II ETAPA", "ESTADO": "BUENO", "MATERIAL": "CONCRETO", "VIAS": 1, "CLASE": "PEATONAL", "ANCHO_1": "3.60" }, "geometry": { "type": "MultiLineString", "coordinates": [ [ [ -89.167288606722607, 13.65169012530553 ], [ -89.166884983049528, 13.651641077312915 ], [ -89.166548515179869, 13.651598424756081 ], [ -89.166494982659145, 13.651599155330084 ] ] ] } },
{ "type": "Feature", "properties": { "FID_1": 288, "NOMBRE_DE": "SENDA 3", "Text_1": "COLONIA 10 DE OCTUBRE II ETAPA", "ESTADO": "BUENO", "MATERIAL": "CONCRETO", "VIAS": 1, "CLASE": "PEATONAL", "ANCHO_1": "4.00" }, "geometry": { "type": "MultiLineString", "coordinates": [ [ [ -89.167350276249579, 13.651477017443849 ], [ -89.167030535867084, 13.651440265629104 ], [ -89.166730961364422, 13.651406344495951 ], [ -89.166393346629462, 13.6513693465196 ], [ -89.166296556794407, 13.651360109928063 ], [ -89.166269360938443, 13.651358998791169 ] ] ] } },
{ "type": "Feature", "properties": { "FID_1": 289, "NOMBRE_DE": "SENDA 1", "Text_1": "COLONIA 10 DE OCTUBRE II ETAPA", "ESTADO": "BUENO", "MATERIAL": "CONCRETO", "VIAS": 1, "CLASE": "PEATONAL", "ANCHO_1": "4.50" }, "geometry": { "type": "MultiLineString", "coordinates": [ [ [ -89.166499675787321, 13.65186312421074 ], [ -89.166470907726293, 13.651864286843042 ], [ -89.166108339485334, 13.651819821345788 ], [ -89.165775253012441, 13.651785431399899 ], [ -89.165612094577256, 13.651765349418433 ], [ -89.165430811104514, 13.651743837243039 ], [ -89.165344191470922, 13.651733435043699 ], [ -89.165333870081682, 13.651736062989919 ] ] ] } },
{ "type": "Feature", "properties": { "FID_1": 290, "NOMBRE_DE": "SENDA 2", "Text_1": "COLONIA 10 DE OCTUBRE II ETAPA", "ESTADO": "BUENO", "MATERIAL": "CONCRETO", "VIAS": 1, "CLASE": "PEATONAL", "ANCHO_1": "4.45" }, "geometry": { "type": "MultiLineString", "coordinates": [ [ [ -89.166319360809013, 13.651557485011729 ], [ -89.166268469682876, 13.651570199598243 ], [ -89.166111074809905, 13.6515558092785 ], [ -89.165909235555915, 13.651532388416113 ], [ -89.165715189057991, 13.651510774223205 ], [ -89.165560568444576, 13.651491851465744 ], [ -89.165405312805063, 13.651475647167574 ], [ -89.165273839574709, 13.651460332831943 ], [ -89.16505192126732, 13.65143601871697 ], [ -89.164995913891815, 13.65142690057365 ] ] ] } },
{ "type": "Feature", "properties": { "FID_1": 291, "NOMBRE_DE": "SENDA 3", "Text_1": "COLONIA 10 DE OCTUBRE II ETAPA", "ESTADO": "BUENO", "MATERIAL": "CONCRETO", "VIAS": 1, "CLASE": "PEATONAL", "ANCHO_1": "4.60" }, "geometry": { "type": "MultiLineString", "coordinates": [ [ [ -89.166103729196209, 13.651320799842599 ], [ -89.166066334596337, 13.651320825098708 ], [ -89.165816839930187, 13.651304280891878 ], [ -89.165574700372517, 13.651277473335785 ], [ -89.165369967018364, 13.651258346306703 ], [ -89.165161291366843, 13.651231515837187 ], [ -89.164978986077784, 13.651210446938656 ], [ -89.164847335176006, 13.651199501130771 ], [ -89.164828664139819, 13.651197147434116 ] ] ] } },
{ "type": "Feature", "properties": { "FID_1": 292, "NOMBRE_DE": "SENDA 4", "Text_1": "COLONIA 10 DE OCTUBRE II ETAPA", "ESTADO": "BUENO", "MATERIAL": "CONCRETO", "VIAS": 1, "CLASE": "PEATONAL", "ANCHO_1": "4.00" }, "geometry": { "type": "MultiLineString", "coordinates": [ [ [ -89.165827504096555, 13.6510127577943 ], [ -89.165771858364025, 13.651014101365483 ], [ -89.16567875275679, 13.651013830057826 ], [ -89.165543253189355, 13.650997346550163 ], [ -89.165309517935938, 13.65097098416876 ], [ -89.165129983698563, 13.650952872555308 ], [ -89.164936897215838, 13.650929797472765 ], [ -89.164685216192908, 13.650901789057714 ], [ -89.164529392425706, 13.650883661125658 ], [ -89.164342101098597, 13.650866269846766 ], [ -89.164273751187579, 13.650856539396445 ] ] ] } },
{ "type": "Feature", "properties": { "FID_1": 293, "NOMBRE_DE": "SENDA 5", "Text_1": "COLONIA 10 DE OCTUBRE II ETAPA", "ESTADO": "BUENO", "MATERIAL": "CONCRETO", "VIAS": 1, "CLASE": "PEATONAL", "ANCHO_1": "3.50" }, "geometry": { "type": "MultiLineString", "coordinates": [ [ [ -89.165595397487294, 13.650769553019797 ], [ -89.16556580964675, 13.650773641732666 ], [ -89.16551790586476, 13.650774846056501 ], [ -89.165468801168657, 13.650771362876714 ], [ -89.165340646457963, 13.650757384169776 ], [ -89.165163739170268, 13.650737577767538 ], [ -89.165027201191819, 13.650723604527739 ], [ -89.164872695720305, 13.65070495495703 ], [ -89.164631109931562, 13.650674642846997 ], [ -89.164473012499542, 13.650657167505447 ], [ -89.164341262609824, 13.650639674455482 ], [ -89.164315037134884, 13.650634918930178 ], [ -89.164314224620028, 13.650627413960239 ], [ -89.164269930252843, 13.65062639244505 ] ] ] } },
{ "type": "Feature", "properties": { "FID_1": 295, "NOMBRE_DE": "SENDA 5", "Text_1": "COLONIA 10 DE OCTUBRE II ETAPA", "ESTADO": "BUENO", "MATERIAL": "CONCRETO", "VIAS": 1, "CLASE": "PEATONAL", "ANCHO_1": "4.40" }, "geometry": { "type": "MultiLineString", "coordinates": [ [ [ -89.167512386853105, 13.65099608967021 ], [ -89.167247816608963, 13.65097034555034 ], [ -89.16704148789718, 13.650948591566779 ], [ -89.166815271895814, 13.650924418210211 ], [ -89.166591539917619, 13.650897810270628 ], [ -89.166270858822358, 13.650861536931997 ], [ -89.166047670189968, 13.65083790181567 ], [ -89.16595935609449, 13.65083055351581 ], [ -89.165802911061306, 13.650813373907589 ], [ -89.165774386398851, 13.65081122611481 ] ] ] } },
{ "type": "Feature", "properties": { "FID_1": 296, "NOMBRE_DE": "SENDA 8", "Text_1": "COLONIA 10 DE OCTUBRE II ETAPA", "ESTADO": "BUENO", "MATERIAL": "ADOQUIN", "VIAS": 2, "CLASE": "VEHICULAR", "ANCHO_1": "9.50" }, "geometry": { "type": "MultiLineString", "coordinates": [ [ [ -89.16531994077917, 13.650075063334734 ], [ -89.165338921702116, 13.650056475598584 ], [ -89.165404612578243, 13.650042473680413 ], [ -89.165570435011546, 13.650053181893515 ], [ -89.166040308684231, 13.650110048624247 ], [ -89.166542060717489, 13.650149892996284 ], [ -89.166615779224102, 13.650172234758076 ] ] ] } },
{ "type": "Feature", "properties": { "FID_1": 297, "NOMBRE_DE": "SENDA 9", "Text_1": "COLONIA 10 DE OCTUBRE II ETAPA", "ESTADO": "BUENO", "MATERIAL": "CONCRETO", "VIAS": 1, "CLASE": "PEATONAL", "ANCHO_1": "3.70" }, "geometry": { "type": "MultiLineString", "coordinates": [ [ [ -89.167717760059659, 13.650045907452272 ], [ -89.167582474438291, 13.650028219717615 ], [ -89.167392076820931, 13.650006244155719 ], [ -89.167167790374734, 13.649977974599524 ], [ -89.166962869116375, 13.649954427977093 ], [ -89.166842537842413, 13.64994081221082 ], [ -89.166770728412757, 13.649933222729567 ], [ -89.166696577861018, 13.649924106072657 ], [ -89.166585292875737, 13.649930036605525 ], [ -89.16660906604092, 13.649897144000354 ], [ -89.166614184559364, 13.649878167804207 ], [ -89.166605715291865, 13.649796335377353 ] ], [ [ -89.166555703834348, 13.650027792005091 ], [ -89.166557435888421, 13.649959714499985 ], [ -89.166585292875737, 13.649930036605525 ] ] ] } },
{ "type": "Feature", "properties": { "FID_1": 298, "NOMBRE_DE": "SENDA 1", "Text_1": "COLONIA 10 DE OCTUBRE II ETAPA", "ESTADO": "BUENO", "MATERIAL": "CONCRETO", "VIAS": 1, "CLASE": "PEATONAL", "ANCHO_1": "3.80" }, "geometry": { "type": "MultiLineString", "coordinates": [ [ [ -89.164358381825139, 13.651627753028823 ], [ -89.164527230105747, 13.651646423256301 ], [ -89.164535669512077, 13.651638152573458 ], [ -89.164666587294008, 13.651662860051177 ], [ -89.165025537804596, 13.651705322114294 ], [ -89.165118498770894, 13.6517125669682 ], [ -89.165165212921593, 13.651699115757388 ], [ -89.165195534108392, 13.651686235718227 ] ] ] } },
{ "type": "Feature", "properties": { "FID_1": 299, "NOMBRE_DE": "SENDA 2", "Text_1": "COLONIA 10 DE OCTUBRE II ETAPA", "ESTADO": "BUENO", "MATERIAL": "CONCRETO", "VIAS": 1, "CLASE": "PEATONAL", "ANCHO_1": "3.40" }, "geometry": { "type": "MultiLineString", "coordinates": [ [ [ -89.164275277109027, 13.651347339282298 ], [ -89.164534099955276, 13.651378884264265 ], [ -89.164726626206502, 13.651401363784183 ], [ -89.16490122617698, 13.65140693794398 ], [ -89.164945744388461, 13.651408069022786 ] ] ] } },
{ "type": "Feature", "properties": { "FID_1": 300, "NOMBRE_DE": "SENDA 3", "Text_1": "COLONIA 10 DE OCTUBRE II ETAPA", "ESTADO": "BUENO", "MATERIAL": "CONCRETO", "VIAS": 1, "CLASE": "PEATONAL", "ANCHO_1": "2.20" }, "geometry": { "type": "MultiLineString", "coordinates": [ [ [ -89.164332273535521, 13.651135889424184 ], [ -89.164328712658602, 13.65120332435967 ] ] ] } },
{ "type": "Feature", "properties": { "FID_1": 445, "NOMBRE_DE": "SENDA 7", "Text_1": "COLONIA 10 DE OCTUBRE II ETAPA", "ESTADO": "BUENO", "MATERIAL": "CONCRETO", "VIAS": 1, "CLASE": "PEATONAL", "ANCHO_1": "3.85" }, "geometry": { "type": "MultiLineString", "coordinates": [ [ [ -89.167643019002696, 13.650519915127433 ], [ -89.167421080080558, 13.650488171653526 ], [ -89.167342143086245, 13.65047906048251 ], [ -89.167260531419998, 13.65047126037665 ], [ -89.167093293759962, 13.650454353540438 ], [ -89.166954693461122, 13.650438736420609 ], [ -89.16680752476725, 13.650424434306858 ], [ -89.166687113103322, 13.650411423240884 ], [ -89.166562686185898, 13.650395796292306 ], [ -89.166486424863606, 13.650386683034236 ], [ -89.166373106364844, 13.650369739197252 ], [ -89.16625135880021, 13.650359347364828 ], [ -89.166236645733605, 13.650363285126383 ], [ -89.166106868580869, 13.650348970835816 ], [ -89.166104188349607, 13.650342426288217 ], [ -89.166017226480918, 13.650335938655463 ], [ -89.165787812783208, 13.650309636166762 ], [ -89.165708213771069, 13.650303697759222 ], [ -89.165671755324652, 13.650298396049813 ], [ -89.165590113083098, 13.650289130059084 ], [ -89.165415943395772, 13.650269939534452 ], [ -89.165304780695877, 13.650251680903251 ] ] ] } },
{ "type": "Feature", "properties": { "FID_1": 446, "NOMBRE_DE": "SENDA 6", "Text_1": "COLONIA 10 DE OCTUBRE II ETAPA", "ESTADO": "BUENO", "MATERIAL": "CONCRETO", "VIAS": 1, "CLASE": "PEATONAL", "ANCHO_1": "4.45" }, "geometry": { "type": "MultiLineString", "coordinates": [ [ [ -89.167583393411718, 13.65073407019525 ], [ -89.167179661492739, 13.650689286420997 ], [ -89.166790166260554, 13.650642910545258 ], [ -89.166468179412234, 13.650609477793573 ], [ -89.16622790444444, 13.650582107749987 ], [ -89.16597929320335, 13.650553723373275 ], [ -89.165915732744168, 13.650551726815698 ], [ -89.16583341213186, 13.650542604817158 ], [ -89.165682477140066, 13.650522215017805 ], [ -89.16565763160574, 13.650518249890192 ], [ -89.165599275887459, 13.650509111667935 ], [ -89.165504387387728, 13.650492731077435 ] ] ] } },
{ "type": "Feature", "properties": { "FID_1": 447, "NOMBRE_DE": "SENDA 4", "Text_1": "COLONIA 10 DE OCTUBRE II ETAPA", "ESTADO": "BUENO", "MATERIAL": "CONCRETO", "VIAS": 1, "CLASE": "PEATONAL", "ANCHO_1": "4.30" }, "geometry": { "type": "MultiLineString", "coordinates": [ [ [ -89.167431511950568, 13.651217192038363 ], [ -89.1672341314747, 13.651191045345833 ], [ -89.166980339886663, 13.65116565126235 ], [ -89.166711615329589, 13.651132962312765 ], [ -89.166420499082079, 13.651100288224258 ], [ -89.166081589545797, 13.651047897185359 ], [ -89.165973541806991, 13.651042263135652 ] ] ] } },
{ "type": "Feature", "properties": { "FID_1": 1068, "NOMBRE_DE": "SENDA 3", "Text_1": "COLONIA 10 DE OCTUBRE II ETAPA", "ESTADO": "BUENO", "MATERIAL": "CONCRETO", "VIAS": 1, "CLASE": "PEATONAL", "ANCHO_1": "2.75" }, "geometry": { "type": "MultiLineString", "coordinates": [ [ [ -89.164289202538811, 13.651199388130292 ], [ -89.164433538678352, 13.65121256295124 ], [ -89.164495702827637, 13.651221457189681 ], [ -89.164569782433162, 13.651231222207119 ], [ -89.164586881228232, 13.651238765642322 ], [ -89.16461442281053, 13.65124808188801 ], [ -89.164664089052863, 13.65125490298162 ], [ -89.16473551167573, 13.651250322671295 ] ] ] } },
{ "type": "Feature", "properties": { "FID_1": 1184, "NOMBRE_DE": "CALLE C", "Text_1": "COLONIA 10 DE OCTUBRE II ETAPA", "ESTADO": "BUENO", "MATERIAL": "ADOQUIN", "VIAS": 2, "CLASE": "VEHICULAR", "ANCHO_1": "10.30" }, "geometry": { "type": "MultiLineString", "coordinates": [ [ [ -89.166589803871503, 13.652080593783303 ], [ -89.166358873429687, 13.652065966730767 ], [ -89.166069208386034, 13.652037816527786 ], [ -89.165779545104144, 13.652009665982368 ], [ -89.165612981434066, 13.651984975195525 ], [ -89.165489852206917, 13.651942537444913 ], [ -89.165384794525266, 13.651854024413614 ], [ -89.165289136498671, 13.65174761912812 ], [ -89.165224017731902, 13.651675477925263 ], [ -89.165106609656959, 13.651560787841451 ], [ -89.165033477155816, 13.65147802889719 ], [ -89.164986419900444, 13.651431260453098 ], [ -89.164965327768016, 13.651401960972949 ], [ -89.164817963514693, 13.651260349540827 ], [ -89.164802161121585, 13.651243913055916 ], [ -89.164788852774279, 13.651208924768738 ], [ -89.164730578973035, 13.651156966734156 ], [ -89.164624268038509, 13.65108404451151 ], [ -89.164505331458969, 13.651037385765964 ], [ -89.164418968093216, 13.65100238447932 ], [ -89.164323971851289, 13.65096529802925 ], [ -89.164256290128407, 13.650943285465443 ] ] ] } },
{ "type": "Feature", "properties": { "FID_1": 1185, "NOMBRE_DE": "CALLE PRINCIPAL", "Text_1": "COLONIA 10 DE OCTUBRE II ETAPA", "ESTADO": "BUENO", "MATERIAL": "ASFALTO", "VIAS": 2, "CLASE": "VEHICULAR", "ANCHO_1": "8.70" }, "geometry": { "type": "MultiLineString", "coordinates": [ [ [ -89.165880928568413, 13.651017945973225 ], [ -89.165736531489941, 13.650848981169762 ], [ -89.165647204268168, 13.650770292126481 ], [ -89.165490513721821, 13.650601790820099 ], [ -89.165428542070515, 13.650533919090735 ], [ -89.165386511001032, 13.650494004778201 ], [ -89.165347663496235, 13.650459749834955 ], [ -89.165208687932946, 13.650342013128002 ], [ -89.165187907812893, 13.650351563104058 ], [ -89.165129442311951, 13.650347787964813 ], [ -89.165073561941583, 13.650327482349272 ], [ -89.165043659465439, 13.650295714412437 ], [ -89.165022844101941, 13.650255042114969 ], [ -89.16502022313972, 13.650224528621717 ], [ -89.165041999143426, 13.65016620390235 ], [ -89.165104325960201, 13.650119118084019 ], [ -89.165176051158824, 13.650117620066961 ], [ -89.165239578596555, 13.650168282455869 ], [ -89.165320533525019, 13.650073902000281 ], [ -89.165239745933818, 13.650168435660664 ], [ -89.165256668397788, 13.650214197167042 ], [ -89.165259295175588, 13.65025615442514 ], [ -89.165248932098976, 13.650298119860871 ], [ -89.165229468615451, 13.650332463149669 ], [ -89.165208687932946, 13.650342013128002 ] ], [ [ -89.166759577030902, 13.652559371842676 ], [ -89.166697793236551, 13.652345501899848 ], [ -89.166627703428333, 13.652112176593263 ], [ -89.166590253965055, 13.651902004679487 ], [ -89.166570223700646, 13.651843326926524 ], [ -89.166550193445858, 13.651784648620247 ], [ -89.166449735638807, 13.651619882316608 ], [ -89.166371927317627, 13.6515470866513 ], [ -89.166224340978573, 13.651385770977411 ], [ -89.16615867695306, 13.651327176443122 ], [ -89.165943609090306, 13.651074952400664 ], [ -89.165913120773496, 13.651043913200636 ], [ -89.165881479166217, 13.651012427850453 ], [ -89.165888941072495, 13.651017069866249 ] ] ] } },
{ "type": "Feature", "properties": { "FID_1": 725, "NOMBRE_DE": "PASAJE SAN JACINTO", "Text_1": "LOTIFICACION LOS ALPES NO 2", "ESTADO": "MALO", "MATERIAL": "TIERRA", "VIAS": 1, "CLASE": "PEATONAL", "ANCHO_1": "3.30" }, "geometry": { "type": "MultiLineString", "coordinates": [ [ [ -89.167832423352479, 13.660012606878285 ], [ -89.167872759469248, 13.659948910368978 ], [ -89.167928771278156, 13.659845684473092 ], [ -89.168016217552534, 13.659779760283378 ], [ -89.168097405980376, 13.659736853790401 ], [ -89.16820994210002, 13.659666898112246 ] ] ] } },
{ "type": "Feature", "properties": { "FID_1": 726, "NOMBRE_DE": "CALLE PRINCIPAL", "Text_1": "LOTIFICACION LOS ALPES NO 2", "ESTADO": "BUENO", "MATERIAL": "CONCRETO", "VIAS": 2, "CLASE": "VEHICULAR", "ANCHO_1": "4.90" }, "geometry": { "type": "MultiLineString", "coordinates": [ [ [ -89.168521313416051, 13.660910687681405 ], [ -89.168324854380089, 13.660651490289567 ], [ -89.168176500964961, 13.660425354656509 ], [ -89.168104098536702, 13.660321984354605 ], [ -89.168047957399054, 13.660245180726463 ], [ -89.16800529402316, 13.660190323601705 ], [ -89.167964884186986, 13.660150831233604 ], [ -89.167924451853963, 13.660080604612299 ], [ -89.167832422302126, 13.660012607837858 ], [ -89.167726880697643, 13.659955087515304 ], [ -89.167623800292404, 13.659890035964443 ], [ -89.167572256933639, 13.65985225916137 ], [ -89.167426204686961, 13.659730519460483 ], [ -89.167415536757048, 13.659720728104817 ], [ -89.167325517509965, 13.659635953892096 ], [ -89.167267108794164, 13.659564605663116 ], [ -89.167208697293361, 13.65948611686002 ], [ -89.16715757817083, 13.659407625292822 ], [ -89.167126537952214, 13.659355889315481 ], [ -89.167135612645467, 13.659293418816659 ], [ -89.167172041759699, 13.6592309291717 ], [ -89.167281392602916, 13.659134480120304 ], [ -89.167430244673767, 13.659037996405107 ], [ -89.167499272408207, 13.659000712881861 ], [ -89.167589362912594, 13.65892923650348 ], [ -89.167702490518778, 13.658839155088135 ], [ -89.16776141052334, 13.658792960266778 ], [ -89.167827397385878, 13.658735221398384 ], [ -89.167917085879566, 13.658613788822906 ], [ -89.167918599232763, 13.658573884940148 ], [ -89.167936025019387, 13.65852260752272 ], [ -89.167954608897674, 13.658465635289758 ], [ -89.167986789364718, 13.658399721306608 ] ] ] } },
{ "type": "Feature", "properties": { "FID_1": 727, "NOMBRE_DE": "PASAJE N.2", "Text_1": "LOTIFICACION LOS ALPES NO 2", "ESTADO": "MALO", "MATERIAL": "TIERRA", "VIAS": 1, "CLASE": "PEATONAL", "ANCHO_1": "3.30" }, "geometry": { "type": "MultiLineString", "coordinates": [ [ [ -89.167753505114874, 13.659395192654037 ], [ -89.167708193332643, 13.65932478792455 ], [ -89.167649894288971, 13.659247800758854 ], [ -89.167601038075929, 13.659167726067045 ], [ -89.167499272267875, 13.659000712160926 ] ] ] } },
{ "type": "Feature", "properties": { "FID_1": 732, "NOMBRE_DE": "PASAJE S/N", "Text_1": "LOTIFICACION LOS ALPES NO 2", "ESTADO": "MALO", "MATERIAL": "TIERRA", "VIAS": 1, "CLASE": "PEATONAL", "ANCHO_1": "2.50" }, "geometry": { "type": "MultiLineString", "coordinates": [ [ [ -89.169009461865684, 13.660836648306303 ], [ -89.168947519697539, 13.660773364244926 ], [ -89.168835156792497, 13.660665628478585 ], [ -89.168687945869522, 13.660525217175438 ], [ -89.168656725037081, 13.660505508395255 ], [ -89.168612096584141, 13.660451567430808 ], [ -89.168558067876958, 13.660379258768376 ], [ -89.168499354421712, 13.660319585968725 ], [ -89.168436357728709, 13.660251835442182 ], [ -89.168427748496455, 13.660241443030348 ], [ -89.16834421136025, 13.660170692648718 ] ] ] } },
{ "type": "Feature", "properties": { "FID_1": 733, "NOMBRE_DE": "PASAJE S/N", "Text_1": "LOTIFICACION LOS ALPES NO 2", "ESTADO": "MALO", "MATERIAL": "TIERRA", "VIAS": 1, "CLASE": "PEATONAL", "ANCHO_1": "5.70" }, "geometry": { "type": "MultiLineString", "coordinates": [ [ [ -89.169366155617126, 13.660608485870107 ], [ -89.169265394623793, 13.660597951154804 ], [ -89.16919930889749, 13.660584383609681 ], [ -89.169151774123947, 13.66057647469083 ], [ -89.169115829896711, 13.66056515550201 ], [ -89.169096121228421, 13.66056176510936 ], [ -89.169045099740174, 13.660540246095962 ], [ -89.169014945463644, 13.660520981292544 ], [ -89.168933783643382, 13.660497213856093 ], [ -89.168886247267196, 13.660487036325685 ], [ -89.168836395756202, 13.660480262665827 ], [ -89.168806255347931, 13.660480283357076 ], [ -89.168758737769821, 13.66049393009663 ], [ -89.168720172683805, 13.660508856129432 ], [ -89.168687945869522, 13.660525217175438 ], [ -89.168646118923988, 13.660564729974347 ], [ -89.168605321107606, 13.660634296084453 ], [ -89.168520198199573, 13.660773358980721 ], [ -89.168469658903646, 13.660843264213471 ] ] ] } },
{ "type": "Feature", "properties": { "FID_1": 875, "NOMBRE_DE": "PASAJE 3", "Text_1": "LOTIFICACION LOS ALPES NO 2", "ESTADO": "MALO", "MATERIAL": "TIERRA", "VIAS": 1, "CLASE": "PEATONAL", "ANCHO_1": "3.50" }, "geometry": { "type": "MultiLineString", "coordinates": [ [ [ -89.167415536757048, 13.659720728104817 ], [ -89.167468498027233, 13.659647121031092 ], [ -89.167576368810032, 13.659528821403784 ], [ -89.167672231510508, 13.659452720634793 ], [ -89.167753504664645, 13.659395193697188 ], [ -89.167851334724915, 13.659327338773769 ], [ -89.167964222650156, 13.659260948202293 ], [ -89.168034952796859, 13.65920048177977 ], [ -89.168096016325862, 13.65914280468389 ], [ -89.168089908353735, 13.659124915249411 ], [ -89.168085328028084, 13.659110043634444 ] ] ] } },
{ "type": "Feature", "properties": { "FID_1": 876, "NOMBRE_DE": "PASAJE 1", "Text_1": "LOTIFICACION LOS ALPES NO 2", "ESTADO": "REGULAR", "MATERIAL": "TIERRA", "VIAS": 1, "CLASE": "PEATONAL", "ANCHO_1": "1.70" }, "geometry": { "type": "MultiLineString", "coordinates": [ [ [ -89.168085328789616, 13.659110043859355 ], [ -89.168066492073422, 13.659048884939947 ], [ -89.168003302945209, 13.658868976887053 ], [ -89.167946432334858, 13.658708793057803 ], [ -89.167917085937546, 13.658613787631275 ] ] ] } },
{ "type": "Feature", "properties": { "FID_1": 1186, "NOMBRE_DE": "PASAJE S/N", "Text_1": "LOTIFICACION LOS ALPES NO 2", "ESTADO": "MALO", "MATERIAL": "TIERRA", "VIAS": 1, "CLASE": "PEATONAL", "ANCHO_1": "4.20" }, "geometry": { "type": "MultiLineString", "coordinates": [ [ [ -89.168176500964961, 13.660425354656509 ], [ -89.168215460474954, 13.66036475819476 ], [ -89.168286712847291, 13.660243737529205 ], [ -89.168322339195626, 13.660183098092144 ], [ -89.16834421136025, 13.660170692648718 ], [ -89.168442788809585, 13.660114263644926 ], [ -89.168539908796362, 13.660093001060067 ] ] ] } },
{ "type": "Feature", "properties": { "FID_1": 728, "NOMBRE_DE": "PASAJE N. 2", "Text_1": "COLONIA EL CAFETALITO NO 1", "ESTADO": "MALO", "MATERIAL": "TIERRA", "VIAS": 1, "CLASE": "PEATONAL", "ANCHO_1": "4.95" }, "geometry": { "type": "MultiLineString", "coordinates": [ [ [ -89.1672603422153, 13.657876615698218 ], [ -89.167518270441505, 13.657689911076028 ], [ -89.167592536465349, 13.657628796886986 ], [ -89.167675115932425, 13.657563040027352 ], [ -89.167687985352643, 13.657531234426097 ] ] ] } },
{ "type": "Feature", "properties": { "FID_1": 734, "NOMBRE_DE": "PASAJE S/N", "Text_1": "COLONIA EL CAFETALITO NO 1", "ESTADO": "MALO", "MATERIAL": "TIERRA", "VIAS": 1, "CLASE": "PEATONAL", "ANCHO_1": "2.65" }, "geometry": { "type": "MultiLineString", "coordinates": [ [ [ -89.167852995589811, 13.657937993719138 ], [ -89.167820795969178, 13.657905247301539 ], [ -89.16772335105091, 13.657844756626913 ], [ -89.167674054859759, 13.657813390237559 ], [ -89.16760411486095, 13.657757366475204 ], [ -89.167518270545273, 13.657689911148584 ] ] ] } },
{ "type": "Feature", "properties": { "FID_1": 843, "NOMBRE_DE": "PASAJE 3", "Text_1": "COLONIA EL CAFETALITO NO 1", "ESTADO": "MALO", "MATERIAL": "TIERRA", "VIAS": 1, "CLASE": "PEATONAL", "ANCHO_1": "4.22" }, "geometry": { "type": "MultiLineString", "coordinates": [ [ [ -89.167688872289105, 13.656955143291988 ], [ -89.167531768599929, 13.657268529035182 ], [ -89.167455626706399, 13.657399200252469 ] ] ] } },
{ "type": "Feature", "properties": { "FID_1": 845, "NOMBRE_DE": "PASAJE 4", "Text_1": "COLONIA EL CAFETALITO NO 1", "ESTADO": "MALO", "MATERIAL": "TIERRA", "VIAS": 1, "CLASE": "PEATONAL", "ANCHO_1": "3.35" }, "geometry": { "type": "MultiLineString", "coordinates": [ [ [ -89.16725059884206, 13.656945801732613 ], [ -89.167077730679395, 13.657198980531929 ] ] ] } },
{ "type": "Feature", "properties": { "FID_1": 846, "NOMBRE_DE": "PASAJE 5", "Text_1": "COLONIA EL CAFETALITO NO 1", "ESTADO": "MALO", "MATERIAL": "TIERRA", "VIAS": 1, "CLASE": "PEATONAL", "ANCHO_1": "3.32" }, "geometry": { "type": "MultiLineString", "coordinates": [ [ [ -89.166907127975477, 13.65665074653595 ], [ -89.166850239175602, 13.656791163140861 ], [ -89.166776442664499, 13.656928732050082 ], [ -89.166720777251939, 13.657010569800759 ] ] ] } },
{ "type": "Feature", "properties": { "FID_1": 847, "NOMBRE_DE": "PASAJE 2", "Text_1": "COLONIA EL CAFETALITO NO 1", "ESTADO": "MALO", "MATERIAL": "TIERRA", "VIAS": 1, "CLASE": "PEATONAL", "ANCHO_1": "1.50" }, "geometry": { "type": "MultiLineString", "coordinates": [ [ [ -89.167784832920674, 13.65759102731448 ], [ -89.167940184014981, 13.657423656290375 ], [ -89.168032790913784, 13.657342983400291 ], [ -89.168095120643102, 13.657287992923361 ], [ -89.168122216998199, 13.657265253591053 ] ] ] } },
{ "type": "Feature", "properties": { "FID_1": 848, "NOMBRE_DE": "PASAJE 1", "Text_1": "COLONIA EL CAFETALITO NO 1", "ESTADO": "MALO", "MATERIAL": "TIERRA", "VIAS": 1, "CLASE": "PEATONAL", "ANCHO_1": "4.70" }, "geometry": { "type": "MultiLineString", "coordinates": [ [ [ -89.168200614470493, 13.657791701058455 ], [ -89.167994885200912, 13.65786292898399 ], [ -89.167972106379992, 13.657857604707637 ], [ -89.167954267981116, 13.657861107453034 ], [ -89.167852995750607, 13.657937994882406 ], [ -89.167806937981027, 13.657975185596738 ], [ -89.167631492038453, 13.658094971876871 ], [ -89.167435356662253, 13.658246601493513 ] ] ] } },
{ "type": "Feature", "properties": { "FID_1": 488, "NOMBRE_DE": "PASAJE A", "Text_1": "COLONIA SAN FRANCISCO 2", "ESTADO": "BUENO", "MATERIAL": "ASFALTO", "VIAS": 1, "CLASE": "VEHICULAR", "ANCHO_1": "5.23" }, "geometry": { "type": "MultiLineString", "coordinates": [ [ [ -89.176282360727399, 13.657308386913517 ], [ -89.176106979124768, 13.657245498195726 ], [ -89.175893474821848, 13.657147920236746 ], [ -89.175795527262437, 13.657090502759338 ], [ -89.175605531415428, 13.657006323262705 ], [ -89.175337076304089, 13.656895469494341 ] ] ] } },
{ "type": "Feature", "properties": { "FID_1": 491, "NOMBRE_DE": "PASAJE B", "Text_1": "COLONIA SAN FRANCISCO 2", "ESTADO": "MALO", "MATERIAL": "TIERRA", "VIAS": 1, "CLASE": "PEATONAL", "ANCHO_1": "3.40" }, "geometry": { "type": "MultiLineString", "coordinates": [ [ [ -89.175782377938077, 13.657431885728027 ], [ -89.175656603308795, 13.657338076375478 ], [ -89.175616552763003, 13.65730520114292 ], [ -89.175534869379518, 13.657264521378091 ], [ -89.175435582785937, 13.657234822090544 ], [ -89.175247763423656, 13.657176548807193 ] ] ] } },
{ "type": "Feature", "properties": { "FID_1": 492, "NOMBRE_DE": "PASAJE C", "Text_1": "COLONIA SAN FRANCISCO 2", "ESTADO": "MALO", "MATERIAL": "TIERRA", "VIAS": 1, "CLASE": "PEATONAL", "ANCHO_1": "5.60" }, "geometry": { "type": "MultiLineString", "coordinates": [ [ [ -89.176003029091476, 13.657745641193287 ], [ -89.175849407978887, 13.657676708727562 ], [ -89.175755621127067, 13.657647798140037 ], [ -89.175585276750766, 13.657532009285678 ], [ -89.175469262639638, 13.65747655162591 ], [ -89.175397688841926, 13.65745486945972 ], [ -89.175198411713836, 13.657415123799712 ] ] ] } },
{ "type": "Feature", "properties": { "FID_1": 493, "NOMBRE_DE": "PASAJE D", "Text_1": "COLONIA SAN FRANCISCO 2", "ESTADO": "BUENO", "MATERIAL": "CONCRETO", "VIAS": 1, "CLASE": "PEATONAL - GRAD", "ANCHO_1": "3.15" }, "geometry": { "type": "MultiLineString", "coordinates": [ [ [ -89.175198412284729, 13.657415124672349 ], [ -89.175231886590907, 13.657255524168795 ], [ -89.17524540130249, 13.657185607309083 ], [ -89.175247762877433, 13.657176550136938 ], [ -89.175263454646682, 13.657123276302986 ], [ -89.175288680247021, 13.657037699562823 ], [ -89.17531823025034, 13.656937978741233 ], [ -89.175337076304089, 13.656895469494341 ] ] ] } },
{ "type": "Feature", "properties": { "FID_1": 485, "NOMBRE_DE": "PASAJE A", "Text_1": "COLONIA SAN FRANCISCO 1", "ESTADO": "MALO", "MATERIAL": "TIERRA", "VIAS": 1, "CLASE": "PEATONAL", "ANCHO_1": "6.10" }, "geometry": { "type": "MultiLineString", "coordinates": [ [ [ -89.176189663232165, 13.656871297580782 ], [ -89.176060560244437, 13.656710853201766 ], [ -89.175934500140073, 13.656599782727765 ], [ -89.175872517088877, 13.656563447201224 ] ] ] } },
{ "type": "Feature", "properties": { "FID_1": 484, "NOMBRE_DE": "PASAJE S/N", "Text_1": "COL SAN  IGNACIO", "ESTADO": "MALO", "MATERIAL": "TIERRA", "VIAS": 1, "CLASE": "PEATONAL", "ANCHO_1": "2.75" }, "geometry": { "type": "MultiLineString", "coordinates": [ [ [ -89.176990796745301, 13.657013677621562 ], [ -89.177035435577594, 13.657111983515311 ], [ -89.177043153249926, 13.657169913699004 ], [ -89.177048675106263, 13.657223553927118 ], [ -89.177044360199545, 13.657316897947393 ], [ -89.177040013789608, 13.657368399511643 ] ] ] } },
{ "type": "Feature", "properties": { "FID_1": 268, "NOMBRE_DE": "PASAJE SAN MARCOS", "Text_1": "BARRIO", "ESTADO": "BUENO", "MATERIAL": "CONCRETO", "VIAS": 1, "CLASE": "PEATONAL", "ANCHO_1": "2.20" }, "geometry": { "type": "MultiLineString", "coordinates": [ [ [ -89.18024162164177, 13.658355772648811 ], [ -89.180226258145893, 13.658317786053436 ], [ -89.180184963336075, 13.658247668548904 ], [ -89.180146691808957, 13.658186305845597 ], [ -89.180112176329658, 13.658118875623995 ], [ -89.180045816073999, 13.658008231430065 ], [ -89.179987425344024, 13.657919198923874 ], [ -89.180029437517931, 13.657822599826583 ], [ -89.179963334189694, 13.657794869745773 ] ] ] } },
{ "type": "Feature", "properties": { "FID_1": 269, "NOMBRE_DE": "PASAJE MARIN", "Text_1": "BARRIO", "ESTADO": "MALO", "MATERIAL": "TIERRA", "VIAS": 1, "CLASE": "PEATONAL", "ANCHO_1": "3.30" }, "geometry": { "type": "MultiLineString", "coordinates": [ [ [ -89.179936974994604, 13.657798417731103 ], [ -89.179859557552533, 13.657771321442254 ], [ -89.179743276744148, 13.657734871230629 ], [ -89.179503273860007, 13.657632595226023 ], [ -89.179463934338969, 13.657601054150422 ], [ -89.179488035830971, 13.657479690187159 ], [ -89.179506055092475, 13.657227274016737 ] ] ] } },
{ "type": "Feature", "properties": { "FID_1": 273, "NOMBRE_DE": "PASAJE S/N", "Text_1": "BARRIO", "ESTADO": "MALO", "MATERIAL": "TIERRA", "VIAS": 1, "CLASE": "PEATONAL", "ANCHO_1": "2.30" }, "geometry": { "type": "MultiLineString", "coordinates": [ [ [ -89.177172312093703, 13.658006198603386 ], [ -89.177260565935669, 13.658031137702542 ], [ -89.177308069698597, 13.658044977594415 ], [ -89.177383227197097, 13.658069896841914 ], [ -89.177382529853276, 13.658085158896382 ], [ -89.177525744831257, 13.658119740896618 ], [ -89.1776356368253, 13.65814532869641 ], [ -89.177654790075849, 13.65816404494648 ], [ -89.177690827127407, 13.65820758594359 ] ] ] } },
{ "type": "Feature", "properties": { "FID_1": 448, "NOMBRE_DE": "PASAJE NUILA", "Text_1": "BARRIO", "ESTADO": "BUENO", "MATERIAL": "CONCRETO", "VIAS": 1, "CLASE": "PEATONAL", "ANCHO_1": "4.30" }, "geometry": { "type": "MultiLineString", "coordinates": [ [ [ -89.178279271426192, 13.657516741925182 ], [ -89.178219412202381, 13.65751239665628 ], [ -89.17818333056249, 13.657521252201949 ], [ -89.178152653474712, 13.657518625608191 ], [ -89.178108437245271, 13.657508062357259 ], [ -89.178093993221438, 13.657496594599245 ], [ -89.178052421453046, 13.657403916008841 ], [ -89.177986814946166, 13.657266424549622 ], [ -89.177958649695086, 13.657195374225054 ], [ -89.177944564473833, 13.657156410158334 ], [ -89.177918780895126, 13.657136941684414 ], [ -89.177854350142411, 13.657125525273994 ], [ -89.177766512248823, 13.657139344407122 ], [ -89.177551159089631, 13.657225923743223 ] ] ] } },
{ "type": "Feature", "properties": { "FID_1": 482, "NOMBRE_DE": "PASAJE S/N", "Text_1": "BARRIO", "ESTADO": "MALO", "MATERIAL": "CONCRETO", "VIAS": 1, "CLASE": "PEATONAL - GRAD", "ANCHO_1": "3.90" }, "geometry": { "type": "MultiLineString", "coordinates": [ [ [ -89.178897776486778, 13.656619185243354 ], [ -89.178912262823431, 13.656560694192926 ], [ -89.178935392646977, 13.656494985880755 ], [ -89.178950294067917, 13.656404472678597 ], [ -89.178970037006351, 13.656330260016425 ], [ -89.178983467912985, 13.656295346647752 ] ] ] } },
{ "type": "Feature", "properties": { "FID_1": 494, "NOMBRE_DE": "PASAJE  S/N", "Text_1": "BARRIO", "ESTADO": "REGULAR", "MATERIAL": "CONCRETO", "VIAS": 1, "CLASE": "PEATONAL - GRAD", "ANCHO_1": "1.60" }, "geometry": { "type": "MultiLineString", "coordinates": [ [ [ -89.179237273572298, 13.656816710010022 ], [ -89.179357329541403, 13.656757847615346 ], [ -89.179424187494078, 13.656719364517397 ], [ -89.17946995866123, 13.656725085081504 ] ] ] } },
{ "type": "Feature", "properties": { "FID_1": 987, "NOMBRE_DE": "CALLE 15 DE SEPTIEMBRE", "Text_1": "BARRIO", "ESTADO": "BUENO", "MATERIAL": "ASFALTO", "VIAS": 1, "CLASE": "VEHICULAR", "ANCHO_1": "6.20" }, "geometry": { "type": "MultiLineString", "coordinates": [ [ [ -89.181145712958752, 13.657859402243632 ], [ -89.181040509464225, 13.65786958507687 ], [ -89.18088459629972, 13.65781249807103 ], [ -89.18067213833524, 13.65770546692181 ], [ -89.180650702074288, 13.657694449361387 ], [ -89.180447991896884, 13.657589728519493 ], [ -89.180096958952831, 13.657393530173165 ] ] ] } },
{ "type": "Feature", "properties": { "FID_1": 511, "NOMBRE_DE": "PASAJE S/N", "Text_1": "COLONIA ALCAINE 1", "ESTADO": "MALO", "MATERIAL": "TIERRA", "VIAS": 1, "CLASE": "PEATONAL", "ANCHO_1": "2.90" }, "geometry": { "type": "MultiLineString", "coordinates": [ [ [ -89.183365542471321, 13.655091512385782 ], [ -89.183416795956433, 13.65495462117689 ], [ -89.18344943476292, 13.654852527541147 ], [ -89.183494378175567, 13.65466212994469 ] ] ] } },
{ "type": "Feature", "properties": { "FID_1": 512, "NOMBRE_DE": "PASAJE 3", "Text_1": "COLONIA ALCAINE 1", "ESTADO": "BUENO", "MATERIAL": "CONCRETO", "VIAS": 2, "CLASE": "VEHICULAR", "ANCHO_1": "5.30" }, "geometry": { "type": "MultiLineString", "coordinates": [ [ [ -89.183950256563548, 13.65435568204653 ], [ -89.183602647854968, 13.654237795643564 ], [ -89.183356065646763, 13.654153465757298 ], [ -89.183134917216549, 13.654072187959381 ], [ -89.183019044861709, 13.654034082717718 ], [ -89.182922672629729, 13.653994936215998 ] ] ] } },
{ "type": "Feature", "properties": { "FID_1": 513, "NOMBRE_DE": "PASAJE No.1", "Text_1": "COLONIA ALCAINE 1", "ESTADO": "REGULAR", "MATERIAL": "CONCRETO", "VIAS": 2, "CLASE": "VEHICULAR", "ANCHO_1": "4.50" }, "geometry": { "type": "MultiLineString", "coordinates": [ [ [ -89.18343380004201, 13.655116404948236 ], [ -89.183365542471321, 13.655091512385782 ], [ -89.182906888374049, 13.654944468597048 ], [ -89.182592215391452, 13.654816257814092 ] ] ] } },
{ "type": "Feature", "properties": { "FID_1": 514, "NOMBRE_DE": "CALLE PRINCIPAL", "Text_1": "COLONIA ALCAINE 1", "ESTADO": "BUENO", "MATERIAL": "CONCRETO", "VIAS": 2, "CLASE": "VEHICULAR", "ANCHO_1": "5.40" }, "geometry": { "type": "MultiLineString", "coordinates": [ [ [ -89.182906888374049, 13.654944468597048 ], [ -89.183019858175754, 13.654518804634664 ], [ -89.183134917216549, 13.654072187959381 ] ] ] } },
{ "type": "Feature", "properties": { "FID_1": 515, "NOMBRE_DE": "CALLE PRINCIPAL", "Text_1": "COLONIA ALCAINE 1", "ESTADO": "BUENO", "MATERIAL": "CONCRETO", "VIAS": 2, "CLASE": "VEHICULAR", "ANCHO_1": "5.20" }, "geometry": { "type": "MultiLineString", "coordinates": [ [ [ -89.183494492030661, 13.654661649563652 ], [ -89.183386439749555, 13.654636302159556 ], [ -89.183215461679922, 13.654584235275806 ], [ -89.18301985829541, 13.65451880344048 ] ] ] } },
{ "type": "Feature", "properties": { "FID_1": 279, "NOMBRE_DE": "PASAJE EL POZO", "Text_1": "COLONIA ALCAINE 2", "ESTADO": "MALO", "MATERIAL": "TIERRA", "VIAS": 1, "CLASE": "PEATONAL", "ANCHO_1": "5.50" }, "geometry": { "type": "MultiLineString", "coordinates": [ [ [ -89.184829043754675, 13.649489560415473 ], [ -89.184592035588253, 13.649675442452555 ], [ -89.184420384368948, 13.649819900699748 ], [ -89.184263787635061, 13.650034497229793 ] ] ] } },
{ "type": "Feature", "properties": { "FID_1": 281, "NOMBRE_DE": "PASAJE SIN NOMBRE", "Text_1": "COLONIA ALCAINE 2", "ESTADO": "MALO", "MATERIAL": "TIERRA", "VIAS": 1, "CLASE": "PEATONAL", "ANCHO_1": "2.00" }, "geometry": { "type": "MultiLineString", "coordinates": [ [ [ -89.184124377658605, 13.649556855191229 ], [ -89.184089025111845, 13.649591187902796 ], [ -89.184069020468129, 13.649614566866445 ], [ -89.184051710330394, 13.649636813296095 ], [ -89.183920142281366, 13.64986061671733 ] ] ] } },
{ "type": "Feature", "properties": { "FID_1": 327, "NOMBRE_DE": "CALLE S/N", "Text_1": "COLONIA ALCAINE 2", "ESTADO": "MALO", "MATERIAL": "TIERRA", "VIAS": 1, "CLASE": "PEATONAL", "ANCHO_1": "2.20" }, "geometry": { "type": "MultiLineString", "coordinates": [ [ [ -89.185531453499863, 13.648659830587194 ], [ -89.185484539947623, 13.648736068161112 ], [ -89.185447066048397, 13.648790700893285 ], [ -89.185406709921551, 13.648850043074676 ], [ -89.185387564000123, 13.648867521598525 ] ] ] } },
{ "type": "Feature", "properties": { "FID_1": 328, "NOMBRE_DE": "PASAJE 8", "Text_1": "COLONIA ALCAINE 2", "ESTADO": "MALO", "MATERIAL": "EMPEDRADO", "VIAS": 1, "CLASE": "PEATONAL", "ANCHO_1": "3.30" }, "geometry": { "type": "MultiLineString", "coordinates": [ [ [ -89.183414685682365, 13.648199424664252 ], [ -89.18357399302019, 13.648237364254015 ], [ -89.183638494110838, 13.648256041494907 ], [ -89.183811236563116, 13.648307811745044 ] ] ] } },
{ "type": "Feature", "properties": { "FID_1": 451, "NOMBRE_DE": "PASAJE 9", "Text_1": "COLONIA ALCAINE 2", "ESTADO": "MALO", "MATERIAL": "EMPEDRADO", "VIAS": 1, "CLASE": "PEATONAL", "ANCHO_1": "7.00" }, "geometry": { "type": "MultiLineString", "coordinates": [ [ [ -89.183526788516531, 13.647876162690558 ], [ -89.183584036819425, 13.647899373204682 ], [ -89.183617779223766, 13.647911952974352 ], [ -89.183672374959571, 13.647925117400401 ], [ -89.183711630682822, 13.647929289730461 ], [ -89.183838622519744, 13.647973612311668 ], [ -89.18384722072372, 13.647988611791543 ], [ -89.183847841550914, 13.647998215108599 ], [ -89.183918907364841, 13.648025201081207 ] ] ] } },
{ "type": "Feature", "properties": { "FID_1": 605, "NOMBRE_DE": "PASAJE BENITO JUAREZ", "Text_1": "COLONIA ALCAINE 2", "ESTADO": "MALO", "MATERIAL": "TIERRA", "VIAS": 1, "CLASE": "PEATONAL", "ANCHO_1": "4.50" }, "geometry": { "type": "MultiLineString", "coordinates": [ [ [ -89.183686433131101, 13.649735413256472 ], [ -89.18353971820423, 13.649910753806385 ], [ -89.183499128373256, 13.649966290502718 ], [ -89.183407670367288, 13.650099467956984 ], [ -89.183342834766307, 13.650174336936299 ], [ -89.183283902197246, 13.650238252043877 ], [ -89.183206026737878, 13.650267870899672 ], [ -89.183129740271255, 13.650294377549477 ], [ -89.182965816217589, 13.650350980264413 ] ] ] } },
{ "type": "Feature", "properties": { "FID_1": 612, "NOMBRE_DE": "PASAJE S/N", "Text_1": "COLONIA ALCAINE 2", "ESTADO": "MALO", "MATERIAL": "TIERRA", "VIAS": 2, "CLASE": "PEATONAL", "ANCHO_1": "3.16" }, "geometry": { "type": "MultiLineString", "coordinates": [ [ [ -89.183499128373256, 13.649966290502718 ], [ -89.183463187231325, 13.649941102182302 ], [ -89.183350081201681, 13.649922620409969 ], [ -89.183268350801825, 13.649906973526521 ], [ -89.183217283740916, 13.649901691051049 ], [ -89.18319028660072, 13.649902729038191 ], [ -89.183145839663979, 13.649898123508914 ], [ -89.183049241367257, 13.649888915954675 ], [ -89.182988196042302, 13.649877362590507 ] ] ] } },
{ "type": "Feature", "properties": { "FID_1": 613, "NOMBRE_DE": "PASAJE S/N", "Text_1": "COLONIA ALCAINE 2", "ESTADO": "MALO", "MATERIAL": "TIERRA", "VIAS": 1, "CLASE": "PEATONAL", "ANCHO_1": "2.50" }, "geometry": { "type": "MultiLineString", "coordinates": [ [ [ -89.18316286135952, 13.650091711417662 ], [ -89.183193270910905, 13.649998999273476 ], [ -89.183217285047618, 13.649901691543592 ] ] ] } },
{ "type": "Feature", "properties": { "FID_1": 630, "NOMBRE_DE": "PASAJE S/N", "Text_1": "COLONIA ALCAINE 2", "ESTADO": "MALO", "MATERIAL": "TIERRA", "VIAS": 1, "CLASE": "PEATONAL", "ANCHO_1": "3.00" }, "geometry": { "type": "MultiLineString", "coordinates": [ [ [ -89.183380700333856, 13.650374942469771 ], [ -89.183373803426022, 13.650340869635105 ], [ -89.183283902440337, 13.650238251504742 ] ] ] } },
{ "type": "Feature", "properties": { "FID_1": 1089, "NOMBRE_DE": "CALLE PRINCIPAL", "Text_1": "COLONIA ALCAINE 2", "ESTADO": "MALO", "MATERIAL": "EMPEDRADO", "VIAS": 1, "CLASE": "PEATONAL", "ANCHO_1": "5.40" }, "geometry": { "type": "MultiLineString", "coordinates": [ [ [ -89.185072022040686, 13.64961785343475 ], [ -89.185176494275794, 13.649451915945864 ], [ -89.185231571732501, 13.649357639746739 ], [ -89.185268506387672, 13.64928969352262 ], [ -89.185297791001148, 13.649176934052136 ], [ -89.185333687887663, 13.649136557261532 ], [ -89.185378761789167, 13.64902203756435 ], [ -89.185383612338129, 13.648972795287655 ], [ -89.185387562922116, 13.648867520966954 ], [ -89.185341802604256, 13.648809657464096 ], [ -89.185279890048037, 13.64872680448959 ], [ -89.185162322337277, 13.648615412393434 ], [ -89.185060148020611, 13.648536671102605 ], [ -89.184920649880596, 13.64843903255489 ], [ -89.184833413119364, 13.648371378348745 ], [ -89.184767506504571, 13.648380792319294 ], [ -89.184680351514785, 13.648384139261488 ] ] ] } },
{ "type": "Feature", "properties": { "FID_1": 1090, "NOMBRE_DE": "PASAJE 4", "Text_1": "COLONIA ALCAINE 2", "ESTADO": "MALO", "MATERIAL": "EMPEDRADO", "VIAS": 1, "CLASE": "PEATONAL", "ANCHO_1": "5.15" }, "geometry": { "type": "MultiLineString", "coordinates": [ [ [ -89.185060148507688, 13.648536670925211 ], [ -89.18502071645419, 13.648589510251867 ], [ -89.184931065362079, 13.648707207587044 ], [ -89.184844621777017, 13.648828039275131 ], [ -89.184748562703533, 13.648948878156492 ], [ -89.18468771936854, 13.649017933399396 ], [ -89.184666893386392, 13.649027359431395 ], [ -89.184620029263556, 13.648938132479124 ] ] ] } },
{ "type": "Feature", "properties": { "FID_1": 1091, "NOMBRE_DE": "PASAJE 3", "Text_1": "COLONIA ALCAINE 2", "ESTADO": "MALO", "MATERIAL": "EMPEDRADO", "VIAS": 1, "CLASE": "PEATONAL", "ANCHO_1": "4.10" }, "geometry": { "type": "MultiLineString", "coordinates": [ [ [ -89.184620029263556, 13.648938132479124 ], [ -89.184609334785122, 13.648905454683419 ], [ -89.184585651827391, 13.648872332667276 ], [ -89.184568474339386, 13.64885373279947 ], [ -89.184497945650847, 13.648826093568735 ], [ -89.184381823352581, 13.64878937199286 ] ] ] } },
{ "type": "Feature", "properties": { "FID_1": 1092, "NOMBRE_DE": "PASAJE 2", "Text_1": "COLONIA ALCAINE 2", "ESTADO": "MALO", "MATERIAL": "EMPEDRADO", "VIAS": 1, "CLASE": "PEATONAL", "ANCHO_1": "3.30" }, "geometry": { "type": "MultiLineString", "coordinates": [ [ [ -89.184620028019808, 13.648938132556072 ], [ -89.184602121029243, 13.648940036652245 ], [ -89.184589396606711, 13.648943911366871 ], [ -89.184569655228273, 13.648952516600206 ], [ -89.184553421532414, 13.648960260764627 ], [ -89.184534120506058, 13.648971442071879 ], [ -89.184523151552895, 13.64897660422111 ], [ -89.184511306608073, 13.648982627668566 ], [ -89.184467086806634, 13.649012805913365 ], [ -89.184417905134538, 13.649051973850614 ], [ -89.184369161105167, 13.64909028136011 ], [ -89.184253188230713, 13.649194617889231 ] ], [ [ -89.184253188230713, 13.649194617889231 ], [ -89.184129994162674, 13.649113593057079 ] ], [ [ -89.184253188230713, 13.649194617889231 ], [ -89.184309060901086, 13.649224919696929 ] ] ] } },
{ "type": "Feature", "properties": { "FID_1": 1093, "NOMBRE_DE": "PASAJE 7", "Text_1": "COLONIA ALCAINE 2", "ESTADO": "MALO", "MATERIAL": "EMPEDRADO", "VIAS": 1, "CLASE": "PEATONAL", "ANCHO_1": "5.15" }, "geometry": { "type": "MultiLineString", "coordinates": [ [ [ -89.183530925820008, 13.648917750457819 ], [ -89.183506208206666, 13.648845737261755 ], [ -89.183468521440588, 13.648711253792815 ], [ -89.183417917084412, 13.648535173450826 ], [ -89.183461924240376, 13.648513072314481 ], [ -89.183554240968775, 13.64847832465302 ], [ -89.183589670288072, 13.648471992973642 ], [ -89.183681999292958, 13.648453008332158 ], [ -89.183733526045287, 13.648435105017377 ], [ -89.183760354561585, 13.648415118406165 ], [ -89.183794664931824, 13.648350989583783 ], [ -89.183811236563116, 13.648307811745044 ] ] ] } },
{ "type": "Feature", "properties": { "FID_1": 1094, "NOMBRE_DE": "CALLE BENITO JUAREZ", "Text_1": "COLONIA ALCAINE 2", "ESTADO": "MALO", "MATERIAL": "EMPEDRADO", "VIAS": 2, "CLASE": "VEHICULAR", "ANCHO_1": "5.50" }, "geometry": { "type": "MultiLineString", "coordinates": [ [ [ -89.183686433131101, 13.649735413256472 ], [ -89.183755342714917, 13.649572476561168 ], [ -89.18381040192827, 13.649494514263022 ], [ -89.183905251120052, 13.649389548261825 ], [ -89.184129994162674, 13.649113593057079 ], [ -89.184381822466676, 13.648789372867189 ], [ -89.184506728351423, 13.648617685484142 ], [ -89.184561744433523, 13.648532601357527 ], [ -89.184605992689555, 13.648472927123001 ], [ -89.18463741853634, 13.64843460771578 ], [ -89.184655353906237, 13.64838437023098 ] ] ] } },
{ "type": "Feature", "properties": { "FID_1": 1188, "NOMBRE_DE": "CALLE PRINCIPAL", "Text_1": "COLONIA ALCAINE 2", "ESTADO": "BUENO", "MATERIAL": "CONCRETO", "VIAS": 2, "CLASE": "VEHICULAR", "ANCHO_1": "6.00" }, "geometry": { "type": "MultiLineString", "coordinates": [ [ [ -89.183293223034028, 13.649595670375149 ], [ -89.183313378295836, 13.649475231206333 ], [ -89.183346537716048, 13.649347173387021 ], [ -89.183375202078452, 13.649138827691017 ], [ -89.183399473465585, 13.648986906931762 ], [ -89.183432705551581, 13.648952161883649 ], [ -89.183530925741692, 13.648917751210895 ], [ -89.183633486191965, 13.648899018034193 ], [ -89.183809547924113, 13.648846471776677 ], [ -89.184028855589119, 13.648759277041338 ], [ -89.184211563936117, 13.648696142390174 ], [ -89.184515179756005, 13.64860591235788 ] ] ] } },
{ "type": "Feature", "properties": { "FID_1": 278, "NOMBRE_DE": "PASAJE S/N.", "Text_1": "COLONIA PERLA ESCONDIDA", "ESTADO": "MALO", "MATERIAL": "TIERRA", "VIAS": 2, "CLASE": "VEHICULAR", "ANCHO_1": "5.30" }, "geometry": { "type": "MultiLineString", "coordinates": [ [ [ -89.186531869283812, 13.651491091597292 ], [ -89.186377459920067, 13.651260890424018 ], [ -89.186323246079596, 13.651155282974878 ], [ -89.186258176062367, 13.651011542155034 ], [ -89.186224098704798, 13.650944970436866 ], [ -89.186077283222119, 13.651082817369517 ], [ -89.185802158392022, 13.651319759247015 ] ] ] } },
{ "type": "Feature", "properties": { "FID_1": 280, "NOMBRE_DE": "PASAJE S/N.", "Text_1": "COLONIA PERLA ESCONDIDA", "ESTADO": "MALO", "MATERIAL": "TIERRA", "VIAS": 1, "CLASE": "PEATONAL", "ANCHO_1": "4.00" }, "geometry": { "type": "MultiLineString", "coordinates": [ [ [ -89.185481236071766, 13.649560481504716 ], [ -89.18534150543644, 13.649518224707448 ], [ -89.185176494010179, 13.649451914935275 ] ] ] } },
{ "type": "Feature", "properties": { "FID_1": 395, "NOMBRE_DE": "PASAJE Y.", "Text_1": "COLONIA PERLA ESCONDIDA", "ESTADO": "MALO", "MATERIAL": "TIERRA", "VIAS": 2, "CLASE": "VEHICULAR", "ANCHO_1": "3.85" }, "geometry": { "type": "MultiLineString", "coordinates": [ [ [ -89.185110874055326, 13.65029285226788 ], [ -89.185042723639228, 13.650230240591881 ], [ -89.184890709940973, 13.650122203758398 ] ], [ [ -89.185110874055326, 13.65029285226788 ], [ -89.185066485852659, 13.650289903224394 ], [ -89.185021778985018, 13.650307840965338 ], [ -89.184880374288312, 13.650413462502858 ] ], [ [ -89.185631692013814, 13.650709371997408 ], [ -89.185491701456812, 13.650599461186024 ], [ -89.185358031196671, 13.650479672980959 ], [ -89.185300510909514, 13.650428022679588 ], [ -89.185204135892192, 13.65035815713718 ], [ -89.185110874055326, 13.65029285226788 ] ] ] } },
{ "type": "Feature", "properties": { "FID_1": 508, "NOMBRE_DE": "PASAJE DIAMANTE", "Text_1": "COLONIA PERLA ESCONDIDA", "ESTADO": "BUENO", "MATERIAL": "CONCRETO", "VIAS": 1, "CLASE": "PEATONAL", "ANCHO_1": "2.70" }, "geometry": { "type": "MultiLineString", "coordinates": [ [ [ -89.185790296316526, 13.65418582905218 ], [ -89.185877194511136, 13.654196298710385 ], [ -89.185982553151192, 13.65421427961072 ], [ -89.186092524834152, 13.654231504451399 ], [ -89.186117900351505, 13.654232237770829 ], [ -89.186139335288956, 13.65411181781082 ], [ -89.186156130619025, 13.65395859582425 ] ] ] } },
{ "type": "Feature", "properties": { "FID_1": 520, "NOMBRE_DE": "PASAJE 1", "Text_1": "COLONIA PERLA ESCONDIDA", "ESTADO": "MALO", "MATERIAL": "EMPEDRADO", "VIAS": 1, "CLASE": "PEATONAL", "ANCHO_1": "3.70" }, "geometry": { "type": "MultiLineString", "coordinates": [ [ [ -89.185561901027086, 13.656053733268374 ], [ -89.18568951944782, 13.656054143433215 ] ] ] } },
{ "type": "Feature", "properties": { "FID_1": 542, "NOMBRE_DE": "PASAJE S/N", "Text_1": "COLONIA PERLA ESCONDIDA", "ESTADO": "BUENO", "MATERIAL": "CONCRETO", "VIAS": 1, "CLASE": "PEATONAL", "ANCHO_1": "2.60" }, "geometry": { "type": "MultiLineString", "coordinates": [ [ [ -89.185505603528355, 13.654451051818237 ], [ -89.185630418054103, 13.654446633320545 ], [ -89.185770981696692, 13.654440673227342 ], [ -89.18582556578879, 13.654442827216226 ] ] ] } },
{ "type": "Feature", "properties": { "FID_1": 799, "NOMBRE_DE": "PASAJE PERLA ESCONDIDA", "Text_1": "COLONIA PERLA ESCONDIDA", "ESTADO": "MALO", "MATERIAL": "EMPEDRADO", "VIAS": 1, "CLASE": "PEATONAL", "ANCHO_1": "3.50" }, "geometry": { "type": "MultiLineString", "coordinates": [ [ [ -89.185870305537861, 13.656683481223972 ], [ -89.185835099020665, 13.65655633598146 ], [ -89.18581236184508, 13.656472535935048 ], [ -89.185769429902692, 13.656334516465266 ], [ -89.185723979019954, 13.656196498890015 ], [ -89.185708777474062, 13.656085575802496 ], [ -89.18568951944782, 13.656054143433215 ], [ -89.185675986882075, 13.656005300124949 ], [ -89.185671116139787, 13.655970570523515 ], [ -89.185669469915254, 13.655930312738436 ], [ -89.185671859165922, 13.655889262513714 ], [ -89.185692738418894, 13.655751892416719 ], [ -89.185693545637989, 13.655751891807174 ] ] ] } },
{ "type": "Feature", "properties": { "FID_1": 982, "NOMBRE_DE": "PASAJE RUBI", "Text_1": "COLONIA PERLA ESCONDIDA", "ESTADO": "BUENO", "MATERIAL": "CONCRETO", "VIAS": 1, "CLASE": "PEATONAL", "ANCHO_1": "2.50" }, "geometry": { "type": "MultiLineString", "coordinates": [ [ [ -89.186158871711854, 13.653906542571107 ], [ -89.186069131451831, 13.653888235715309 ], [ -89.186054415195514, 13.653879086484665 ], [ -89.186026329185168, 13.653872564614655 ], [ -89.185932043846634, 13.653854969502904 ], [ -89.185866516217544, 13.65384782160948 ], [ -89.185808760283493, 13.653838409332293 ] ] ] } },
{ "type": "Feature", "properties": { "FID_1": 983, "NOMBRE_DE": "CALLE EL DIAMANTE", "Text_1": "COLONIA PERLA ESCONDIDA", "ESTADO": "BUENO", "MATERIAL": "CONCRETO", "VIAS": 2, "CLASE": "VEHICULAR", "ANCHO_1": "4.40" }, "geometry": { "type": "MultiLineString", "coordinates": [ [ [ -89.185559096976093, 13.654790134398194 ], [ -89.185832380423818, 13.65480169992456 ] ] ] } },
{ "type": "Feature", "properties": { "FID_1": 331, "NOMBRE_DE": "CALLE PRINCIPAL", "Text_1": "COLONIA LAS CAMPANITAS SUR", "ESTADO": "BUENO", "MATERIAL": "CONCRETO", "VIAS": 2, "CLASE": "VEHICULAR", "ANCHO_1": "7.30" }, "geometry": { "type": "MultiLineString", "coordinates": [ [ [ -89.181881349729949, 13.649396430996395 ], [ -89.181924134526852, 13.649243264722825 ], [ -89.181980572646268, 13.649059301724142 ], [ -89.182014750540404, 13.648833824585804 ], [ -89.181970306668049, 13.648569920505579 ], [ -89.181871859574684, 13.647828889287668 ] ] ] } },
{ "type": "Feature", "properties": { "FID_1": 332, "NOMBRE_DE": "PASAJE MISURI", "Text_1": "COLONIA LAS CAMPANITAS SUR", "ESTADO": "BUENO", "MATERIAL": "CONCRETO", "VIAS": 1, "CLASE": "VEHICULAR", "ANCHO_1": "4.20" }, "geometry": { "type": "MultiLineString", "coordinates": [ [ [ -89.181473686881532, 13.648863588860145 ], [ -89.18142708172067, 13.648826520425008 ], [ -89.181283516572137, 13.648697799261631 ], [ -89.181129605075682, 13.648577770604371 ], [ -89.181007079522374, 13.648497234221763 ] ] ] } },
{ "type": "Feature", "properties": { "FID_1": 452, "NOMBRE_DE": "CALLE MISURI", "Text_1": "COLONIA LAS CAMPANITAS SUR", "ESTADO": "BUENO", "MATERIAL": "CONCRETO", "VIAS": 2, "CLASE": "VEHICULAR", "ANCHO_1": "5.00" }, "geometry": { "type": "MultiLineString", "coordinates": [ [ [ -89.182489795067937, 13.648510063423583 ], [ -89.181970306148884, 13.648569920924848 ], [ -89.181813639935285, 13.648570917310579 ], [ -89.181626160254396, 13.648660478154472 ], [ -89.181538373606031, 13.648767285685912 ], [ -89.181477424181793, 13.64885541180643 ], [ -89.181473686889078, 13.648863589002964 ], [ -89.181398235848391, 13.649028645079749 ], [ -89.181369485987418, 13.649407814134204 ] ] ] } },
{ "type": "Feature", "properties": { "FID_1": 55, "NOMBRE_DE": "PASAJE EL ESCORIAL", "Text_1": "COLONIA CALIFORNIA", "ESTADO": null, "MATERIAL": null, "VIAS": 0, "CLASE": null, "ANCHO_1": null }, "geometry": { "type": "MultiLineString", "coordinates": [ [ [ -89.193589738724526, 13.671910074528661 ], [ -89.193230092190561, 13.671863911859569 ], [ -89.192656629513422, 13.67176724572453 ] ] ] } },
{ "type": "Feature", "properties": { "FID_1": 56, "NOMBRE_DE": "PASAJE \"L\"", "Text_1": "COLONIA CALIFORNIA", "ESTADO": null, "MATERIAL": null, "VIAS": 0, "CLASE": null, "ANCHO_1": null }, "geometry": { "type": "MultiLineString", "coordinates": [ [ [ -89.194218896871845, 13.671743161384224 ], [ -89.194436698085056, 13.671781044092045 ], [ -89.194349830156909, 13.67239204408979 ] ] ] } },
{ "type": "Feature", "properties": { "FID_1": 57, "NOMBRE_DE": "PASAJE LA CANADA", "Text_1": "COLONIA CALIFORNIA", "ESTADO": null, "MATERIAL": null, "VIAS": 0, "CLASE": null, "ANCHO_1": null }, "geometry": { "type": "MultiLineString", "coordinates": [ [ [ -89.194277101304877, 13.671303036870055 ], [ -89.194630304587477, 13.671361230516139 ] ] ] } },
{ "type": "Feature", "properties": { "FID_1": 58, "NOMBRE_DE": "PASAJE WALSH", "Text_1": "COLONIA CALIFORNIA", "ESTADO": null, "MATERIAL": null, "VIAS": 0, "CLASE": null, "ANCHO_1": null }, "geometry": { "type": "MultiLineString", "coordinates": [ [ [ -89.194026431963039, 13.67159516519059 ], [ -89.193902399800166, 13.672337132018111 ] ] ] } },
{ "type": "Feature", "properties": { "FID_1": 59, "NOMBRE_DE": "PASAJE \"A\"", "Text_1": "COLONIA CALIFORNIA", "ESTADO": null, "MATERIAL": null, "VIAS": 0, "CLASE": null, "ANCHO_1": null }, "geometry": { "type": "MultiLineString", "coordinates": [ [ [ -89.193017529752439, 13.671341592075729 ], [ -89.193069447166039, 13.671192847380556 ], [ -89.1930969226581, 13.671003547826633 ], [ -89.193142122716424, 13.670986305243037 ], [ -89.193581806062639, 13.671045134929527 ] ] ] } },
{ "type": "Feature", "properties": { "FID_1": 62, "NOMBRE_DE": "PASAJE S/N", "Text_1": "COLONIA CALIFORNIA", "ESTADO": null, "MATERIAL": null, "VIAS": 0, "CLASE": null, "ANCHO_1": null }, "geometry": { "type": "MultiLineString", "coordinates": [ [ [ -89.191928719687681, 13.672605264020117 ], [ -89.191929212876005, 13.672595689560627 ], [ -89.191928276552531, 13.672580770866469 ], [ -89.191914383554348, 13.672542349693659 ], [ -89.191887527685054, 13.672468671128881 ], [ -89.191807126917283, 13.672461048769598 ], [ -89.191720105361142, 13.67243958626619 ], [ -89.191295279928681, 13.67241584231569 ] ] ] } },
{ "type": "Feature", "properties": { "FID_1": 63, "NOMBRE_DE": "PASAJE LUCIO AVALOS", "Text_1": "COLONIA CALIFORNIA", "ESTADO": null, "MATERIAL": null, "VIAS": 0, "CLASE": null, "ANCHO_1": null }, "geometry": { "type": "MultiLineString", "coordinates": [ [ [ -89.192913370999278, 13.673284003802708 ], [ -89.19294634996902, 13.673111949155073 ], [ -89.19300554120062, 13.672756056788939 ] ] ] } },
{ "type": "Feature", "properties": { "FID_1": 64, "NOMBRE_DE": "PASAJE LAS TERRAZAS", "Text_1": "COLONIA CALIFORNIA", "ESTADO": null, "MATERIAL": null, "VIAS": 0, "CLASE": null, "ANCHO_1": null }, "geometry": { "type": "MultiLineString", "coordinates": [ [ [ -89.193684550936041, 13.670788845464312 ], [ -89.193761252611949, 13.670872150452857 ], [ -89.193807604387644, 13.670944351959553 ], [ -89.19385269596566, 13.671005535090083 ], [ -89.19396626459509, 13.671120566457128 ] ] ] } },
{ "type": "Feature", "properties": { "FID_1": 453, "NOMBRE_DE": "PASAJE 2", "Text_1": "COLONIA CALIFORNIA", "ESTADO": null, "MATERIAL": null, "VIAS": 0, "CLASE": null, "ANCHO_1": null }, "geometry": { "type": "MultiLineString", "coordinates": [ [ [ -89.19426575627719, 13.67290502948029 ], [ -89.194398957044598, 13.672938723797847 ], [ -89.194535418011981, 13.672980892086835 ], [ -89.194658214321166, 13.67299637036205 ], [ -89.194948405245015, 13.673020451942197 ] ] ] } },
{ "type": "Feature", "properties": { "FID_1": 454, "NOMBRE_DE": "PASAJE 3", "Text_1": "COLONIA CALIFORNIA", "ESTADO": null, "MATERIAL": null, "VIAS": 0, "CLASE": null, "ANCHO_1": null }, "geometry": { "type": "MultiLineString", "coordinates": [ [ [ -89.194541454809837, 13.672630502535961 ], [ -89.194593777322652, 13.672643703177595 ], [ -89.194634329918571, 13.67265034946753 ], [ -89.194719851460476, 13.672664031376582 ], [ -89.194936404924988, 13.672690879027074 ] ] ] } },
{ "type": "Feature", "properties": { "FID_1": 946, "NOMBRE_DE": "AVENIDA LOS ANDES", "Text_1": "COLONIA CALIFORNIA", "ESTADO": null, "MATERIAL": null, "VIAS": 0, "CLASE": null, "ANCHO_1": null }, "geometry": { "type": "MultiLineString", "coordinates": [ [ [ -89.192410740299835, 13.673620254533226 ], [ -89.192464753045059, 13.67321989415286 ], [ -89.192538532321578, 13.672673026221538 ], [ -89.192608768757694, 13.672152406152708 ], [ -89.192656629502849, 13.671767246895357 ], [ -89.192693098160916, 13.671526211370043 ], [ -89.19274924437066, 13.671154193531695 ] ] ] } },
{ "type": "Feature", "properties": { "FID_1": 948, "NOMBRE_DE": "PASAJE LOS ANDES", "Text_1": "COLONIA CALIFORNIA", "ESTADO": null, "MATERIAL": null, "VIAS": 0, "CLASE": null, "ANCHO_1": null }, "geometry": { "type": "MultiLineString", "coordinates": [ [ [ -89.192538532321578, 13.672673026221538 ], [ -89.192451127087054, 13.672668252980483 ], [ -89.192170931960703, 13.672634899931374 ], [ -89.191928719687681, 13.672605264020117 ], [ -89.191358276779823, 13.672535469238603 ] ] ] } },
{ "type": "Feature", "properties": { "FID_1": 949, "NOMBRE_DE": "CALLE LOS ANGELES", "Text_1": "COLONIA CALIFORNIA", "ESTADO": null, "MATERIAL": null, "VIAS": 0, "CLASE": null, "ANCHO_1": null }, "geometry": { "type": "MultiLineString", "coordinates": [ [ [ -89.191301206473696, 13.671333584921125 ], [ -89.191298589838382, 13.671278194250892 ], [ -89.19133551261163, 13.671141562000384 ], [ -89.191409471489351, 13.671007688623838 ], [ -89.191560330685732, 13.670854240310225 ], [ -89.191785322701179, 13.670778793656298 ], [ -89.19196477938074, 13.670759138616715 ], [ -89.192104394604726, 13.670789695437149 ], [ -89.192369451245966, 13.670937243694512 ], [ -89.19274924437066, 13.671154193531695 ], [ -89.19289840247545, 13.671258161686939 ], [ -89.19301752954236, 13.671341593390995 ], [ -89.193143225799361, 13.671419142695626 ], [ -89.193293850497668, 13.671474282999181 ], [ -89.193444439845294, 13.671485678420593 ], [ -89.193642586917022, 13.671451731303346 ], [ -89.193739467625136, 13.671401443793345 ], [ -89.193817170949259, 13.671328590577115 ], [ -89.193928616498908, 13.671174097725038 ], [ -89.193966264117194, 13.671120566530981 ], [ -89.194003562894466, 13.671067531026244 ], [ -89.194078355565452, 13.670986701993948 ], [ -89.194132067002371, 13.670947215226821 ], [ -89.19422033281694, 13.670913334495742 ], [ -89.194289417208168, 13.670896373855532 ], [ -89.194335489928136, 13.670903852059235 ], [ -89.19444493664983, 13.670950722874593 ], [ -89.194502573755628, 13.671016421414246 ], [ -89.194573729410862, 13.671181659988036 ], [ -89.194630304834519, 13.671361231470399 ], [ -89.194758087192184, 13.671766823053785 ], [ -89.194816220435428, 13.671873293421566 ] ] ] } },
{ "type": "Feature", "properties": { "FID_1": 951, "NOMBRE_DE": "PASAJE S/N", "Text_1": "COLONIA CALIFORNIA", "ESTADO": null, "MATERIAL": null, "VIAS": 0, "CLASE": null, "ANCHO_1": null }, "geometry": { "type": "MultiLineString", "coordinates": [ [ [ -89.191723920713386, 13.672037195203337 ], [ -89.191692458088099, 13.672249737266554 ], [ -89.191681268204491, 13.672336613862083 ], [ -89.191660988068577, 13.67235775011852 ], [ -89.191656663638383, 13.672375871076078 ] ], [ [ -89.191656663638383, 13.672375871076078 ], [ -89.191267318832715, 13.672362747644565 ] ], [ [ -89.191899734347516, 13.672397910329137 ], [ -89.191795165649211, 13.672388621953548 ], [ -89.191690934720796, 13.672377024988082 ], [ -89.191656663638383, 13.672375871076078 ] ] ] } },
{ "type": "Feature", "properties": { "FID_1": 1192, "NOMBRE_DE": "AVENIDA SIERRA NEVADA", "Text_1": "COLONIA CALIFORNIA", "ESTADO": null, "MATERIAL": null, "VIAS": 0, "CLASE": null, "ANCHO_1": null }, "geometry": { "type": "MultiLineString", "coordinates": [ [ [ -89.193377613016679, 13.673355625995759 ], [ -89.193378827633936, 13.673355513047065 ], [ -89.193417728087866, 13.673118655143357 ], [ -89.193533518350051, 13.672279859338641 ], [ -89.193589737464606, 13.671910073963577 ], [ -89.193642586917022, 13.671451731303346 ] ] ] } },
{ "type": "Feature", "properties": { "FID_1": 1235, "NOMBRE_DE": "CALLE SAN FRANCISCO", "Text_1": "COLONIA CALIFORNIA", "ESTADO": null, "MATERIAL": null, "VIAS": 0, "CLASE": null, "ANCHO_1": null }, "geometry": { "type": "MultiLineString", "coordinates": [ [ [ -89.192464753045059, 13.67321989415286 ], [ -89.192678556519169, 13.673248746875231 ], [ -89.192913369679729, 13.673284004634754 ], [ -89.192952584868181, 13.673289892429242 ], [ -89.193359283763542, 13.673357348999689 ], [ -89.193377613016679, 13.673355625995759 ] ] ] } },
{ "type": "Feature", "properties": { "FID_1": 1236, "NOMBRE_DE": "CALLE SAN  FRANCSICO", "Text_1": "COLONIA CALIFORNIA", "ESTADO": null, "MATERIAL": null, "VIAS": 0, "CLASE": null, "ANCHO_1": null }, "geometry": { "type": "MultiLineString", "coordinates": [ [ [ -89.192693098086991, 13.671526210153147 ], [ -89.192503802425932, 13.671497492491147 ], [ -89.191894109044625, 13.671431060930134 ], [ -89.19136987934057, 13.671364561369 ], [ -89.191301488263221, 13.671339524059395 ], [ -89.191301207497673, 13.671333583619909 ] ] ] } },
{ "type": "Feature", "properties": { "FID_1": 60, "NOMBRE_DE": "SENDA 1", "Text_1": "URBANIZACION LOS NOGALES", "ESTADO": null, "MATERIAL": null, "VIAS": 0, "CLASE": null, "ANCHO_1": null }, "geometry": { "type": "MultiLineString", "coordinates": [ [ [ -89.19207273175779, 13.668612662050213 ], [ -89.191932411680952, 13.669207976179651 ] ] ] } },
{ "type": "Feature", "properties": { "FID_1": 65, "NOMBRE_DE": "SENDA  4", "Text_1": "URBANIZACION LOS NOGALES", "ESTADO": null, "MATERIAL": null, "VIAS": 0, "CLASE": null, "ANCHO_1": null }, "geometry": { "type": "MultiLineString", "coordinates": [ [ [ -89.191910917920424, 13.670005227130304 ], [ -89.191415719516741, 13.669881243410936 ] ] ] } },
{ "type": "Feature", "properties": { "FID_1": 66, "NOMBRE_DE": "SENDA  3", "Text_1": "URBANIZACION LOS NOGALES", "ESTADO": null, "MATERIAL": null, "VIAS": 0, "CLASE": null, "ANCHO_1": null }, "geometry": { "type": "MultiLineString", "coordinates": [ [ [ -89.191998265604369, 13.669654308215755 ], [ -89.191492790336312, 13.669536130676352 ] ] ] } },
{ "type": "Feature", "properties": { "FID_1": 67, "NOMBRE_DE": "SENDA  5", "Text_1": "URBANIZACION LOS NOGALES", "ESTADO": null, "MATERIAL": null, "VIAS": 0, "CLASE": null, "ANCHO_1": null }, "geometry": { "type": "MultiLineString", "coordinates": [ [ [ -89.191825698559072, 13.670342269584948 ], [ -89.191326300767969, 13.670221563501373 ] ] ] } },
{ "type": "Feature", "properties": { "FID_1": 1237, "NOMBRE_DE": "SENDA 2", "Text_1": "URBANIZACION LOS NOGALES", "ESTADO": null, "MATERIAL": null, "VIAS": 0, "CLASE": null, "ANCHO_1": null }, "geometry": { "type": "MultiLineString", "coordinates": [ [ [ -89.191561347527085, 13.669206998944567 ], [ -89.191563586643738, 13.669196249391845 ], [ -89.19159376023822, 13.669051393297055 ], [ -89.191701160011718, 13.668614045640119 ] ] ] } },
{ "type": "Feature", "properties": { "FID_1": 104, "NOMBRE_DE": "PASAJE 5", "Text_1": "COLONIA EL MIRADOR", "ESTADO": "BUENO", "MATERIAL": "ASFALTO", "VIAS": 1, "CLASE": "PEATONAL", "ANCHO_1": "5.80" }, "geometry": { "type": "MultiLineString", "coordinates": [ [ [ -89.182376794038078, 13.666968038237421 ], [ -89.182465918157902, 13.667002664380501 ], [ -89.182640867324309, 13.667080601327267 ], [ -89.182884369807823, 13.667196519729201 ], [ -89.182922819916342, 13.667237217664214 ] ] ] } },
{ "type": "Feature", "properties": { "FID_1": 117, "NOMBRE_DE": "CALLE PRINCIPAL", "Text_1": "COLONIA EL MIRADOR", "ESTADO": "BUENO", "MATERIAL": "ASFALTO", "VIAS": 2, "CLASE": "VEHICULAR", "ANCHO_1": "9.10" }, "geometry": { "type": "MultiLineString", "coordinates": [ [ [ -89.184257226053404, 13.665331058390748 ], [ -89.184215321140655, 13.665445965473703 ], [ -89.183824577998635, 13.665866141894311 ], [ -89.183471293125876, 13.66618651388975 ], [ -89.183155526233634, 13.66648731923237 ], [ -89.182961682055662, 13.666697544834362 ] ] ] } },
{ "type": "Feature", "properties": { "FID_1": 118, "NOMBRE_DE": "PASAJE N.1", "Text_1": "COLONIA EL MIRADOR", "ESTADO": "BUENO", "MATERIAL": "ASFALTO", "VIAS": 2, "CLASE": "VEHICULAR", "ANCHO_1": "6.30" }, "geometry": { "type": "MultiLineString", "coordinates": [ [ [ -89.183824577258619, 13.665866140962104 ], [ -89.183735291155202, 13.665765397262827 ], [ -89.183533624541226, 13.665469857095237 ], [ -89.18341549148299, 13.665278450262901 ], [ -89.183366516555793, 13.665208084222972 ], [ -89.18331760532017, 13.665219385097497 ], [ -89.183291697706949, 13.66520813999847 ], [ -89.183285913877384, 13.66517153497715 ], [ -89.183329063223439, 13.665151790096662 ], [ -89.183225356017118, 13.665008246158832 ] ] ] } },
{ "type": "Feature", "properties": { "FID_1": 119, "NOMBRE_DE": "PASAJE N.2", "Text_1": "COLONIA EL MIRADOR", "ESTADO": "BUENO", "MATERIAL": "ASFALTO", "VIAS": 2, "CLASE": "VEHICULAR", "ANCHO_1": "6.40" }, "geometry": { "type": "MultiLineString", "coordinates": [ [ [ -89.183471292445375, 13.666186514374965 ], [ -89.183345166964585, 13.665979675276473 ], [ -89.183113948448877, 13.665629663632817 ], [ -89.183006429987287, 13.665474785248078 ], [ -89.182977903031684, 13.665461517659693 ], [ -89.182948035720386, 13.665470842051196 ], [ -89.182922223602901, 13.665456243555409 ], [ -89.182918130161369, 13.665430997851193 ], [ -89.18293167952146, 13.665392450208401 ], [ -89.182924850573087, 13.665341957789968 ], [ -89.182893579866644, 13.665292812431263 ], [ -89.182873131299161, 13.665190503759771 ], [ -89.182855405023858, 13.66509643745586 ] ] ] } },
{ "type": "Feature", "properties": { "FID_1": 455, "NOMBRE_DE": "PASAJE 4", "Text_1": "COLONIA EL MIRADOR", "ESTADO": "REGULAR", "MATERIAL": "EMPEDRADO", "VIAS": 0, "CLASE": "VEHICULAR", "ANCHO_1": "7.10" }, "geometry": { "type": "MultiLineString", "coordinates": [ [ [ -89.182961682891559, 13.666697543663178 ], [ -89.182854606593551, 13.666657099212653 ], [ -89.18276030898015, 13.666618140230737 ], [ -89.182642428051182, 13.66655791014059 ], [ -89.182557180896865, 13.666501203868879 ], [ -89.182510040403415, 13.66649236861322 ], [ -89.182432114816933, 13.666526133363472 ], [ -89.182332464114694, 13.66659716922651 ], [ -89.182245503179445, 13.666668195645217 ], [ -89.182203860142977, 13.666752317593229 ] ] ] } },
{ "type": "Feature", "properties": { "FID_1": 456, "NOMBRE_DE": "PASAJE 3", "Text_1": "COLONIA EL MIRADOR", "ESTADO": "BUENO", "MATERIAL": "ASFALTO", "VIAS": 2, "CLASE": "VEHICULAR", "ANCHO_1": "6.10" }, "geometry": { "type": "MultiLineString", "coordinates": [ [ [ -89.183155526312518, 13.666487318753706 ], [ -89.182916796950195, 13.666144962341326 ], [ -89.182665471848594, 13.665776090119444 ] ] ] } },
{ "type": "Feature", "properties": { "FID_1": 141, "NOMBRE_DE": "PASAJE S/N", "Text_1": "LOTIF DELGADO", "ESTADO": "BUENO", "MATERIAL": "CONCRETO", "VIAS": 1, "CLASE": "PEATONAL", "ANCHO_1": "5.50" }, "geometry": { "type": "MultiLineString", "coordinates": [ [ [ -89.183113281734634, 13.668092485790607 ], [ -89.182900551932249, 13.668052717035629 ], [ -89.182503267297065, 13.667938207920887 ] ] ] } },
{ "type": "Feature", "properties": { "FID_1": 107, "NOMBRE_DE": "PASAJE 1", "Text_1": "LOTIF FLORENCIA", "ESTADO": "MALO", "MATERIAL": "TIERRA", "VIAS": 1, "CLASE": "PEATONAL", "ANCHO_1": "3.00" }, "geometry": { "type": "MultiLineString", "coordinates": [ [ [ -89.182217112724274, 13.668225834961119 ], [ -89.18217341219956, 13.668176324890721 ], [ -89.182142543700394, 13.668140577847893 ], [ -89.182108248456885, 13.668104833338679 ], [ -89.182071666125438, 13.668065737089041 ], [ -89.182014591400218, 13.667988955127814 ], [ -89.181978896398562, 13.667942304076172 ], [ -89.181967305166069, 13.667924638660434 ], [ -89.181962203677955, 13.66791512566973 ], [ -89.181976546870288, 13.667898347422685 ], [ -89.181990426607996, 13.667881116338259 ], [ -89.181973269736247, 13.667852578738307 ], [ -89.181970839148534, 13.667806083404765 ] ] ] } },
{ "type": "Feature", "properties": { "FID_1": 108, "NOMBRE_DE": "PASAJE 2", "Text_1": "LOTIF FLORENCIA", "ESTADO": "MALO", "MATERIAL": "TIERRA", "VIAS": 1, "CLASE": "PEATONAL", "ANCHO_1": "3.00" }, "geometry": { "type": "MultiLineString", "coordinates": [ [ [ -89.182081798742672, 13.66832476704845 ], [ -89.182070498757895, 13.668302956280696 ], [ -89.182044153477975, 13.668265677949497 ], [ -89.181979662502499, 13.668186689791989 ], [ -89.181911533480772, 13.668097047784178 ], [ -89.181851225301159, 13.668012076374305 ] ] ] } },
{ "type": "Feature", "properties": { "FID_1": 109, "NOMBRE_DE": "PASAJE 3", "Text_1": "LOTIF FLORENCIA", "ESTADO": "MALO", "MATERIAL": "TIERRA", "VIAS": 1, "CLASE": "PEATONAL", "ANCHO_1": "3.05" }, "geometry": { "type": "MultiLineString", "coordinates": [ [ [ -89.181952589321327, 13.668426601225285 ], [ -89.181932291043211, 13.668395366498212 ], [ -89.181854251411693, 13.668299224674955 ], [ -89.181707829260048, 13.668124572476453 ] ] ] } },
{ "type": "Feature", "properties": { "FID_1": 110, "NOMBRE_DE": "PASAJE 4", "Text_1": "LOTIF FLORENCIA", "ESTADO": "BUENO", "MATERIAL": "CONCRETO", "VIAS": 1, "CLASE": "PEATONAL", "ANCHO_1": "4.05" }, "geometry": { "type": "MultiLineString", "coordinates": [ [ [ -89.181541177093521, 13.66817224938743 ], [ -89.181684624401782, 13.668351147599038 ], [ -89.181830044130692, 13.668528430406704 ] ] ] } },
{ "type": "Feature", "properties": { "FID_1": 139, "NOMBRE_DE": "PASAJE EL REFUGIO", "Text_1": "COLONIA GALDAMEZ", "ESTADO": "MALO", "MATERIAL": "TIERRA", "VIAS": 1, "CLASE": "PEATONAL- GRADA", "ANCHO_1": "8.00" }, "geometry": { "type": "MultiLineString", "coordinates": [ [ [ -89.181786946146701, 13.667402863560902 ], [ -89.181874548254839, 13.667320958364312 ], [ -89.182036982220794, 13.667207833073942 ] ] ] } },
{ "type": "Feature", "properties": { "FID_1": 140, "NOMBRE_DE": "PASAJE EL REFUGIO", "Text_1": "COLONIA GALDAMEZ", "ESTADO": "MALO", "MATERIAL": "TIERRA", "VIAS": 1, "CLASE": "PEATONAL", "ANCHO_1": "3.90" }, "geometry": { "type": "MultiLineString", "coordinates": [ [ [ -89.182230861358619, 13.66746927114572 ], [ -89.181980226434405, 13.667129247645688 ], [ -89.181900737996187, 13.667010081055503 ], [ -89.18182400504439, 13.666913685792542 ], [ -89.181741801738141, 13.666823992603863 ], [ -89.181462262359986, 13.666522195889309 ] ] ] } },
{ "type": "Feature", "properties": { "FID_1": 120, "NOMBRE_DE": "PASAJE N.1", "Text_1": "REPARTO DANILO", "ESTADO": "BUENO", "MATERIAL": "CONCRETO", "VIAS": 1, "CLASE": "PEATONAL", "ANCHO_1": "5.10" }, "geometry": { "type": "MultiLineString", "coordinates": [ [ [ -89.183225356017118, 13.665008246158832 ], [ -89.183170645654783, 13.664963229274802 ], [ -89.183136070052825, 13.66490693297512 ], [ -89.18309725938326, 13.664652695460152 ], [ -89.183044255244567, 13.664344315402685 ] ] ] } },
{ "type": "Feature", "properties": { "FID_1": 121, "NOMBRE_DE": "PASAJE N.2", "Text_1": "REPARTO DANILO", "ESTADO": "BUENO", "MATERIAL": "CONCRETO", "VIAS": 1, "CLASE": "PEATONAL", "ANCHO_1": "5.30" }, "geometry": { "type": "MultiLineString", "coordinates": [ [ [ -89.182855405023858, 13.66509643745586 ], [ -89.18290119121707, 13.665056328148914 ], [ -89.182863671664691, 13.664822821275189 ], [ -89.182826132425078, 13.664563895656542 ], [ -89.18279840691801, 13.664399318005097 ] ] ] } },
{ "type": "Feature", "properties": { "FID_1": 192, "NOMBRE_DE": "PASAJE PRINCIPAL", "Text_1": "COMUNIDAD LAS PISCINAS", "ESTADO": "REGULAR", "MATERIAL": "CONCRETO", "VIAS": 1, "CLASE": "PEATONAL", "ANCHO_1": "3.20" }, "geometry": { "type": "MultiLineString", "coordinates": [ [ [ -89.185722910542893, 13.659325205185249 ], [ -89.185659683472664, 13.659267635707403 ], [ -89.185584334163948, 13.659196579259747 ] ] ] } },
{ "type": "Feature", "properties": { "FID_1": 193, "NOMBRE_DE": "PASAJE PRINCIPAL", "Text_1": "COMUNIDAD LAS PISCINAS", "ESTADO": "REGULAR", "MATERIAL": "CONCRETO", "VIAS": 1, "CLASE": "PEATONAL", "ANCHO_1": "3.20" }, "geometry": { "type": "MultiLineString", "coordinates": [ [ [ -89.185842881686895, 13.659434441124011 ], [ -89.185722910542893, 13.659325205185249 ] ] ] } },
{ "type": "Feature", "properties": { "FID_1": 194, "NOMBRE_DE": "PASAJE A", "Text_1": "COMUNIDAD LAS PISCINAS", "ESTADO": "REGULAR", "MATERIAL": "CONCRETO", "VIAS": 1, "CLASE": "PEATONAL", "ANCHO_1": "3.00" }, "geometry": { "type": "MultiLineString", "coordinates": [ [ [ -89.185722910542893, 13.659325205185249 ], [ -89.185741068395259, 13.659309732694679 ], [ -89.185790452670943, 13.659256972766046 ], [ -89.185863048751131, 13.659180977982803 ], [ -89.185723737084558, 13.6590360786637 ] ] ] } },
{ "type": "Feature", "properties": { "FID_1": 635, "NOMBRE_DE": "PASAJE A", "Text_1": "LOT BRISAS DE SAN MARCOS", "ESTADO": "MALO", "MATERIAL": "TIERRA", "VIAS": 1, "CLASE": "PEATONAL", "ANCHO_1": "4.00" }, "geometry": { "type": "MultiLineString", "coordinates": [ [ [ -89.179735953093342, 13.655704086526651 ], [ -89.179516836025499, 13.655687435164699 ], [ -89.179224827648213, 13.655659729766919 ], [ -89.179028476514958, 13.655640165692541 ], [ -89.179065325495202, 13.65541005497219 ] ] ] } },
{ "type": "Feature", "properties": { "FID_1": 641, "NOMBRE_DE": "PASAJE B", "Text_1": "LOT BRISAS DE SAN MARCOS", "ESTADO": "MALO", "MATERIAL": "TIERRA", "VIAS": 2, "CLASE": "VEHICULAR", "ANCHO_1": "6.50" }, "geometry": { "type": "MultiLineString", "coordinates": [ [ [ -89.178133622675105, 13.655577134515967 ], [ -89.178064549436542, 13.655573761043216 ], [ -89.1780758875841, 13.655518065777917 ], [ -89.178046293713166, 13.655511404759773 ], [ -89.178007637745338, 13.655560437352889 ], [ -89.177358916151519, 13.655502991547145 ] ] ] } },
{ "type": "Feature", "properties": { "FID_1": 884, "NOMBRE_DE": "CALLE PRINCIPAL", "Text_1": "LOT BRISAS DE SAN MARCOS", "ESTADO": "BUENO", "MATERIAL": "ADOQUIN", "VIAS": 2, "CLASE": "VEHICULAR", "ANCHO_1": "7.50" }, "geometry": { "type": "MultiLineString", "coordinates": [ [ [ -89.179728574120844, 13.655453510145277 ], [ -89.179519883685273, 13.655433328277987 ], [ -89.179489358955976, 13.655403498447747 ], [ -89.179449704211009, 13.655400542728673 ], [ -89.179414653197796, 13.655434898508455 ], [ -89.179118762695239, 13.65541123307065 ], [ -89.179065324274774, 13.655410055505335 ], [ -89.178794520402874, 13.655389218696778 ], [ -89.178535540139023, 13.655370719908632 ], [ -89.178241907069847, 13.655344202833831 ], [ -89.178071194549915, 13.655330961745715 ], [ -89.178064353699128, 13.655315372543026 ], [ -89.17781397076476, 13.655295507397726 ], [ -89.177809429303011, 13.655308875446085 ], [ -89.177429289119388, 13.655257917591552 ], [ -89.177293861923204, 13.655700458846734 ], [ -89.177287675441349, 13.655700463306887 ] ] ] } },
{ "type": "Feature", "properties": { "FID_1": 656, "NOMBRE_DE": "PASAJE S/N", "Text_1": "RES BRISAS DE SAN MARCOS", "ESTADO": "BUENO", "MATERIAL": "ADOQUIN", "VIAS": 2, "CLASE": "VEHICULAR", "ANCHO_1": "5.93" }, "geometry": { "type": "MultiLineString", "coordinates": [ [ [ -89.179790919230683, 13.655217625714876 ], [ -89.179667319475939, 13.65517629438221 ], [ -89.179636158274178, 13.655189875556102 ], [ -89.179610183268878, 13.655191589881943 ], [ -89.179565140316967, 13.655167895560801 ], [ -89.179551283161416, 13.655162820723808 ], [ -89.179552982356029, 13.655122145911362 ], [ -89.179449057057923, 13.65509510495256 ], [ -89.179265456044448, 13.655047784431382 ], [ -89.178808915388885, 13.655024306296024 ], [ -89.178528213964896, 13.654998261236234 ], [ -89.178203418378246, 13.654960712462799 ], [ -89.177728729485793, 13.65491882609621 ], [ -89.177561763011553, 13.654899279405312 ] ] ] } },
{ "type": "Feature", "properties": { "FID_1": 1242, "NOMBRE_DE": "PASAJE SAN MARCOS", "Text_1": "RES BRISAS DE SAN MARCOS", "ESTADO": "BUENO", "MATERIAL": "ADOQUIN", "VIAS": 2, "CLASE": "VEHICULAR", "ANCHO_1": "6.15" }, "geometry": { "type": "MultiLineString", "coordinates": [ [ [ -89.179308813513885, 13.654747728883951 ], [ -89.179268849776676, 13.654713014045395 ], [ -89.179171648433268, 13.654688468340229 ], [ -89.179028724038332, 13.654679621765101 ], [ -89.178847697613364, 13.65467008948165 ], [ -89.17875523104928, 13.654656430038136 ], [ -89.17864117794953, 13.6546443376032 ], [ -89.178487726131209, 13.654628214908865 ], [ -89.178351248977179, 13.65459418288459 ] ] ] } },
{ "type": "Feature", "properties": { "FID_1": 646, "NOMBRE_DE": "PASAJE 2", "Text_1": "COLONIA VALENCIA 2", "ESTADO": "BUENO", "MATERIAL": "ADOQUIN", "VIAS": 1, "CLASE": "VEHICULAR", "ANCHO_1": "4.40" }, "geometry": { "type": "MultiLineString", "coordinates": [ [ [ -89.176953782118076, 13.653824975380193 ], [ -89.177057986250105, 13.653850339494873 ], [ -89.177321854797995, 13.653913791026342 ], [ -89.177550684731315, 13.653971868706769 ] ] ] } },
{ "type": "Feature", "properties": { "FID_1": 647, "NOMBRE_DE": "CALLE PRINCIPAL", "Text_1": "COLONIA VALENCIA 2", "ESTADO": "BUENO", "MATERIAL": "ADOQUIN MIXTO", "VIAS": 1, "CLASE": "VEHICULAR", "ANCHO_1": "4.50" }, "geometry": { "type": "MultiLineString", "coordinates": [ [ [ -89.177040836447105, 13.653304112011522 ], [ -89.177156864862894, 13.653327475128874 ], [ -89.177254428777886, 13.653369653444653 ], [ -89.177337586225661, 13.653389935418849 ], [ -89.177539099125198, 13.65346020438465 ], [ -89.177667049120885, 13.653511749179712 ] ] ] } },
{ "type": "Feature", "properties": { "FID_1": 648, "NOMBRE_DE": "PASAJE 10", "Text_1": "COLONIA VALENCIA 2", "ESTADO": "MALO", "MATERIAL": "TIERRA", "VIAS": 1, "CLASE": "VEHICULAR", "ANCHO_1": "5.20" }, "geometry": { "type": "MultiLineString", "coordinates": [ [ [ -89.177057986250105, 13.653850339494873 ], [ -89.177058481805375, 13.653703035425202 ], [ -89.177054993104633, 13.653516432158163 ], [ -89.177047936295835, 13.65343938226261 ], [ -89.177040835663007, 13.653304112224294 ], [ -89.177033456891309, 13.653071386899832 ] ] ] } },
{ "type": "Feature", "properties": { "FID_1": 886, "NOMBRE_DE": "PASAJE MATAZANO 2", "Text_1": "COLONIA VALENCIA 2", "ESTADO": "BUENO", "MATERIAL": "ADOQUIN", "VIAS": 1, "CLASE": "VEHICULAR", "ANCHO_1": "4.00" }, "geometry": { "type": "MultiLineString", "coordinates": [ [ [ -89.177613916126873, 13.653848226446101 ], [ -89.177465120619104, 13.653810798457355 ], [ -89.177308182595539, 13.653764276755599 ], [ -89.177216348239938, 13.653741594217573 ], [ -89.177058482014132, 13.653703035082687 ] ] ] } },
{ "type": "Feature", "properties": { "FID_1": 639, "NOMBRE_DE": "PASAJE BOLANOS", "Text_1": "COLONIA LINDA VISTA", "ESTADO": "MALO", "MATERIAL": "TIERRA", "VIAS": 1, "CLASE": "PEATONAL", "ANCHO_1": "4.15" }, "geometry": { "type": "MultiLineString", "coordinates": [ [ [ -89.179106434511539, 13.653190014771567 ], [ -89.178980031885004, 13.653190602223759 ], [ -89.178913268373279, 13.653139861386867 ], [ -89.178801996439873, 13.653057711355453 ], [ -89.1787451245971, 13.653014219148197 ], [ -89.178589360774552, 13.652920007691286 ], [ -89.178473158727826, 13.652852372275127 ], [ -89.178354468723626, 13.652762972659525 ], [ -89.178297501825625, 13.652596131764398 ], [ -89.178270193875861, 13.652431689633401 ], [ -89.17825961184154, 13.652335915101183 ], [ -89.178241215403872, 13.652202316633806 ], [ -89.178226010757569, 13.652007477360625 ], [ -89.178200769143928, 13.651815920760876 ] ] ] } },
{ "type": "Feature", "properties": { "FID_1": 640, "NOMBRE_DE": "PASAJE EL COCAL", "Text_1": "COLONIA LINDA VISTA", "ESTADO": "MALO", "MATERIAL": "ADOQUIN", "VIAS": 1, "CLASE": "VEHICULAR", "ANCHO_1": "4.00" }, "geometry": { "type": "MultiLineString", "coordinates": [ [ [ -89.177785135642878, 13.652947481062087 ], [ -89.177827133024266, 13.652780564629571 ], [ -89.177842095949046, 13.652685968780938 ], [ -89.177836559821529, 13.652478337558666 ], [ -89.177813396412574, 13.652243019672234 ], [ -89.177783059667192, 13.651874464246381 ] ] ] } },
{ "type": "Feature", "properties": { "FID_1": 653, "NOMBRE_DE": "PASAJE S/N", "Text_1": "COLONIA LINDA VISTA", "ESTADO": "MALO", "MATERIAL": "TIERRA", "VIAS": 1, "CLASE": "PEATONAL", "ANCHO_1": "3.00" }, "geometry": { "type": "MultiLineString", "coordinates": [ [ [ -89.178659724190595, 13.65234750124854 ], [ -89.178542385363585, 13.652346028454152 ], [ -89.178499794594231, 13.652343494463624 ], [ -89.17839692620835, 13.652343569111823 ], [ -89.178274394637683, 13.652334680788186 ], [ -89.178259612168318, 13.652335914352809 ] ] ] } },
{ "type": "Feature", "properties": { "FID_1": 655, "NOMBRE_DE": "PASAJE S/N", "Text_1": "COLONIA LINDA VISTA", "ESTADO": "MALO", "MATERIAL": "TIERRA", "VIAS": 1, "CLASE": "PEATONAL", "ANCHO_1": "6.00" }, "geometry": { "type": "MultiLineString", "coordinates": [ [ [ -89.177650267844257, 13.652648872246058 ], [ -89.177842095898896, 13.652685967581297 ] ] ] } },
{ "type": "Feature", "properties": { "FID_1": 786, "NOMBRE_DE": "PASAJE DELGADO", "Text_1": "COLONIA LINDA VISTA", "ESTADO": "MALO", "MATERIAL": "TIERRA", "VIAS": 1, "CLASE": "PEATONAL", "ANCHO_1": "4.00" }, "geometry": { "type": "MultiLineString", "coordinates": [ [ [ -89.178103018923593, 13.651835131356133 ], [ -89.17810381897516, 13.651766328075331 ], [ -89.178102343418445, 13.651710229559949 ], [ -89.178081249285512, 13.651610200578318 ], [ -89.178050591542743, 13.651484782809625 ], [ -89.178029316888114, 13.651403978879481 ], [ -89.178018321507793, 13.651360195510662 ] ] ] } },
{ "type": "Feature", "properties": { "FID_1": 790, "NOMBRE_DE": "PASAJE SAN MAURICIO", "Text_1": "COLONIA LINDA VISTA", "ESTADO": "MALO", "MATERIAL": "TIERRA", "VIAS": 1, "CLASE": "PEATONAL", "ANCHO_1": "2.50" }, "geometry": { "type": "MultiLineString", "coordinates": [ [ [ -89.17537070886047, 13.651036348233335 ], [ -89.175378842461853, 13.650977637562514 ], [ -89.175417617889721, 13.650865520971779 ], [ -89.175453326211311, 13.650754407356688 ], [ -89.1755375556464, 13.650599283664208 ] ] ] } },
{ "type": "Feature", "properties": { "FID_1": 791, "NOMBRE_DE": "PASAJE S/N", "Text_1": "COLONIA LINDA VISTA", "ESTADO": "MALO", "MATERIAL": "TIERRA", "VIAS": 1, "CLASE": "PEATONAL", "ANCHO_1": "3.75" }, "geometry": { "type": "MultiLineString", "coordinates": [ [ [ -89.176907194165551, 13.651771893417807 ], [ -89.1769608452298, 13.651682741354444 ], [ -89.177017596219542, 13.651580522681245 ], [ -89.177039388681408, 13.651562463624284 ] ] ] } },
{ "type": "Feature", "properties": { "FID_1": 699, "NOMBRE_DE": "CALLE LIDIA", "Text_1": "COLONIA LOS ALPES1", "ESTADO": "MALO", "MATERIAL": "TIERRA", "VIAS": 1, "CLASE": "PEATONAL", "ANCHO_1": "7.30" }, "geometry": { "type": "MultiLineString", "coordinates": [ [ [ -89.173830607120465, 13.6594758471206 ], [ -89.173777346760588, 13.65900842829892 ], [ -89.173744044931823, 13.658670837849465 ] ] ] } },
{ "type": "Feature", "properties": { "FID_1": 701, "NOMBRE_DE": "PASAJE H", "Text_1": "COLONIA LOS ALPES1", "ESTADO": "MALO", "MATERIAL": "TIERRA", "VIAS": 1, "CLASE": "PEATONAL", "ANCHO_1": "2.20" }, "geometry": { "type": "MultiLineString", "coordinates": [ [ [ -89.173841104092389, 13.658346004121432 ], [ -89.173649525976842, 13.65831540386335 ], [ -89.173455524676243, 13.658294447120447 ] ] ] } },
{ "type": "Feature", "properties": { "FID_1": 702, "NOMBRE_DE": "PASAJE SIERRA NEVADA", "Text_1": "COLONIA LOS ALPES1", "ESTADO": "MALO", "MATERIAL": "TIERRA", "VIAS": 2, "CLASE": "PEATONAL", "ANCHO_1": "5.10" }, "geometry": { "type": "MultiLineString", "coordinates": [ [ [ -89.173891738370742, 13.65749001251981 ], [ -89.173531751471103, 13.657471196389766 ], [ -89.173052957069913, 13.657427535461144 ] ] ] } },
{ "type": "Feature", "properties": { "FID_1": 703, "NOMBRE_DE": "PASAJE S/N", "Text_1": "COLONIA LOS ALPES1", "ESTADO": "MALO", "MATERIAL": "TIERRA", "VIAS": 1, "CLASE": "PEATONAL", "ANCHO_1": "4.50" }, "geometry": { "type": "MultiLineString", "coordinates": [ [ [ -89.174581848144669, 13.656523613555672 ], [ -89.174493483341735, 13.656089869221743 ] ] ] } },
{ "type": "Feature", "properties": { "FID_1": 704, "NOMBRE_DE": "AVENIDA ATLANTIDA", "Text_1": "COLONIA LOS ALPES1", "ESTADO": "BUENO", "MATERIAL": "CONCRETO", "VIAS": 2, "CLASE": "VEHICULAR", "ANCHO_1": "5.60" }, "geometry": { "type": "MultiLineString", "coordinates": [ [ [ -89.169807423677241, 13.659062517781125 ], [ -89.169789473860561, 13.658902412876671 ], [ -89.16976581716979, 13.658728428004219 ], [ -89.169726450390755, 13.658526306595714 ], [ -89.169694977584058, 13.658393269347648 ], [ -89.16969491665202, 13.658308827813476 ], [ -89.169681089217974, 13.658232313675963 ], [ -89.169637908306683, 13.657993406337177 ], [ -89.169558513203086, 13.657405619515096 ], [ -89.169548853371523, 13.657283840496003 ], [ -89.169553087924854, 13.657101524001151 ], [ -89.169562581908096, 13.656941651163793 ], [ -89.16957210300113, 13.656819393288044 ], [ -89.169573555453539, 13.65661093783709 ] ] ] } },
{ "type": "Feature", "properties": { "FID_1": 707, "NOMBRE_DE": "PASAJE \"E\"", "Text_1": "COLONIA LOS ALPES1", "ESTADO": "MALO", "MATERIAL": "TIERRA", "VIAS": 1, "CLASE": "PEATONAL", "ANCHO_1": "3.60" }, "geometry": { "type": "MultiLineString", "coordinates": [ [ [ -89.172914417164066, 13.658672912299348 ], [ -89.172844342229823, 13.658654299110651 ], [ -89.172339766499022, 13.658614400178344 ] ] ] } },
{ "type": "Feature", "properties": { "FID_1": 708, "NOMBRE_DE": "CALLE ATENAS", "Text_1": "COLONIA LOS ALPES1", "ESTADO": "MALO", "MATERIAL": "TIERRA", "VIAS": 2, "CLASE": "VEHICULAR", "ANCHO_1": "4.90" }, "geometry": { "type": "MultiLineString", "coordinates": [ [ [ -89.173094309589942, 13.657857096886532 ], [ -89.172872213112001, 13.65783675992704 ], [ -89.17258647831693, 13.657796755446547 ], [ -89.172397867664941, 13.65778592339708 ], [ -89.171968760560858, 13.65775605948029 ], [ -89.171554548909782, 13.657692051177952 ], [ -89.170901190975073, 13.657551145806265 ] ] ] } },
{ "type": "Feature", "properties": { "FID_1": 709, "NOMBRE_DE": "PASAJE \"F\"", "Text_1": "COLONIA LOS ALPES1", "ESTADO": "MALO", "MATERIAL": "TIERRA", "VIAS": 1, "CLASE": "PEATONAL", "ANCHO_1": "3.90" }, "geometry": { "type": "MultiLineString", "coordinates": [ [ [ -89.173094528825047, 13.658281780857834 ], [ -89.172960292941539, 13.658263779827358 ], [ -89.172754867631085, 13.658241994496132 ], [ -89.172362693361919, 13.658202065183795 ] ] ] } },
{ "type": "Feature", "properties": { "FID_1": 711, "NOMBRE_DE": "CALLE LOS OLIMPOS", "Text_1": "COLONIA LOS ALPES1", "ESTADO": "MALO", "MATERIAL": "TIERRA", "VIAS": 2, "CLASE": "VEHICULAR", "ANCHO_1": "5.30" }, "geometry": { "type": "MultiLineString", "coordinates": [ [ [ -89.172959823668037, 13.657002688001523 ], [ -89.172829065435138, 13.656987976354781 ], [ -89.17268430846562, 13.656971981300451 ], [ -89.172470472589509, 13.656959254299268 ], [ -89.172236886872511, 13.656930443094968 ], [ -89.171976978135945, 13.656895210166288 ], [ -89.171746676861218, 13.656859958493525 ], [ -89.171672609963039, 13.656867454756444 ], [ -89.171378984869904, 13.65683557143973 ], [ -89.171055542161341, 13.656789122855059 ], [ -89.170851337995444, 13.656755719670379 ] ] ] } },
{ "type": "Feature", "properties": { "FID_1": 712, "NOMBRE_DE": "PASAJE SAN MARCOS", "Text_1": "COLONIA LOS ALPES1", "ESTADO": "MALO", "MATERIAL": "TIERRA", "VIAS": 2, "CLASE": "PEATONAL", "ANCHO_1": "5.70" }, "geometry": { "type": "MultiLineString", "coordinates": [ [ [ -89.171864941945316, 13.659117295724968 ], [ -89.171874079064963, 13.658939890659454 ], [ -89.171888335000745, 13.658869873174954 ], [ -89.171908233932555, 13.658690640012301 ], [ -89.171905290634896, 13.658578630035963 ], [ -89.171922393624826, 13.658489008452046 ], [ -89.171942159415963, 13.658127755818256 ], [ -89.171968761365733, 13.657756058613069 ] ] ] } },
{ "type": "Feature", "properties": { "FID_1": 713, "NOMBRE_DE": "PASAJE S/N", "Text_1": "COLONIA LOS ALPES1", "ESTADO": "MALO", "MATERIAL": "TIERRA", "VIAS": 1, "CLASE": "PEATONAL", "ANCHO_1": "3.85" }, "geometry": { "type": "MultiLineString", "coordinates": [ [ [ -89.170949448544249, 13.659674820766609 ], [ -89.170765623420394, 13.659620933380165 ] ] ] } },
{ "type": "Feature", "properties": { "FID_1": 714, "NOMBRE_DE": "AVENIDA SUIZA", "Text_1": "COLONIA LOS ALPES1", "ESTADO": "MALO", "MATERIAL": "TIERRA", "VIAS": 2, "CLASE": "VEHICULAR", "ANCHO_1": "4.00" }, "geometry": { "type": "MultiLineString", "coordinates": [ [ [ -89.170397540304307, 13.659975478106411 ], [ -89.170356867792535, 13.65977325289222 ], [ -89.170314368116777, 13.659401324871318 ], [ -89.170281920801727, 13.659192272811403 ], [ -89.17024077420119, 13.658993350885499 ], [ -89.170205110270899, 13.658766507285144 ], [ -89.170168316523132, 13.658505529559623 ], [ -89.170118055114798, 13.658164776406272 ], [ -89.170090188470127, 13.657967331520473 ], [ -89.170061292230741, 13.657719100691311 ], [ -89.170012384238206, 13.657221835124851 ], [ -89.170012203694341, 13.657217436900972 ] ] ] } },
{ "type": "Feature", "properties": { "FID_1": 715, "NOMBRE_DE": "PASAJE \"A\"", "Text_1": "COLONIA LOS ALPES1", "ESTADO": "MALO", "MATERIAL": "TIERRA", "VIAS": 2, "CLASE": "VEHICULAR", "ANCHO_1": "4.40" }, "geometry": { "type": "MultiLineString", "coordinates": [ [ [ -89.170662429771028, 13.658952621736013 ], [ -89.17024077420119, 13.658993350885499 ], [ -89.170217209259036, 13.659008951972391 ], [ -89.170159803863385, 13.659021586850713 ], [ -89.17002221432945, 13.659033305635303 ], [ -89.169914329976962, 13.659056630197664 ], [ -89.169807423677241, 13.659062517781125 ] ] ] } },
{ "type": "Feature", "properties": { "FID_1": 716, "NOMBRE_DE": "PASAJE \"B\"", "Text_1": "COLONIA LOS ALPES1", "ESTADO": "MALO", "MATERIAL": "TIERRA", "VIAS": 2, "CLASE": "PEATONAL", "ANCHO_1": "4.40" }, "geometry": { "type": "MultiLineString", "coordinates": [ [ [ -89.171107202829532, 13.658134287142534 ], [ -89.170954153205017, 13.658122064351486 ], [ -89.17054009357247, 13.658120379544261 ], [ -89.170345871924994, 13.658134857072943 ], [ -89.170118055114798, 13.658164776406272 ], [ -89.16987910369572, 13.658209073719501 ], [ -89.169681089217974, 13.658232313675963 ] ] ] } },
{ "type": "Feature", "properties": { "FID_1": 717, "NOMBRE_DE": "AVENIDA MONTES NEVADO", "Text_1": "COLONIA LOS ALPES1", "ESTADO": "MALO", "MATERIAL": "TIERRA", "VIAS": 2, "CLASE": "VEHICULAR", "ANCHO_1": "4.45" }, "geometry": { "type": "MultiLineString", "coordinates": [ [ [ -89.170954153205017, 13.658122064351486 ], [ -89.17091166239625, 13.657738385891825 ], [ -89.170901190975073, 13.657551145806265 ], [ -89.17087972663289, 13.657332351552437 ], [ -89.170875099227644, 13.657202412858148 ], [ -89.170874648877415, 13.657198704566483 ] ] ] } },
{ "type": "Feature", "properties": { "FID_1": 718, "NOMBRE_DE": "PASAJE ROXANA", "Text_1": "COLONIA LOS ALPES1", "ESTADO": "MALO", "MATERIAL": "TIERRA", "VIAS": 1, "CLASE": "VEHICULAR", "ANCHO_1": "4.50" }, "geometry": { "type": "MultiLineString", "coordinates": [ [ [ -89.170527390173675, 13.656240760267748 ], [ -89.170543476753238, 13.656026752364815 ], [ -89.170557119083242, 13.655770542337487 ] ] ] } },
{ "type": "Feature", "properties": { "FID_1": 832, "NOMBRE_DE": "CALLE PEATONAL", "Text_1": "COLONIA LOS ALPES1", "ESTADO": "MALO", "MATERIAL": "TIERRA", "VIAS": 1, "CLASE": "PEATONAL", "ANCHO_1": "5.60" }, "geometry": { "type": "MultiLineString", "coordinates": [ [ [ -89.173900532692983, 13.659690237483293 ], [ -89.17423515111345, 13.659706491283986 ], [ -89.174224134735752, 13.659429307580934 ], [ -89.174223648880115, 13.6591374982051 ], [ -89.174223554522911, 13.659010134432236 ], [ -89.174200752872807, 13.658905026040536 ], [ -89.174167642647717, 13.658826204290891 ], [ -89.174130420571515, 13.658773669205008 ], [ -89.174053947728353, 13.658721160242289 ], [ -89.17401261772963, 13.658700972702029 ], [ -89.173929966725709, 13.658672728771169 ], [ -89.173853529631742, 13.658670761418177 ], [ -89.173744043926504, 13.658670838796155 ], [ -89.173449661986808, 13.658671320028891 ], [ -89.173451160163452, 13.658669852841813 ] ] ] } },
{ "type": "Feature", "properties": { "FID_1": 833, "NOMBRE_DE": "PASAJE PEATONAL LOS UROLES", "Text_1": "COLONIA LOS ALPES1", "ESTADO": "MALO", "MATERIAL": "TIERRA", "VIAS": 2, "CLASE": "PEATONAL", "ANCHO_1": "4.20" }, "geometry": { "type": "MultiLineString", "coordinates": [ [ [ -89.172985876646962, 13.659616880696074 ], [ -89.173074370801729, 13.659359847021186 ], [ -89.173167658100084, 13.659160592051254 ], [ -89.173284427982296, 13.659015915483129 ], [ -89.173365959191671, 13.658931691187096 ], [ -89.173446406178087, 13.658675563406177 ], [ -89.173465238170579, 13.658474908763809 ], [ -89.1734555233988, 13.658294448012915 ], [ -89.173376417932516, 13.658193723279702 ], [ -89.173311724201938, 13.658149237878588 ], [ -89.173120080041286, 13.658076716003524 ] ] ] } },
{ "type": "Feature", "properties": { "FID_1": 834, "NOMBRE_DE": "PASAJE ATENAS", "Text_1": "COLONIA LOS ALPES1", "ESTADO": "MALO", "MATERIAL": "TIERRA", "VIAS": 2, "CLASE": "PEATONAL", "ANCHO_1": "4.20" }, "geometry": { "type": "MultiLineString", "coordinates": [ [ [ -89.173953551105029, 13.657926391335989 ], [ -89.173702931191826, 13.657904808810933 ], [ -89.173546907654313, 13.657888413172724 ], [ -89.17350333488848, 13.6578856929531 ], [ -89.173388076166177, 13.65787614586462 ], [ -89.173248927878944, 13.65787211748602 ], [ -89.173094310914777, 13.657857096052744 ] ] ] } },
{ "type": "Feature", "properties": { "FID_1": 836, "NOMBRE_DE": "PASAJE OLIMPO", "Text_1": "COLONIA LOS ALPES1", "ESTADO": "MALO", "MATERIAL": "TIERRA", "VIAS": 2, "CLASE": "PEATONAL", "ANCHO_1": "4.20" }, "geometry": { "type": "MultiLineString", "coordinates": [ [ [ -89.173988265550591, 13.65708551050648 ], [ -89.173634213562025, 13.657048980961017 ], [ -89.173389948908593, 13.657035296047544 ], [ -89.172959824524682, 13.65700268794885 ] ] ] } },
{ "type": "Feature", "properties": { "FID_1": 837, "NOMBRE_DE": "PASAJE LOS PIRINEOS", "Text_1": "COLONIA LOS ALPES1", "ESTADO": "MALO", "MATERIAL": "TIERRA", "VIAS": 2, "CLASE": "PEATONAL", "ANCHO_1": "4.30" }, "geometry": { "type": "MultiLineString", "coordinates": [ [ [ -89.174187885826328, 13.656644232835635 ], [ -89.174074480374742, 13.656648649742344 ], [ -89.173897721283964, 13.656639858409495 ], [ -89.173717313873368, 13.656625719692013 ], [ -89.173520517297305, 13.656625858633426 ], [ -89.173298202168695, 13.656615315732193 ], [ -89.173076421165305, 13.656606555532408 ], [ -89.172846825177942, 13.656606717017056 ] ] ] } },
{ "type": "Feature", "properties": { "FID_1": 838, "NOMBRE_DE": "PASAJE LOS PIRINEOS", "Text_1": "COLONIA LOS ALPES1", "ESTADO": "MALO", "MATERIAL": "TIERRA", "VIAS": 2, "CLASE": "PEATONAL", "ANCHO_1": "4.30" }, "geometry": { "type": "MultiLineString", "coordinates": [ [ [ -89.172846825177942, 13.656606717017056 ], [ -89.172734217514829, 13.656588164818102 ], [ -89.17250484006405, 13.656554558077826 ], [ -89.172279510376029, 13.656505057580929 ], [ -89.172009542601998, 13.656475451488543 ], [ -89.171836997533859, 13.656443790704545 ] ] ] } },
{ "type": "Feature", "properties": { "FID_1": 894, "NOMBRE_DE": "AVENIDA LOS ALPES", "Text_1": "COLONIA LOS ALPES1", "ESTADO": "REGULAR", "MATERIAL": "CONCRETO", "VIAS": 2, "CLASE": "VEHICULAR", "ANCHO_1": "5.50" }, "geometry": { "type": "MultiLineString", "coordinates": [ [ [ -89.171917074488007, 13.656099549057457 ], [ -89.171932121197045, 13.656048108609379 ], [ -89.171963210171526, 13.655990538115171 ] ], [ [ -89.171917074488007, 13.656099549057457 ], [ -89.171916529043088, 13.656097358114001 ] ], [ [ -89.171918201588895, 13.656104074910882 ], [ -89.171923583152349, 13.656099595262924 ] ], [ [ -89.171918201588895, 13.656104074910882 ], [ -89.171917074488007, 13.656099549057457 ] ], [ [ -89.171914961375009, 13.656106772748288 ], [ -89.171918201588895, 13.656104074910882 ] ], [ [ -89.171914961375009, 13.656106772748288 ], [ -89.171917074488007, 13.656099549057457 ] ], [ [ -89.171908620770552, 13.656112050262875 ], [ -89.171914961375009, 13.656106772748288 ] ], [ [ -89.171908620770552, 13.656112050262875 ], [ -89.171906653121525, 13.656103719418432 ] ], [ [ -89.171921179466921, 13.656116032982373 ], [ -89.171927754519487, 13.656110428149569 ] ], [ [ -89.171921179466921, 13.656116032982373 ], [ -89.171918201588895, 13.656104074910882 ] ], [ [ -89.171902096927539, 13.656117480172714 ], [ -89.171908620770552, 13.656112050262875 ] ], [ [ -89.171910764411578, 13.656121120252982 ], [ -89.171914961375009, 13.656106772748288 ] ], [ [ -89.171910764411578, 13.656121120252982 ], [ -89.171908620770552, 13.656112050262875 ] ], [ [ -89.171923203949191, 13.656124162970713 ], [ -89.171921179466921, 13.656116032982373 ] ], [ [ -89.171911500121141, 13.656124281491477 ], [ -89.171921179466921, 13.656116032982373 ] ], [ [ -89.171911500121141, 13.656124281491477 ], [ -89.171910764411578, 13.656121120252982 ] ], [ [ -89.171909287199625, 13.656126167070122 ], [ -89.171911500121141, 13.656124281491477 ] ], [ [ -89.171909287199625, 13.656126167070122 ], [ -89.171910764411578, 13.656121120252982 ] ], [ [ -89.17190184558288, 13.656132510121866 ], [ -89.171909287199625, 13.656126167070122 ] ], [ [ -89.17190184558288, 13.656132510121866 ], [ -89.171899818836607, 13.656124369101068 ] ], [ [ -89.171914392991923, 13.656136485677573 ], [ -89.171920925845896, 13.656131034245099 ] ], [ [ -89.171914392991923, 13.656136485677573 ], [ -89.171911500121141, 13.656124281491477 ] ], [ [ -89.171895247975073, 13.656138131520516 ], [ -89.17190184558288, 13.656132510121866 ] ], [ [ -89.171904413248839, 13.656142825538421 ], [ -89.171909287199625, 13.656126167070122 ] ], [ [ -89.171904413248839, 13.656142825538421 ], [ -89.17190184558288, 13.656132510121866 ] ], [ [ -89.171904822899094, 13.656144472055777 ], [ -89.171914392991923, 13.656136485677573 ] ], [ [ -89.171904822899094, 13.656144472055777 ], [ -89.171904413248839, 13.656142825538421 ] ], [ [ -89.171916360632224, 13.656144803833055 ], [ -89.171914392991923, 13.656136485677573 ] ], [ [ -89.171903644539213, 13.656145456548179 ], [ -89.171904822899094, 13.656144472055777 ] ], [ [ -89.171903644539213, 13.656145456548179 ], [ -89.171904413248839, 13.656142825538421 ] ], [ [ -89.17189944867107, 13.656148955560065 ], [ -89.171903644539213, 13.656145456548179 ] ], [ [ -89.17190649374156, 13.656151173958156 ], [ -89.171904822899094, 13.656144472055777 ] ], [ [ -89.171324419852041, 13.659328351488202 ], [ -89.171370484863303, 13.659217111330682 ], [ -89.171404101210769, 13.659134694212968 ], [ -89.171457664987273, 13.658986351872652 ], [ -89.171467336787472, 13.658943585062019 ], [ -89.171474971176934, 13.658785223442772 ], [ -89.171487685059745, 13.65853532027745 ], [ -89.171510633390923, 13.658171821350068 ], [ -89.171513103539127, 13.65802289231101 ], [ -89.171554548909782, 13.657692051177952 ], [ -89.171661459668073, 13.657288199632914 ], [ -89.171746676861218, 13.656859958493525 ], [ -89.171806662949436, 13.656596760674507 ], [ -89.17183699630904, 13.65644379141524 ], [ -89.171861133692317, 13.65634507666422 ], [ -89.171884254541126, 13.656211750503264 ], [ -89.171903644539213, 13.656145456548179 ] ] ] } },
{ "type": "Feature", "properties": { "FID_1": 895, "NOMBRE_DE": "AVENIDA LOS ANDES", "Text_1": "COLONIA LOS ALPES1", "ESTADO": "MALO", "MATERIAL": "TIERRA", "VIAS": 2, "CLASE": "VEHICULAR", "ANCHO_1": "3.70" }, "geometry": { "type": "MultiLineString", "coordinates": [ [ [ -89.170667512219438, 13.658985709298181 ], [ -89.170662429771028, 13.658952621736013 ], [ -89.170611021255851, 13.658593309430319 ], [ -89.170597642017398, 13.658493470558348 ], [ -89.1705575871256, 13.658311170431617 ], [ -89.17054009357247, 13.658120379544261 ], [ -89.170532264416892, 13.657974426317427 ], [ -89.170500024875821, 13.657758593270858 ], [ -89.170479915866551, 13.657678151615411 ], [ -89.170457636596055, 13.657372041990845 ], [ -89.170450097520998, 13.657155296963657 ], [ -89.170449690913657, 13.65714870489715 ] ] ] } },
{ "type": "Feature", "properties": { "FID_1": 896, "NOMBRE_DE": "CALLE ATLANTIDA", "Text_1": "COLONIA LOS ALPES1", "ESTADO": "BUENO", "MATERIAL": "CONCRETO", "VIAS": 2, "CLASE": "VEHICULAR", "ANCHO_1": "5.00" }, "geometry": { "type": "MultiLineString", "coordinates": [ [ [ -89.171806662949436, 13.656596760674507 ], [ -89.171593768595656, 13.656571833217097 ], [ -89.17135150722406, 13.656536018517015 ], [ -89.171068139955608, 13.656485417012124 ], [ -89.170864826453908, 13.656477092080493 ], [ -89.170678172760304, 13.656491772603346 ], [ -89.17042309772954, 13.656516320547274 ], [ -89.169968239176015, 13.656556931011327 ], [ -89.169665597476552, 13.65659180232309 ], [ -89.169573555453539, 13.65661093783709 ] ] ] } },
{ "type": "Feature", "properties": { "FID_1": 897, "NOMBRE_DE": "PASAJE ELVY", "Text_1": "COLONIA LOS ALPES1", "ESTADO": "MALO", "MATERIAL": "TIERRA", "VIAS": 1, "CLASE": "PEATONAL", "ANCHO_1": "5.53" }, "geometry": { "type": "MultiLineString", "coordinates": [ [ [ -89.170132532439709, 13.656262989344887 ], [ -89.170130496179709, 13.656094364880612 ], [ -89.170155419681805, 13.656089912267262 ], [ -89.170159926137174, 13.656054426194761 ], [ -89.170159916509419, 13.656041120093374 ], [ -89.170125922338357, 13.656036708244137 ], [ -89.170147436478459, 13.655673991682638 ] ] ] } },
{ "type": "Feature", "properties": { "FID_1": 1006, "NOMBRE_DE": "PASAJE BONILLA", "Text_1": "COLONIA LOS ALPES1", "ESTADO": "MALO", "MATERIAL": "TIERRA", "VIAS": 2, "CLASE": "PEATONAL", "ANCHO_1": "4.70" }, "geometry": { "type": "MultiLineString", "coordinates": [ [ [ -89.172305171058483, 13.659114916907257 ], [ -89.17231753901639, 13.659016969498371 ], [ -89.17232860395228, 13.658826905170462 ], [ -89.172339765821661, 13.658614401212285 ], [ -89.172362693410705, 13.658202066356854 ], [ -89.172397867664941, 13.65778592339708 ] ] ] } },
{ "type": "Feature", "properties": { "FID_1": 1010, "NOMBRE_DE": "PASAJE S/N", "Text_1": "COLONIA LOS ALPES1", "ESTADO": "MALO", "MATERIAL": "TIERRA", "VIAS": 1, "CLASE": "PEATONAL", "ANCHO_1": "4.30" }, "geometry": { "type": "MultiLineString", "coordinates": [ [ [ -89.172640207351222, 13.659562512160344 ], [ -89.172536818288478, 13.659501136584362 ], [ -89.172431672537158, 13.659422833638969 ] ] ] } },
{ "type": "Feature", "properties": { "FID_1": 1195, "NOMBRE_DE": "CALLE LOS AUROLES", "Text_1": "COLONIA LOS ALPES1", "ESTADO": "MALO", "MATERIAL": "TIERRA", "VIAS": 2, "CLASE": "PEATONAL", "ANCHO_1": "3.25" }, "geometry": { "type": "MultiLineString", "coordinates": [ [ [ -89.173074370801729, 13.659359847021186 ], [ -89.172961708054785, 13.659358481954436 ], [ -89.1728602039544, 13.65937031817727 ], [ -89.172802755996869, 13.65935336530536 ], [ -89.172686520504968, 13.659312925658668 ], [ -89.172644808420074, 13.65928329427714 ], [ -89.172544417352483, 13.659226598288129 ], [ -89.172305171058483, 13.659114916907257 ], [ -89.172057538967721, 13.659113018131055 ], [ -89.171864941818455, 13.659117296573809 ], [ -89.171695586341642, 13.659069773979311 ], [ -89.171570676910662, 13.659018079255667 ], [ -89.171467336787472, 13.658943585062019 ], [ -89.171359470705184, 13.658872498475858 ], [ -89.171214183896453, 13.658792739355427 ], [ -89.171125622604521, 13.658735951244198 ] ] ] } },
{ "type": "Feature", "properties": { "FID_1": 1196, "NOMBRE_DE": "AVENIDA LOS APENINOS", "Text_1": "COLONIA LOS ALPES1", "ESTADO": "BUENO", "MATERIAL": "ASFALTO", "VIAS": 2, "CLASE": "VEHICULAR", "ANCHO_1": "6.00" }, "geometry": { "type": "MultiLineString", "coordinates": [ [ [ -89.173118587565057, 13.658163701936797 ], [ -89.173121202646058, 13.658170117940394 ] ], [ [ -89.173125890924183, 13.658164926518984 ], [ -89.173122336807282, 13.658168862592117 ] ], [ [ -89.173122336807282, 13.658168862592117 ], [ -89.173120080041286, 13.658076716003524 ], [ -89.173091167980715, 13.657943955988445 ], [ -89.173094309589942, 13.657857096886532 ], [ -89.173057517610118, 13.657582753161673 ], [ -89.173052957275004, 13.657427535887992 ], [ -89.172995355197358, 13.657182807329436 ], [ -89.172959823668037, 13.657002688001523 ], [ -89.172846824068003, 13.656606717512476 ], [ -89.172783374219094, 13.656446217774835 ], [ -89.172778870145777, 13.65639955322578 ], [ -89.172815899450768, 13.656094721217 ] ], [ [ -89.173122336807282, 13.658168862592117 ], [ -89.173121202646058, 13.658170117940394 ] ], [ [ -89.173121202646058, 13.658170117940394 ], [ -89.17312244151374, 13.658173152483061 ] ], [ [ -89.173121202646058, 13.658170117940394 ], [ -89.173112881333822, 13.658179334312855 ] ], [ [ -89.173109738185886, 13.658171364561657 ], [ -89.173112881333822, 13.658179334312855 ] ], [ [ -89.17312244151374, 13.658173152483061 ], [ -89.173122336807282, 13.658168862592117 ] ], [ [ -89.17312244151374, 13.658173152483061 ], [ -89.173125865924064, 13.658181545184563 ] ], [ [ -89.173131588488999, 13.658175073107099 ], [ -89.173125865924064, 13.658181545184563 ] ], [ [ -89.173112881333822, 13.658179334312855 ], [ -89.173107197565173, 13.658185629820785 ] ], [ [ -89.173112881333822, 13.658179334312855 ], [ -89.17311748782096, 13.658191018686095 ] ], [ [ -89.173125865924064, 13.658181545184563 ], [ -89.173121334996793, 13.658186670292041 ] ], [ [ -89.173125865924064, 13.658181545184563 ], [ -89.173129042221518, 13.658189329543333 ] ], [ [ -89.173121334996793, 13.658186670292041 ], [ -89.173122659000299, 13.658181970590798 ], [ -89.17312244151374, 13.658173152483061 ] ], [ [ -89.173121334996793, 13.658186670292041 ], [ -89.17311748782096, 13.658191018686095 ] ], [ [ -89.17311748782096, 13.658191018686095 ], [ -89.173119015593358, 13.658194895460628 ] ], [ [ -89.17311748782096, 13.658191018686095 ], [ -89.173109096189179, 13.658200508195923 ] ], [ [ -89.173105927234815, 13.658192735417346 ], [ -89.173109096189179, 13.658200508195923 ] ], [ [ -89.173119015593358, 13.658194895460628 ], [ -89.173121334996793, 13.658186670292041 ] ], [ [ -89.173119015593358, 13.658194895460628 ], [ -89.173122106742355, 13.658202733393599 ] ], [ [ -89.173127780937804, 13.658196461614892 ], [ -89.173122106742355, 13.658202733393599 ] ], [ [ -89.173109096189179, 13.658200508195923 ], [ -89.173103384896805, 13.658206967576005 ] ], [ [ -89.173109096189179, 13.658200508195923 ], [ -89.173113763429711, 13.658211953643409 ] ], [ [ -89.173122106742355, 13.658202733393599 ], [ -89.173125249888699, 13.658210699834394 ] ], [ [ -89.173122106742355, 13.658202733393599 ], [ -89.173114409428749, 13.658211239297918 ] ], [ [ -89.173114409428749, 13.658211239297918 ], [ -89.173119015593358, 13.658194895460628 ] ], [ [ -89.173114409428749, 13.658211239297918 ], [ -89.173113763429711, 13.658211953643409 ] ], [ [ -89.173113763429711, 13.658211953643409 ], [ -89.173114026236917, 13.658212597284106 ] ], [ [ -89.173113763429711, 13.658211953643409 ], [ -89.173109079087681, 13.658217129062745 ] ], [ [ -89.173114026236917, 13.658212597284106 ], [ -89.173114409428749, 13.658211239297918 ] ], [ [ -89.173114026236917, 13.658212597284106 ], [ -89.173116381897273, 13.65821837129972 ] ], [ [ -89.172795228756172, 13.658910826217515 ], [ -89.172796285369927, 13.658917658744199 ] ], [ [ -89.172802052084222, 13.658913650504479 ], [ -89.172799132922449, 13.658915681130811 ] ], [ [ -89.172799132922449, 13.658915681130811 ], [ -89.172859310268734, 13.658806118955548 ], [ -89.172914416438275, 13.658672913666356 ], [ -89.172983217367431, 13.65855717360636 ], [ -89.173044206966182, 13.658423900703278 ], [ -89.173091241005494, 13.658299177263254 ], [ -89.173094527960842, 13.65828178006972 ], [ -89.173114026236917, 13.658212597284106 ] ], [ [ -89.172799132922449, 13.658915681130811 ], [ -89.172796285369927, 13.658917658744199 ] ], [ [ -89.172784824620209, 13.658916328941483 ], [ -89.172786032494187, 13.658924786649482 ] ], [ [ -89.172796285369927, 13.658917658744199 ], [ -89.172796673654929, 13.658920157088865 ] ], [ [ -89.172796285369927, 13.658917658744199 ], [ -89.172786032494187, 13.658924786649482 ] ], [ [ -89.172796673654929, 13.658920157088865 ], [ -89.172799132922449, 13.658915681130811 ] ], [ [ -89.172796673654929, 13.658920157088865 ], [ -89.172798170707381, 13.658929829421501 ] ], [ [ -89.172786032494187, 13.658924786649482 ], [ -89.172779039358744, 13.65892964756449 ] ], [ [ -89.172786032494187, 13.658924786649482 ], [ -89.172787703105286, 13.658936487435414 ] ], [ [ -89.172805247214754, 13.658924800732773 ], [ -89.172798170707381, 13.658929829421501 ] ], [ [ -89.172798170707381, 13.658929829421501 ], [ -89.17278780912234, 13.658937194079623 ] ], [ [ -89.172798170707381, 13.658929829421501 ], [ -89.172799454050349, 13.658938111638037 ] ], [ [ -89.172776150666749, 13.65893629308089 ], [ -89.172777432312841, 13.658944570333484 ] ], [ [ -89.172787703105286, 13.658936487435414 ], [ -89.172796673654929, 13.658920157088865 ] ], [ [ -89.172787703105286, 13.658936487435414 ], [ -89.17278780912234, 13.658937194079623 ] ], [ [ -89.17278780912234, 13.658937194079623 ], [ -89.172786997721104, 13.65893777172052 ] ], [ [ -89.17278780912234, 13.658937194079623 ], [ -89.172789580125297, 13.658949623581275 ] ], [ [ -89.172786997721104, 13.65893777172052 ], [ -89.172787703105286, 13.658936487435414 ] ], [ [ -89.172786997721104, 13.65893777172052 ], [ -89.172777432312841, 13.658944570333484 ] ], [ [ -89.172777432312841, 13.658944570333484 ], [ -89.172770367082208, 13.658949591841511 ] ], [ [ -89.172777432312841, 13.658944570333484 ], [ -89.172778955437991, 13.658954408707535 ] ], [ [ -89.172796565936366, 13.658944775360089 ], [ -89.172789580125297, 13.658949623581275 ] ], [ [ -89.172789580125297, 13.658949623581275 ], [ -89.172779317651973, 13.658956744321058 ] ], [ [ -89.172789580125297, 13.658949623581275 ], [ -89.172790789694517, 13.658958084598249 ] ], [ [ -89.172778955437991, 13.658954408707535 ], [ -89.172781889319552, 13.658947072439823 ], [ -89.172786997721104, 13.65893777172052 ] ], [ [ -89.172778955437991, 13.658954408707535 ], [ -89.172779317651973, 13.658956744321058 ] ], [ [ -89.172779317651973, 13.658956744321058 ], [ -89.172777523974744, 13.65895798909728 ] ], [ [ -89.172779317651973, 13.658956744321058 ], [ -89.172780376523306, 13.658963578501353 ] ], [ [ -89.172777523974744, 13.65895798909728 ], [ -89.172778955437991, 13.658954408707535 ] ], [ [ -89.172777523974744, 13.65895798909728 ], [ -89.172773553187582, 13.658960745386699 ] ], [ [ -89.172644808420074, 13.65928329427714 ], [ -89.17266860311733, 13.659224271249842 ], [ -89.17271549401049, 13.659113090393964 ], [ -89.172777523974744, 13.65895798909728 ] ] ] } },
{ "type": "Feature", "properties": { "FID_1": 1229, "NOMBRE_DE": "AVENIDA MONTES NEVADO", "Text_1": "COLONIA LOS ALPES1", "ESTADO": "MALO", "MATERIAL": "TIERRA", "VIAS": 1, "CLASE": "PEATONAL", "ANCHO_1": "4.40" }, "geometry": { "type": "MultiLineString", "coordinates": [ [ [ -89.171125622566535, 13.658735950339489 ], [ -89.171110254462562, 13.658524802408254 ], [ -89.171107204060277, 13.658134286258917 ] ] ] } },
{ "type": "Feature", "properties": { "FID_1": 54, "NOMBRE_DE": "PASAJE S/N", "Text_1": "RES BELLO HORIZONTE", "ESTADO": null, "MATERIAL": null, "VIAS": 0, "CLASE": null, "ANCHO_1": null }, "geometry": { "type": "MultiLineString", "coordinates": [ [ [ -89.189615146035891, 13.632889094607201 ], [ -89.189893776872907, 13.632817535913858 ], [ -89.189851951196829, 13.632457500118186 ] ] ] } },
{ "type": "Feature", "properties": { "FID_1": 945, "NOMBRE_DE": "PASAJE S/N", "Text_1": "RES BELLO HORIZONTE", "ESTADO": null, "MATERIAL": null, "VIAS": 0, "CLASE": null, "ANCHO_1": null }, "geometry": { "type": "MultiLineString", "coordinates": [ [ [ -89.189789605607913, 13.632848759293969 ], [ -89.189809377192006, 13.632829066244115 ] ], [ [ -89.189800358142563, 13.632853586831189 ], [ -89.189830907213619, 13.632823834150905 ] ], [ [ -89.189821878939057, 13.632848372823698 ], [ -89.18984164127825, 13.632828679778457 ] ], [ [ -89.189787816181806, 13.632841710296219 ], [ -89.189814717658351, 13.632850104790936 ] ], [ [ -89.189816556941835, 13.63282731618491 ], [ -89.189843439933441, 13.632835710690802 ] ], [ [ -89.189795015247071, 13.63283253270566 ], [ -89.189815621395908, 13.632838719551733 ] ], [ [ -89.189815621396178, 13.632838719551733 ], [ -89.189836230948259, 13.632844907417645 ] ] ] } },
{ "type": "Feature", "properties": { "FID_1": 462, "NOMBRE_DE": "PASAJE S/N", "Text_1": "RESIDENCIAL FINCA MARAVI", "ESTADO": null, "MATERIAL": null, "VIAS": 0, "CLASE": null, "ANCHO_1": null }, "geometry": { "type": "MultiLineString", "coordinates": [ [ [ -89.201881908173533, 13.646922004240349 ], [ -89.202037551900389, 13.646793407809946 ], [ -89.202246449405706, 13.646601416758529 ], [ -89.202300475002474, 13.646524491342653 ] ] ] } },
{ "type": "Feature", "properties": { "FID_1": 940, "NOMBRE_DE": "CALLE LOS BAMBUES", "Text_1": "RESIDENCIAL FINCA MARAVI", "ESTADO": null, "MATERIAL": null, "VIAS": 0, "CLASE": null, "ANCHO_1": null }, "geometry": { "type": "MultiLineString", "coordinates": [ [ [ -89.202627548646177, 13.646072545603694 ], [ -89.202596329665823, 13.6459911829762 ], [ -89.202553956884614, 13.645928001797095 ], [ -89.202426891213634, 13.645799494393083 ], [ -89.202313211850523, 13.64569713429076 ], [ -89.202121564775879, 13.645579579178509 ], [ -89.202064751422441, 13.64555891715197 ] ] ] } },
{ "type": "Feature", "properties": { "FID_1": 941, "NOMBRE_DE": "CALLE LOS BAMBUES", "Text_1": "RESIDENCIAL FINCA MARAVI", "ESTADO": null, "MATERIAL": null, "VIAS": 0, "CLASE": null, "ANCHO_1": null }, "geometry": { "type": "MultiLineString", "coordinates": [ [ [ -89.202064751422441, 13.64555891715197 ], [ -89.202007938078978, 13.645538255112644 ], [ -89.201695992241923, 13.645390280353261 ], [ -89.201419685044101, 13.64524445587327 ], [ -89.201237518872261, 13.64520460161442 ] ] ] } },
{ "type": "Feature", "properties": { "FID_1": 942, "NOMBRE_DE": "CALLE LOS NARANJOS", "Text_1": "RESIDENCIAL FINCA MARAVI", "ESTADO": null, "MATERIAL": null, "VIAS": 0, "CLASE": null, "ANCHO_1": null }, "geometry": { "type": "MultiLineString", "coordinates": [ [ [ -89.202064751422441, 13.64555891715197 ], [ -89.2021772585816, 13.645455292874903 ], [ -89.20234687349793, 13.645274755541218 ], [ -89.202385629045253, 13.645217755914452 ], [ -89.202295840411637, 13.645156114753147 ], [ -89.201922218212687, 13.645006881537613 ], [ -89.201370935686214, 13.644791244795831 ] ] ] } },
{ "type": "Feature", "properties": { "FID_1": 1217, "NOMBRE_DE": "PASAJE S/N", "Text_1": "RESIDENCIAL FINCA MARAVI", "ESTADO": null, "MATERIAL": null, "VIAS": 0, "CLASE": null, "ANCHO_1": null }, "geometry": { "type": "MultiLineString", "coordinates": [ [ [ -89.202300475002474, 13.646524491342653 ], [ -89.202339766620725, 13.646496041896565 ], [ -89.202454192947442, 13.646330235386289 ], [ -89.20253214494852, 13.646194227547801 ], [ -89.202601739031294, 13.646103688627168 ], [ -89.202627548646177, 13.646072545603694 ] ] ] } },
{ "type": "Feature", "properties": { "FID_1": 1218, "NOMBRE_DE": "PASAJE S/N", "Text_1": "RESIDENCIAL FINCA MARAVI", "ESTADO": null, "MATERIAL": null, "VIAS": 0, "CLASE": null, "ANCHO_1": null }, "geometry": { "type": "MultiLineString", "coordinates": [ [ [ -89.202627548646177, 13.646072545603694 ], [ -89.202653358254224, 13.646041402577433 ], [ -89.202803160730525, 13.645810780375419 ] ] ] } },
{ "type": "Feature", "properties": { "FID_1": 1220, "NOMBRE_DE": "CALLE PRINCIPAL", "Text_1": "RESIDENCIAL FINCA MARAVI", "ESTADO": null, "MATERIAL": null, "VIAS": 0, "CLASE": null, "ANCHO_1": null }, "geometry": { "type": "MultiLineString", "coordinates": [ [ [ -89.203128692960334, 13.646914258019573 ], [ -89.20274306300746, 13.646740825008848 ], [ -89.20255857260932, 13.646657950464549 ], [ -89.202300475002474, 13.646524491342653 ], [ -89.202226031047687, 13.646485910160395 ], [ -89.202118132247278, 13.646393851573562 ], [ -89.201979787801619, 13.64621561563807 ], [ -89.201848917132835, 13.646029187230225 ], [ -89.201588356401146, 13.645867422594279 ], [ -89.201444704293863, 13.645803225372202 ], [ -89.201352161001125, 13.645736604186878 ], [ -89.201288652654014, 13.645469868259893 ], [ -89.201237640951547, 13.645347272874893 ], [ -89.201237518872261, 13.64520460161442 ] ] ] } },
{ "type": "Feature", "properties": { "FID_1": 1227, "NOMBRE_DE": "PASAJE PRINCIPAL", "Text_1": "COLONIA LOMAS DE SAN JACINTO", "ESTADO": "MALO", "MATERIAL": "TIERRA", "VIAS": 2, "CLASE": "VEHICULAR", "ANCHO_1": "5.00" }, "geometry": { "type": "MultiLineString", "coordinates": [ [ [ -89.195486026350892, 13.660090013260016 ], [ -89.195525662953003, 13.66007625194597 ], [ -89.195593900693069, 13.660043776442748 ], [ -89.195657122221277, 13.660015234758834 ], [ -89.195728371602272, 13.659982756821995 ], [ -89.195807644738707, 13.659941430319806 ], [ -89.195652528327003, 13.659689873697461 ] ] ] } },
{ "type": "Feature", "properties": { "FID_1": 935, "NOMBRE_DE": "PASAJE LA ESCONDIDA", "Text_1": "LOTIFICACION ESCONDIDA", "ESTADO": null, "MATERIAL": null, "VIAS": 0, "CLASE": null, "ANCHO_1": null }, "geometry": { "type": "MultiLineString", "coordinates": [ [ [ -89.206423575181915, 13.644819011365941 ], [ -89.206037848755187, 13.644800462086806 ], [ -89.205752439269986, 13.644826408008326 ], [ -89.20566350487772, 13.644839335879123 ], [ -89.205599614587825, 13.64486852384497 ], [ -89.205526132826748, 13.64494313541546 ], [ -89.205502465036631, 13.644911449962922 ], [ -89.205496313664256, 13.6448857481579 ], [ -89.205497173499282, 13.644867752577269 ], [ -89.20537805489559, 13.644819008897255 ], [ -89.205341734427947, 13.64480371066634 ], [ -89.205309979589174, 13.644800081276394 ], [ -89.205231543117904, 13.644810200491797 ], [ -89.2051428499921, 13.644838607764608 ], [ -89.205043168911914, 13.644873637680647 ] ] ] } },
{ "type": "Feature", "properties": { "FID_1": 74, "NOMBRE_DE": "PASAJE SUCRE", "Text_1": "COLONIA LOS ANDES", "ESTADO": "BUENO", "MATERIAL": "CONCRETO", "VIAS": 2, "CLASE": "VEHICULAR", "ANCHO_1": "4.40" }, "geometry": { "type": "MultiLineString", "coordinates": [ [ [ -89.183917048182835, 13.668752412076911 ], [ -89.183909625345635, 13.668721045131432 ], [ -89.183852213045697, 13.668624557299554 ], [ -89.183776618497674, 13.668518416107421 ], [ -89.183698046133344, 13.668392982309626 ] ] ] } },
{ "type": "Feature", "properties": { "FID_1": 75, "NOMBRE_DE": "PASAJE BOLIVAR", "Text_1": "COLONIA LOS ANDES", "ESTADO": "BUENO", "MATERIAL": "CONCRETO", "VIAS": 2, "CLASE": "VEHICULAR", "ANCHO_1": "5.15" }, "geometry": { "type": "MultiLineString", "coordinates": [ [ [ -89.183567172964089, 13.670076601277776 ], [ -89.183451443629664, 13.669866808827104 ], [ -89.183318520037318, 13.669610245594173 ], [ -89.183112144306264, 13.669231820065395 ], [ -89.183063065922013, 13.669164429819885 ], [ -89.183012639534383, 13.669068515294335 ], [ -89.182946311473103, 13.668968720395563 ], [ -89.182939536296843, 13.668958324684498 ] ] ] } },
{ "type": "Feature", "properties": { "FID_1": 76, "NOMBRE_DE": "PASAJE EL PREDEGAL", "Text_1": "COLONIA LOS ANDES", "ESTADO": "MALO", "MATERIAL": "TIERRA", "VIAS": 1, "CLASE": "PEATONAL", "ANCHO_1": "7.60" }, "geometry": { "type": "MultiLineString", "coordinates": [ [ [ -89.182171343494048, 13.669800083150927 ], [ -89.182089975169944, 13.669708760266763 ], [ -89.181923868012561, 13.669429358284798 ] ] ] } },
{ "type": "Feature", "properties": { "FID_1": 78, "NOMBRE_DE": "1 CALLE ORIENTE", "Text_1": "COLONIA LOS ANDES", "ESTADO": "BUENO", "MATERIAL": "ADOQUIN", "VIAS": 2, "CLASE": "VEHICULAR", "ANCHO_1": "6.80" }, "geometry": { "type": "MultiLineString", "coordinates": [ [ [ -89.185212291852437, 13.667495780488355 ], [ -89.185075629636927, 13.667593612440781 ], [ -89.18485448724573, 13.66771556384443 ], [ -89.184734502092056, 13.667786297161275 ], [ -89.184540023394305, 13.667898549352037 ], [ -89.184472291566806, 13.667942892822428 ], [ -89.184282479696165, 13.668047445745367 ], [ -89.184154724344708, 13.668113203366417 ], [ -89.184060123055346, 13.668187599892555 ], [ -89.183698045494381, 13.66839298226432 ], [ -89.18342363176302, 13.668568771584335 ], [ -89.183234563212466, 13.668669875612348 ], [ -89.183118557909609, 13.668747787659557 ], [ -89.18292949399185, 13.668855200606863 ], [ -89.182876285991838, 13.66889092366616 ], [ -89.182806985840131, 13.668918030753433 ], [ -89.182724251280945, 13.668969032237364 ], [ -89.182600574501265, 13.669048458618361 ], [ -89.182349562517473, 13.669184024748276 ], [ -89.181923868857012, 13.669429358351772 ], [ -89.181666212099088, 13.669586659873112 ], [ -89.181416456370911, 13.669715383128604 ] ] ] } },
{ "type": "Feature", "properties": { "FID_1": 96, "NOMBRE_DE": "7a CALLE ORIENTE", "Text_1": "COLONIA LOS ANDES", "ESTADO": "BUENO", "MATERIAL": "ASFALTO", "VIAS": 2, "CLASE": "VEHICULAR", "ANCHO_1": "7.50" }, "geometry": { "type": "MultiLineString", "coordinates": [ [ [ -89.187023693300901, 13.66813009364647 ], [ -89.186955323452679, 13.66818414838154 ], [ -89.186776968324324, 13.66822866681013 ], [ -89.186558400041491, 13.668264339036877 ] ] ] } },
{ "type": "Feature", "properties": { "FID_1": 97, "NOMBRE_DE": "PASAJE LOS ANDES", "Text_1": "COLONIA LOS ANDES", "ESTADO": "MALO", "MATERIAL": "CONCRETO", "VIAS": 1, "CLASE": "PEATONAL", "ANCHO_1": "6.40" }, "geometry": { "type": "MultiLineString", "coordinates": [ [ [ -89.186271617613201, 13.668009279777191 ], [ -89.185926701122028, 13.66774514116651 ] ] ] } },
{ "type": "Feature", "properties": { "FID_1": 99, "NOMBRE_DE": "PASAJE PANAMA", "Text_1": "COLONIA LOS ANDES", "ESTADO": "MALO", "MATERIAL": "TIERRA", "VIAS": 1, "CLASE": "PEATONAL", "ANCHO_1": "5.60" }, "geometry": { "type": "MultiLineString", "coordinates": [ [ [ -89.185672550593708, 13.668610549647315 ], [ -89.185533990515665, 13.668338553097028 ] ] ] } },
{ "type": "Feature", "properties": { "FID_1": 100, "NOMBRE_DE": "PASAJE COSTA RICA", "Text_1": "COLONIA LOS ANDES", "ESTADO": "MALO", "MATERIAL": "TIERRA", "VIAS": 1, "CLASE": "VEHICULAR", "ANCHO_1": "8.00" }, "geometry": { "type": "MultiLineString", "coordinates": [ [ [ -89.184781538805566, 13.668314600421086 ], [ -89.184752474495212, 13.668262940698853 ], [ -89.184540023394305, 13.667898549352037 ] ] ] } },
{ "type": "Feature", "properties": { "FID_1": 101, "NOMBRE_DE": "3PASAJE SIN NOMBRE", "Text_1": "COLONIA LOS ANDES", "ESTADO": "BUENO", "MATERIAL": "CONCRETO", "VIAS": 1, "CLASE": "PEATONAL- GRADA", "ANCHO_1": "4.90" }, "geometry": { "type": "MultiLineString", "coordinates": [ [ [ -89.186155733357438, 13.667475486366174 ], [ -89.185938262354711, 13.66773152985772 ] ] ] } },
{ "type": "Feature", "properties": { "FID_1": 102, "NOMBRE_DE": "CALLE PRINCIPAL", "Text_1": "COLONIA LOS ANDES", "ESTADO": "BUENO", "MATERIAL": "ASFALTO", "VIAS": 2, "CLASE": "VEHICULAR", "ANCHO_1": "6.80" }, "geometry": { "type": "MultiLineString", "coordinates": [ [ [ -89.185347304500368, 13.666873528736652 ], [ -89.185162988524624, 13.666981081066954 ], [ -89.184847013784633, 13.667161773621379 ], [ -89.184600379630012, 13.667285678745003 ], [ -89.184535507297454, 13.667343019624887 ], [ -89.184283928937305, 13.667480677979146 ], [ -89.184046989032069, 13.667624051691231 ], [ -89.18392417550146, 13.667699906438555 ] ] ] } },
{ "type": "Feature", "properties": { "FID_1": 103, "NOMBRE_DE": "4a AVENIDA SUR", "Text_1": "COLONIA LOS ANDES", "ESTADO": "BUENO", "MATERIAL": "CONCRETO", "VIAS": 2, "CLASE": "VEHICULAR", "ANCHO_1": "6.90" }, "geometry": { "type": "MultiLineString", "coordinates": [ [ [ -89.185684203441625, 13.669127364382703 ], [ -89.185563299487299, 13.668914460310187 ], [ -89.185540314741345, 13.668873102902587 ], [ -89.185387901941766, 13.668611466664091 ], [ -89.185303999010472, 13.668476249868569 ], [ -89.185137752932832, 13.668196623261935 ], [ -89.185076315560721, 13.668084503744913 ], [ -89.18485448724573, 13.66771556384443 ], [ -89.184742868873954, 13.667535639191199 ], [ -89.184640039838541, 13.667375589791845 ], [ -89.184600379630012, 13.667285678745003 ], [ -89.184581409312727, 13.667253657727461 ] ] ] } },
{ "type": "Feature", "properties": { "FID_1": 111, "NOMBRE_DE": "2a CALLE ORIENTE", "Text_1": "COLONIA LOS ANDES", "ESTADO": "BUENO", "MATERIAL": "CONCRETO", "VIAS": 2, "CLASE": "VEHICULAR", "ANCHO_1": "7.90" }, "geometry": { "type": "MultiLineString", "coordinates": [ [ [ -89.185124995590243, 13.666468668703656 ], [ -89.185025215037442, 13.666519465329177 ], [ -89.184832906771319, 13.666640306534637 ], [ -89.184642822195755, 13.666751675560709 ], [ -89.1843773216155, 13.666907897344407 ], [ -89.184190153624073, 13.667020975734946 ], [ -89.184033769923232, 13.667122556288877 ], [ -89.183828753729301, 13.667242068911252 ], [ -89.183740201779756, 13.667304858144458 ], [ -89.183725152097466, 13.667343610359167 ], [ -89.183729000059202, 13.667354047167082 ] ] ] } },
{ "type": "Feature", "properties": { "FID_1": 112, "NOMBRE_DE": "1a AVENIDA SUR", "Text_1": "COLONIA LOS ANDES", "ESTADO": "MALO", "MATERIAL": "CONCRETO", "VIAS": 1, "CLASE": "PEATONAL - GRAD", "ANCHO_1": "4.30" }, "geometry": { "type": "MultiLineString", "coordinates": [ [ [ -89.18464282227626, 13.666751675145226 ], [ -89.18459314392085, 13.666684867555889 ], [ -89.184556795150044, 13.666621199927704 ], [ -89.184507918051423, 13.666542842868374 ], [ -89.184475336860274, 13.66649509612817 ], [ -89.184432740313937, 13.666444907090767 ], [ -89.184295356962949, 13.66622818243472 ] ] ] } },
{ "type": "Feature", "properties": { "FID_1": 113, "NOMBRE_DE": "6a CALLE ORIENTE", "Text_1": "COLONIA LOS ANDES", "ESTADO": "REGULAR", "MATERIAL": "ASFALTO", "VIAS": 2, "CLASE": "VEHICULAR", "ANCHO_1": "8.00" }, "geometry": { "type": "MultiLineString", "coordinates": [ [ [ -89.184179707427276, 13.668146586827378 ], [ -89.184154724344708, 13.668113203366417 ], [ -89.184096127168786, 13.667999152759725 ], [ -89.184038480210361, 13.667894575647454 ], [ -89.183949578264432, 13.667743169218793 ] ] ] } },
{ "type": "Feature", "properties": { "FID_1": 115, "NOMBRE_DE": "PASAJE S/N", "Text_1": "COLONIA LOS ANDES", "ESTADO": "REGULAR", "MATERIAL": "TIERRA", "VIAS": 1, "CLASE": "PEATONAL", "ANCHO_1": "1.85" }, "geometry": { "type": "MultiLineString", "coordinates": [ [ [ -89.183566801491949, 13.667996221996544 ], [ -89.183527819288713, 13.668045847091747 ], [ -89.183484804245197, 13.668102062423671 ], [ -89.183411150423453, 13.668189584446512 ], [ -89.183384390256805, 13.668174920148195 ], [ -89.183233278233757, 13.668089214708589 ] ] ] } },
{ "type": "Feature", "properties": { "FID_1": 458, "NOMBRE_DE": "3 CALLE ORIENTE", "Text_1": "COLONIA LOS ANDES", "ESTADO": "MALO", "MATERIAL": "ASFALTO", "VIAS": 2, "CLASE": "VEHICULAR", "ANCHO_1": "6.80" }, "geometry": { "type": "MultiLineString", "coordinates": [ [ [ -89.184789706265093, 13.66824093610688 ], [ -89.184752474495212, 13.668262940698853 ], [ -89.184648624632274, 13.668318574155792 ], [ -89.18438930356578, 13.668476357004256 ], [ -89.184199929807349, 13.668590540984283 ], [ -89.183936325768983, 13.668742270629252 ], [ -89.183917047664949, 13.668752412471079 ], [ -89.183808152448876, 13.668818134839952 ], [ -89.183607593689871, 13.668942347668185 ], [ -89.183524741307693, 13.668987471774928 ], [ -89.183410596113561, 13.669056050687825 ], [ -89.183239918045203, 13.669150132296691 ], [ -89.183112144306264, 13.669231820065395 ], [ -89.183025595612179, 13.669270961440887 ], [ -89.182972164612011, 13.669309497767388 ], [ -89.182941925172486, 13.669338147048377 ], [ -89.182907653342809, 13.669368772729614 ], [ -89.182856221809317, 13.669385590710883 ], [ -89.182784640875582, 13.669432039075758 ], [ -89.182746402164085, 13.669456774500928 ], [ -89.182682227907208, 13.669501899338023 ], [ -89.182588750952917, 13.669559338733045 ], [ -89.182470161263396, 13.669633190276025 ], [ -89.182360221815557, 13.669693508945025 ], [ -89.182307515800701, 13.669727952132009 ], [ -89.182238331583378, 13.669764554707035 ], [ -89.182229779586677, 13.669769090526529 ] ] ] } },
{ "type": "Feature", "properties": { "FID_1": 460, "NOMBRE_DE": "2a AVENIDA NORTE", "Text_1": "COLONIA LOS ANDES", "ESTADO": "BUENO", "MATERIAL": "ASFALTO", "VIAS": 2, "CLASE": "VEHICULAR", "ANCHO_1": "6.25" }, "geometry": { "type": "MultiLineString", "coordinates": [ [ [ -89.186532743593048, 13.668264518997722 ], [ -89.186372413330432, 13.668304607404277 ], [ -89.186309150696943, 13.668307035893369 ], [ -89.18623247965067, 13.668277330692815 ], [ -89.186060829633121, 13.668147684824607 ], [ -89.18596587501564, 13.668076322362701 ], [ -89.185604971608385, 13.667799813277231 ] ] ] } },
{ "type": "Feature", "properties": { "FID_1": 27, "NOMBRE_DE": "8a. AV. NORTE", "Text_1": "COLONIA EL MILAGRO", "ESTADO": "MALO", "MATERIAL": "TIERRA", "VIAS": 2, "CLASE": "VEHICULAR", "ANCHO_1": "3.80" }, "geometry": { "type": "MultiLineString", "coordinates": [ [ [ -89.180253156574395, 13.663480284234984 ], [ -89.180246661930653, 13.66348476386921 ], [ -89.180167909615605, 13.663544731562247 ], [ -89.180003047420428, 13.663651280464887 ], [ -89.179917986505529, 13.663707663932719 ], [ -89.179880165147196, 13.663754266064105 ], [ -89.179832631914621, 13.663831572586215 ], [ -89.179814104259506, 13.663904266704083 ], [ -89.17979477065397, 13.663997965460251 ], [ -89.179783181805149, 13.664066337505465 ], [ -89.179763819544732, 13.664123322222995 ], [ -89.179761237495725, 13.66413092036948 ], [ -89.179734093188571, 13.664160058007107 ], [ -89.179661720830111, 13.664256326676661 ] ] ] } },
{ "type": "Feature", "properties": { "FID_1": 122, "NOMBRE_DE": "CALLE PRINCIPAL", "Text_1": "COLONIA EL MILAGRO", "ESTADO": "BUENO", "MATERIAL": "ASFALTO", "VIAS": 2, "CLASE": "VEHICULAR", "ANCHO_1": "5.35" }, "geometry": { "type": "MultiLineString", "coordinates": [ [ [ -89.183841758978133, 13.663467481064787 ], [ -89.183683656058335, 13.663495200401016 ], [ -89.183564921845985, 13.663516870731394 ], [ -89.183322343037048, 13.663536974966894 ], [ -89.183217163403498, 13.663540372886827 ], [ -89.183036795164355, 13.663567835306228 ], [ -89.182927769684071, 13.663577918620629 ], [ -89.182726750732215, 13.663589739128748 ], [ -89.182662022931339, 13.663601456622663 ], [ -89.182530829639262, 13.663584882978299 ], [ -89.182438836904538, 13.663588286224606 ], [ -89.182317860503133, 13.663563367152417 ], [ -89.182111573883006, 13.6635220205583 ], [ -89.182010662112035, 13.663505637163691 ], [ -89.181940797206494, 13.663489232415122 ], [ -89.181806266296391, 13.663435313452165 ], [ -89.181688812476125, 13.663386711152738 ], [ -89.18152953287192, 13.663291399150376 ], [ -89.181362297280444, 13.663203882815623 ], [ -89.181197048265247, 13.663110522475471 ], [ -89.181083565949777, 13.663050233208123 ], [ -89.181004239986962, 13.663010196222828 ], [ -89.180964115346939, 13.662989946073486 ], [ -89.180906391499491, 13.662976356212333 ], [ -89.180873864413087, 13.662921465179341 ], [ -89.180788901123648, 13.662882598549372 ], [ -89.180700287734624, 13.662868754396506 ], [ -89.180613094071134, 13.662853052722454 ], [ -89.180570442272654, 13.662841955294754 ], [ -89.180509542593086, 13.662814160476895 ], [ -89.180487267792799, 13.662797618867151 ], [ -89.180470319161984, 13.662761030895549 ], [ -89.180431991146492, 13.662713129596154 ], [ -89.180370972464402, 13.662597574314006 ] ] ] } },
{ "type": "Feature", "properties": { "FID_1": 123, "NOMBRE_DE": "6a AVENIDA NORTE", "Text_1": "COLONIA EL MILAGRO", "ESTADO": "BUENO", "MATERIAL": "CONCRETO", "VIAS": 1, "CLASE": "PEATONAL", "ANCHO_1": "7.20" }, "geometry": { "type": "MultiLineString", "coordinates": [ [ [ -89.183440698119952, 13.664274877124114 ], [ -89.183442948084902, 13.664294245145323 ], [ -89.183483979046997, 13.664573130584159 ], [ -89.183486930255725, 13.664612200373655 ], [ -89.183479145360977, 13.664618876700313 ], [ -89.18348329984812, 13.664678783582815 ] ] ] } },
{ "type": "Feature", "properties": { "FID_1": 124, "NOMBRE_DE": "4a AVENIDA NORTE", "Text_1": "COLONIA EL MILAGRO", "ESTADO": "REGULAR", "MATERIAL": "ADOQUIN", "VIAS": 2, "CLASE": "VEHICULAR", "ANCHO_1": "7.10" }, "geometry": { "type": "MultiLineString", "coordinates": [ [ [ -89.181812406990687, 13.664507613927416 ], [ -89.18182647992947, 13.664319630180799 ], [ -89.181851532128604, 13.664000235002934 ], [ -89.181940797206494, 13.663489232415122 ] ] ] } },
{ "type": "Feature", "properties": { "FID_1": 125, "NOMBRE_DE": "1A CALLE ORIENTE", "Text_1": "COLONIA EL MILAGRO", "ESTADO": "BUENO", "MATERIAL": "CONCRETO", "VIAS": 2, "CLASE": "VEHICULAR", "ANCHO_1": "6.60" }, "geometry": { "type": "MultiLineString", "coordinates": [ [ [ -89.183969232177205, 13.664199476114158 ], [ -89.183855552810343, 13.664227885592643 ], [ -89.183537723536347, 13.664274160116559 ], [ -89.183442948084902, 13.664294245145323 ], [ -89.183236390554157, 13.664319726254043 ], [ -89.183044254228463, 13.664344315953745 ], [ -89.182798405752749, 13.66439931833321 ], [ -89.182659019859273, 13.664395355925485 ], [ -89.182347366581723, 13.664434944425878 ], [ -89.182180080466864, 13.664448238420917 ], [ -89.181812406990687, 13.664507613927416 ], [ -89.181297109982665, 13.664581751149106 ] ], [ [ -89.181295909543451, 13.664582359019358 ], [ -89.181081944302917, 13.664603190249471 ], [ -89.180809705970788, 13.664577580711647 ], [ -89.180516524974124, 13.66453131983185 ], [ -89.180261904325761, 13.664507325352298 ], [ -89.18016180789796, 13.664505464467837 ], [ -89.18006555727716, 13.664485709327584 ], [ -89.179989563871615, 13.664459331147317 ], [ -89.179903421940594, 13.664409826783109 ], [ -89.179797009950818, 13.664347121958569 ], [ -89.179661720830111, 13.664256326676661 ], [ -89.179662862270476, 13.66425867688816 ] ] ] } },
{ "type": "Feature", "properties": { "FID_1": 126, "NOMBRE_DE": "PASAJE AURORA", "Text_1": "COLONIA EL MILAGRO", "ESTADO": "BUENO", "MATERIAL": "CONCRETO", "VIAS": 1, "CLASE": "PEATONAL", "ANCHO_1": "4.65" }, "geometry": { "type": "MultiLineString", "coordinates": [ [ [ -89.182180080615026, 13.664448237799629 ], [ -89.182142057872525, 13.664151364291937 ], [ -89.182295569950242, 13.664128313550064 ] ] ] } },
{ "type": "Feature", "properties": { "FID_1": 127, "NOMBRE_DE": "PASAJE LA PEDRERA", "Text_1": "COLONIA EL MILAGRO", "ESTADO": "BUENO", "MATERIAL": "CONCRETO", "VIAS": 1, "CLASE": "PEATONAL", "ANCHO_1": "3.15" }, "geometry": { "type": "MultiLineString", "coordinates": [ [ [ -89.179897719050942, 13.663303293398434 ], [ -89.180246661930653, 13.66348476386921 ], [ -89.180454902035976, 13.66360052844599 ], [ -89.180603714320071, 13.663691395565449 ], [ -89.180752512734145, 13.66376406777386 ], [ -89.180968884187521, 13.6638810940553 ] ] ] } },
{ "type": "Feature", "properties": { "FID_1": 128, "NOMBRE_DE": "PASAJE 1", "Text_1": "COLONIA EL MILAGRO", "ESTADO": "BUENO", "MATERIAL": "CONCRETO", "VIAS": 1, "CLASE": "PEATONAL", "ANCHO_1": "5.45" }, "geometry": { "type": "MultiLineString", "coordinates": [ [ [ -89.181362626225479, 13.664570612879411 ], [ -89.181376347653483, 13.66443151105031 ], [ -89.181410918065609, 13.664113486560122 ], [ -89.181416876875943, 13.664053714191747 ] ] ] } },
{ "type": "Feature", "properties": { "FID_1": 129, "NOMBRE_DE": "PASAJE 2", "Text_1": "COLONIA EL MILAGRO", "ESTADO": "BUENO", "MATERIAL": "CONCRETO", "VIAS": 1, "CLASE": "PEATONAL", "ANCHO_1": "5.50" }, "geometry": { "type": "MultiLineString", "coordinates": [ [ [ -89.181081944446873, 13.664603190391164 ], [ -89.181083373011731, 13.664493626124157 ], [ -89.181137331355927, 13.664038807153325 ] ] ] } },
{ "type": "Feature", "properties": { "FID_1": 130, "NOMBRE_DE": "PASAJE 3", "Text_1": "COLONIA EL MILAGRO", "ESTADO": "BUENO", "MATERIAL": "CONCRETO", "VIAS": 1, "CLASE": "PEATONAL", "ANCHO_1": "5.25" }, "geometry": { "type": "MultiLineString", "coordinates": [ [ [ -89.1808097067956, 13.664577581077568 ], [ -89.180819531004133, 13.664390480937625 ], [ -89.180851561222767, 13.664091013954476 ] ] ] } },
{ "type": "Feature", "properties": { "FID_1": 131, "NOMBRE_DE": "PASAJE 4", "Text_1": "COLONIA EL MILAGRO", "ESTADO": "BUENO", "MATERIAL": "CONCRETO", "VIAS": 1, "CLASE": "PEATONAL", "ANCHO_1": "5.00" }, "geometry": { "type": "MultiLineString", "coordinates": [ [ [ -89.180516525277596, 13.664531319405427 ], [ -89.180580271197641, 13.664029459302467 ] ] ] } },
{ "type": "Feature", "properties": { "FID_1": 132, "NOMBRE_DE": "PASAJE N12", "Text_1": "COLONIA EL MILAGRO", "ESTADO": "MALO", "MATERIAL": "TIERRA", "VIAS": 1, "CLASE": "PEATONAL", "ANCHO_1": "4.80" }, "geometry": { "type": "MultiLineString", "coordinates": [ [ [ -89.181985441960592, 13.666137261358537 ], [ -89.181944463650026, 13.665792669429395 ] ] ] } },
{ "type": "Feature", "properties": { "FID_1": 133, "NOMBRE_DE": "AVENIDA EL SOCORRO", "Text_1": "COLONIA EL MILAGRO", "ESTADO": "MALO", "MATERIAL": "TIERRA", "VIAS": 2, "CLASE": "VEHICULAR", "ANCHO_1": "6.60" }, "geometry": { "type": "MultiLineString", "coordinates": [ [ [ -89.181505551250297, 13.665831618183541 ], [ -89.181465280589421, 13.665701779963404 ], [ -89.181450471627642, 13.665595144253507 ], [ -89.181421421229516, 13.665496588659845 ], [ -89.181340576562818, 13.665087569705054 ], [ -89.181315585063871, 13.664860389434001 ], [ -89.181285091781845, 13.664681492958744 ], [ -89.181295909543451, 13.664582359019358 ] ] ] } },
{ "type": "Feature", "properties": { "FID_1": 134, "NOMBRE_DE": "CALLE A LA PEDRERA", "Text_1": "COLONIA EL MILAGRO", "ESTADO": "MALO", "MATERIAL": "TIERRA", "VIAS": 2, "CLASE": "VEHICULAR", "ANCHO_1": "5.45" }, "geometry": { "type": "MultiLineString", "coordinates": [ [ [ -89.182183248077251, 13.66577407037788 ], [ -89.181944463128019, 13.665792670387095 ], [ -89.181803403950127, 13.665789836943782 ], [ -89.181704490017637, 13.665818612418677 ], [ -89.181505551250297, 13.665831618183541 ], [ -89.181459525156498, 13.665876165484411 ], [ -89.181391793960188, 13.665892067793392 ], [ -89.181031782728368, 13.66592699758694 ] ] ] } },
{ "type": "Feature", "properties": { "FID_1": 135, "NOMBRE_DE": "PASAJE 10", "Text_1": "COLONIA EL MILAGRO", "ESTADO": "MALO", "MATERIAL": "TIERRA", "VIAS": 1, "CLASE": "PEATONAL", "ANCHO_1": "4.20" }, "geometry": { "type": "MultiLineString", "coordinates": [ [ [ -89.180939611771407, 13.665133558779377 ], [ -89.181095694947047, 13.665114387380845 ], [ -89.181340576568417, 13.665087570135176 ] ] ] } },
{ "type": "Feature", "properties": { "FID_1": 136, "NOMBRE_DE": "PASAJE 9", "Text_1": "COLONIA EL MILAGRO", "ESTADO": "MALO", "MATERIAL": "TIERRA", "VIAS": 1, "CLASE": "PEATONAL", "ANCHO_1": "5.11" }, "geometry": { "type": "MultiLineString", "coordinates": [ [ [ -89.180774536722666, 13.664927615047141 ], [ -89.181315585767166, 13.664860389481182 ] ] ] } },
{ "type": "Feature", "properties": { "FID_1": 142, "NOMBRE_DE": "PASAJE S/N", "Text_1": "COLONIA EL MILAGRO", "ESTADO": "MALO", "MATERIAL": "TIERRA", "VIAS": 1, "CLASE": "PEATONAL", "ANCHO_1": "1.55" }, "geometry": { "type": "MultiLineString", "coordinates": [ [ [ -89.181740213916441, 13.665450076214759 ], [ -89.181681757579668, 13.665457404062781 ], [ -89.181548530392035, 13.665477208025781 ], [ -89.181421421120149, 13.665496588136014 ] ] ] } },
{ "type": "Feature", "properties": { "FID_1": 143, "NOMBRE_DE": "PASAJE S/N", "Text_1": "COLONIA EL MILAGRO", "ESTADO": "MALO", "MATERIAL": "TIERRA", "VIAS": 2, "CLASE": "VEHICULAR", "ANCHO_1": "5.75" }, "geometry": { "type": "MultiLineString", "coordinates": [ [ [ -89.181803403950127, 13.665789836943782 ], [ -89.181740213740653, 13.665450076176807 ], [ -89.18172504143925, 13.665301223008248 ], [ -89.181718977293414, 13.665164184781862 ], [ -89.181696572904471, 13.665089848588659 ], [ -89.18165183511536, 13.665033021415844 ], [ -89.181549044315659, 13.665037472245436 ], [ -89.181413481768587, 13.665044861251113 ], [ -89.181376636646149, 13.665050673479525 ], [ -89.181344591454618, 13.665072500564662 ], [ -89.181340576562818, 13.665087569705054 ] ] ] } },
{ "type": "Feature", "properties": { "FID_1": 240, "NOMBRE_DE": "PASAJE S/N", "Text_1": "COLONIA EL MILAGRO", "ESTADO": "MALO", "MATERIAL": "TIERRA", "VIAS": 1, "CLASE": "PEATONAL", "ANCHO_1": "3.00" }, "geometry": { "type": "MultiLineString", "coordinates": [ [ [ -89.182169073031915, 13.662205699183675 ], [ -89.181946387026457, 13.662162285936983 ], [ -89.181903839337551, 13.662378639620975 ], [ -89.181902630191843, 13.662377458999531 ] ] ] } },
{ "type": "Feature", "properties": { "FID_1": 245, "NOMBRE_DE": "PASAJE S/N", "Text_1": "COLONIA EL MILAGRO", "ESTADO": "MALO", "MATERIAL": "TIERRA", "VIAS": 1, "CLASE": "PEATONAL", "ANCHO_1": "1.30" }, "geometry": { "type": "MultiLineString", "coordinates": [ [ [ -89.181946387026457, 13.662162285936983 ], [ -89.181956949941224, 13.662125667678399 ], [ -89.181972040179886, 13.662047636361461 ] ] ] } },
{ "type": "Feature", "properties": { "FID_1": 246, "NOMBRE_DE": "PASAJE S/N", "Text_1": "COLONIA EL MILAGRO", "ESTADO": "MALO", "MATERIAL": "TIERRA", "VIAS": 1, "CLASE": "PEATONAL", "ANCHO_1": "3.60" }, "geometry": { "type": "MultiLineString", "coordinates": [ [ [ -89.181815021640205, 13.662603389554624 ], [ -89.181794765677907, 13.662471751170793 ], [ -89.181790102329316, 13.662430959368992 ], [ -89.181794586092892, 13.662239445023069 ], [ -89.181804111727132, 13.661993106634638 ] ] ] } },
{ "type": "Feature", "properties": { "FID_1": 433, "NOMBRE_DE": "2DA. CALLE ORIENTE", "Text_1": "COLONIA EL MILAGRO", "ESTADO": "BUENO", "MATERIAL": "CONCRETO", "VIAS": 1, "CLASE": "PEATONAL", "ANCHO_1": "3.00" }, "geometry": { "type": "MultiLineString", "coordinates": [ [ [ -89.183162567431054, 13.663145145546409 ], [ -89.183066110229362, 13.663129313708401 ], [ -89.182897551093177, 13.663101380057254 ], [ -89.18271862754861, 13.66306734860094 ], [ -89.182505651290072, 13.663009885110691 ], [ -89.182408550661862, 13.662980269809729 ], [ -89.182285778099939, 13.662929511454314 ], [ -89.182107437982637, 13.662826709407078 ], [ -89.182030765638345, 13.662822817231294 ], [ -89.181955941447228, 13.662819309130818 ], [ -89.181892697856213, 13.662809433360946 ] ] ] } },
{ "type": "Feature", "properties": { "FID_1": 434, "NOMBRE_DE": "4a. CALLE ORIENTE", "Text_1": "COLONIA EL MILAGRO", "ESTADO": "BUENO", "MATERIAL": "CONCRETO", "VIAS": 1, "CLASE": "VEHICULAR", "ANCHO_1": "4.00" }, "geometry": { "type": "MultiLineString", "coordinates": [ [ [ -89.18316721484689, 13.662892880114519 ], [ -89.183062732011237, 13.662884729099709 ], [ -89.182932201793577, 13.662864721503453 ], [ -89.182762999699605, 13.662843559950286 ], [ -89.182718281785071, 13.662837680024515 ], [ -89.182593772842864, 13.662790467260576 ], [ -89.182379825508917, 13.662724522367409 ] ] ] } },
{ "type": "Feature", "properties": { "FID_1": 437, "NOMBRE_DE": "2a AVENIDA SUR", "Text_1": "COLONIA EL MILAGRO", "ESTADO": "BUENO", "MATERIAL": "CONCRETO", "VIAS": 1, "CLASE": "VEHICULAR", "ANCHO_1": "4.20" }, "geometry": { "type": "MultiLineString", "coordinates": [ [ [ -89.183217163403498, 13.663540372886827 ], [ -89.183189323631922, 13.663373533010692 ], [ -89.183173684612171, 13.663243600572414 ], [ -89.183162567687177, 13.663145146015871 ], [ -89.183167214596281, 13.662892880427481 ] ] ] } },
{ "type": "Feature", "properties": { "FID_1": 953, "NOMBRE_DE": "PASAJE 5", "Text_1": "COLONIA EL MILAGRO", "ESTADO": "BUENO", "MATERIAL": "CONCRETO", "VIAS": 1, "CLASE": "PEATONAL", "ANCHO_1": "6.00" }, "geometry": { "type": "MultiLineString", "coordinates": [ [ [ -89.180335122022711, 13.663865725951247 ], [ -89.180307335564535, 13.663990886614306 ], [ -89.180261904860629, 13.664507325108204 ] ] ] } },
{ "type": "Feature", "properties": { "FID_1": 148, "NOMBRE_DE": "PASAJE #1", "Text_1": "COLONIA JARDINES DE SAN MARCOS NO 1", "ESTADO": "BUENO", "MATERIAL": "CONCRETO", "VIAS": 1, "CLASE": "PEATONAL", "ANCHO_1": "4.88" }, "geometry": { "type": "MultiLineString", "coordinates": [ [ [ -89.189157135479604, 13.668040298760188 ], [ -89.189410882286609, 13.667742417555246 ], [ -89.189536533953998, 13.667599484056142 ], [ -89.189577390502137, 13.667526336937462 ], [ -89.189573092168544, 13.667494993746562 ] ] ] } },
{ "type": "Feature", "properties": { "FID_1": 149, "NOMBRE_DE": "PASAJE #2", "Text_1": "COLONIA JARDINES DE SAN MARCOS NO 1", "ESTADO": "BUENO", "MATERIAL": "CONCRETO", "VIAS": 1, "CLASE": "PEATONAL", "ANCHO_1": "4.98" }, "geometry": { "type": "MultiLineString", "coordinates": [ [ [ -89.189265870169777, 13.668262021514064 ], [ -89.189392586085461, 13.668113547291236 ], [ -89.18956562055034, 13.667899308793722 ], [ -89.189820620787742, 13.667586875377554 ], [ -89.189840892571041, 13.667529494778297 ] ] ] } },
{ "type": "Feature", "properties": { "FID_1": 150, "NOMBRE_DE": "PASAJE #3", "Text_1": "COLONIA JARDINES DE SAN MARCOS NO 1", "ESTADO": "BUENO", "MATERIAL": "CONCRETO", "VIAS": 1, "CLASE": "PEATONAL", "ANCHO_1": "5.00" }, "geometry": { "type": "MultiLineString", "coordinates": [ [ [ -89.189379923381608, 13.668459104507104 ], [ -89.18948210721625, 13.6683377733914 ], [ -89.189648398572317, 13.668135316753656 ], [ -89.189840780057438, 13.667905911517691 ], [ -89.189964237765238, 13.667755521875561 ] ] ] } },
{ "type": "Feature", "properties": { "FID_1": 151, "NOMBRE_DE": "PASAJE #4", "Text_1": "COLONIA JARDINES DE SAN MARCOS NO 1", "ESTADO": "BUENO", "MATERIAL": "CONCRETO", "VIAS": 1, "CLASE": "PEATONAL", "ANCHO_1": "4.80" }, "geometry": { "type": "MultiLineString", "coordinates": [ [ [ -89.189944867146423, 13.66810673167347 ], [ -89.189950910115328, 13.668055768798924 ], [ -89.189957714705486, 13.66788395151455 ], [ -89.189964570332947, 13.66777462774159 ], [ -89.189964237264675, 13.667755521222489 ] ], [ [ -89.189932832761869, 13.668208232026767 ], [ -89.189944867146423, 13.66810673167347 ] ], [ [ -89.189550902665943, 13.668615070759694 ], [ -89.189568392561711, 13.668595757410467 ], [ -89.189564444586495, 13.668585477452178 ], [ -89.189631360430127, 13.668500597583163 ], [ -89.18983342647401, 13.668257523637333 ], [ -89.189903370831743, 13.668170766702991 ], [ -89.189944867146423, 13.66810673167347 ] ] ] } },
{ "type": "Feature", "properties": { "FID_1": 70, "NOMBRE_DE": "PASAJE SANTA BARBARA", "Text_1": "EL PEÑON", "ESTADO": null, "MATERIAL": null, "VIAS": 0, "CLASE": null, "ANCHO_1": null }, "geometry": { "type": "MultiLineString", "coordinates": [ [ [ -89.190159622572153, 13.672032248431149 ], [ -89.189967654353197, 13.67207279945281 ], [ -89.189576203928809, 13.672174335466616 ], [ -89.18914417965243, 13.672301527638052 ], [ -89.189079269957418, 13.672323972411879 ], [ -89.189247806374311, 13.672530000949324 ], [ -89.189453976992112, 13.672833362549452 ] ], [ [ -89.190393870267215, 13.672629546496102 ], [ -89.190325614673966, 13.672650269597671 ], [ -89.190100491242262, 13.672705528574863 ], [ -89.189815662609917, 13.67276083895189 ], [ -89.189453976992112, 13.672833362549452 ] ], [ [ -89.189453976992112, 13.672833362549452 ], [ -89.189534917574733, 13.672953474291319 ], [ -89.189594567924985, 13.673068801590482 ], [ -89.189356392857945, 13.673134401494812 ], [ -89.189318720868144, 13.673143946644181 ], [ -89.189284673013759, 13.673123752764697 ], [ -89.18899303646198, 13.673213182445371 ] ] ] } },
{ "type": "Feature", "properties": { "FID_1": 972, "NOMBRE_DE": "CALLE SIN NOMBRE", "Text_1": "ZONA INDUSTRIAL", "ESTADO": "BUENO", "MATERIAL": "ASFALTO", "VIAS": 2, "CLASE": "VEHICULAR", "ANCHO_1": "9.30" }, "geometry": { "type": "MultiLineString", "coordinates": [ [ [ -89.188930053080455, 13.663618271754419 ], [ -89.188903662679493, 13.663499279999513 ], [ -89.188807060213435, 13.662842053944745 ], [ -89.188785224599258, 13.662532901907186 ] ] ] } },
{ "type": "Feature", "properties": { "FID_1": 29, "NOMBRE_DE": "PASAJE S/N", "Text_1": "COLONIA SAN ANTONIO 1", "ESTADO": "MALO", "MATERIAL": "TIERRA", "VIAS": 1, "CLASE": "PEATONAL", "ANCHO_1": "3.00" }, "geometry": { "type": "MultiLineString", "coordinates": [ [ [ -89.188941186556519, 13.658105593650436 ], [ -89.189088220979201, 13.658103231871436 ], [ -89.18917550200571, 13.658079557095613 ], [ -89.18928459896614, 13.658044623760171 ], [ -89.189330532756102, 13.658027725793854 ], [ -89.189347753965791, 13.658016470797117 ], [ -89.189246197054828, 13.657724181296185 ] ] ] } },
{ "type": "Feature", "properties": { "FID_1": 25, "NOMBRE_DE": "CALLE PRINCIPAL", "Text_1": "COL. SAN RAFAEL", "ESTADO": "BUENO", "MATERIAL": "CONCRETO", "VIAS": 2, "CLASE": "VEHICULAR", "ANCHO_1": "5.62" }, "geometry": { "type": "MultiLineString", "coordinates": [ [ [ -89.179436234386273, 13.667203864409586 ], [ -89.179738956311127, 13.667271995323249 ], [ -89.179957849965376, 13.667321959842658 ], [ -89.180307187926019, 13.667453853142021 ], [ -89.180540022411535, 13.667467352717843 ], [ -89.180656443505285, 13.667480938169676 ], [ -89.180898679717131, 13.667608351747706 ], [ -89.181108312523051, 13.667726676237891 ], [ -89.181387814449835, 13.667872289815644 ], [ -89.18151822418713, 13.667908647797717 ], [ -89.181699840736215, 13.667926741608287 ], [ -89.181838128545692, 13.667867947561344 ], [ -89.181970838111667, 13.667806084635336 ], [ -89.182038708630529, 13.667752312218372 ], [ -89.182107401476259, 13.667695344872477 ], [ -89.182183124031965, 13.667610774971839 ], [ -89.182199329734487, 13.667577550263488 ] ] ] } },
{ "type": "Feature", "properties": { "FID_1": 28, "NOMBRE_DE": "PASAJE S/N", "Text_1": "RES. SANTORINI", "ESTADO": "MALO", "MATERIAL": "TIERRA", "VIAS": 1, "CLASE": "PEATONAL", "ANCHO_1": "3.30" }, "geometry": { "type": "MultiLineString", "coordinates": [ [ [ -89.190740036076548, 13.660499658892826 ], [ -89.190796997398266, 13.660365726101674 ], [ -89.190818529307379, 13.660312218859866 ], [ -89.190921943156056, 13.660112398111504 ] ] ] } },
{ "type": "Feature", "properties": { "FID_1": 30, "NOMBRE_DE": "CALLE LAS ANTENAS", "Text_1": null, "ESTADO": null, "MATERIAL": null, "VIAS": 0, "CLASE": null, "ANCHO_1": null }, "geometry": { "type": "MultiLineString", "coordinates": [ [ [ -89.174208675298942, 13.643344518342113 ], [ -89.174139673679747, 13.6433637186989 ], [ -89.174020218157324, 13.643405131163549 ], [ -89.173915189187724, 13.643457618541138 ], [ -89.173837157267641, 13.643504604061635 ], [ -89.173756650742718, 13.643584737040314 ], [ -89.17359106591995, 13.643690036526833 ], [ -89.17355310818229, 13.643749450898373 ], [ -89.173518474191766, 13.643827150448457 ], [ -89.173546773063805, 13.643887035544406 ], [ -89.173561759158446, 13.643889537930377 ], [ -89.173633678133655, 13.643885717437508 ], [ -89.173650412509275, 13.643877606762794 ], [ -89.17377221746996, 13.643808112732165 ], [ -89.173863125903466, 13.643770674008874 ], [ -89.173995870221248, 13.643738544389059 ], [ -89.174192322842643, 13.643777560081082 ], [ -89.174434282879105, 13.643869932907469 ], [ -89.174631410154163, 13.643951195892193 ], [ -89.174708273060887, 13.644039954538554 ], [ -89.174726290987266, 13.6441277801383 ], [ -89.174712377258587, 13.644195131916232 ], [ -89.17464561451655, 13.644275208524681 ], [ -89.174574682437395, 13.644316732988278 ], [ -89.17442319927639, 13.644366263930042 ], [ -89.174221215386822, 13.644426924563929 ], [ -89.173970802859316, 13.644508801011492 ], [ -89.173783014196331, 13.644575326775316 ], [ -89.173670476322954, 13.644593679467615 ], [ -89.17356985712243, 13.644595780741891 ], [ -89.173432012866613, 13.64459312284462 ], [ -89.17331541180917, 13.644575830577825 ], [ -89.173024144014803, 13.644519314453209 ], [ -89.172855403230912, 13.644491303940828 ], [ -89.172741636952367, 13.644442465241605 ], [ -89.172690348234667, 13.644377682820133 ], [ -89.172496150816855, 13.644061895264388 ], [ -89.172426615700928, 13.643987155936308 ], [ -89.172402995099091, 13.64396690549273 ], [ -89.172274104677541, 13.643918375094001 ], [ -89.172067689517462, 13.643877379848737 ], [ -89.171924411331958, 13.64387835174073 ], [ -89.171831845470408, 13.643886883830829 ], [ -89.171730661535364, 13.643940290018209 ], [ -89.171691753179019, 13.643972488631238 ], [ -89.17150157177575, 13.644185119262049 ], [ -89.171378509536467, 13.644306332634192 ], [ -89.171206462605852, 13.644474929131324 ], [ -89.171158878942208, 13.644508632098171 ], [ -89.171034058033285, 13.644578723861478 ], [ -89.17096807236139, 13.644588098330221 ], [ -89.170842213828536, 13.644595928267554 ], [ -89.170727791123838, 13.64460749288815 ], [ -89.170522438958272, 13.644653572670876 ], [ -89.170443247446144, 13.64469382229222 ], [ -89.170264363258809, 13.644823145062526 ], [ -89.170120666708115, 13.644926604805955 ], [ -89.169994517728171, 13.644949660141346 ], [ -89.169812114696697, 13.644960300341641 ], [ -89.169718105261111, 13.644939074848237 ], [ -89.169630194692402, 13.644928915941028 ], [ -89.169497922145794, 13.644952851886332 ], [ -89.169398719411049, 13.644970804487095 ], [ -89.169286088437232, 13.645001621849426 ], [ -89.169111189603186, 13.645050285132955 ], [ -89.16902590433989, 13.64505800844521 ], [ -89.168829763876289, 13.645047061877294 ], [ -89.168744465819529, 13.645037752122441 ], [ -89.168624364810213, 13.645042943741203 ], [ -89.168529499648614, 13.64504215696129 ], [ -89.168481639754404, 13.645052410978934 ], [ -89.16843988601741, 13.645084800807609 ], [ -89.168289671949751, 13.645207509763601 ], [ -89.168221855106054, 13.645296127211468 ], [ -89.168126236897947, 13.645459706767104 ], [ -89.168077809863377, 13.645605603158826 ], [ -89.168027424978561, 13.645738493605872 ], [ -89.168003084994069, 13.645779387948657 ], [ -89.167957866683921, 13.645832220848499 ], [ -89.167897208375649, 13.645862436031706 ], [ -89.167728394039074, 13.645903430603941 ], [ -89.167601324676809, 13.645901812512101 ], [ -89.167425499204114, 13.645872977218847 ], [ -89.167325290952803, 13.645827134616717 ], [ -89.167238219114722, 13.645772690969107 ], [ -89.167166817898462, 13.645723343662629 ], [ -89.167081489533999, 13.645674007453813 ], [ -89.167027508964836, 13.645643383772565 ], [ -89.166983987903933, 13.645636601573434 ], [ -89.166851692939275, 13.645629877963149 ], [ -89.166696808180859, 13.645674268529751 ], [ -89.166591618918829, 13.645728784767774 ], [ -89.166395006411378, 13.645843036190772 ], [ -89.166266234651147, 13.64589422222609 ], [ -89.166168755435805, 13.64589088085955 ], [ -89.166015592749901, 13.645911422891665 ], [ -89.165872852190603, 13.645903002729595 ], [ -89.165643708969341, 13.64592310421216 ], [ -89.165525402849624, 13.646004941506595 ], [ -89.165438438562575, 13.646102087008304 ], [ -89.165269675092901, 13.646216318791456 ], [ -89.164934808214994, 13.646399904392435 ], [ -89.164814735637975, 13.646445972944909 ], [ -89.164550197867939, 13.646505765527127 ], [ -89.164384857211743, 13.646538237334163 ], [ -89.164221250842388, 13.646560488857878 ], [ -89.164119570191673, 13.646570727206981 ], [ -89.163874172112557, 13.646620286721097 ], [ -89.163639195825922, 13.646640882332157 ], [ -89.163465156233315, 13.646678469643557 ], [ -89.163236439519736, 13.646688611638648 ], [ -89.163118101461009, 13.646726161721949 ], [ -89.162881430617219, 13.646811483486189 ], [ -89.162725583575863, 13.646872933850608 ] ] ] } },
{ "type": "Feature", "properties": { "FID_1": 31, "NOMBRE_DE": "CALLE A HUIZUCAR", "Text_1": null, "ESTADO": null, "MATERIAL": null, "VIAS": 0, "CLASE": null, "ANCHO_1": null }, "geometry": { "type": "MultiLineString", "coordinates": [ [ [ -89.235081136035163, 13.641441334304131 ], [ -89.23464799326544, 13.642226296145674 ], [ -89.23457149633866, 13.642345245451747 ], [ -89.233907089350382, 13.64324989989869 ], [ -89.233735849860366, 13.643769240545856 ], [ -89.233641425437995, 13.644046693647487 ] ] ] } },
{ "type": "Feature", "properties": { "FID_1": 32, "NOMBRE_DE": "CALLE A HUIZUCAR", "Text_1": null, "ESTADO": null, "MATERIAL": null, "VIAS": 0, "CLASE": null, "ANCHO_1": null }, "geometry": { "type": "MultiLineString", "coordinates": [ [ [ -89.235081136035163, 13.641441334304131 ], [ -89.235205545642629, 13.641173944539911 ] ] ] } },
{ "type": "Feature", "properties": { "FID_1": 33, "NOMBRE_DE": "CALLE A HUIZUCAR", "Text_1": null, "ESTADO": null, "MATERIAL": null, "VIAS": 0, "CLASE": null, "ANCHO_1": null }, "geometry": { "type": "MultiLineString", "coordinates": [ [ [ -89.235205545642629, 13.641173944539911 ], [ -89.235451768479436, 13.640673379871995 ], [ -89.23571758982915, 13.640152543913098 ], [ -89.235915526807176, 13.639736413829471 ], [ -89.236085233571245, 13.639426606531558 ], [ -89.236214324601391, 13.639157594922009 ], [ -89.236277951037707, 13.639028130151607 ], [ -89.236351022791652, 13.638898656285313 ], [ -89.236431490367167, 13.638803539217362 ] ] ] } },
{ "type": "Feature", "properties": { "FID_1": 34, "NOMBRE_DE": "CALLE S/N", "Text_1": null, "ESTADO": "MALO", "MATERIAL": "TIERRA", "VIAS": 2, "CLASE": "VEHICULAR", "ANCHO_1": "5.30" }, "geometry": { "type": "MultiLineString", "coordinates": [ [ [ -89.228053473616441, 13.649370615543933 ], [ -89.228107644649796, 13.649277541791355 ], [ -89.228212214582967, 13.64907237128633 ], [ -89.228251656111055, 13.648975601904464 ], [ -89.22825750192284, 13.648888536980495 ], [ -89.228243551883025, 13.648772470598281 ], [ -89.228150517079001, 13.648641949125221 ], [ -89.228126720809499, 13.64856458498117 ], [ -89.228130612411817, 13.648500737738171 ], [ -89.22815623904539, 13.64842719705211 ], [ -89.228247040686327, 13.648293621554638 ], [ -89.228346791961087, 13.64816206169589 ], [ -89.228402799525583, 13.648084009614411 ], [ -89.228435201458552, 13.648014646123622 ], [ -89.228482345286452, 13.647927935583272 ], [ -89.228508826833448, 13.647841244234735 ], [ -89.228549904270324, 13.647586983615806 ], [ -89.228610186199674, 13.647431084225847 ], [ -89.228757985248663, 13.646986461573439 ], [ -89.228773661435312, 13.646890759201929 ], [ -89.228770411500733, 13.646791987734215 ], [ -89.228753076556629, 13.646692947248123 ], [ -89.228693672715593, 13.646486312572256 ], [ -89.228599857048877, 13.64623100427861 ], [ -89.228417598844729, 13.645908030730928 ], [ -89.228283324050082, 13.645677044107858 ], [ -89.228242271095624, 13.645577517247014 ], [ -89.22822637186681, 13.645530982148346 ], [ -89.228221025698446, 13.645467627584049 ], [ -89.22824341156074, 13.645391316765203 ], [ -89.22828166776236, 13.645331800881531 ], [ -89.228524302556082, 13.645134587480229 ], [ -89.228735696488059, 13.644969690749456 ], [ -89.229011968897439, 13.644774146244501 ], [ -89.229099645951877, 13.644679714750426 ], [ -89.229246185172144, 13.644568671358018 ], [ -89.229392830155575, 13.644465430446743 ], [ -89.229567311899345, 13.644335944248912 ], [ -89.22968361098053, 13.644233447465904 ], [ -89.229794333085891, 13.644111577853286 ], [ -89.229905046419518, 13.643980852476927 ], [ -89.230002193770275, 13.643856781530447 ], [ -89.230040588143169, 13.643794755565212 ], [ -89.230062317349677, 13.643745416597401 ], [ -89.230152152496785, 13.643521662677825 ], [ -89.230382233691685, 13.642909143798244 ] ] ] } },
{ "type": "Feature", "properties": { "FID_1": 35, "NOMBRE_DE": "CALLE A CEMENTERIOEL PORVENIR", "Text_1": "SAN JOSE AHUCATITAN", "ESTADO": "MALO", "MATERIAL": "TIERRA", "VIAS": 1, "CLASE": "PEATONAL", "ANCHO_1": "5.50" }, "geometry": { "type": "MultiLineString", "coordinates": [ [ [ -89.235266922098248, 13.651361793264835 ], [ -89.235264679230596, 13.650770369781874 ], [ -89.235277716250295, 13.650770867566179 ], [ -89.235282242974591, 13.650604519304197 ], [ -89.23528791888107, 13.649809840893736 ], [ -89.235328501370532, 13.648700966153328 ], [ -89.235327067509971, 13.648657261365948 ] ] ] } },
{ "type": "Feature", "properties": { "FID_1": 40, "NOMBRE_DE": "CALLE EL MARANON", "Text_1": null, "ESTADO": "MALO", "MATERIAL": "TIERRA", "VIAS": 1, "CLASE": "VEHICULAR", "ANCHO_1": "4.75" }, "geometry": { "type": "MultiLineString", "coordinates": [ [ [ -89.215316013423305, 13.629968911129478 ], [ -89.215327763883906, 13.630144380789117 ] ] ] } },
{ "type": "Feature", "properties": { "FID_1": 49, "NOMBRE_DE": "PASAJE S/N", "Text_1": null, "ESTADO": "MALO", "MATERIAL": "TIERRA", "VIAS": 1, "CLASE": "PEATONAL", "ANCHO_1": "5.80" }, "geometry": { "type": "MultiLineString", "coordinates": [ [ [ -89.218392684149805, 13.628939129027312 ], [ -89.218265307614473, 13.628794924840077 ], [ -89.218241875098187, 13.628733933362755 ], [ -89.218243702784505, 13.628604280651833 ], [ -89.218241662797453, 13.628505137511903 ], [ -89.218202612795565, 13.628407933851605 ], [ -89.2181494627619, 13.628356931948368 ], [ -89.218080509361585, 13.628290328520649 ], [ -89.217939963254054, 13.628269262045631 ], [ -89.217808039706426, 13.628200356538079 ] ] ] } },
{ "type": "Feature", "properties": { "FID_1": 50, "NOMBRE_DE": "CALLE ANTIGUA", "Text_1": null, "ESTADO": "MALO", "MATERIAL": "TIERRA", "VIAS": 2, "CLASE": "VEHICULAR", "ANCHO_1": "5.80" }, "geometry": { "type": "MultiLineString", "coordinates": [ [ [ -89.213425163845585, 13.633879639567619 ], [ -89.213358943222019, 13.633851744571164 ], [ -89.213327817766142, 13.633841619969527 ], [ -89.213285179029285, 13.633843912870882 ], [ -89.213123911162214, 13.633927521473938 ], [ -89.213024855286321, 13.63398851695454 ], [ -89.212862456210843, 13.634095813449683 ], [ -89.212775603581349, 13.634144469598526 ], [ -89.212724219646077, 13.634160399976027 ], [ -89.212655247283237, 13.634171050248078 ], [ -89.212594385650931, 13.63417639818246 ], [ -89.212524046335602, 13.634171163680753 ], [ -89.212450995870554, 13.634159312368713 ], [ -89.212395533824917, 13.634152741149325 ], [ -89.212212896358594, 13.634110536390429 ], [ -89.212068139735507, 13.634077565614241 ], [ -89.211970553251746, 13.634235535236936 ], [ -89.211830731171219, 13.634466689333504 ], [ -89.211696897784094, 13.634684132809893 ], [ -89.211678714560563, 13.634773133032981 ] ] ] } },
{ "type": "Feature", "properties": { "FID_1": 52, "NOMBRE_DE": "CALLE MONTE ALVERNIA", "Text_1": null, "ESTADO": null, "MATERIAL": null, "VIAS": 0, "CLASE": null, "ANCHO_1": null }, "geometry": { "type": "MultiLineString", "coordinates": [ [ [ -89.20082608497502, 13.642831011299874 ], [ -89.200752322951658, 13.642881325216656 ], [ -89.200744951136386, 13.642939438372791 ], [ -89.200797034374034, 13.643095558781255 ], [ -89.200841662140448, 13.643211736610191 ], [ -89.200864115617975, 13.643433251730844 ], [ -89.200867882165966, 13.643498619183143 ], [ -89.200838277068371, 13.643593067461913 ], [ -89.200745568015876, 13.643662145389085 ], [ -89.200233767056702, 13.643989415315474 ], [ -89.199977903099665, 13.64419663019908 ], [ -89.199644858889286, 13.644399200790506 ], [ -89.199422328984127, 13.644533754108126 ], [ -89.199223231354551, 13.644668942268197 ], [ -89.198966391177734, 13.645035717117329 ], [ -89.198966389650408, 13.645033911773439 ] ] ] } },
{ "type": "Feature", "properties": { "FID_1": 61, "NOMBRE_DE": "CALLE ANTIGUA A PLANES DE RENDEROS", "Text_1": null, "ESTADO": "BUENO", "MATERIAL": "ASFALTO", "VIAS": 2, "CLASE": "VEHICULAR", "ANCHO_1": "9.00" }, "geometry": { "type": "MultiLineString", "coordinates": [ [ [ -89.194206180184011, 13.666504997679894 ], [ -89.194217966448377, 13.666360210381168 ], [ -89.194208695537014, 13.666230675260239 ], [ -89.194181086721031, 13.666091681500752 ], [ -89.194121935475081, 13.665920660938582 ], [ -89.194083527408651, 13.665672438851821 ], [ -89.194072550893523, 13.665335520965531 ], [ -89.194060036446189, 13.664985583232367 ], [ -89.194079760654333, 13.664464140114601 ], [ -89.1940678775957, 13.664314562381486 ], [ -89.194024334302384, 13.663792957873357 ], [ -89.193992639349446, 13.663378741505657 ], [ -89.193980410584885, 13.662809928727381 ], [ -89.193984064095204, 13.662487738282325 ], [ -89.194034741574299, 13.66215400241982 ], [ -89.194077706888635, 13.661975608947834 ], [ -89.194069654591758, 13.661718632868427 ], [ -89.194065665694609, 13.661634251821798 ], [ -89.194091315878637, 13.661443991299096 ], [ -89.194135379388854, 13.661309944782769 ], [ -89.194208908461277, 13.661198930238434 ], [ -89.194297110273638, 13.661023060847098 ], [ -89.194373391915676, 13.660963453586147 ], [ -89.194473137573183, 13.660898261716724 ], [ -89.194855597150152, 13.660767736809035 ], [ -89.195195301391067, 13.66065584557442 ], [ -89.19541313050955, 13.660562656590852 ], [ -89.195707661332492, 13.660420570522231 ], [ -89.195750014751184, 13.660397521836661 ], [ -89.195802912915042, 13.660378516381279 ], [ -89.195848372887582, 13.660374105256025 ], [ -89.19592289066199, 13.660360916157639 ], [ -89.195972066677228, 13.660345560873612 ], [ -89.196013779242392, 13.660318541015407 ], [ -89.196034621992595, 13.660286432972292 ], [ -89.196052421293771, 13.66018285056232 ], [ -89.196061090109652, 13.660119113732456 ], [ -89.196063952045833, 13.659977615991494 ], [ -89.196045232235548, 13.659872981375511 ], [ -89.196001131488615, 13.659718392981512 ], [ -89.195964554699756, 13.659648052034402 ], [ -89.195926528513326, 13.659628390203615 ], [ -89.195862422650251, 13.659614582741492 ], [ -89.195785891048928, 13.659637253717881 ], [ -89.195683820934605, 13.659678180102192 ], [ -89.195652527040238, 13.659689874411978 ], [ -89.195617450265658, 13.659630823720452 ], [ -89.195576512525619, 13.659560345502726 ], [ -89.19548915167168, 13.659343243221567 ], [ -89.195452109593674, 13.659275535246204 ], [ -89.195349877516506, 13.659179095028021 ], [ -89.195227660520743, 13.659076977713321 ], [ -89.195164990872385, 13.659024706547362 ], [ -89.195100791139737, 13.658970941491242 ], [ -89.195035051861268, 13.658902230620409 ], [ -89.194958571783303, 13.658775227536092 ], [ -89.194923348339557, 13.658666130027537 ], [ -89.194892424530366, 13.658214115478863 ], [ -89.194890687112462, 13.657743262297787 ], [ -89.194933008898616, 13.657711122425379 ], [ -89.19494906559278, 13.657675331851468 ], [ -89.194931406627234, 13.657542251006534 ], [ -89.1949093137777, 13.657351067706877 ], [ -89.194916410536166, 13.657092027849599 ] ], [ [ -89.194948404457847, 13.673020451805508 ], [ -89.194945318927921, 13.672775502707346 ], [ -89.194936404491372, 13.672690880117793 ], [ -89.194912001933147, 13.672455926928633 ], [ -89.194866429949755, 13.672147587245826 ], [ -89.194816220435428, 13.671873293421566 ], [ -89.194896580472246, 13.671765183494571 ], [ -89.194911692913436, 13.671574638375587 ], [ -89.194934318879149, 13.67123464808815 ], [ -89.194892890463919, 13.670801685446877 ], [ -89.194825810014834, 13.67063939749686 ], [ -89.194762011786892, 13.670496486238607 ], [ -89.194696977677751, 13.670369459175058 ], [ -89.194575561671428, 13.670008598158349 ], [ -89.194473151170442, 13.669662046749847 ], [ -89.194392246854264, 13.66905514110138 ], [ -89.194318292938121, 13.668605733240575 ], [ -89.194237969146187, 13.668058671929229 ], [ -89.194200579621651, 13.667893921302946 ], [ -89.194149444072636, 13.667633727082556 ], [ -89.194135124122823, 13.667423335441429 ], [ -89.194154650818248, 13.667088335462619 ], [ -89.194215335984438, 13.666508719748384 ] ] ] } },
{ "type": "Feature", "properties": { "FID_1": 72, "NOMBRE_DE": "CALLE  LAS DELICIAS", "Text_1": "LAS DELICIAS", "ESTADO": "MALO", "MATERIAL": "TIERRA", "VIAS": 1, "CLASE": "PEATONAL", "ANCHO_1": "2.00" }, "geometry": { "type": "MultiLineString", "coordinates": [ [ [ -89.18599109399166, 13.67094300464057 ], [ -89.186020538271748, 13.670876932087037 ], [ -89.18605651487195, 13.670791825944566 ], [ -89.186079969127164, 13.670735303832769 ], [ -89.186098005384892, 13.670619653342074 ], [ -89.186118028009616, 13.670468863634333 ], [ -89.186122778250521, 13.670431963933259 ], [ -89.186116784647382, 13.670423766007213 ], [ -89.186132277864246, 13.670331183636732 ], [ -89.186155173446608, 13.670201294765681 ] ] ] } },
{ "type": "Feature", "properties": { "FID_1": 98, "NOMBRE_DE": "5a CALLE ORIENTE", "Text_1": "COLONIA LOS ANDES 1", "ESTADO": "BUENO", "MATERIAL": "CONCRETO", "VIAS": 2, "CLASE": "VEHICULAR", "ANCHO_1": "5.15" }, "geometry": { "type": "MultiLineString", "coordinates": [ [ [ -89.183834594689202, 13.669327791117549 ], [ -89.183666099504379, 13.669422681608783 ], [ -89.183318520037318, 13.669610245594173 ], [ -89.183196670335008, 13.669693058855618 ], [ -89.183048733681602, 13.66977363174145 ], [ -89.182839165170648, 13.669900515318497 ], [ -89.182798960630137, 13.669933786899149 ], [ -89.182778188443493, 13.669928722351784 ], [ -89.182766320233839, 13.669925101034082 ], [ -89.182707006258184, 13.669954176281662 ], [ -89.182673656097307, 13.669986137444342 ], [ -89.182655870693409, 13.670006473911027 ], [ -89.182586934750489, 13.67002716833969 ] ] ] } },
{ "type": "Feature", "properties": { "FID_1": 105, "NOMBRE_DE": "CALLE PRINCIPAL", "Text_1": "LOT. FLORENCIA DELGADO", "ESTADO": "BUENO", "MATERIAL": "CONCRETO", "VIAS": 2, "CLASE": "VEHICULAR", "ANCHO_1": "4.60" }, "geometry": { "type": "MultiLineString", "coordinates": [ [ [ -89.181830042819115, 13.668528430185532 ], [ -89.181952589119092, 13.668426600783626 ], [ -89.182081798300374, 13.668324766938666 ], [ -89.182217111809464, 13.668225834819925 ], [ -89.182307425287547, 13.668171004655706 ], [ -89.182379388422945, 13.668118705993269 ], [ -89.18244972195194, 13.668046492409706 ], [ -89.182503266746068, 13.667938207799736 ], [ -89.182592714562986, 13.667771441915161 ], [ -89.182678498921817, 13.667633586405584 ] ] ] } },
{ "type": "Feature", "properties": { "FID_1": 106, "NOMBRE_DE": "PASAJE EL MIRADOR", "Text_1": "LOT. FLORENCIA DELGADO", "ESTADO": "BUENO", "MATERIAL": "CONCRETO", "VIAS": 1, "CLASE": "PEATONAL", "ANCHO_1": "3.00" }, "geometry": { "type": "MultiLineString", "coordinates": [ [ [ -89.182832640677901, 13.668357115055196 ], [ -89.182699568341334, 13.668287402185404 ], [ -89.18259294846068, 13.668255656863364 ], [ -89.182307424455047, 13.66817100333839 ] ] ] } },
{ "type": "Feature", "properties": { "FID_1": 116, "NOMBRE_DE": "4a CALLE ORIENTE", "Text_1": "COLONIAL LOS ANDES", "ESTADO": "MALO", "MATERIAL": "TIERRA", "VIAS": 1, "CLASE": "VEHICULAR", "ANCHO_1": "5.00" }, "geometry": { "type": "MultiLineString", "coordinates": [ [ [ -89.181680063281533, 13.66931703243789 ], [ -89.181583324737616, 13.669289889434067 ], [ -89.181527437011525, 13.669274307858172 ], [ -89.181500287251055, 13.669261048100978 ], [ -89.181413257542104, 13.669230647291126 ], [ -89.181271929171487, 13.669178416276202 ], [ -89.181244769804223, 13.669152659002322 ], [ -89.181254334740814, 13.669132583577904 ], [ -89.181264685317203, 13.66909898724003 ], [ -89.18126062082527, 13.669003691383404 ], [ -89.18127738813395, 13.668952890742323 ], [ -89.181309456689249, 13.668907986897139 ], [ -89.181347661179913, 13.668890007749422 ], [ -89.181425611851779, 13.668874990555329 ], [ -89.181531087472592, 13.668868929061455 ], [ -89.181605989442218, 13.66886289010152 ], [ -89.181679352661476, 13.668844884384852 ], [ -89.181758828143955, 13.668822385556684 ], [ -89.181904016892616, 13.668774406173231 ], [ -89.181995357893499, 13.668738351124578 ], [ -89.182043949507744, 13.668713850345004 ], [ -89.182089070673157, 13.668692071419049 ], [ -89.182182576622509, 13.668651227107956 ], [ -89.182287410839407, 13.668619211379122 ], [ -89.182404603751237, 13.668586855423758 ], [ -89.182483034684978, 13.668562059335542 ], [ -89.182543159580632, 13.668537279017725 ], [ -89.18264249843611, 13.668497113749087 ], [ -89.182681816895752, 13.668489870059027 ], [ -89.182782459930834, 13.668455297377799 ], [ -89.182869156088657, 13.668430547433861 ], [ -89.182933781571123, 13.668408897840282 ], [ -89.1829889437292, 13.668381084036119 ], [ -89.183022036425925, 13.668357915898961 ], [ -89.183070885713434, 13.668325478623796 ], [ -89.183110270474515, 13.66828533461789 ], [ -89.183171700547319, 13.668208143464932 ], [ -89.183196227894626, 13.668170620569196 ], [ -89.183233276904488, 13.668089215526148 ], [ -89.183241644981607, 13.668023503785687 ], [ -89.183248949409531, 13.667933691035207 ], [ -89.183249787926911, 13.667826000532571 ], [ -89.183237762000999, 13.667619122494935 ], [ -89.183225809154578, 13.667475598593002 ], [ -89.183219640245952, 13.667397908294127 ], [ -89.183207401312302, 13.667366539333209 ], [ -89.183192117791933, 13.66734712782227 ], [ -89.183185992526163, 13.667324719865459 ], [ -89.183179857316148, 13.667287371523511 ], [ -89.183193555400521, 13.667232077840621 ], [ -89.183205748926966, 13.667205174285298 ], [ -89.183230169169263, 13.667194697651645 ], [ -89.183254532919122, 13.667111006458887 ], [ -89.183312451285403, 13.666955052151042 ], [ -89.183387362923568, 13.666808155538243 ], [ -89.183409568213776, 13.666778227298281 ], [ -89.183450131872277, 13.666715768588602 ], [ -89.183548876397708, 13.666607075974676 ], [ -89.183658642180148, 13.666497112816883 ], [ -89.183808055467566, 13.666341000115327 ], [ -89.183941855741097, 13.666228443010823 ], [ -89.184027629397207, 13.666159386343454 ], [ -89.184075910616528, 13.666163100065406 ], [ -89.184196089602878, 13.666192258075881 ], [ -89.184295357620698, 13.666228182212439 ], [ -89.184368596420953, 13.666206066775711 ], [ -89.184446730825428, 13.666167012330941 ], [ -89.18451107113701, 13.666129468815559 ], [ -89.184583073409215, 13.666088918323494 ], [ -89.184645867757268, 13.666031877453635 ], [ -89.184766554340428, 13.665836791532096 ] ] ] } },
{ "type": "Feature", "properties": { "FID_1": 144, "NOMBRE_DE": "PASAJE EL PROGRESO", "Text_1": "COLONIA GALDAMEZ", "ESTADO": "MALO", "MATERIAL": "TIERRA", "VIAS": 1, "CLASE": "PEATONAL", "ANCHO_1": "7.15" }, "geometry": { "type": "MultiLineString", "coordinates": [ [ [ -89.181930598258916, 13.666421205847277 ], [ -89.182029636522799, 13.66655221519501 ], [ -89.182135414087995, 13.666703852934273 ], [ -89.182203860142977, 13.666752317593229 ] ] ] } },
{ "type": "Feature", "properties": { "FID_1": 145, "NOMBRE_DE": "PASAJE S/N", "Text_1": "REPARTO DANILO", "ESTADO": "BUENO", "MATERIAL": "CONCRETO", "VIAS": 1, "CLASE": "PEATONAL", "ANCHO_1": "4.30" }, "geometry": { "type": "MultiLineString", "coordinates": [ [ [ -89.183225356017118, 13.665008246158832 ], [ -89.183143302195518, 13.665021352265008 ], [ -89.183088030444893, 13.66503606481422 ], [ -89.183020578361294, 13.665051703378028 ], [ -89.18298967224429, 13.665070982580803 ], [ -89.182855405023858, 13.66509643745586 ] ] ] } },
{ "type": "Feature", "properties": { "FID_1": 146, "NOMBRE_DE": "CALLE PRINCIPAL", "Text_1": "URBANIZACION FLORENCIA", "ESTADO": "BUENO", "MATERIAL": "ASFALTO", "VIAS": 2, "CLASE": "VEHICULAR", "ANCHO_1": "8.20" }, "geometry": { "type": "MultiLineString", "coordinates": [ [ [ -89.185791672226443, 13.665120596722076 ], [ -89.185667918506013, 13.665188980383721 ], [ -89.185379295935903, 13.665313307145562 ], [ -89.185085259785339, 13.665416512701624 ], [ -89.184829540538331, 13.66550912664005 ], [ -89.184538876141417, 13.665606213452433 ] ] ] } },
{ "type": "Feature", "properties": { "FID_1": 162, "NOMBRE_DE": "AVENIDA ZARAGOZA", "Text_1": null, "ESTADO": null, "MATERIAL": null, "VIAS": 0, "CLASE": null, "ANCHO_1": null }, "geometry": { "type": "MultiLineString", "coordinates": [ [ [ -89.19167344011619, 13.668128590640711 ], [ -89.191820346339455, 13.66794563389219 ], [ -89.192008596063133, 13.667695195539956 ], [ -89.19211952817156, 13.667546910019233 ], [ -89.192196866918948, 13.667471103492199 ], [ -89.192274221772493, 13.667415056779783 ], [ -89.192478234377475, 13.667137338501769 ] ] ] } },
{ "type": "Feature", "properties": { "FID_1": 174, "NOMBRE_DE": "3 AVENIDA SUR", "Text_1": "COLONIA BELLO SAN JUAN", "ESTADO": null, "MATERIAL": null, "VIAS": 0, "CLASE": null, "ANCHO_1": null }, "geometry": { "type": "MultiLineString", "coordinates": [ [ [ -89.192478234377475, 13.667137338501769 ], [ -89.192484205755122, 13.66697636754124 ], [ -89.192469750842164, 13.666780532312341 ], [ -89.192432186496418, 13.666293743153561 ], [ -89.192394666702128, 13.665861218453017 ] ] ] } },
{ "type": "Feature", "properties": { "FID_1": 184, "NOMBRE_DE": "SENDA 9", "Text_1": "URB. BOSQUES DE SANTORINI", "ESTADO": "BUENO", "MATERIAL": "ASFALTO", "VIAS": 2, "CLASE": "VEHICULAR", "ANCHO_1": "7.20" }, "geometry": { "type": "MultiLineString", "coordinates": [ [ [ -89.193344078206806, 13.662915581365066 ], [ -89.193193321949551, 13.662703153347818 ], [ -89.19300026088375, 13.662062665943393 ], [ -89.192884425779269, 13.661679629573538 ], [ -89.192845764373232, 13.6614912366535 ], [ -89.192845620159233, 13.661315375074096 ], [ -89.192903205236547, 13.661101783567149 ], [ -89.192873960841382, 13.660368883047116 ], [ -89.192746520805599, 13.660367926037273 ], [ -89.192375819523534, 13.660423633976929 ] ] ] } },
{ "type": "Feature", "properties": { "FID_1": 185, "NOMBRE_DE": "PASAJE S/N", "Text_1": "BELLO SAN JUAN", "ESTADO": null, "MATERIAL": null, "VIAS": 0, "CLASE": null, "ANCHO_1": null }, "geometry": { "type": "MultiLineString", "coordinates": [ [ [ -89.190603291296327, 13.662489587511704 ], [ -89.19042959274536, 13.662392865929002 ], [ -89.190275835267087, 13.662305607680802 ], [ -89.19014550840518, 13.662232655362242 ], [ -89.190105972763163, 13.662212632129778 ], [ -89.189647713080348, 13.6620496983974 ] ] ] } },
{ "type": "Feature", "properties": { "FID_1": 195, "NOMBRE_DE": "CALLE PRINCIPAL", "Text_1": "COLONIA SAN ANTONIO 3", "ESTADO": "BUENO", "MATERIAL": "ASFALTO", "VIAS": 2, "CLASE": "VEHICULAR- PUEN", "ANCHO_1": "6.00" }, "geometry": { "type": "MultiLineString", "coordinates": [ [ [ -89.18568623452056, 13.660016033276623 ], [ -89.185578513874034, 13.659965657375659 ], [ -89.185512475034244, 13.659910809593537 ], [ -89.185413417256811, 13.659829076098795 ], [ -89.185358376043524, 13.659772067135359 ], [ -89.185252828358244, 13.659656439511343 ], [ -89.185201235824408, 13.659580005323233 ] ] ] } },
{ "type": "Feature", "properties": { "FID_1": 196, "NOMBRE_DE": "CALLE PRINCIPAL", "Text_1": "COLONIA SAN ANTONIO 2", "ESTADO": "MALO", "MATERIAL": "ADOQUIN", "VIAS": 2, "CLASE": "VEHICULAR", "ANCHO_1": "5.80" }, "geometry": { "type": "MultiLineString", "coordinates": [ [ [ -89.185176162843945, 13.659607193351061 ], [ -89.185201234557454, 13.659580005525523 ], [ -89.185262885000583, 13.659539954727128 ], [ -89.185402915239237, 13.659382302229512 ], [ -89.185508895504512, 13.659278426235327 ], [ -89.185584333068377, 13.659196579727919 ], [ -89.185723736112564, 13.659036078575667 ], [ -89.185794106666251, 13.658966194327098 ] ] ] } },
{ "type": "Feature", "properties": { "FID_1": 205, "NOMBRE_DE": "8. AVENIDA SUR", "Text_1": "COLONIA EL TRANSITO 3", "ESTADO": "BUENO", "MATERIAL": "CONCRETO", "VIAS": 2, "CLASE": "VEHICULAR", "ANCHO_1": "8.40" }, "geometry": { "type": "MultiLineString", "coordinates": [ [ [ -89.181004239986962, 13.663010196222828 ], [ -89.181041936433175, 13.662861876183493 ], [ -89.181022817259091, 13.662700571945013 ], [ -89.181012552275433, 13.662233036867853 ], [ -89.181019266062776, 13.661679936055179 ], [ -89.181020520908859, 13.66075738151941 ], [ -89.181020586402198, 13.660754141613952 ] ] ] } },
{ "type": "Feature", "properties": { "FID_1": 213, "NOMBRE_DE": "AVENIDA PADRE MARIO ZANCONATO", "Text_1": "BARRIO EL CALVARIO", "ESTADO": "BUENO", "MATERIAL": "ADOQUIN", "VIAS": 2, "CLASE": "VEHICULAR", "ANCHO_1": "9.00" }, "geometry": { "type": "MultiLineString", "coordinates": [ [ [ -89.181271801892578, 13.658374048267314 ], [ -89.181252341930502, 13.658200388017724 ], [ -89.181214053456273, 13.658050028031726 ], [ -89.181145712958752, 13.657859402243632 ], [ -89.181062683186354, 13.657611781914786 ], [ -89.180961596668638, 13.657371512912457 ], [ -89.18087768642836, 13.657185261841727 ] ] ] } },
{ "type": "Feature", "properties": { "FID_1": 221, "NOMBRE_DE": "PASAJE MONSERRAT", "Text_1": "COLONIA EL TRANSITO 3", "ESTADO": "MALO", "MATERIAL": "EMPEDRADO", "VIAS": 1, "CLASE": "PEATONAL", "ANCHO_1": "4.00" }, "geometry": { "type": "MultiLineString", "coordinates": [ [ [ -89.179135501579879, 13.660213149135327 ], [ -89.179128220855205, 13.660191235710833 ], [ -89.179140847615756, 13.660079263281652 ], [ -89.179142913318131, 13.659886190515278 ] ] ] } },
{ "type": "Feature", "properties": { "FID_1": 224, "NOMBRE_DE": "PASAJE LA LOBA", "Text_1": "COLONIA EL TRANSITO 3", "ESTADO": "MALO", "MATERIAL": "TIERRA", "VIAS": 1, "CLASE": "PEATONAL", "ANCHO_1": "9.00" }, "geometry": { "type": "MultiLineString", "coordinates": [ [ [ -89.179397961480134, 13.661115086095466 ], [ -89.179390529863298, 13.66081646454368 ], [ -89.179386486824441, 13.660756244691507 ], [ -89.179390328044292, 13.660704987960065 ] ] ] } },
{ "type": "Feature", "properties": { "FID_1": 225, "NOMBRE_DE": "CALLE PRINCIPAL", "Text_1": "LOMAS DE SAN CARLOS", "ESTADO": "BUENO", "MATERIAL": "ADOQUIN", "VIAS": 2, "CLASE": "VEHICULAR", "ANCHO_1": "6.70" }, "geometry": { "type": "MultiLineString", "coordinates": [ [ [ -89.181012552764628, 13.662233035774669 ], [ -89.180910008660149, 13.662241359862323 ], [ -89.180695086823462, 13.662258015135336 ], [ -89.180236799953576, 13.662331633606129 ] ] ] } },
{ "type": "Feature", "properties": { "FID_1": 236, "NOMBRE_DE": "PASAJE 5", "Text_1": "COMUNIDAD EL TRANSITO 3", "ESTADO": "MALO", "MATERIAL": "TIERRA", "VIAS": 1, "CLASE": "PEATONAL", "ANCHO_1": "4.10" }, "geometry": { "type": "MultiLineString", "coordinates": [ [ [ -89.178686283584597, 13.660325943719805 ], [ -89.178298020638309, 13.660447006937954 ], [ -89.178022874657415, 13.660546028894808 ] ] ] } },
{ "type": "Feature", "properties": { "FID_1": 243, "NOMBRE_DE": "PASAJE B", "Text_1": "COLONIA EL TRANSITO 3", "ESTADO": "MALO", "MATERIAL": "TIERRA", "VIAS": 1, "CLASE": "PEATONAL", "ANCHO_1": "1.50" }, "geometry": { "type": "MultiLineString", "coordinates": [ [ [ -89.179142913318131, 13.659886190515278 ], [ -89.179130404611612, 13.659872349288475 ], [ -89.1791261975157, 13.659858857677724 ], [ -89.179129146081465, 13.659794315777729 ], [ -89.179130181316211, 13.659672328698939 ] ] ] } },
{ "type": "Feature", "properties": { "FID_1": 262, "NOMBRE_DE": "PASAJE PARIS", "Text_1": "EL TRANSITO 2", "ESTADO": "MALO", "MATERIAL": "TIERRA", "VIAS": 1, "CLASE": "PEATONAL", "ANCHO_1": "6.20" }, "geometry": { "type": "MultiLineString", "coordinates": [ [ [ -89.177861550449578, 13.659282939118899 ], [ -89.177863289173573, 13.659281422912359 ] ], [ [ -89.177861550449578, 13.659282939118899 ], [ -89.177804159771739, 13.659143714004193 ], [ -89.177733157768927, 13.659038944767817 ], [ -89.177665057904832, 13.658946921383528 ], [ -89.177566590197856, 13.658890332530305 ], [ -89.177439189372024, 13.658853594568361 ] ], [ [ -89.178443624292598, 13.659925583451226 ], [ -89.178387394350807, 13.659884041493138 ], [ -89.178344188382809, 13.659845843818719 ], [ -89.178320472147561, 13.659826496042417 ], [ -89.178295857454458, 13.659777710578791 ], [ -89.178217865830433, 13.659752095183567 ], [ -89.178142891174744, 13.659750813306418 ], [ -89.178017404780149, 13.659711389720227 ], [ -89.177889009380777, 13.65963809919139 ], [ -89.177802430847933, 13.659563366030559 ], [ -89.177785077205769, 13.659499872647723 ], [ -89.17778914056926, 13.659428599805501 ], [ -89.177795172756902, 13.659404213925201 ], [ -89.177822337331833, 13.659368714357331 ], [ -89.177861550449578, 13.659282939118899 ] ] ] } },
{ "type": "Feature", "properties": { "FID_1": 270, "NOMBRE_DE": "CALLE MADRID", "Text_1": "COLONIA EL TRANSITO 1", "ESTADO": "REGULAR", "MATERIAL": "ADOQUIN", "VIAS": 2, "CLASE": "VEHICULAR", "ANCHO_1": "7.50" }, "geometry": { "type": "MultiLineString", "coordinates": [ [ [ -89.179464547988317, 13.65866271043436 ], [ -89.179416790373978, 13.658486151665286 ], [ -89.179328546803546, 13.658341685154452 ], [ -89.179184353114891, 13.658121119130479 ], [ -89.178846712389259, 13.657562903186808 ], [ -89.178675018070962, 13.657298404025047 ] ] ] } },
{ "type": "Feature", "properties": { "FID_1": 275, "NOMBRE_DE": "CALLE 15 DE SEPTIEMBRE", "Text_1": "BARRIO EL CALVARIO", "ESTADO": "BUENO", "MATERIAL": "ASFALTO", "VIAS": 1, "CLASE": "VEHICULAR", "ANCHO_1": "5.00" }, "geometry": { "type": "MultiLineString", "coordinates": [ [ [ -89.181928488302518, 13.658510952027545 ], [ -89.181871702293606, 13.658648977371479 ], [ -89.181800018478924, 13.658714390905294 ], [ -89.181730782034151, 13.658745911965035 ], [ -89.181616949740359, 13.658685477051714 ], [ -89.181488189982005, 13.658513698126212 ], [ -89.181366811990245, 13.658291077720401 ], [ -89.181252342914874, 13.658200388121816 ] ] ] } },
{ "type": "Feature", "properties": { "FID_1": 276, "NOMBRE_DE": "AVENIDA SAN JOSE", "Text_1": "AVENIDA SAN JOSE", "ESTADO": "BUENO", "MATERIAL": "CONCRETO", "VIAS": 2, "CLASE": "VEHICULAR", "ANCHO_1": "7.00" }, "geometry": { "type": "MultiLineString", "coordinates": [ [ [ -89.182669612979737, 13.66059492375909 ], [ -89.18254818664289, 13.660559675233429 ], [ -89.182482978227497, 13.660389364707639 ], [ -89.182390093890234, 13.660195194109884 ], [ -89.182237995246282, 13.659855419317179 ], [ -89.182070987414136, 13.659457374066841 ], [ -89.182041519914975, 13.659290155672439 ], [ -89.182010660929564, 13.659020487812295 ], [ -89.181964727175298, 13.658735662467175 ] ] ] } },
{ "type": "Feature", "properties": { "FID_1": 294, "NOMBRE_DE": "SENDA 6", "Text_1": "COLONIA 10 DE CTUBRE II ETAPA", "ESTADO": "BUENO", "MATERIAL": "CONCRETO", "VIAS": 1, "CLASE": "PEATONAL", "ANCHO_1": "4.15" }, "geometry": { "type": "MultiLineString", "coordinates": [ [ [ -89.165299597140802, 13.650477196188627 ], [ -89.165290123484496, 13.650472203529137 ], [ -89.165261653137392, 13.650474080293083 ], [ -89.165147760656396, 13.650465797478581 ], [ -89.164953188083004, 13.650442707714944 ], [ -89.164730141299316, 13.650415921615672 ], [ -89.164471520900889, 13.650385443852487 ], [ -89.164265187556239, 13.650360149097541 ] ] ] } },
{ "type": "Feature", "properties": { "FID_1": 315, "NOMBRE_DE": "PASAJE No 3", "Text_1": "MARABU SUR", "ESTADO": "MALO", "MATERIAL": "TIERRA", "VIAS": 1, "CLASE": "PEATONAL", "ANCHO_1": "4.30" }, "geometry": { "type": "MultiLineString", "coordinates": [ [ [ -89.177501921369441, 13.648741848889259 ], [ -89.177462503235674, 13.648692893228693 ], [ -89.177419235952499, 13.648636520126317 ], [ -89.177380809250977, 13.648630280700925 ], [ -89.177334390969861, 13.648641281687164 ], [ -89.177305570944753, 13.648636602108683 ], [ -89.17728633751679, 13.648606847027473 ], [ -89.177283101434483, 13.648561412544503 ], [ -89.177310295728361, 13.648533190775749 ], [ -89.177292651411136, 13.648487766681697 ], [ -89.177270199634108, 13.648436078904624 ], [ -89.177241819712606, 13.64819024471144 ] ] ] } },
{ "type": "Feature", "properties": { "FID_1": 326, "NOMBRE_DE": "PASAJE S/N", "Text_1": "MARABU SUR", "ESTADO": "MALO", "MATERIAL": "TIERRA", "VIAS": 1, "CLASE": "PEATONAL", "ANCHO_1": "4.30" }, "geometry": { "type": "MultiLineString", "coordinates": [ [ [ -89.17955062844122, 13.648296822845873 ], [ -89.179496902388294, 13.64822247598647 ], [ -89.179373761152789, 13.648078487952821 ], [ -89.179312035090064, 13.647997909148694 ], [ -89.179291075278627, 13.647959151242308 ], [ -89.179254427053365, 13.647798158737817 ], [ -89.179231747620832, 13.647661461792525 ] ] ] } },
{ "type": "Feature", "properties": { "FID_1": 329, "NOMBRE_DE": "PASAJE 10", "Text_1": "COLONIA ALCAINE 2", "ESTADO": "MALO", "MATERIAL": "TIERRA", "VIAS": 1, "CLASE": "PEATONAL", "ANCHO_1": "2.60" }, "geometry": { "type": "MultiLineString", "coordinates": [ [ [ -89.184078433734243, 13.64763696985823 ], [ -89.184025002671902, 13.647611358153531 ], [ -89.183958226826746, 13.647595920300022 ], [ -89.183901343426029, 13.647582411007891 ], [ -89.183636715164241, 13.647512480136855 ] ] ] } },
{ "type": "Feature", "properties": { "FID_1": 330, "NOMBRE_DE": "PASAJE 11", "Text_1": "COL. ALCAINE 2", "ESTADO": "MALO", "MATERIAL": "EMPEDRADO", "VIAS": 1, "CLASE": "PEATONAL", "ANCHO_1": "3.50" }, "geometry": { "type": "MultiLineString", "coordinates": [ [ [ -89.184111218595618, 13.647438629546748 ], [ -89.183984517643992, 13.647417492643799 ], [ -89.18385638405779, 13.64737755386659 ], [ -89.183757749286499, 13.647346596493735 ], [ -89.183713877052611, 13.647334845085373 ], [ -89.18369710227914, 13.647330228114313 ], [ -89.183690647560894, 13.647324761705493 ], [ -89.183687629464288, 13.647314663226252 ], [ -89.18368676578919, 13.647310034368562 ], [ -89.183591755439537, 13.647289563677369 ] ] ] } },
{ "type": "Feature", "properties": { "FID_1": 336, "NOMBRE_DE": "PASAJE S/N", "Text_1": null, "ESTADO": null, "MATERIAL": null, "VIAS": 0, "CLASE": null, "ANCHO_1": null }, "geometry": { "type": "MultiLineString", "coordinates": [ [ [ -89.194751359233905, 13.650941221421411 ], [ -89.194904561348636, 13.650705594976145 ], [ -89.19506881538959, 13.650442939267291 ] ] ] } },
{ "type": "Feature", "properties": { "FID_1": 340, "NOMBRE_DE": "CALLE \"A\"", "Text_1": null, "ESTADO": null, "MATERIAL": null, "VIAS": 0, "CLASE": null, "ANCHO_1": null }, "geometry": { "type": "MultiLineString", "coordinates": [ [ [ -89.190886697658641, 13.64621303442892 ], [ -89.19074924995131, 13.646302172798437 ], [ -89.190623195066777, 13.646391719891117 ], [ -89.190278406729846, 13.646631238651439 ], [ -89.190125138006906, 13.646726570083469 ], [ -89.189905171214562, 13.646923620629778 ], [ -89.189829576321614, 13.647147673086977 ], [ -89.189743330974764, 13.647459747570332 ], [ -89.18965805734841, 13.647819326472789 ] ], [ [ -89.18965805734841, 13.647819326472789 ], [ -89.189658044313745, 13.647819252555966 ] ], [ [ -89.18965805734841, 13.647819326472789 ], [ -89.189655871991334, 13.647828537022093 ] ], [ [ -89.189659273403535, 13.64782605453752 ], [ -89.189664941292591, 13.64782191356997 ] ], [ [ -89.189659273403535, 13.64782605453752 ], [ -89.18965805734841, 13.647819326472789 ] ], [ [ -89.189655871991334, 13.647828537022093 ], [ -89.189659273403535, 13.64782605453752 ] ], [ [ -89.189655871991334, 13.647828537022093 ], [ -89.189651885280654, 13.647845347431812 ] ], [ [ -89.189649189822163, 13.647833416385577 ], [ -89.189655871991334, 13.647828537022093 ] ], [ [ -89.189649189822163, 13.647833416385577 ], [ -89.189647771003052, 13.647824990917034 ] ], [ [ -89.189661464685344, 13.647838181271968 ], [ -89.189668405539436, 13.647832989450217 ] ], [ [ -89.189661464685344, 13.647838181271968 ], [ -89.189659273403535, 13.64782605453752 ] ], [ [ -89.189642328364428, 13.647838427190145 ], [ -89.189649189822163, 13.647833416385577 ] ], [ [ -89.189651885280654, 13.647845347431812 ], [ -89.189661464685344, 13.647838181271968 ] ], [ [ -89.189651885280654, 13.647845347431812 ], [ -89.189651485542356, 13.64784703426638 ] ], [ [ -89.189651279766537, 13.647845799735579 ], [ -89.189651885280654, 13.647845347431812 ] ], [ [ -89.189651279766537, 13.647845799735579 ], [ -89.189649189822163, 13.647833416385577 ] ], [ [ -89.189662955570739, 13.64784642903963 ], [ -89.189661464685344, 13.647838181271968 ] ], [ [ -89.189651485542356, 13.64784703426638 ], [ -89.189651279766537, 13.647845799735579 ] ], [ [ -89.189651485542356, 13.64784703426638 ], [ -89.189647899133064, 13.647862157289385 ] ], [ [ -89.189641098229202, 13.647853414886084 ], [ -89.189651279766537, 13.647845799735579 ] ], [ [ -89.189641098229202, 13.647853414886084 ], [ -89.189639607341419, 13.647845163256489 ] ], [ [ -89.189653361795919, 13.647858161575666 ], [ -89.189660224936162, 13.647853138080594 ] ], [ [ -89.189653361795919, 13.647858161575666 ], [ -89.189651485542356, 13.64784703426638 ] ], [ [ -89.189634157373902, 13.64785860670704 ], [ -89.189641098229202, 13.647853414886084 ] ], [ [ -89.189647899133064, 13.647862157289385 ], [ -89.189653361795919, 13.647858161575666 ] ], [ [ -89.189647899133064, 13.647862157289385 ], [ -89.189621629898227, 13.647972933829852 ], [ -89.189602203499518, 13.648055622249444 ], [ -89.189530761447742, 13.648100194003627 ], [ -89.189267686834341, 13.648218047970685 ], [ -89.189106560969449, 13.648337070102446 ] ], [ [ -89.189643287810384, 13.647865532243205 ], [ -89.189647899133064, 13.647862157289385 ] ], [ [ -89.189643287810384, 13.647865532243205 ], [ -89.189641098229202, 13.647853414886084 ] ], [ [ -89.189654782875962, 13.647866592007693 ], [ -89.189653361795919, 13.647858161575666 ] ], [ [ -89.189637621616711, 13.647869678725904 ], [ -89.189643287810384, 13.647865532243205 ] ], [ [ -89.189644518596822, 13.647872339740426 ], [ -89.189643287810384, 13.647865532243205 ] ] ] } },
{ "type": "Feature", "properties": { "FID_1": 354, "NOMBRE_DE": "CARRETERA A PANCHIMALCO", "Text_1": null, "ESTADO": "BUENO", "MATERIAL": "ASFALTO", "VIAS": 2, "CLASE": "VEHICULAR", "ANCHO_1": "9.00" }, "geometry": { "type": "MultiLineString", "coordinates": [ [ [ -89.18766380979676, 13.645777794202603 ], [ -89.187188570561389, 13.645586531879617 ], [ -89.18688379238165, 13.645452216103786 ], [ -89.186497175528856, 13.645194323700766 ], [ -89.18611695868114, 13.64495713021876 ], [ -89.185864708222155, 13.644782210658715 ], [ -89.185758983884583, 13.644782290547822 ], [ -89.18562880508091, 13.644710752799295 ], [ -89.185409161080528, 13.644631322893144 ], [ -89.185018731927372, 13.644552021350632 ], [ -89.184677055069514, 13.644416965647656 ], [ -89.184392300732441, 13.644273907230323 ], [ -89.184026170727279, 13.644067232902493 ], [ -89.183740131402473, 13.643828534159828 ], [ -89.183396408844516, 13.643518423041455 ] ] ] } },
{ "type": "Feature", "properties": { "FID_1": 357, "NOMBRE_DE": "CALLE  DORA ALICIA", "Text_1": null, "ESTADO": null, "MATERIAL": null, "VIAS": 0, "CLASE": null, "ANCHO_1": null }, "geometry": { "type": "MultiLineString", "coordinates": [ [ [ -89.187621306347708, 13.643574739710889 ], [ -89.187780777396327, 13.643507267442276 ], [ -89.188223654290098, 13.643411405444782 ], [ -89.188381277328347, 13.643363523043526 ], [ -89.18851258809201, 13.643271572991946 ], [ -89.188591350931901, 13.643187011130355 ], [ -89.18864745219382, 13.642929789716952 ], [ -89.188669130547837, 13.642616864336361 ] ] ] } },
{ "type": "Feature", "properties": { "FID_1": 391, "NOMBRE_DE": "PASAJE No. 17 OTE", "Text_1": "URB. FLORENCIA", "ESTADO": "BUENO", "MATERIAL": "CONCRETO", "VIAS": 1, "CLASE": "PEATONAL", "ANCHO_1": "4.40" }, "geometry": { "type": "MultiLineString", "coordinates": [ [ [ -89.184732711018853, 13.664269291992355 ], [ -89.185109418682515, 13.664149455807223 ] ] ] } },
{ "type": "Feature", "properties": { "FID_1": 392, "NOMBRE_DE": "CALLE CENTRAL A COLONIA SAN JUAN", "Text_1": null, "ESTADO": null, "MATERIAL": null, "VIAS": 0, "CLASE": null, "ANCHO_1": null }, "geometry": { "type": "MultiLineString", "coordinates": [ [ [ -89.194237970292335, 13.668058671057251 ], [ -89.193945983789462, 13.668064732906082 ], [ -89.193778421885355, 13.668044990660883 ], [ -89.193674326259483, 13.66802768261981 ], [ -89.193483829399725, 13.66790113369219 ], [ -89.19311804319797, 13.667618211950822 ], [ -89.192801041415521, 13.667385358611842 ], [ -89.192457436967445, 13.667121359338163 ], [ -89.191968559375127, 13.666775998540812 ] ] ] } },
{ "type": "Feature", "properties": { "FID_1": 397, "NOMBRE_DE": "CALLE EL AMATE", "Text_1": "COLONIA LOS ANDES 2", "ESTADO": "MALO", "MATERIAL": "TIERRA", "VIAS": 1, "CLASE": "VEHICULAR", "ANCHO_1": "6.10" }, "geometry": { "type": "MultiLineString", "coordinates": [ [ [ -89.183206234886697, 13.671218861691484 ], [ -89.183031812921811, 13.671247581521419 ], [ -89.182834484406811, 13.671290647368545 ], [ -89.182570789917179, 13.67135239666686 ], [ -89.182218168467983, 13.67142163087045 ], [ -89.182002191731499, 13.671469209518316 ], [ -89.181732486455317, 13.671516053090176 ], [ -89.181524224200146, 13.671563490904889 ], [ -89.18124345305786, 13.67164189845562 ], [ -89.180990580307082, 13.671722103770877 ] ] ] } },
{ "type": "Feature", "properties": { "FID_1": 403, "NOMBRE_DE": "CALLE S/N", "Text_1": null, "ESTADO": null, "MATERIAL": null, "VIAS": 0, "CLASE": null, "ANCHO_1": null }, "geometry": { "type": "MultiLineString", "coordinates": [ [ [ -89.195916767740485, 13.651820162663737 ], [ -89.195794995962203, 13.651843979698022 ], [ -89.195744772268554, 13.651862556572224 ], [ -89.19560685083944, 13.651912948187565 ], [ -89.195549786654325, 13.651950244998895 ], [ -89.195440863263102, 13.65204007331373 ], [ -89.195356139882918, 13.652106179410724 ], [ -89.195288662198124, 13.652102845059632 ], [ -89.195101755389928, 13.652040342592436 ], [ -89.194379339447735, 13.651738334706195 ] ], [ [ -89.196465319018046, 13.651927454696704 ], [ -89.196344818768679, 13.651909319134711 ], [ -89.196253267654768, 13.651858217708849 ], [ -89.19610756599026, 13.651816297132973 ], [ -89.196017912741098, 13.651801747089063 ], [ -89.195916767740485, 13.651820162663737 ] ], [ [ -89.195882296399063, 13.65225366869169 ], [ -89.195916767740485, 13.651820162663737 ] ], [ [ -89.194952593588084, 13.654540493125859 ], [ -89.194596238882824, 13.654300081048664 ], [ -89.194429166807382, 13.654189462461696 ] ], [ [ -89.195769815039995, 13.654585434158991 ], [ -89.195573990851486, 13.654578520029085 ], [ -89.195357670610164, 13.654549240940289 ], [ -89.195101857995056, 13.654523676100167 ], [ -89.19499155435139, 13.65452219953848 ], [ -89.194952593588084, 13.654540493125859 ] ], [ [ -89.195839201247182, 13.655129875735231 ], [ -89.195810345195525, 13.655082064715042 ], [ -89.195751941771434, 13.655045758498808 ], [ -89.195706146333137, 13.655015283009913 ], [ -89.19557145058792, 13.65496735369863 ], [ -89.195431571197474, 13.654924506216474 ], [ -89.195345834060859, 13.654903600621793 ], [ -89.195263158810604, 13.654885689363043 ], [ -89.195223346638855, 13.654869243002391 ], [ -89.195171257512897, 13.65481685143612 ], [ -89.195085443391406, 13.654703066621627 ], [ -89.194952593588084, 13.654540493125859 ] ] ] } },
{ "type": "Feature", "properties": { "FID_1": 404, "NOMBRE_DE": "CARRETERA A LOS PLANES DE RENDEROS", "Text_1": null, "ESTADO": "BUENO", "MATERIAL": "ASFALTO", "VIAS": 2, "CLASE": "VEHICULAR", "ANCHO_1": "9.00" }, "geometry": { "type": "MultiLineString", "coordinates": [ [ [ -89.194916410536166, 13.657092027849599 ], [ -89.194965139135817, 13.656749371832225 ], [ -89.195000199600727, 13.656430233728926 ], [ -89.195020889437757, 13.656271805827819 ], [ -89.195026591029418, 13.655987081887083 ], [ -89.195027945949434, 13.655831089041493 ], [ -89.195042653847707, 13.655668379775014 ], [ -89.195064803463865, 13.655527455929031 ], [ -89.195115146024193, 13.655377792961767 ], [ -89.195211739174638, 13.655256536362009 ], [ -89.195338237959476, 13.655181604259287 ], [ -89.195509605238527, 13.655158243451007 ], [ -89.19576010894562, 13.655181268787882 ], [ -89.195819978882398, 13.655195517144081 ], [ -89.1960207956716, 13.655234134556375 ], [ -89.19616024906297, 13.655216359246452 ], [ -89.19637171006795, 13.655104008097554 ], [ -89.196409390761929, 13.655068832947343 ], [ -89.196502340546459, 13.654993661122017 ], [ -89.196635262434398, 13.654882585664405 ], [ -89.196765999060673, 13.654767243985049 ], [ -89.196898943923102, 13.654683910253597 ], [ -89.197169240189282, 13.654572724473027 ], [ -89.197343621242439, 13.654495759120707 ], [ -89.19749834668383, 13.654382530643089 ], [ -89.197580694211652, 13.654287696855523 ], [ -89.197619814570885, 13.654134013919467 ], [ -89.19763496393945, 13.65399742514489 ], [ -89.197586854735491, 13.653833143108223 ], [ -89.197471164086991, 13.653690256485358 ], [ -89.197102462855113, 13.653467321239612 ], [ -89.196969388275036, 13.653394870286833 ], [ -89.196873390944091, 13.653330928135826 ], [ -89.196801378879769, 13.653266964546232 ], [ -89.196749412514478, 13.653188678391187 ], [ -89.196716619935046, 13.653086271758758 ], [ -89.196725220230334, 13.65294115027034 ], [ -89.196738201130188, 13.652820341703732 ], [ -89.196768498916768, 13.652545027540574 ], [ -89.196757490367574, 13.652419128934872 ], [ -89.196702846870437, 13.652263388291969 ], [ -89.196465319018046, 13.651927454696704 ], [ -89.196372665640155, 13.651743381795693 ], [ -89.196260775448479, 13.651588713459962 ], [ -89.196172385154838, 13.651426446613854 ], [ -89.19611708729181, 13.651238891314112 ], [ -89.196072330120671, 13.651097586518976 ], [ -89.195810641068647, 13.650212794175159 ], [ -89.195745590217427, 13.649989105126322 ], [ -89.195545422341084, 13.649685376859525 ], [ -89.195341011768463, 13.649394142131529 ], [ -89.195183340487219, 13.649044588711279 ], [ -89.195076767449123, 13.648759101961353 ], [ -89.195029892366023, 13.648655068832383 ], [ -89.194927724890874, 13.648555242055957 ], [ -89.194679021362504, 13.648402997404126 ], [ -89.194389492041395, 13.648204658806934 ], [ -89.193941931395116, 13.64788661015942 ], [ -89.193616838367859, 13.647711828965011 ], [ -89.193289254213326, 13.647571563780598 ], [ -89.192607666373121, 13.64732803279607 ], [ -89.1924440774782, 13.647348382640061 ], [ -89.192200826954931, 13.647390851900923 ], [ -89.192023535547321, 13.64745997192898 ], [ -89.191676980998039, 13.647678313963429 ], [ -89.191529295184196, 13.647805267179178 ], [ -89.191208654892122, 13.648119438998354 ], [ -89.190861064193712, 13.648433955158092 ], [ -89.190506794055693, 13.648764841976462 ], [ -89.190387626915964, 13.648879395718621 ], [ -89.190246523212679, 13.648998795897269 ], [ -89.19012439392948, 13.649032175109065 ], [ -89.190047705795905, 13.649056522131909 ], [ -89.189864973148744, 13.649067703221766 ], [ -89.189686703229228, 13.649019265866459 ], [ -89.189573848777428, 13.648955320619605 ], [ -89.189409011072755, 13.648776601384496 ], [ -89.189106560969449, 13.648337070102446 ], [ -89.189002570912692, 13.648185673292264 ], [ -89.188923098786617, 13.648014604081656 ], [ -89.188841990466386, 13.647821351963389 ], [ -89.188764108179456, 13.647612874468559 ], [ -89.188691561444685, 13.647402808941987 ], [ -89.188626650020808, 13.647219049994291 ], [ -89.188552055073956, 13.647070783916295 ], [ -89.188458055756868, 13.646952013520277 ], [ -89.188020172729608, 13.646323122675817 ], [ -89.187663808629154, 13.64577779340563 ] ] ] } },
{ "type": "Feature", "properties": { "FID_1": 410, "NOMBRE_DE": "CALLE ERMITA", "Text_1": "COL. GUADALUPE", "ESTADO": "BUENO", "MATERIAL": "CONCRETO", "VIAS": 2, "CLASE": "VEHICULAR", "ANCHO_1": "7.26" }, "geometry": { "type": "MultiLineString", "coordinates": [ [ [ -89.178959895619101, 13.64910683210857 ], [ -89.178983526724011, 13.649054127741273 ], [ -89.179019089051721, 13.648994836074694 ] ] ] } },
{ "type": "Feature", "properties": { "FID_1": 411, "NOMBRE_DE": "PASAJE SAN FRANCISCO", "Text_1": "MALENA 1", "ESTADO": "MALO", "MATERIAL": "TIERRA", "VIAS": 1, "CLASE": "PEATONAL", "ANCHO_1": "4.00" }, "geometry": { "type": "MultiLineString", "coordinates": [ [ [ -89.177468061516009, 13.649487283922017 ], [ -89.177499166355403, 13.649479837356386 ], [ -89.177555257286244, 13.649443182513119 ], [ -89.177732467614135, 13.649321575263553 ], [ -89.17779831219724, 13.6492769536734 ], [ -89.177892262959162, 13.649213661143499 ], [ -89.178013001355808, 13.649096550260554 ], [ -89.178121185597632, 13.648990318465913 ], [ -89.178213382743891, 13.648892182626247 ], [ -89.178284367468166, 13.648813368647668 ], [ -89.178296464510922, 13.648788476671379 ] ] ] } },
{ "type": "Feature", "properties": { "FID_1": 412, "NOMBRE_DE": "CALLE SANTA FE NO 2", "Text_1": "LOTIFICACION SANTA FE", "ESTADO": "MALO", "MATERIAL": "TIERRA", "VIAS": 1, "CLASE": "PEATONAL", "ANCHO_1": "5.10" }, "geometry": { "type": "MultiLineString", "coordinates": [ [ [ -89.176130407346619, 13.66185332222973 ], [ -89.176159569096299, 13.661707916619607 ], [ -89.176174082807776, 13.661630266481058 ], [ -89.176201480421739, 13.661460707007702 ], [ -89.176227266026004, 13.661300655592532 ], [ -89.176278061894777, 13.661164273223791 ] ] ] } },
{ "type": "Feature", "properties": { "FID_1": 417, "NOMBRE_DE": "PASAJE S/N", "Text_1": "LOT. SAN MARCOS", "ESTADO": "MALO", "MATERIAL": "TIERRA", "VIAS": 1, "CLASE": "PEATONAL", "ANCHO_1": "4.00" }, "geometry": { "type": "MultiLineString", "coordinates": [ [ [ -89.178022874657415, 13.660546028894808 ], [ -89.177694439084021, 13.660665696662381 ], [ -89.176997521393844, 13.660915033002867 ], [ -89.176578236277322, 13.661072903836667 ], [ -89.176418531259145, 13.661139558044395 ], [ -89.176282463200764, 13.661165692849174 ] ] ] } },
{ "type": "Feature", "properties": { "FID_1": 418, "NOMBRE_DE": "CALLE 25 DE ABRIL OTE", "Text_1": "CENTRO HISTORICO", "ESTADO": "BUENO", "MATERIAL": "CONCRETO", "VIAS": 2, "CLASE": "VEHICULAR", "ANCHO_1": "5.20" }, "geometry": { "type": "MultiLineString", "coordinates": [ [ [ -89.179728155585863, 13.657236982292485 ], [ -89.179506055897491, 13.657227274787836 ], [ -89.179238598068565, 13.657209283865278 ], [ -89.179147429417299, 13.657199653189835 ], [ -89.178969069390149, 13.657195903554225 ], [ -89.178828378649541, 13.65721152227075 ], [ -89.178675018070962, 13.657298404025047 ], [ -89.178529924698935, 13.657381063643561 ], [ -89.178429971521155, 13.657436841183474 ], [ -89.178279270995233, 13.657516742946637 ], [ -89.178146845304838, 13.657625235558326 ], [ -89.17793379750438, 13.657811958587175 ], [ -89.177843691740989, 13.65793239214778 ], [ -89.17777043297265, 13.658047888533202 ], [ -89.177728046740953, 13.658156937569267 ], [ -89.177690825778029, 13.658207586161415 ], [ -89.177647410894579, 13.658315721770753 ], [ -89.177586572663785, 13.658421080043151 ], [ -89.177530814494474, 13.658541209522726 ], [ -89.177491910522846, 13.658654620444926 ], [ -89.177469695768153, 13.658740765131688 ], [ -89.177439189372024, 13.658853594568361 ], [ -89.177363060106131, 13.658955451738068 ], [ -89.176938699281962, 13.659217958901442 ], [ -89.17692493107549, 13.65923984483975 ] ] ] } },
{ "type": "Feature", "properties": { "FID_1": 419, "NOMBRE_DE": "CALLE PRINCIPAL", "Text_1": "LOT. MOREIRA", "ESTADO": "BUENO", "MATERIAL": "CONCRETO", "VIAS": 2, "CLASE": "VEHICULAR", "ANCHO_1": "7.00" }, "geometry": { "type": "MultiLineString", "coordinates": [ [ [ -89.230837813617057, 13.652658600633563 ], [ -89.230882587573575, 13.652463037357537 ], [ -89.230926545745064, 13.652240339586283 ], [ -89.230904336382864, 13.652117142768514 ], [ -89.230805670207687, 13.652015459892858 ] ] ] } },
{ "type": "Feature", "properties": { "FID_1": 441, "NOMBRE_DE": "CALLE EL TRANSITO", "Text_1": "COLONIA EL TRANSITO", "ESTADO": "REGULAR", "MATERIAL": "CONCRETO", "VIAS": 2, "CLASE": "VEHICULAR", "ANCHO_1": "6.50" }, "geometry": { "type": "MultiLineString", "coordinates": [ [ [ -89.179571138473662, 13.658657846524692 ], [ -89.179679466432617, 13.65865290328342 ], [ -89.179839183116556, 13.658652786533947 ], [ -89.179918059954574, 13.658656588482526 ], [ -89.179996961124658, 13.658695125530517 ], [ -89.180064067584894, 13.658778052132284 ], [ -89.180176810307117, 13.658910615857922 ], [ -89.18021018924729, 13.658983340395306 ], [ -89.180269218041829, 13.659074861615871 ], [ -89.180314943731531, 13.659151335220102 ], [ -89.180359234688268, 13.659235030425492 ], [ -89.180409777827563, 13.659315946020342 ], [ -89.18046501550711, 13.659415402767236 ], [ -89.180494260139326, 13.659469363358646 ], [ -89.180524609682038, 13.659554542337229 ], [ -89.180539815705686, 13.659637094785859 ], [ -89.180565838897166, 13.659721753930059 ], [ -89.18057996588638, 13.659807481609217 ], [ -89.180595065607818, 13.65988673666271 ] ] ] } },
{ "type": "Feature", "properties": { "FID_1": 457, "NOMBRE_DE": "CALLE PRINCIPAL", "Text_1": "COLONIAL LAS DELICIAS", "ESTADO": "BUENO", "MATERIAL": "ADOQUIN", "VIAS": 2, "CLASE": "VEICULAR", "ANCHO_1": "7.30" }, "geometry": { "type": "MultiLineString", "coordinates": [ [ [ -89.187375787486019, 13.668479522820538 ], [ -89.18718231387696, 13.668536687602863 ], [ -89.186936805653403, 13.66857760030412 ], [ -89.186749556107472, 13.668614395379491 ], [ -89.186610136050874, 13.668610430270714 ], [ -89.186526916182061, 13.66862881898262 ], [ -89.186410424794872, 13.668675743266638 ], [ -89.18629397264057, 13.668771537513541 ], [ -89.186191165918146, 13.668988702055112 ], [ -89.186103075289651, 13.669116170587614 ], [ -89.185995869004188, 13.669224546770891 ], [ -89.185848477952746, 13.669317857309492 ], [ -89.18570609670833, 13.669324676760459 ] ], [ [ -89.18570609670833, 13.669324676760459 ], [ -89.185485956271748, 13.669308037783203 ], [ -89.185218997043279, 13.66931434953603 ], [ -89.184431251789917, 13.669333275966128 ], [ -89.184171024976877, 13.669341101445903 ], [ -89.184076193065295, 13.669343492313724 ], [ -89.184012177654395, 13.669338899381515 ], [ -89.184011577531507, 13.669337673969338 ] ], [ [ -89.18570609670833, 13.669324676760459 ], [ -89.185682761788357, 13.669430110173899 ], [ -89.185654569640917, 13.669543230124432 ] ] ] } },
{ "type": "Feature", "properties": { "FID_1": 466, "NOMBRE_DE": "AV. CORTEZ", "Text_1": "LOT. SANTA TERESA", "ESTADO": "MALO", "MATERIAL": "TIERRA", "VIAS": 1, "CLASE": "PEATONAL", "ANCHO_1": "7.90" }, "geometry": { "type": "MultiLineString", "coordinates": [ [ [ -89.163536250754717, 13.663035124588509 ], [ -89.163471867070371, 13.662891097439866 ], [ -89.16337754424211, 13.662689034422739 ] ] ] } },
{ "type": "Feature", "properties": { "FID_1": 469, "NOMBRE_DE": "AVENIDA PRINCIPAL", "Text_1": "COLONIA SANTA ROSA", "ESTADO": "REGULAR", "MATERIAL": "CONCRETO", "VIAS": 2, "CLASE": "VEHICULAR", "ANCHO_1": "5.20" }, "geometry": { "type": "MultiLineString", "coordinates": [ [ [ -89.164131493753374, 13.662776268065082 ], [ -89.16390695244975, 13.662452675621237 ], [ -89.163851705204877, 13.662408191925913 ], [ -89.163761202282643, 13.662283897876552 ], [ -89.163662722718797, 13.662109378568294 ], [ -89.163550689306604, 13.661953677651155 ], [ -89.163421768419497, 13.661790863894646 ], [ -89.163326558744487, 13.661673333806371 ], [ -89.163288942093061, 13.661580261713953 ], [ -89.163263844876695, 13.661489634130835 ], [ -89.163266269838289, 13.661376936557309 ], [ -89.163251368518772, 13.661258257997501 ], [ -89.163261908170639, 13.661099677357111 ], [ -89.163269925075227, 13.660943836993811 ], [ -89.163268093891759, 13.660904967582145 ], [ -89.163261434601736, 13.660763720411513 ] ] ] } },
{ "type": "Feature", "properties": { "FID_1": 472, "NOMBRE_DE": "7a  AV. SUR", "Text_1": "BARRIO SAN JOSE", "ESTADO": "BUENO", "MATERIAL": "ADOQUIN", "VIAS": 2, "CLASE": "VEHICULAR", "ANCHO_1": "4.50" }, "geometry": { "type": "MultiLineString", "coordinates": [ [ [ -89.184440543221811, 13.659279868142525 ], [ -89.184599338764784, 13.659068798144689 ], [ -89.184766445719148, 13.658846875513239 ], [ -89.184874976417177, 13.658747088677138 ], [ -89.184987990733632, 13.658638410094134 ], [ -89.185043429053053, 13.658584069656207 ] ] ] } },
{ "type": "Feature", "properties": { "FID_1": 473, "NOMBRE_DE": "1a AVENIDA SUR", "Text_1": "BARRIO SAN JOSE", "ESTADO": "BUENO", "MATERIAL": "CONCRETO", "VIAS": 2, "CLASE": "VEHICULAR", "ANCHO_1": "4.60" }, "geometry": { "type": "MultiLineString", "coordinates": [ [ [ -89.183379434612391, 13.658391016239424 ], [ -89.183460925550634, 13.658409395180126 ], [ -89.183636515965176, 13.658432618941339 ], [ -89.183696189448796, 13.658450923130756 ], [ -89.183767805880564, 13.658482565490139 ], [ -89.183878666333953, 13.658562553136987 ], [ -89.1840116847563, 13.658642526361234 ], [ -89.184032136100029, 13.658637504994985 ], [ -89.184295342246102, 13.658369802427465 ] ], [ [ -89.183360105904768, 13.658481702435699 ], [ -89.18336013151297, 13.658481985986761 ], [ -89.183360207887262, 13.658482259017816 ], [ -89.183360329945458, 13.658482515464058 ], [ -89.183360496554059, 13.658482748705973 ], [ -89.183360702064221, 13.658482949368979 ], [ -89.183360940265871, 13.658483111940869 ], [ -89.183361203256496, 13.65848323091047 ], [ -89.18336148200828, 13.65848330462946 ], [ -89.183361770875777, 13.658483328136882 ], [ -89.183362060834568, 13.658483304197851 ], [ -89.183362340035231, 13.658483230062837 ], [ -89.183362604532519, 13.658483110699953 ], [ -89.183362840787893, 13.658482947774331 ], [ -89.183363045984891, 13.658482746805024 ], [ -89.183363212229608, 13.658482513314949 ], [ -89.183363333887755, 13.65848225668698 ], [ -89.183363409272005, 13.658481983542741 ], [ -89.183363433309708, 13.658481699954669 ], [ -89.183363408830658, 13.658481417506065 ], [ -89.183363333020964, 13.658481145026267 ], [ -89.183363210962341, 13.658480888028331 ], [ -89.183363044354167, 13.658480655338101 ], [ -89.183362838844005, 13.6584804546751 ], [ -89.183362602334824, 13.65848029210202 ], [ -89.183362337651729, 13.658480173133656 ] ] ] } },
{ "type": "Feature", "properties": { "FID_1": 474, "NOMBRE_DE": "CALLE EL TAZUMAL", "Text_1": "BELLA VISTA", "ESTADO": "MALO", "MATERIAL": "EMPEDRADO", "VIAS": 1, "CLASE": "PEATONAL", "ANCHO_1": "2.80" }, "geometry": { "type": "MultiLineString", "coordinates": [ [ [ -89.175789042383556, 13.658613687803712 ], [ -89.175749522660041, 13.658587449514378 ], [ -89.17556673997106, 13.658469874722346 ], [ -89.175457518077465, 13.658396948796648 ], [ -89.175386528107083, 13.658354265297676 ], [ -89.175319183053404, 13.658320482401107 ], [ -89.175264593585595, 13.658311617540038 ], [ -89.175148164878635, 13.658331288351182 ], [ -89.174989932335109, 13.658409746919668 ], [ -89.17490263738388, 13.658461444727321 ], [ -89.174873563897677, 13.658511322450501 ], [ -89.174860905009965, 13.658616385382146 ], [ -89.174922899886184, 13.658796178308949 ], [ -89.174949562286784, 13.658922378972177 ], [ -89.174871473394731, 13.658884197776761 ], [ -89.174789867087256, 13.658837033081451 ], [ -89.174746193765401, 13.658815701463741 ], [ -89.174619763642028, 13.658743833956127 ], [ -89.174474954387506, 13.658676477376787 ], [ -89.174317500538663, 13.658601258671597 ] ] ] } },
{ "type": "Feature", "properties": { "FID_1": 478, "NOMBRE_DE": "CALLE PRINCIPAL", "Text_1": "COLONIA BELLA VISTA", "ESTADO": "MALO", "MATERIAL": "TIERRA", "VIAS": 1, "CLASE": "VEHICULAR", "ANCHO_1": "3.20" }, "geometry": { "type": "MultiLineString", "coordinates": [ [ [ -89.177439189372024, 13.658853594568361 ], [ -89.177375135186963, 13.658822805553653 ], [ -89.177340337545417, 13.658812688878044 ], [ -89.177224100196668, 13.658779451521244 ], [ -89.177093793603007, 13.658735357545051 ], [ -89.176956839606774, 13.658711551827537 ], [ -89.17689352448528, 13.658678397599298 ], [ -89.176841969582171, 13.658616394595413 ], [ -89.176812863758045, 13.658549205525759 ], [ -89.176778484888303, 13.658494944203186 ], [ -89.176740162659939, 13.658467830108327 ], [ -89.176684684918172, 13.658454943807289 ], [ -89.176600149906079, 13.658444665802531 ], [ -89.176528822562943, 13.658433084016201 ], [ -89.176482588006778, 13.658420191585977 ], [ -89.176427345188486, 13.658390286984481 ], [ -89.176310243663664, 13.658264946876731 ], [ -89.176223785417676, 13.658189030792137 ], [ -89.176078826960435, 13.658080790397689 ], [ -89.176035273380492, 13.65807092034459 ], [ -89.175912384762952, 13.658037896771638 ], [ -89.175831400352607, 13.658023325997926 ], [ -89.175741698508389, 13.65801241694532 ], [ -89.175656974191497, 13.657995410303728 ], [ -89.175570998202133, 13.65797108852569 ], [ -89.175507443609675, 13.657943092992118 ], [ -89.175441386238717, 13.657900471087574 ], [ -89.175377824281554, 13.657860284213649 ], [ -89.175304303915041, 13.657832295734515 ], [ -89.175220826260059, 13.657816506192017 ], [ -89.175020330486419, 13.657787628813322 ], [ -89.174936706308287, 13.657783380144688 ], [ -89.174835538027452, 13.657858108292627 ], [ -89.17464937191383, 13.658054930166982 ], [ -89.17447691471277, 13.658305991247733 ], [ -89.174379967088072, 13.658465924642082 ], [ -89.174317497871769, 13.658597660805567 ] ] ] } },
{ "type": "Feature", "properties": { "FID_1": 483, "NOMBRE_DE": "CALLE 15 DE SEPTIEMBRE", "Text_1": "BARRIO CONCEPCION", "ESTADO": "BUENO", "MATERIAL": "ASFALTO", "VIAS": 2, "CLASE": "VEHICULAR", "ANCHO_1": "5.85" }, "geometry": { "type": "MultiLineString", "coordinates": [ [ [ -89.176613059443071, 13.656163129501968 ], [ -89.176702295630093, 13.656150589410526 ], [ -89.176883450190616, 13.656145319601755 ], [ -89.177111855258175, 13.656127170012477 ], [ -89.177220884852844, 13.65612680182404 ], [ -89.177359220717875, 13.656108027833493 ], [ -89.177406915450689, 13.656093986495332 ], [ -89.177521386651605, 13.656061222693959 ], [ -89.177769975985882, 13.656046994803239 ], [ -89.178005411769945, 13.656042057314968 ], [ -89.178315566766216, 13.65607361178694 ], [ -89.178473089595869, 13.656100513371106 ], [ -89.178612755811045, 13.656136959977232 ], [ -89.178797920315333, 13.656216277492433 ], [ -89.178983466687967, 13.656295347431623 ], [ -89.179074494332369, 13.656333642034543 ], [ -89.179228744504528, 13.656432739517699 ], [ -89.179313288697358, 13.656519485681818 ], [ -89.17941052288279, 13.656628959483919 ], [ -89.179469958787436, 13.65672508503784 ], [ -89.179514576782267, 13.656792549907394 ], [ -89.17957223271749, 13.656892918151442 ], [ -89.179713855551228, 13.657119899821165 ], [ -89.179795097647258, 13.657239908148046 ] ] ] } },
{ "type": "Feature", "properties": { "FID_1": 486, "NOMBRE_DE": "CALLE PRINCIPAL", "Text_1": "COLONIA SAN FRANCISCO", "ESTADO": "REGULAR", "MATERIAL": "ASFALTO", "VIAS": 2, "CLASE": "VEHICULAR", "ANCHO_1": "5.10" }, "geometry": { "type": "MultiLineString", "coordinates": [ [ [ -89.175893474821848, 13.657147920236746 ], [ -89.175874705318122, 13.656729176035242 ], [ -89.175872516573676, 13.656563448461908 ], [ -89.175883320895764, 13.656418901021041 ], [ -89.175887442414108, 13.65600755574064 ], [ -89.175874031190276, 13.65584285240752 ] ] ] } },
{ "type": "Feature", "properties": { "FID_1": 487, "NOMBRE_DE": "PASAJE SAN IGNACIO", "Text_1": "COL. SAN IGNACIO", "ESTADO": "REGULAR", "MATERIAL": "CONCRETO", "VIAS": 1, "CLASE": "PEATONAL", "ANCHO_1": "2.70" }, "geometry": { "type": "MultiLineString", "coordinates": [ [ [ -89.176122812406604, 13.656291176669688 ], [ -89.176127741681924, 13.656117841563582 ], [ -89.176121938784945, 13.655965148080753 ], [ -89.176113691775114, 13.655796329204859 ] ] ] } },
{ "type": "Feature", "properties": { "FID_1": 498, "NOMBRE_DE": "CALLE PRINCIPAL", "Text_1": "COLONIA SAN ANTONIO 2", "ESTADO": "REGULAR", "MATERIAL": "ADOQUIN", "VIAS": 2, "CLASE": "VEHICULAR", "ANCHO_1": "5.90" }, "geometry": { "type": "MultiLineString", "coordinates": [ [ [ -89.184873601651589, 13.656946909912891 ], [ -89.184891266598498, 13.656929595494844 ], [ -89.184976064071563, 13.656902969911803 ], [ -89.185320920097922, 13.656890198423426 ], [ -89.185458006400481, 13.656880305835593 ], [ -89.185568326779801, 13.656843044017647 ], [ -89.185694914070965, 13.656788067692316 ], [ -89.185778096598227, 13.656749055887891 ], [ -89.185870304318243, 13.656683482592443 ], [ -89.186162971758961, 13.656640770914619 ], [ -89.186233737048838, 13.65662018276627 ] ] ] } },
{ "type": "Feature", "properties": { "FID_1": 500, "NOMBRE_DE": "CALLE A LA BOMBA", "Text_1": "COL. SAN ANTONIO 2", "ESTADO": "BUENO", "MATERIAL": "ASFALTO", "VIAS": 2, "CLASE": "VEHICULAR", "ANCHO_1": "6.50" }, "geometry": { "type": "MultiLineString", "coordinates": [ [ [ -89.182764048306538, 13.657372542282904 ], [ -89.182866409400262, 13.657361778789323 ], [ -89.182931911552117, 13.657368660991569 ], [ -89.183034591651946, 13.6573807113525 ], [ -89.183112474133253, 13.657373722452636 ], [ -89.183169095573319, 13.657342497491396 ], [ -89.18325222206694, 13.657248888283709 ], [ -89.183340647737069, 13.65714314612546 ], [ -89.183418452328624, 13.657035680092594 ], [ -89.183478064553569, 13.657001974623794 ], [ -89.183634785318247, 13.657021027321466 ], [ -89.18389930568091, 13.657126265361665 ], [ -89.184075672106616, 13.65721878804662 ], [ -89.184235735422348, 13.65733688110255 ], [ -89.184359854763755, 13.657416036028083 ], [ -89.184500293515811, 13.65748941566207 ], [ -89.184647290618528, 13.657597933688837 ], [ -89.184787784800406, 13.657741603221327 ], [ -89.184918489032867, 13.657888474337209 ], [ -89.185036145760051, 13.658051328920251 ], [ -89.18509857373455, 13.658153826774742 ], [ -89.185205410926457, 13.658331256872598 ], [ -89.18534425419837, 13.658504486486171 ], [ -89.185459043398552, 13.658638794566468 ], [ -89.185598384793096, 13.658765769717851 ], [ -89.185704853910323, 13.658871334687557 ], [ -89.185794106666251, 13.658966194327098 ] ] ] } },
{ "type": "Feature", "properties": { "FID_1": 504, "NOMBRE_DE": "CALLE 25 DE ABRIL PTE.", "Text_1": "BARRIO SAN JOSE", "ESTADO": "BUENO", "MATERIAL": "ASFALTO", "VIAS": 2, "CLASE": "VEHICULAR", "ANCHO_1": "5.60" }, "geometry": { "type": "MultiLineString", "coordinates": [ [ [ -89.184790569734659, 13.658871838172821 ], [ -89.184766445719148, 13.658846875513239 ], [ -89.184616308755452, 13.658698776498984 ], [ -89.184548918120797, 13.658623106114241 ], [ -89.184382631839355, 13.658460620439262 ], [ -89.184342418587647, 13.658406595706422 ], [ -89.184294687889803, 13.658369776181914 ], [ -89.184161506554275, 13.658220733473772 ], [ -89.184043408165252, 13.658095513095049 ], [ -89.183973050636624, 13.65801939845152 ], [ -89.183900190339827, 13.657953112415324 ], [ -89.183859962482629, 13.657879431894639 ], [ -89.183736866696947, 13.657786157025857 ], [ -89.183612942218716, 13.657717392779633 ], [ -89.183562436205264, 13.657692240733233 ], [ -89.183430920578971, 13.657617742247313 ], [ -89.183360611582827, 13.657586793395502 ], [ -89.183259603080245, 13.657542304582037 ], [ -89.183144461340888, 13.657487628759213 ], [ -89.182948783353083, 13.657427602357258 ], [ -89.182809018938059, 13.657390784239796 ], [ -89.182764048306538, 13.657372542282904 ], [ -89.182718161768761, 13.657353929157278 ], [ -89.182618929142578, 13.657329386325655 ], [ -89.182537569153823, 13.657322499260738 ] ] ] } },
{ "type": "Feature", "properties": { "FID_1": 534, "NOMBRE_DE": "CALLE PRINCIPAL VILAS DE SAN MARCOS", "Text_1": "VILLAS DE SAN MARCOS", "ESTADO": "BUENO", "MATERIAL": "CONCRETO", "VIAS": 1, "CLASE": "PEATONAL", "ANCHO_1": "2.60" }, "geometry": { "type": "MultiLineString", "coordinates": [ [ [ -89.183440202166565, 13.656274062654006 ], [ -89.183360057721103, 13.656229571555794 ], [ -89.183315671871839, 13.656212233487967 ], [ -89.183198921714833, 13.656161061034572 ], [ -89.183179744194149, 13.656154196259825 ], [ -89.183112426549641, 13.656127988564256 ], [ -89.18305014747132, 13.656112059554879 ], [ -89.183015053393845, 13.6560962854384 ] ] ] } },
{ "type": "Feature", "properties": { "FID_1": 540, "NOMBRE_DE": "PASAJE PRINCIPAL", "Text_1": "COMUNIDAD GUADALUPE 7", "ESTADO": "BUENO", "MATERIAL": "CONCRETO", "VIAS": 1, "CLASE": "PEATONAL", "ANCHO_1": "3.40" }, "geometry": { "type": "MultiLineString", "coordinates": [ [ [ -89.183818982222689, 13.657321655092611 ], [ -89.183756090776086, 13.657308026176903 ], [ -89.183637292209866, 13.657279398193046 ], [ -89.183471021244131, 13.657298667151716 ], [ -89.183426310495733, 13.657305537085294 ], [ -89.183359246094042, 13.657315161179977 ], [ -89.183342483535185, 13.657323377353352 ], [ -89.183293606183454, 13.657361704595527 ], [ -89.183184670995004, 13.657438367379349 ], [ -89.183144461340888, 13.657487628759213 ] ] ] } },
{ "type": "Feature", "properties": { "FID_1": 547, "NOMBRE_DE": "PASAJE SAN JOSE", "Text_1": "COL. SAN ANTONIO 2", "ESTADO": "REGULAR", "MATERIAL": "EMPEDRADO", "VIAS": 1, "CLASE": "PEATONAL", "ANCHO_1": "3.80" }, "geometry": { "type": "MultiLineString", "coordinates": [ [ [ -89.186263249552155, 13.659353400851893 ], [ -89.186083719806135, 13.659355251209849 ] ] ] } },
{ "type": "Feature", "properties": { "FID_1": 557, "NOMBRE_DE": "CALLE PRINCIPAL", "Text_1": "COLONIA TEPEYAC", "ESTADO": "MALO", "MATERIAL": "TIERRA", "VIAS": 1, "CLASE": "PEATONAL", "ANCHO_1": "3.00" }, "geometry": { "type": "MultiLineString", "coordinates": [ [ [ -89.18649375844673, 13.659798327786286 ], [ -89.18657145986711, 13.659817187502973 ], [ -89.186671452324134, 13.659767272780551 ], [ -89.186804171414622, 13.659701315857363 ], [ -89.186905993945416, 13.659665639396581 ], [ -89.187020539935546, 13.659619272993258 ], [ -89.187084173523289, 13.659588965886499 ], [ -89.187195053109292, 13.659505226094627 ], [ -89.187317402600527, 13.659325200469052 ], [ -89.187498741022637, 13.659060230328821 ], [ -89.187669814709793, 13.658808676232001 ], [ -89.187715057551316, 13.658751392697694 ] ] ] } },
{ "type": "Feature", "properties": { "FID_1": 571, "NOMBRE_DE": "CALLE PRINCIPAL", "Text_1": "COLONIA SAN ANTONIO 7", "ESTADO": "BUENO", "MATERIAL": "CONCRETO", "VIAS": 2, "CLASE": "VEHICULAR", "ANCHO_1": "5.00" }, "geometry": { "type": "MultiLineString", "coordinates": [ [ [ -89.185942237088042, 13.653070671322135 ], [ -89.185852671994411, 13.653052528126143 ], [ -89.185674766784516, 13.653020630963113 ], [ -89.185468397548291, 13.652984577111967 ], [ -89.185239255367861, 13.652942969538152 ], [ -89.184905792914378, 13.652877722666375 ], [ -89.184731947787185, 13.652853550868363 ], [ -89.184552592886348, 13.65284018417363 ], [ -89.184450514125587, 13.652852411989077 ] ] ] } },
{ "type": "Feature", "properties": { "FID_1": 576, "NOMBRE_DE": "PASAJE 2", "Text_1": "COLONIA SAN ANTONIO 7", "ESTADO": "MALO", "MATERIAL": "TIERRA", "VIAS": 1, "CLASE": "VEHICULAR", "ANCHO_1": "3.70" }, "geometry": { "type": "MultiLineString", "coordinates": [ [ [ -89.186038999239543, 13.652699567873332 ], [ -89.185914790350921, 13.652685845063084 ], [ -89.185678377239313, 13.652665137569107 ], [ -89.185412412063457, 13.652641238883504 ], [ -89.185171066522358, 13.652610894875311 ], [ -89.184852040578008, 13.652587827418134 ] ] ] } },
{ "type": "Feature", "properties": { "FID_1": 578, "NOMBRE_DE": "PASAJE N.3", "Text_1": "COLONIA SAN ANTONIO 7", "ESTADO": "MALO", "MATERIAL": "TIERRA", "VIAS": 1, "CLASE": "VEHICULAR", "ANCHO_1": "5.30" }, "geometry": { "type": "MultiLineString", "coordinates": [ [ [ -89.186111698546824, 13.652397511432438 ], [ -89.185972396115062, 13.652390221182419 ], [ -89.185652864340454, 13.652362598953369 ], [ -89.185273221976743, 13.652328829677867 ], [ -89.185083868927549, 13.652307300522855 ], [ -89.18501900455945, 13.652290321534972 ], [ -89.184987842678709, 13.652277365281929 ] ] ] } },
{ "type": "Feature", "properties": { "FID_1": 582, "NOMBRE_DE": "CALLE EL CARMEN", "Text_1": "URBANIZACION EL CARMEN", "ESTADO": "BUENO", "MATERIAL": "ASFALTO", "VIAS": 2, "CLASE": "VEHICULAR", "ANCHO_1": "6.00" }, "geometry": { "type": "MultiLineString", "coordinates": [ [ [ -89.184450509203941, 13.652846136903992 ], [ -89.184330455856298, 13.652838525161588 ], [ -89.18412465376673, 13.652795908719781 ], [ -89.183667509107309, 13.652689324026033 ], [ -89.183372438560625, 13.652593310334208 ] ] ] } },
{ "type": "Feature", "properties": { "FID_1": 591, "NOMBRE_DE": "AVENIDA COLONIAL", "Text_1": "AVENIDA COLONIAL", "ESTADO": "REGULAR", "MATERIAL": "ASFALTO", "VIAS": 2, "CLASE": "VEHICULAR", "ANCHO_1": "6.30" }, "geometry": { "type": "MultiLineString", "coordinates": [ [ [ -89.182544945958384, 13.65711596694727 ], [ -89.182576682770986, 13.657042182027967 ], [ -89.182624112129503, 13.656929210831878 ], [ -89.182635908981908, 13.656822909579903 ], [ -89.182644299702062, 13.656701665492042 ], [ -89.182661575260198, 13.656356694445801 ], [ -89.182669366626484, 13.656201065426963 ], [ -89.182672691818425, 13.656110375100802 ], [ -89.182657679637941, 13.6559679164848 ], [ -89.182648187163508, 13.655908295445974 ], [ -89.18263200112429, 13.655709320606512 ], [ -89.182621273036347, 13.655591402525596 ], [ -89.182600982107402, 13.655485934981799 ], [ -89.18255195379092, 13.655243688197352 ], [ -89.182527716719278, 13.655129535512806 ], [ -89.182542988185602, 13.655005867690054 ], [ -89.182565077384226, 13.654865481814099 ], [ -89.182592215391452, 13.654816257814092 ], [ -89.182713920643948, 13.654586214564924 ], [ -89.182764444813969, 13.654467291571926 ], [ -89.18281152175625, 13.654255906263987 ], [ -89.182922672629729, 13.653994936215998 ], [ -89.183004400536362, 13.653858414670125 ], [ -89.183065787427267, 13.653735620020385 ], [ -89.183127175945231, 13.65361282369836 ], [ -89.183203209583354, 13.653348011192993 ], [ -89.183262398424247, 13.65308779412994 ], [ -89.183323723685717, 13.652841500191791 ], [ -89.183335388158056, 13.652701380748907 ], [ -89.183372438713619, 13.65259331064291 ], [ -89.183438050936132, 13.652434884951289 ], [ -89.183536940146951, 13.652144816972626 ], [ -89.183605191776223, 13.651993640166433 ], [ -89.183697671862319, 13.651798085802666 ], [ -89.183817123566484, 13.651459804772108 ], [ -89.18393840557556, 13.651117931890369 ], [ -89.184023883543205, 13.650881346040309 ], [ -89.184058207023014, 13.650779062918033 ], [ -89.184092038671082, 13.650652440007203 ], [ -89.184119530038245, 13.650556953333057 ], [ -89.184413681519345, 13.650110341404471 ] ] ] } },
{ "type": "Feature", "properties": { "FID_1": 620, "NOMBRE_DE": "PASAJE LOS OLIVOS", "Text_1": "COL. SANTA LEONOR Y SANTA PAULA", "ESTADO": "BUENO", "MATERIAL": "CONCRETO", "VIAS": 1, "CLASE": "PEATONAL", "ANCHO_1": "4.90" }, "geometry": { "type": "MultiLineString", "coordinates": [ [ [ -89.181131489940071, 13.651165168945187 ], [ -89.181070534869988, 13.651201754228406 ], [ -89.18093863261619, 13.651228647604972 ], [ -89.180858989493117, 13.651239668311032 ], [ -89.180710889251003, 13.651242213216433 ], [ -89.180521711190963, 13.651235044086661 ] ] ] } },
{ "type": "Feature", "properties": { "FID_1": 623, "NOMBRE_DE": "AVENIDA EL CONDOR", "Text_1": "COL. MARABU", "ESTADO": "MALO", "MATERIAL": "TIERRA", "VIAS": 2, "CLASE": "VEHICULAR", "ANCHO_1": "4.90" }, "geometry": { "type": "MultiLineString", "coordinates": [ [ [ -89.181246076265921, 13.650689162357091 ], [ -89.18116380385797, 13.650680438923409 ], [ -89.181069533936636, 13.650632202100823 ], [ -89.181038211542415, 13.650504387370704 ], [ -89.181011378263051, 13.6503944574314 ], [ -89.180971111993017, 13.650208619427103 ], [ -89.180928130364791, 13.649970426073809 ], [ -89.180951982813454, 13.649682446191044 ], [ -89.180935134223844, 13.649453588664059 ] ] ] } },
{ "type": "Feature", "properties": { "FID_1": 632, "NOMBRE_DE": "CALLE PRINCIPAL", "Text_1": "COLONIA LAS MERCEDES", "ESTADO": "BUENO", "MATERIAL": "ASFALTO", "VIAS": 2, "CLASE": "VEHICULAR", "ANCHO_1": "5.60" }, "geometry": { "type": "MultiLineString", "coordinates": [ [ [ -89.178103017796616, 13.651835132571895 ], [ -89.178087150263991, 13.65183825119945 ], [ -89.177922724371967, 13.65185048264477 ], [ -89.177783059667192, 13.651874464246381 ], [ -89.17772924976758, 13.651877077895035 ], [ -89.177650444402417, 13.651889406149152 ], [ -89.177600309550584, 13.651913984432195 ], [ -89.177530461814769, 13.651928058355756 ], [ -89.177474939322494, 13.65193686428549 ], [ -89.17737284553894, 13.651943949966251 ], [ -89.177254621385188, 13.651942281931555 ], [ -89.17718654816818, 13.651933566793051 ], [ -89.177082619292278, 13.651884556413544 ], [ -89.176907192794758, 13.651771892876789 ], [ -89.176812398326319, 13.651708958248271 ], [ -89.176704562093008, 13.651643799701072 ], [ -89.176642122410016, 13.651596652177373 ], [ -89.176585361622273, 13.65155505445477 ], [ -89.176527177479358, 13.651505128829264 ], [ -89.176477507338831, 13.651464912396333 ], [ -89.176409415654874, 13.651444140905477 ], [ -89.176223594578374, 13.651404022055285 ], [ -89.176117213932272, 13.651386054590919 ], [ -89.17603777677202, 13.651366679734082 ], [ -89.175992382834309, 13.651354220237842 ], [ -89.175942735841915, 13.651341763776335 ], [ -89.175846259037826, 13.651293252340707 ], [ -89.1756633135047, 13.65119257882516 ], [ -89.175580523149861, 13.65115047700945 ], [ -89.175527219667401, 13.651121668131021 ], [ -89.17543648366717, 13.651066259030459 ], [ -89.1753707096357, 13.651036349007915 ], [ -89.175307239414991, 13.651034987998072 ], [ -89.175233239840253, 13.651046183839492 ], [ -89.175149280086728, 13.651061564725325 ], [ -89.175106590379784, 13.651071344097438 ], [ -89.175073046332827, 13.651163474808918 ] ], [ [ -89.180430946805785, 13.656167337355731 ], [ -89.180354130002442, 13.656098130298032 ], [ -89.180329859178343, 13.65608288495717 ], [ -89.180184282379201, 13.656054164601123 ], [ -89.180085491157882, 13.656023712342199 ], [ -89.180002286639976, 13.655984770216001 ], [ -89.179908690240197, 13.655949225266653 ], [ -89.179898264942196, 13.655911925754003 ], [ -89.179929417025278, 13.655862725595274 ], [ -89.180099165369015, 13.655779506430207 ], [ -89.180308750221855, 13.655671500163876 ], [ -89.1804161232577, 13.655591719970328 ], [ -89.180433746494259, 13.655532512581052 ], [ -89.180405743273852, 13.655451784570543 ], [ -89.180348274155961, 13.655346378869467 ], [ -89.1803377153974, 13.655320487933386 ], [ -89.180336529909241, 13.655303296943275 ], [ -89.180356412976934, 13.655268898090755 ], [ -89.180432440385928, 13.655140469409597 ], [ -89.180450561781683, 13.655090573803264 ] ] ] } },
{ "type": "Feature", "properties": { "FID_1": 634, "NOMBRE_DE": "PASAJE ALEJANDRO RECINOS", "Text_1": "LAS MERCEDES", "ESTADO": "BUENO", "MATERIAL": "CONCRETO", "VIAS": 2, "CLASE": "VEHICULAR", "ANCHO_1": "6.15" }, "geometry": { "type": "MultiLineString", "coordinates": [ [ [ -89.181195185478202, 13.654969157680911 ], [ -89.181098080686183, 13.654987702890397 ], [ -89.180932310853876, 13.655020018411085 ], [ -89.180823113909639, 13.655041988807552 ], [ -89.180665230516496, 13.655061421280836 ], [ -89.180463902025295, 13.65505384264762 ], [ -89.18037607887274, 13.655038154037372 ], [ -89.180205599451469, 13.654995468745174 ], [ -89.180157729276473, 13.654983238027816 ], [ -89.179863609751862, 13.654909652240553 ], [ -89.179714233795977, 13.654867132126661 ], [ -89.179611541672884, 13.654842848800493 ], [ -89.179393705950901, 13.654785155065788 ], [ -89.179310036270024, 13.654748788898129 ], [ -89.179308813513885, 13.654747728883951 ] ] ] } },
{ "type": "Feature", "properties": { "FID_1": 638, "NOMBRE_DE": "AVENIDA MERCEDES GRANDE", "Text_1": "LAS MERCEDES", "ESTADO": "REGULAR", "MATERIAL": "CONCRETO", "VIAS": 2, "CLASE": "VEHICULAR", "ANCHO_1": "6.30" }, "geometry": { "type": "MultiLineString", "coordinates": [ [ [ -89.179781724069784, 13.654515135826514 ], [ -89.179875134623771, 13.654202773796674 ], [ -89.179902496541104, 13.654106093224337 ], [ -89.179923298485662, 13.65404163763437 ], [ -89.179910038080905, 13.653922432648935 ], [ -89.179882548855034, 13.653852642355844 ], [ -89.179852792084915, 13.653687797571928 ], [ -89.179842850312454, 13.65360295835278 ], [ -89.179826870837317, 13.653503141126071 ], [ -89.179790395610638, 13.653329777919744 ], [ -89.17971062089093, 13.652969718791446 ], [ -89.179677317789782, 13.652755744764862 ] ] ] } },
{ "type": "Feature", "properties": { "FID_1": 642, "NOMBRE_DE": "CALLE 15 DE SEPTIEMBRE", "Text_1": "COL. SAN IGNACIO", "ESTADO": "BUENO", "MATERIAL": "ASFALTO", "VIAS": 2, "CLASE": "VEHICULAR", "ANCHO_1": "8.00" }, "geometry": { "type": "MultiLineString", "coordinates": [ [ [ -89.177111855328832, 13.656127168749839 ], [ -89.177017055264656, 13.655752098065896 ] ] ] } },
{ "type": "Feature", "properties": { "FID_1": 657, "NOMBRE_DE": "PASAJE S/N", "Text_1": "BRISAS DE SAN MARCOS", "ESTADO": "BUENO", "MATERIAL": "ADOQUIN", "VIAS": 2, "CLASE": "VEHICULAR", "ANCHO_1": "7.15" }, "geometry": { "type": "MultiLineString", "coordinates": [ [ [ -89.178794520402874, 13.655389218696778 ], [ -89.178808915388885, 13.655024306296024 ], [ -89.178847697613364, 13.65467008948165 ] ] ] } },
{ "type": "Feature", "properties": { "FID_1": 664, "NOMBRE_DE": "CALLE PRINCIPAL", "Text_1": "COLONIA EL CARMEN", "ESTADO": "REGULAR", "MATERIAL": "ADOQUIN", "VIAS": 2, "CLASE": "VEHICULAR", "ANCHO_1": "5.60" }, "geometry": { "type": "MultiLineString", "coordinates": [ [ [ -89.174182512324549, 13.655147760653902 ], [ -89.174128657653668, 13.655107413780433 ], [ -89.17408376607122, 13.655057277906506 ], [ -89.174031154913152, 13.654957908329573 ], [ -89.173981528897841, 13.654892337208336 ], [ -89.173936889530779, 13.654823851817257 ], [ -89.173909276768768, 13.654756104128072 ], [ -89.17388212117271, 13.654686323123427 ], [ -89.173840677545869, 13.654581652664168 ], [ -89.173792103391051, 13.654481174035737 ], [ -89.173685379782427, 13.65437857604466 ], [ -89.173589985874585, 13.654302477758689 ], [ -89.173445950900131, 13.654228317088931 ], [ -89.173338909322709, 13.654188406401095 ], [ -89.173261281523352, 13.654143391092536 ], [ -89.173175970271899, 13.654100964197406 ], [ -89.173127010361995, 13.654075997043959 ], [ -89.173050006405035, 13.654032266674204 ], [ -89.173003263684151, 13.653983608786191 ], [ -89.172947916964247, 13.653921633000664 ], [ -89.17291274834497, 13.653882195676992 ], [ -89.172877579172123, 13.653842756693541 ], [ -89.172818705002413, 13.6537294764524 ], [ -89.172763738100599, 13.653592295210073 ], [ -89.172718354734101, 13.653413296058782 ] ] ] } },
{ "type": "Feature", "properties": { "FID_1": 665, "NOMBRE_DE": "CALLE CIRCUNVALACION", "Text_1": "LOT. EL CARMEN 1", "ESTADO": "MALO", "MATERIAL": "TIERRA", "VIAS": 1, "CLASE": "PEATONAL", "ANCHO_1": "2.90" }, "geometry": { "type": "MultiLineString", "coordinates": [ [ [ -89.173047516452698, 13.653750081293929 ], [ -89.173023407888891, 13.653651051073911 ], [ -89.172985463882199, 13.653525697940522 ], [ -89.172969364794326, 13.653410302831453 ], [ -89.172963482241329, 13.653329803453296 ], [ -89.172991100150881, 13.653271368424193 ], [ -89.173014355782584, 13.653220060314718 ], [ -89.17303904312719, 13.653135981467145 ], [ -89.173092776874924, 13.652956422529103 ], [ -89.173127606114505, 13.652805939039464 ] ] ] } },
{ "type": "Feature", "properties": { "FID_1": 666, "NOMBRE_DE": "CALLE CIRCUNVALACION", "Text_1": "EL CARMEN 1", "ESTADO": "REGULAR", "MATERIAL": "ADOQUIN", "VIAS": 2, "CLASE": "VEHICULAR", "ANCHO_1": "3.80" }, "geometry": { "type": "MultiLineString", "coordinates": [ [ [ -89.172915353867211, 13.652778775420391 ], [ -89.172967163539923, 13.652694688915435 ], [ -89.172992772808726, 13.652610927175763 ], [ -89.173035497193169, 13.652528828265014 ], [ -89.173151734841895, 13.652342835374151 ] ] ] } },
{ "type": "Feature", "properties": { "FID_1": 667, "NOMBRE_DE": "PASAJE # 2", "Text_1": "LOT. EL CARMEN 1", "ESTADO": "BUENO", "MATERIAL": "CONCRETO", "VIAS": 1, "CLASE": "PEATONAL - GRAD", "ANCHO_1": "2.20" }, "geometry": { "type": "MultiLineString", "coordinates": [ [ [ -89.17407582069589, 13.65332658866711 ], [ -89.17391447852971, 13.653233082712251 ], [ -89.173726597295385, 13.653134107158577 ], [ -89.173579236267045, 13.653053121159605 ], [ -89.173455648765085, 13.652987030889957 ] ] ] } },
{ "type": "Feature", "properties": { "FID_1": 678, "NOMBRE_DE": "AVENIDA MEXICO", "Text_1": "EL CARMEN", "ESTADO": "REGULAR", "MATERIAL": "CONCRETO", "VIAS": 1, "CLASE": "PEATONAL", "ANCHO_1": "5.50" }, "geometry": { "type": "MultiLineString", "coordinates": [ [ [ -89.172614318806453, 13.653946694133074 ], [ -89.172597577263261, 13.653909935539643 ], [ -89.172605220940625, 13.653826979808235 ], [ -89.172609927185917, 13.653678041437356 ], [ -89.172611506821923, 13.653664239725799 ], [ -89.17263601444516, 13.653548898252085 ], [ -89.172718354734101, 13.653413296058782 ], [ -89.17274038186352, 13.653347293126471 ], [ -89.172756714769889, 13.653262470975379 ], [ -89.172764860446847, 13.653192552495637 ], [ -89.172819779136191, 13.653012449550982 ], [ -89.172839861022965, 13.652953349656517 ], [ -89.172915353544681, 13.652778336755853 ] ] ] } },
{ "type": "Feature", "properties": { "FID_1": 679, "NOMBRE_DE": "AVENIDA LOS VIDALES", "Text_1": "URB, LOS ALPES 2", "ESTADO": "BUENO", "MATERIAL": "ASFALTO", "VIAS": 2, "CLASE": "PEATONAL", "ANCHO_1": "5.30" }, "geometry": { "type": "MultiLineString", "coordinates": [ [ [ -89.172764861365735, 13.653192552343311 ], [ -89.17263165452718, 13.653193418642344 ], [ -89.172452358543168, 13.653188173039025 ], [ -89.172304159, 13.653175743643766 ], [ -89.172113871559731, 13.653150810340307 ], [ -89.172062632170537, 13.65313294151168 ], [ -89.172007720673221, 13.653097170554963 ], [ -89.171950963973742, 13.653039915252732 ], [ -89.171934459118503, 13.652986212734801 ], [ -89.171930747741257, 13.652914596584752 ], [ -89.171947523724839, 13.652847083505517 ] ] ] } },
{ "type": "Feature", "properties": { "FID_1": 685, "NOMBRE_DE": "CALLE PRINCIPAL", "Text_1": "LOT. EL CARMEN 2", "ESTADO": "BUENO", "MATERIAL": "ADOQUIN", "VIAS": 2, "CLASE": "VEHICULAR", "ANCHO_1": "4.50" }, "geometry": { "type": "MultiLineString", "coordinates": [ [ [ -89.173126720255667, 13.651941943022557 ], [ -89.173105680086792, 13.651835034312949 ], [ -89.173080428950541, 13.651660060033951 ], [ -89.173075169114242, 13.651603884635076 ] ] ] } },
{ "type": "Feature", "properties": { "FID_1": 691, "NOMBRE_DE": "PASAJE SAN ANTONIO", "Text_1": "LOT. EL CARMEN 1 Y 2", "ESTADO": "MALO", "MATERIAL": "TIERRA", "VIAS": 1, "CLASE": "PEATONAL", "ANCHO_1": "3.80" }, "geometry": { "type": "MultiLineString", "coordinates": [ [ [ -89.175221037810829, 13.652383794629165 ], [ -89.175147087680685, 13.652315760654865 ], [ -89.175051876746593, 13.652236399534614 ], [ -89.174907656081118, 13.652113252807373 ], [ -89.174832048855734, 13.652053051200379 ], [ -89.174795649641467, 13.652027057572839 ], [ -89.174690690418544, 13.652012067624204 ], [ -89.174585748040357, 13.652018990318536 ], [ -89.174466327461673, 13.652028916727332 ], [ -89.174406084269293, 13.652037213893744 ], [ -89.174314507599078, 13.652039637865458 ], [ -89.174262118113617, 13.652032731981569 ] ] ] } },
{ "type": "Feature", "properties": { "FID_1": 693, "NOMBRE_DE": "CALLE PRINCIPAL", "Text_1": "COL. EL CARMEN", "ESTADO": "BUENO", "MATERIAL": "ASFALTO", "VIAS": 2, "CLASE": "VEHICULAR", "ANCHO_1": "5.80" }, "geometry": { "type": "MultiLineString", "coordinates": [ [ [ -89.172877579172123, 13.653842756693541 ], [ -89.17282773043506, 13.653845674880733 ], [ -89.172736238293098, 13.653858936215428 ], [ -89.17266786578621, 13.653878779532921 ], [ -89.17261395786376, 13.653918407978308 ], [ -89.172614318806453, 13.653946694133074 ], [ -89.172605096364563, 13.654054636048942 ], [ -89.172578289770016, 13.654150758695199 ], [ -89.172552670939481, 13.654247996028063 ], [ -89.172545633115206, 13.654292492254875 ], [ -89.172497804346094, 13.654517485282733 ] ] ] } },
{ "type": "Feature", "properties": { "FID_1": 698, "NOMBRE_DE": "CALLE PRINCIPAL", "Text_1": "COL. EL CARMEN", "ESTADO": "BUENO", "MATERIAL": "ASFALTO", "VIAS": 2, "CLASE": "VEHICULAR", "ANCHO_1": "6.30" }, "geometry": { "type": "MultiLineString", "coordinates": [ [ [ -89.172953490476985, 13.654907098463202 ], [ -89.172968840015542, 13.654859638305092 ], [ -89.173006389140909, 13.654814995369117 ], [ -89.173063894449655, 13.654730448216167 ], [ -89.173189135751983, 13.654496958013192 ], [ -89.173273301300767, 13.654321847060682 ], [ -89.173338909322709, 13.654188406401095 ], [ -89.173395781654818, 13.654121058646259 ], [ -89.173482173637183, 13.653957461539354 ] ] ] } },
{ "type": "Feature", "properties": { "FID_1": 706, "NOMBRE_DE": "CALLE PRINCIPAL COM. EL PEPETO", "Text_1": "COMUNIDAD EL PEPETO", "ESTADO": "BUENO", "MATERIAL": "CONCRETO", "VIAS": 1, "CLASE": "PEATONAL - GRAD", "ANCHO_1": "2.00" }, "geometry": { "type": "MultiLineString", "coordinates": [ [ [ -89.169122766064831, 13.657403420959826 ], [ -89.169095963797659, 13.657358213805329 ], [ -89.169086179222091, 13.657342719063161 ], [ -89.16908718354928, 13.657333484135133 ], [ -89.169102330055438, 13.657306098161454 ], [ -89.169138605962672, 13.657224706770648 ], [ -89.169167019785647, 13.657170776888785 ], [ -89.169177724174915, 13.657141123749227 ], [ -89.169184434483682, 13.657133623831546 ], [ -89.169193421766522, 13.657101876542621 ], [ -89.16921093698582, 13.657062525469374 ], [ -89.169222979684662, 13.657014256732971 ], [ -89.169238542559327, 13.656965001904643 ], [ -89.169273792940558, 13.65684314175717 ], [ -89.169314421170455, 13.656690447640285 ], [ -89.169300502562749, 13.656679760447046 ], [ -89.169305442227397, 13.656638915763583 ], [ -89.169310393500567, 13.656616548374643 ], [ -89.169325297313819, 13.656616538112996 ], [ -89.169332236110478, 13.656592619649405 ], [ -89.16934709440747, 13.656529403603116 ], [ -89.169390692535615, 13.65636067302013 ], [ -89.16938571115945, 13.656341228168724 ], [ -89.169385695751558, 13.656319836282117 ], [ -89.169400387183103, 13.656296778634172 ], [ -89.169413930573853, 13.656261993334146 ], [ -89.16943726952384, 13.656192212912115 ], [ -89.169468423576674, 13.656094120835853 ], [ -89.16949885512382, 13.656001002214312 ], [ -89.16951864872496, 13.655948211959474 ], [ -89.169542650476245, 13.655898755992833 ], [ -89.169590854501308, 13.655800230650831 ], [ -89.169618054327543, 13.65574285291731 ], [ -89.169658603180494, 13.655660563099046 ], [ -89.169695776727679, 13.655583021266587 ], [ -89.169684347416663, 13.655576537381197 ], [ -89.169738690996908, 13.655507744579305 ] ] ] } },
{ "type": "Feature", "properties": { "FID_1": 710, "NOMBRE_DE": "CALLE SIERRA NEVADA", "Text_1": "COLONIA LOS ALPES 1", "ESTADO": "MALO", "MATERIAL": "TIERRA", "VIAS": 2, "CLASE": "VEHICULAR", "ANCHO_1": "5.10" }, "geometry": { "type": "MultiLineString", "coordinates": [ [ [ -89.173052957275004, 13.657427535887992 ], [ -89.172770150342643, 13.657393663283051 ], [ -89.172424715249363, 13.657364932468152 ], [ -89.171661459668073, 13.657288199632914 ], [ -89.171613924589607, 13.657301493303558 ], [ -89.171546321558239, 13.657295724524015 ], [ -89.171290757563696, 13.657258826691846 ], [ -89.170875099227644, 13.657202412858148 ], [ -89.170819803528786, 13.657167454628347 ], [ -89.170651252880546, 13.657151608413788 ], [ -89.170450097520998, 13.657155296963657 ], [ -89.170367260415361, 13.657172531880052 ], [ -89.170012384238206, 13.657221835124851 ], [ -89.16970200006314, 13.657268039745039 ], [ -89.169548853371523, 13.657283840496003 ], [ -89.169547664196756, 13.657284118192896 ] ] ] } },
{ "type": "Feature", "properties": { "FID_1": 724, "NOMBRE_DE": "PASAJE 1", "Text_1": "COL. BUENOS AIRES", "ESTADO": "MALO", "MATERIAL": "TIERRA", "VIAS": 1, "CLASE": "PEATONAL", "ANCHO_1": "2.70" }, "geometry": { "type": "MultiLineString", "coordinates": [ [ [ -89.166834025334737, 13.656606943855429 ], [ -89.166741374365387, 13.656595859737195 ], [ -89.166687324513319, 13.656585577513468 ], [ -89.16664646869846, 13.656594635314606 ], [ -89.166587158578395, 13.656598545626277 ], [ -89.1665423290696, 13.65657922535804 ], [ -89.166411773963631, 13.656490307450408 ], [ -89.166330718193024, 13.65643148119543 ], [ -89.166305343003501, 13.656380245523819 ], [ -89.166239968222385, 13.656309051813208 ], [ -89.166157793011209, 13.656237871643881 ], [ -89.166073765014289, 13.656184043995728 ], [ -89.165997216830021, 13.656152130033723 ] ] ] } },
{ "type": "Feature", "properties": { "FID_1": 731, "NOMBRE_DE": "PASAJE LA PEDRERA", "Text_1": "LOS ALPES", "ESTADO": "MALO", "MATERIAL": "TIERRA", "VIAS": 1, "CLASE": "PEATONAL", "ANCHO_1": "4.45" }, "geometry": { "type": "MultiLineString", "coordinates": [ [ [ -89.169497860007667, 13.658833450817054 ], [ -89.169475590034679, 13.658774831904601 ], [ -89.169458152774382, 13.658707837612425 ], [ -89.169441804633493, 13.658644033345077 ], [ -89.169381937366481, 13.658515379930513 ], [ -89.169338116761637, 13.658450956099001 ], [ -89.169302961744009, 13.658402802260284 ], [ -89.169262685099852, 13.658355054079397 ], [ -89.169223033337531, 13.658258883935249 ], [ -89.169172426983636, 13.658117461936277 ], [ -89.169139819458977, 13.657994732096437 ], [ -89.169130501005682, 13.657956852002677 ], [ -89.169087076674259, 13.657865954256945 ], [ -89.169057627302678, 13.657828088000745 ], [ -89.169006500656735, 13.657793267560132 ], [ -89.168835632109108, 13.657728693757329 ] ] ] } },
{ "type": "Feature", "properties": { "FID_1": 745, "NOMBRE_DE": "CALLE PRINCIPAL COL GALVEZ", "Text_1": "COLONIA GALVEZ", "ESTADO": "BUENO", "MATERIAL": "ASFALTO", "VIAS": 2, "CLASE": "VEHICULAR", "ANCHO_1": "7.50" }, "geometry": { "type": "MultiLineString", "coordinates": [ [ [ -89.162266896751433, 13.661845802669715 ], [ -89.162334126231301, 13.66168399532436 ], [ -89.162345764259953, 13.661655985365561 ], [ -89.162466693715544, 13.661523535620308 ], [ -89.162559080503286, 13.661293569240998 ], [ -89.162616135096073, 13.661212798987162 ], [ -89.162623086702382, 13.661202958257441 ], [ -89.162781435357843, 13.661112418887978 ], [ -89.16279387139727, 13.661105308161364 ], [ -89.162943028255796, 13.661033067805461 ], [ -89.163076235425493, 13.660946032153488 ], [ -89.163102711329358, 13.660923592691775 ], [ -89.163202592597841, 13.660838936455448 ], [ -89.163261434601736, 13.660763720411513 ], [ -89.16328111660836, 13.660738558974233 ], [ -89.163318619207672, 13.660614800383486 ], [ -89.163421025863315, 13.660460902159883 ], [ -89.163492735747866, 13.660390627296664 ], [ -89.163677205195441, 13.660313588662898 ], [ -89.163895842382175, 13.660233184413684 ], [ -89.164035913894509, 13.660189615962885 ], [ -89.164148612169541, 13.66009590412877 ], [ -89.164214400390961, 13.660027405044147 ], [ -89.164257880340543, 13.65998213056502 ], [ -89.164329289297513, 13.659857193920928 ], [ -89.164423767190655, 13.659692555248675 ], [ -89.164486787081501, 13.659630796870076 ], [ -89.164574364745093, 13.659620451961363 ], [ -89.164714489187858, 13.659603214839725 ], [ -89.164844098339557, 13.659575698372176 ], [ -89.164904082359612, 13.659566265032009 ], [ -89.165019249340645, 13.65954815348695 ], [ -89.16518388020026, 13.65950347003016 ], [ -89.165250439570144, 13.659496568321135 ], [ -89.165317000628619, 13.659489666592981 ], [ -89.165453611852072, 13.65945871577337 ], [ -89.16551622650762, 13.659446888924917 ], [ -89.165544689711481, 13.659441511172229 ], [ -89.165667322799251, 13.659462001218344 ], [ -89.165814484079476, 13.659485902334261 ], [ -89.166045746700036, 13.659537176212011 ], [ -89.166245454796453, 13.659554184040823 ], [ -89.166335483691142, 13.659533550532647 ], [ -89.16645808534625, 13.659509467828956 ], [ -89.166535156121839, 13.659502558656929 ], [ -89.166605207872507, 13.659478510909397 ], [ -89.166664739013399, 13.659440754633721 ], [ -89.166755753564885, 13.659334404321033 ], [ -89.166796354312027, 13.659280838846891 ], [ -89.166846756611392, 13.659214339446706 ], [ -89.16695528141463, 13.65909769251809 ], [ -89.167074313579164, 13.658981038402469 ], [ -89.167235382450457, 13.658857496998106 ], [ -89.167257270391403, 13.658844362853442 ], [ -89.167406977768124, 13.658754520400985 ], [ -89.167561020791922, 13.658658624485984 ], [ -89.167699025057644, 13.658590977265099 ], [ -89.167867665167662, 13.658467014304437 ], [ -89.167944323820493, 13.658414420379451 ], [ -89.167986789364718, 13.658399721306608 ], [ -89.168009499581515, 13.658391859614467 ], [ -89.168126768541782, 13.658276930782161 ], [ -89.168243275372305, 13.65818903978453 ], [ -89.168385110492181, 13.658117636388697 ], [ -89.168507801098286, 13.658087530319445 ], [ -89.168634249332456, 13.657948583619381 ], [ -89.168665028923996, 13.657834948510965 ], [ -89.168629726938491, 13.657759606492696 ], [ -89.168638030324701, 13.657578049667343 ], [ -89.168671604502009, 13.657363464405959 ], [ -89.168696669098253, 13.657037479399264 ], [ -89.168728588766257, 13.656799704292469 ], [ -89.168722218243275, 13.656590412330873 ], [ -89.168683413188788, 13.656476750467359 ], [ -89.168596969908918, 13.656296170554953 ], [ -89.168514275482138, 13.656073758676225 ], [ -89.168438463368062, 13.655874278140132 ], [ -89.168410862304256, 13.655756227009862 ], [ -89.168397544146671, 13.655384050209754 ], [ -89.168458609754666, 13.655000005193511 ] ] ] } },
{ "type": "Feature", "properties": { "FID_1": 763, "NOMBRE_DE": "CALLE PRINCIPAL", "Text_1": "COL. LOS ANGELES", "ESTADO": "MALO", "MATERIAL": "TIERRA", "VIAS": 1, "CLASE": "VEHICULAR", "ANCHO_1": "3.30" }, "geometry": { "type": "MultiLineString", "coordinates": [ [ [ -89.162475155517015, 13.65481116049464 ], [ -89.162349005413219, 13.654918984498005 ], [ -89.162262845245721, 13.654966688887059 ], [ -89.162198650198349, 13.654974267916028 ], [ -89.16211539104053, 13.65496906794171 ], [ -89.16202943985428, 13.654953356650207 ], [ -89.161978411264201, 13.654950763656705 ], [ -89.161860260735352, 13.654974490878143 ], [ -89.161839678827747, 13.654975280104786 ], [ -89.161790435466116, 13.654977165644933 ], [ -89.161734052431726, 13.654998225549214 ], [ -89.16160247757054, 13.655027218558473 ], [ -89.161546092814845, 13.655048278420841 ], [ -89.161490990159777, 13.655081365991732 ], [ -89.161464757374148, 13.655130963871361 ], [ -89.161468304715342, 13.655187604970317 ], [ -89.161503354763951, 13.655384670430637 ], [ -89.161602802610105, 13.655500231131546 ], [ -89.161707764686653, 13.655653699407546 ], [ -89.161418240345398, 13.655841914331427 ] ] ] } },
{ "type": "Feature", "properties": { "FID_1": 765, "NOMBRE_DE": "PASAJE B", "Text_1": "LA MARTINA", "ESTADO": "MALO", "MATERIAL": "TIERRA", "VIAS": 1, "CLASE": "PEATONAL", "ANCHO_1": "6.00" }, "geometry": { "type": "MultiLineString", "coordinates": [ [ [ -89.164799399889361, 13.656217270916061 ], [ -89.164955221710969, 13.65600136391471 ] ] ] } },
{ "type": "Feature", "properties": { "FID_1": 767, "NOMBRE_DE": "PASAJE D", "Text_1": "LA MARTINA", "ESTADO": "MALO", "MATERIAL": "TIERRA", "VIAS": 1, "CLASE": "PEATONAL", "ANCHO_1": "6.00" }, "geometry": { "type": "MultiLineString", "coordinates": [ [ [ -89.164816970188653, 13.655507659446878 ], [ -89.164605635972094, 13.655734489933126 ] ] ] } },
{ "type": "Feature", "properties": { "FID_1": 770, "NOMBRE_DE": "PASAJE EL CIPRES", "Text_1": "LA MARTINA", "ESTADO": "MALO", "MATERIAL": "TIERRA", "VIAS": 1, "CLASE": "PEATONAL", "ANCHO_1": "6.15" }, "geometry": { "type": "MultiLineString", "coordinates": [ [ [ -89.164185298899739, 13.656519150364906 ], [ -89.16410649763786, 13.65633363715566 ], [ -89.164006653591088, 13.656099577382976 ], [ -89.163979196078586, 13.656036185752237 ], [ -89.16393936474114, 13.65596348482415 ], [ -89.163896912982409, 13.655860305887472 ], [ -89.163849492784237, 13.655764791238324 ], [ -89.163776759983989, 13.655611581018718 ], [ -89.163715393583374, 13.65548723716838 ], [ -89.163660851440397, 13.655385100474151 ], [ -89.163619513739278, 13.655290084225967 ], [ -89.163573932160446, 13.655183501956955 ] ] ] } },
{ "type": "Feature", "properties": { "FID_1": 780, "NOMBRE_DE": "9a CALLE ORIENTE", "Text_1": "COL. JILTEPEQUE", "ESTADO": "REGULAR", "MATERIAL": "ASFALTO", "VIAS": 1, "CLASE": "PEATONAL", "ANCHO_1": "4.65" }, "geometry": { "type": "MultiLineString", "coordinates": [ [ [ -89.171793222780067, 13.652382807797014 ], [ -89.17175733623256, 13.652349229043672 ], [ -89.171664879100405, 13.652273252637009 ], [ -89.171518395586517, 13.652174680673456 ], [ -89.171443192364208, 13.652125027771234 ], [ -89.171357823891356, 13.652068423975861 ], [ -89.171273472607666, 13.652011817787217 ], [ -89.171235859180953, 13.65197108544492 ], [ -89.171175278859664, 13.651699414883344 ] ] ] } },
{ "type": "Feature", "properties": { "FID_1": 781, "NOMBRE_DE": "CALLE PRINCIPAL", "Text_1": "COL. SANTA MARIA", "ESTADO": "REGULAR", "MATERIAL": "ADOQUIN MIXTO", "VIAS": 2, "CLASE": "VEHICULAR", "ANCHO_1": "6.00" }, "geometry": { "type": "MultiLineString", "coordinates": [ [ [ -89.171369222936193, 13.653132477909379 ], [ -89.171739042107262, 13.652600816706764 ], [ -89.171804864209349, 13.652487048584183 ], [ -89.171834773065427, 13.6524547324385 ] ] ] } },
{ "type": "Feature", "properties": { "FID_1": 784, "NOMBRE_DE": "CALLE SAN LUIS", "Text_1": "COL. JILTEPEQUE", "ESTADO": "MALO", "MATERIAL": "TIERRA", "VIAS": 2, "CLASE": "VEHICULAR", "ANCHO_1": "4.00" }, "geometry": { "type": "MultiLineString", "coordinates": [ [ [ -89.170986615749712, 13.652114583786284 ], [ -89.170792967111481, 13.652132848650028 ], [ -89.170286873522031, 13.652121009970459 ] ] ] } },
{ "type": "Feature", "properties": { "FID_1": 793, "NOMBRE_DE": "CALLE NO 8", "Text_1": "COLONIA SANTA ROSA", "ESTADO": "MALO", "MATERIAL": "TIERRA", "VIAS": 1, "CLASE": "PEATONAL", "ANCHO_1": "3.85" }, "geometry": { "type": "MultiLineString", "coordinates": [ [ [ -89.166615234184732, 13.662149294776805 ], [ -89.16646970724031, 13.662235375218987 ], [ -89.166248496286599, 13.662392137231917 ], [ -89.166002645185529, 13.66254038429993 ], [ -89.165840547467127, 13.662646298429806 ], [ -89.165664938901372, 13.662759436041895 ], [ -89.165233197664705, 13.663046334812876 ], [ -89.164956806787913, 13.663217988711507 ], [ -89.164751746630188, 13.663347328779848 ] ] ] } },
{ "type": "Feature", "properties": { "FID_1": 804, "NOMBRE_DE": "PASAJE N.4D", "Text_1": "EL NARANJALITO", "ESTADO": "MALO", "MATERIAL": "TIERRA", "VIAS": 1, "CLASE": "PEATONAL", "ANCHO_1": "5.77" }, "geometry": { "type": "MultiLineString", "coordinates": [ [ [ -89.164208842739441, 13.659923299650657 ], [ -89.164155378598863, 13.659864127637194 ], [ -89.163998706274199, 13.659657696780295 ], [ -89.163834898372656, 13.659407174632085 ], [ -89.163707127423876, 13.659210290311924 ], [ -89.163562977134035, 13.658990024080371 ], [ -89.163530216048017, 13.658940403170529 ], [ -89.163526912213229, 13.658895566801787 ], [ -89.163531787788969, 13.658847522238995 ], [ -89.163646261937657, 13.658748631633435 ] ] ] } },
{ "type": "Feature", "properties": { "FID_1": 809, "NOMBRE_DE": "CALLE C", "Text_1": "LOS ANGELES", "ESTADO": "MALO", "MATERIAL": "TIERRA", "VIAS": 2, "CLASE": "VEHICULAR", "ANCHO_1": "6.40" }, "geometry": { "type": "MultiLineString", "coordinates": [ [ [ -89.163688062948211, 13.656447233781602 ], [ -89.1636426237867, 13.656346738383165 ], [ -89.16355938263213, 13.656218916284713 ], [ -89.163493960760761, 13.656094956299489 ], [ -89.163428645939334, 13.656018593541122 ], [ -89.163408250732104, 13.655987793383835 ], [ -89.163335771317676, 13.655840556354462 ], [ -89.163214055884325, 13.655644731768332 ], [ -89.163132935881109, 13.655507186179509 ], [ -89.163056626044479, 13.655369813915595 ], [ -89.163038115034794, 13.655324626121262 ] ] ] } },
{ "type": "Feature", "properties": { "FID_1": 817, "NOMBRE_DE": "CALLE PRINCIPAL", "Text_1": "COLONIA ALCAINE 1", "ESTADO": "MALO", "MATERIAL": "TIERRA", "VIAS": 1, "CLASE": "PEATONAL", "ANCHO_1": "4.60" }, "geometry": { "type": "MultiLineString", "coordinates": [ [ [ -89.184693065925131, 13.656438815961561 ], [ -89.184614546130533, 13.656432645203239 ], [ -89.184519035301236, 13.656403642663621 ], [ -89.184415020463277, 13.65635595675875 ], [ -89.18434707278935, 13.656299937484354 ], [ -89.184257894278616, 13.656229397539514 ], [ -89.184192016906664, 13.656108999607829 ], [ -89.18415797076122, 13.655988577270643 ], [ -89.184079365610046, 13.655870265963161 ], [ -89.184019897130412, 13.655803856283317 ], [ -89.183833109893797, 13.655735466330057 ], [ -89.183334596972642, 13.655555900485666 ], [ -89.183169592015872, 13.655478095144691 ], [ -89.182618698517473, 13.655269019349312 ] ] ] } },
{ "type": "Feature", "properties": { "FID_1": 818, "NOMBRE_DE": "AVENIDA EUROPA", "Text_1": "COL. SANTA LEONOR", "ESTADO": "MALO", "MATERIAL": "CONCRETO", "VIAS": 2, "CLASE": "VEHICULAR", "ANCHO_1": "6.50" }, "geometry": { "type": "MultiLineString", "coordinates": [ [ [ -89.181936405709195, 13.655050669475994 ], [ -89.181930692333211, 13.654938802483386 ], [ -89.181929789552939, 13.654921119181227 ], [ -89.181931592990253, 13.654810080235084 ], [ -89.181903093829845, 13.654634292178372 ], [ -89.181885984715038, 13.654519565911407 ], [ -89.181897188297896, 13.654334494382894 ], [ -89.181897022337381, 13.654189217162223 ], [ -89.181906626156092, 13.654141499087304 ], [ -89.181883420265663, 13.653918733198426 ], [ -89.181858957116901, 13.653824599897067 ], [ -89.181871280768362, 13.653723011392721 ], [ -89.181888779215797, 13.65363951293889 ], [ -89.181901286157498, 13.653590393622014 ], [ -89.181930481351145, 13.653528451644357 ], [ -89.18198640189263, 13.653457828856281 ], [ -89.182026190906882, 13.653407233422794 ], [ -89.182069144643464, 13.653273411077528 ], [ -89.18205402103014, 13.653204196373297 ], [ -89.18202813411348, 13.653135740489692 ], [ -89.181938328766662, 13.652964943726545 ], [ -89.181905817895867, 13.652869731751538 ], [ -89.181887588746307, 13.652785938083701 ], [ -89.181857676201631, 13.65269707306439 ], [ -89.181829044813199, 13.652584079897943 ], [ -89.181773119831021, 13.652464820360947 ], [ -89.181711124863682, 13.652351589785233 ], [ -89.181673213059085, 13.652273174204074 ], [ -89.181642007117063, 13.652225260087498 ], [ -89.181615243864172, 13.652166449504829 ], [ -89.181586187782059, 13.652020480818651 ], [ -89.181546011279195, 13.651891951635045 ], [ -89.181469664976646, 13.651714627604704 ], [ -89.181426919775205, 13.651647167211234 ], [ -89.181382514131016, 13.651552387086321 ], [ -89.181369322326233, 13.651480083635512 ], [ -89.181393861804267, 13.65136436334212 ], [ -89.18139703021339, 13.651213944070587 ], [ -89.181387398530575, 13.651145788381301 ], [ -89.181455849003427, 13.65113757944254 ], [ -89.181589632590061, 13.651116904186919 ], [ -89.181652693810534, 13.651096279456436 ], [ -89.181698505873115, 13.651015806539817 ], [ -89.181778683194807, 13.650882931015252 ], [ -89.181855053726508, 13.650770634227811 ], [ -89.181914266421188, 13.650714471097986 ], [ -89.1820919517194, 13.650615193703517 ], [ -89.182159114762328, 13.650578000665718 ], [ -89.182193668323492, 13.650539424402847 ], [ -89.182224406443908, 13.650484630631126 ], [ -89.182240022295176, 13.650431370736197 ], [ -89.182291285107695, 13.650347735223606 ], [ -89.182368523969387, 13.650262323294452 ], [ -89.182455666030151, 13.650167203571566 ], [ -89.182501219039608, 13.650120611828241 ], [ -89.182602155949468, 13.649924606920605 ], [ -89.182675747388132, 13.649790740311236 ], [ -89.182697892496066, 13.64969808235848 ], [ -89.182697583925673, 13.649698082587705 ] ] ] } },
{ "type": "Feature", "properties": { "FID_1": 822, "NOMBRE_DE": "CALLE PRINCIPAL", "Text_1": "COLONIA ABARCA", "ESTADO": "MALO", "MATERIAL": "TIERRA", "VIAS": 2, "CLASE": "VEHICULAR", "ANCHO_1": "6.00" }, "geometry": { "type": "MultiLineString", "coordinates": [ [ [ -89.182965816217589, 13.650350980264413 ], [ -89.182955262681844, 13.650315206399654 ], [ -89.182951950390773, 13.650277924886625 ], [ -89.182951890881881, 13.650201428808261 ], [ -89.182963631384325, 13.650097284121401 ], [ -89.182972766227493, 13.650017927844184 ], [ -89.182979958568296, 13.649976782730851 ], [ -89.182981892589964, 13.649929854820215 ], [ -89.182988196042302, 13.649877362590507 ], [ -89.182970121238839, 13.649818127500598 ], [ -89.182929713733785, 13.649735431719401 ], [ -89.182900852610246, 13.649679048074582 ], [ -89.182858404659285, 13.649492586375613 ] ], [ [ -89.183605191776223, 13.651993640166433 ], [ -89.18353020931373, 13.651919947454306 ], [ -89.183477723957409, 13.651739468206349 ], [ -89.183417767464505, 13.651568749005325 ], [ -89.18338773951119, 13.651419965410749 ], [ -89.183330648771701, 13.651371252096455 ], [ -89.183272903007591, 13.651300718688976 ], [ -89.183212754744034, 13.651232541132403 ], [ -89.183132160027768, 13.651144383221455 ], [ -89.183081437769758, 13.65103378609656 ], [ -89.183061970805525, 13.650884280153381 ], [ -89.183074766244388, 13.650841021192914 ], [ -89.183062754601835, 13.650711332034113 ], [ -89.183053781758971, 13.65066179280425 ], [ -89.183034351293045, 13.650568543535151 ], [ -89.183004317695151, 13.65045480344334 ], [ -89.182965737457152, 13.650351161727325 ] ] ] } },
{ "type": "Feature", "properties": { "FID_1": 824, "NOMBRE_DE": "PASAJE 1", "Text_1": "LAS CAMPAMITAS", "ESTADO": "MALO", "MATERIAL": "TIERRA", "VIAS": 1, "CLASE": "PEATONAL", "ANCHO_1": "4.70" }, "geometry": { "type": "MultiLineString", "coordinates": [ [ [ -89.182394386051669, 13.651060140788218 ], [ -89.182409871021804, 13.651007599275683 ], [ -89.182420645150216, 13.650954668521178 ], [ -89.182429873075606, 13.65090022683434 ], [ -89.182431269135535, 13.650708191774589 ], [ -89.182431184683068, 13.650599322153814 ], [ -89.182330749986619, 13.650588812090188 ], [ -89.182192308547627, 13.650586696193056 ], [ -89.182159115318882, 13.650578001381659 ] ] ] } },
{ "type": "Feature", "properties": { "FID_1": 831, "NOMBRE_DE": "PASAJE COLONIAL", "Text_1": "COL. LAS MERCEDES", "ESTADO": "MALO", "MATERIAL": "TIERRA", "VIAS": 1, "CLASE": "VEHICULAR", "ANCHO_1": "5.00" }, "geometry": { "type": "MultiLineString", "coordinates": [ [ [ -89.181196437982891, 13.65496484393041 ], [ -89.181136801849703, 13.654927635291264 ], [ -89.181092207474947, 13.654887794149541 ], [ -89.181051403118801, 13.654809322285631 ], [ -89.181018245942553, 13.654740813282121 ], [ -89.181006668757419, 13.654587556170343 ], [ -89.180998904609083, 13.654425573816107 ], [ -89.180987394193124, 13.654359039510487 ], [ -89.180977149742532, 13.654283037263276 ], [ -89.180968193884311, 13.654226971060366 ], [ -89.180936316768978, 13.654167183536721 ], [ -89.180889175127078, 13.654126098169243 ], [ -89.180807644440421, 13.654070085334547 ], [ -89.180639204990015, 13.653983619888541 ], [ -89.180561243228397, 13.653939937098789 ], [ -89.180494742378926, 13.653897367412119 ], [ -89.180435315061999, 13.653830608896802 ], [ -89.180389966837922, 13.653760329106717 ], [ -89.180339883797416, 13.653625853899843 ], [ -89.180238234508721, 13.653459317041563 ] ] ] } },
{ "type": "Feature", "properties": { "FID_1": 839, "NOMBRE_DE": "CALLE PRINCIPAL", "Text_1": "LAS MERCEDES", "ESTADO": "MALO", "MATERIAL": "TIERRA", "VIAS": 2, "CLASE": "VEHICULAR", "ANCHO_1": "3.70" }, "geometry": { "type": "MultiLineString", "coordinates": [ [ [ -89.179840510161171, 13.65237737157875 ], [ -89.17973398376941, 13.652218741613101 ], [ -89.179678678054898, 13.652110691914956 ], [ -89.179652911491047, 13.652085512680944 ] ] ] } },
{ "type": "Feature", "properties": { "FID_1": 840, "NOMBRE_DE": "AUTOPISTA  AEROPUERTO INTERNACIONAL", "Text_1": null, "ESTADO": "BUENO", "MATERIAL": "CONCRETO", "VIAS": 0, "CLASE": "VEHICULAR", "ANCHO_1": "20.00" }, "geometry": { "type": "MultiLineString", "coordinates": [ [ [ -89.194807720857725, 13.674811981671711 ], [ -89.193199491648201, 13.674154374109731 ], [ -89.192276861390837, 13.673449984021914 ], [ -89.191426717561058, 13.672671695781021 ], [ -89.191358281886224, 13.672541744318174 ], [ -89.191295285033377, 13.672422117395236 ], [ -89.191267323936671, 13.672369022724146 ], [ -89.191117307380765, 13.672084154774682 ], [ -89.190914976446891, 13.671388362633195 ], [ -89.190781088474068, 13.670544618882554 ], [ -89.190762740380592, 13.670428980115345 ], [ -89.190538137847, 13.668701231594339 ], [ -89.19044147413463, 13.667457034016023 ], [ -89.190305146065256, 13.666450834761964 ], [ -89.189920616845285, 13.664090569067859 ], [ -89.189844086707055, 13.66361439361954 ], [ -89.189684339977561, 13.662620412618741 ], [ -89.189647717076284, 13.662055974044522 ], [ -89.189581808616651, 13.661418190591748 ], [ -89.189328853969855, 13.65985795171591 ], [ -89.189116635008034, 13.65869001488138 ], [ -89.189053690339051, 13.658432068456733 ], [ -89.188941191511617, 13.65811186953597 ], [ -89.188902343660843, 13.657876642579385 ], [ -89.188899921891334, 13.657733560094361 ], [ -89.188314872677068, 13.65607713169285 ], [ -89.188066327817225, 13.655503556687384 ], [ -89.187880546047154, 13.655130766861491 ], [ -89.187377874448103, 13.654168551864485 ], [ -89.187199522180578, 13.653799754515596 ], [ -89.186912624616994, 13.653229196008624 ], [ -89.186893944083323, 13.653191610113128 ], [ -89.186600188679279, 13.652600569315538 ], [ -89.186532246399665, 13.65246386661339 ], [ -89.186257405063671, 13.651933284887969 ], [ -89.185802162450614, 13.651326033598034 ], [ -89.185519646880508, 13.651022367125517 ], [ -89.185241219896952, 13.650789731604513 ], [ -89.185117046384775, 13.650661342390604 ], [ -89.184893530791129, 13.650430238007445 ], [ -89.184880379221369, 13.650419737588608 ], [ -89.18468517017314, 13.650263888611908 ], [ -89.184413686439953, 13.650116616490243 ], [ -89.184263791280785, 13.65004077284004 ], [ -89.184013314578422, 13.649914033450051 ], [ -89.18392014643355, 13.649866893108506 ], [ -89.183809327052671, 13.649807523302332 ], [ -89.183686438032296, 13.649741688342383 ], [ -89.183293227924707, 13.649601945461102 ], [ -89.183215317058227, 13.649574257215502 ], [ -89.182501502813238, 13.649423467395824 ], [ -89.181881354328169, 13.649402707086972 ], [ -89.181574869537897, 13.649392444792358 ], [ -89.180935139051613, 13.649459863750108 ], [ -89.180756970854134, 13.649478638699943 ], [ -89.180544665515185, 13.649501012455113 ], [ -89.180424963237769, 13.649531489228135 ], [ -89.180246240012039, 13.649576993750541 ], [ -89.180066808861284, 13.649622676306526 ], [ -89.179196777165913, 13.649810669070565 ], [ -89.17857547605243, 13.649925208984632 ], [ -89.178358699027086, 13.649977707098694 ], [ -89.177936953323339, 13.650079843610154 ], [ -89.17773619958183, 13.650134289194202 ], [ -89.177433085123809, 13.650216493008978 ], [ -89.177275755882519, 13.650259161883939 ], [ -89.176952800437292, 13.650322007254456 ], [ -89.176699315723596, 13.65037133435764 ], [ -89.176463123191994, 13.650417295048248 ], [ -89.176145628141725, 13.65048234662574 ], [ -89.176001234004744, 13.650511931393984 ], [ -89.175754036643838, 13.65056257763727 ], [ -89.17553755988412, 13.650605559098892 ], [ -89.175401597551698, 13.650632553916498 ], [ -89.175129188472582, 13.650727821905544 ], [ -89.174972813435431, 13.65075667312593 ], [ -89.174586675287699, 13.650827917935331 ], [ -89.173277397787018, 13.651128539166027 ], [ -89.172982379311634, 13.651203086420747 ], [ -89.172508013346601, 13.651322950593945 ], [ -89.17243875413827, 13.651340451431546 ], [ -89.172145429279027, 13.651398855055497 ], [ -89.171973054427951, 13.651433177329086 ], [ -89.171209799703689, 13.651585144720043 ], [ -89.171142472100541, 13.651602085533892 ], [ -89.170934611382819, 13.651654386626483 ], [ -89.170857679845625, 13.651673741626784 ], [ -89.170771483391619, 13.651695431733975 ], [ -89.170341967941937, 13.651803501235264 ], [ -89.169790633530397, 13.651930539686296 ], [ -89.169763864451795, 13.651936093305086 ], [ -89.169434019418773, 13.652004530476699 ], [ -89.169391190445111, 13.652013416312357 ], [ -89.169280286910961, 13.652032508992251 ], [ -89.168712825173287, 13.652130199431653 ], [ -89.168620411299173, 13.652146107995682 ], [ -89.168497097928054, 13.652169574379021 ], [ -89.168245591369299, 13.652217432729559 ], [ -89.16792095737911, 13.652279205920721 ], [ -89.167178873590785, 13.652462943718186 ], [ -89.166759581480505, 13.652565646928126 ], [ -89.165138558990279, 13.652977589468708 ], [ -89.164110428737956, 13.653256856282313 ], [ -89.163643176209661, 13.653397430114607 ], [ -89.16346249015146, 13.653428042364263 ], [ -89.162747183511641, 13.653507795653201 ], [ -89.160950668513692, 13.653943225178141 ] ] ] } },
{ "type": "Feature", "properties": { "FID_1": 841, "NOMBRE_DE": "CARRETERA ANTIGUA A ZACATECOLUCA", "Text_1": null, "ESTADO": "BUENO", "MATERIAL": "ASFALTO", "VIAS": 2, "CLASE": "VEHICULAR", "ANCHO_1": "10.00" }, "geometry": { "type": "MultiLineString", "coordinates": [ [ [ -89.16114503233878, 13.652270624028228 ], [ -89.161261406069684, 13.652256547976243 ], [ -89.161669124782605, 13.652243078249823 ], [ -89.161899588617686, 13.652249532048565 ], [ -89.162137922863479, 13.65226257758833 ], [ -89.162344793475171, 13.652293247646384 ], [ -89.162614660073501, 13.652385486760171 ], [ -89.162983583469725, 13.652666897851706 ], [ -89.163179009097234, 13.652904772515456 ], [ -89.163462485789822, 13.653421767278868 ], [ -89.163683537249767, 13.65354460200877 ], [ -89.163772480706839, 13.653714055454715 ], [ -89.164065908395997, 13.654148511802989 ], [ -89.164313882594456, 13.654365395496519 ], [ -89.164394662051961, 13.65444196326515 ], [ -89.164489674325537, 13.654499946515719 ] ], [ [ -89.189011934094594, 13.673268583793543 ], [ -89.18899303646198, 13.673213182445371 ], [ -89.188861514916169, 13.672811289320332 ], [ -89.188807838793323, 13.672627262140594 ], [ -89.188705590528855, 13.67247370745182 ], [ -89.188611889207451, 13.672372745647207 ], [ -89.188510841034827, 13.672253449518672 ], [ -89.188446399288623, 13.672169936223822 ], [ -89.188305709641114, 13.671934526936504 ], [ -89.188228218799523, 13.671738828592142 ], [ -89.188187512416633, 13.671405299724521 ], [ -89.188158340941555, 13.671049149791335 ], [ -89.18816654112517, 13.670468496871026 ], [ -89.188157512191623, 13.670013393694646 ], [ -89.188090716853608, 13.669565934263707 ], [ -89.188064582451787, 13.669396349557676 ], [ -89.187885209405607, 13.669045967570828 ], [ -89.187649466826457, 13.668742598484275 ], [ -89.187509063849475, 13.668607709115767 ], [ -89.187375787486019, 13.668479522820538 ], [ -89.187247592788992, 13.668326452342891 ], [ -89.187134113225312, 13.668205966264708 ], [ -89.187023692144734, 13.668130094305733 ], [ -89.186884298227881, 13.668028751144291 ], [ -89.186661454768341, 13.667846465654582 ], [ -89.186155733357438, 13.667475486366174 ], [ -89.185947461125608, 13.667322705311488 ], [ -89.185456706882775, 13.666969700101529 ], [ -89.185347304500368, 13.666873528736652 ], [ -89.185273666091362, 13.666783149637299 ], [ -89.185190231587129, 13.66665796938665 ], [ -89.185149976297197, 13.666561883224272 ], [ -89.185124995590243, 13.666468668703656 ], [ -89.18509027454877, 13.666339112678436 ], [ -89.184988554929603, 13.666079319829592 ], [ -89.184900476215759, 13.665974552846439 ], [ -89.184766554340428, 13.665836791532096 ], [ -89.184594162768263, 13.665664025976755 ], [ -89.184538875005771, 13.66560621475327 ], [ -89.184375909033832, 13.665435803215628 ], [ -89.184257226053404, 13.665331058390748 ], [ -89.18413363895904, 13.665049978493263 ], [ -89.184048635096119, 13.664663229854852 ], [ -89.183979745216774, 13.664248837588804 ], [ -89.183969232177205, 13.664199476114158 ], [ -89.183953929788629, 13.664127633427009 ], [ -89.183887843597248, 13.663610788005634 ], [ -89.183841758978133, 13.663467481064787 ], [ -89.183796920241718, 13.663237009017148 ], [ -89.183721292218834, 13.662944648986038 ], [ -89.18363456653509, 13.662742483557365 ], [ -89.18343944685212, 13.662478919972436 ], [ -89.183252135989648, 13.662208508315645 ], [ -89.183135600576549, 13.661971798045027 ], [ -89.183045196866203, 13.661835641335943 ], [ -89.182961312565752, 13.661696327369222 ], [ -89.182905329053767, 13.661524198891989 ], [ -89.182839316673409, 13.661307362041784 ], [ -89.182669612979737, 13.66059492375909 ], [ -89.182681842560001, 13.660489157342354 ], [ -89.182718771300671, 13.660317460161412 ], [ -89.182802606141763, 13.660102206156047 ], [ -89.182950664788095, 13.65986997785693 ], [ -89.182985413403017, 13.659807149482306 ], [ -89.183092546243373, 13.6595581740087 ], [ -89.183111005491568, 13.659435593945746 ], [ -89.183092334187634, 13.659285805549205 ], [ -89.182985445662041, 13.65902713447699 ], [ -89.182733220784314, 13.658619428916049 ], [ -89.182576738872854, 13.658366489632717 ], [ -89.182483910699688, 13.65818197032994 ], [ -89.182446911012917, 13.65806421518748 ], [ -89.182431638848996, 13.657958223118836 ], [ -89.182487058265949, 13.657638324732567 ], [ -89.18250214861871, 13.657471503631628 ], [ -89.182537569153823, 13.657322499260738 ], [ -89.182544945958384, 13.65711596694727 ], [ -89.182484138218584, 13.65686988360887 ], [ -89.182378776914859, 13.656651199481374 ], [ -89.182204482810178, 13.656467211059184 ], [ -89.181889345241331, 13.65628095444699 ], [ -89.181571998056214, 13.656109615738222 ], [ -89.18144550749804, 13.656046521488685 ], [ -89.18122766216996, 13.65595936070269 ], [ -89.181059976539515, 13.655933272733973 ], [ -89.180910106046255, 13.655964773817683 ], [ -89.180751340325557, 13.656026116357063 ], [ -89.180507594668853, 13.656136189340625 ], [ -89.180430946805785, 13.656167337355731 ], [ -89.180260579549724, 13.656308865640314 ], [ -89.180033770526492, 13.65634468881737 ], [ -89.179891237547395, 13.656340749214687 ], [ -89.179744535634782, 13.656288296690173 ], [ -89.179589553243432, 13.656211589975207 ], [ -89.179269261087995, 13.656062227139024 ], [ -89.178978885558379, 13.655976330398042 ], [ -89.178793170500001, 13.655948122814939 ], [ -89.178537606555125, 13.655918297493384 ], [ -89.178138287205286, 13.655852138412802 ], [ -89.177767258801751, 13.655825038515323 ], [ -89.177308596308791, 13.655781579564248 ], [ -89.177017055331305, 13.655752098582093 ], [ -89.176863673831718, 13.655744773224857 ], [ -89.176706020384714, 13.655746943824122 ], [ -89.176651242823439, 13.655745307687825 ], [ -89.176504217585432, 13.655740916960895 ], [ -89.176382308451835, 13.655755405274981 ], [ -89.176298914315794, 13.655768110983844 ], [ -89.176113691629823, 13.655796329293251 ], [ -89.175874031190276, 13.65584285240752 ], [ -89.17563806290444, 13.655862010330845 ], [ -89.175535816372005, 13.65583082109856 ], [ -89.175342057643547, 13.655885147724462 ], [ -89.175129802606762, 13.655935795992379 ], [ -89.174984030868103, 13.656016380743836 ], [ -89.174806751259524, 13.656054681778414 ], [ -89.174493483081321, 13.656089870569874 ], [ -89.174038947229818, 13.65616731108827 ], [ -89.173689965150146, 13.656176623795655 ], [ -89.173559868434253, 13.656154154714155 ], [ -89.173293114273449, 13.656135644857867 ], [ -89.172815899450768, 13.656094721217 ], [ -89.172505990571054, 13.656045470702566 ], [ -89.172404984124015, 13.656035475897408 ], [ -89.172022178858413, 13.655997590541283 ], [ -89.171980763116593, 13.655993492293476 ], [ -89.171963210171526, 13.655990538115171 ], [ -89.171373041052831, 13.655891239309609 ], [ -89.171262938887182, 13.655872714027458 ], [ -89.170755819634294, 13.655785701674478 ], [ -89.170726349521516, 13.655783453574196 ], [ -89.1705571176837, 13.65577054222314 ], [ -89.170400744843533, 13.655736194087813 ], [ -89.170183326196167, 13.655688436727354 ], [ -89.170147435691646, 13.655673991757386 ], [ -89.169870370171566, 13.655562476495376 ], [ -89.169751636512558, 13.655514688079279 ], [ -89.169738690996908, 13.655507744579305 ], [ -89.169605158873949, 13.655436118270943 ], [ -89.169373580691712, 13.655311898130652 ], [ -89.169254138251432, 13.655247827293351 ], [ -89.169130077776927, 13.655190868139035 ], [ -89.168928996143308, 13.655098547011336 ], [ -89.168868803476599, 13.655083509478681 ], [ -89.168520519223605, 13.654997132038407 ], [ -89.168458609754666, 13.655000005193511 ], [ -89.168087294510855, 13.655017243700005 ], [ -89.167733702220985, 13.655051413706632 ], [ -89.167688691464292, 13.655057702809787 ], [ -89.167566266684261, 13.655074808750634 ], [ -89.167373247269325, 13.655040071543546 ], [ -89.166924847139271, 13.654959013185714 ], [ -89.166737775890823, 13.654938800830456 ], [ -89.166286413580437, 13.654869366937875 ], [ -89.165928033829317, 13.654778735237151 ], [ -89.165187842411271, 13.654711973353498 ], [ -89.164658296231678, 13.654567167938433 ], [ -89.164494424534425, 13.654502265209711 ] ] ] } },
{ "type": "Feature", "properties": { "FID_1": 844, "NOMBRE_DE": "CALLE PRINCIPAL", "Text_1": "EL CAFETALITO", "ESTADO": "MALO", "MATERIAL": "TIERRA", "VIAS": 2, "CLASE": "VEHICULAR", "ANCHO_1": "3.86" }, "geometry": { "type": "MultiLineString", "coordinates": [ [ [ -89.168126768541782, 13.658276930782161 ], [ -89.16810962086808, 13.65821208823653 ], [ -89.168081945986728, 13.658115623774435 ], [ -89.168034526679392, 13.657978006022049 ], [ -89.167994885200912, 13.65786292898399 ], [ -89.167922047725796, 13.657720303199866 ], [ -89.167784831575574, 13.657591027610083 ], [ -89.167687985352643, 13.657531234426097 ], [ -89.167542146095926, 13.657451534196058 ], [ -89.167455625972067, 13.657399201601423 ], [ -89.167327020333445, 13.657330873692731 ], [ -89.167077730021006, 13.657198980574192 ], [ -89.166948782921168, 13.657130930752558 ], [ -89.166802005594846, 13.657057854897255 ], [ -89.166720776618732, 13.657010569203898 ], [ -89.166583065221957, 13.656949976849312 ], [ -89.166521164953664, 13.65692517272651 ], [ -89.166264088174472, 13.656898947609932 ], [ -89.166206083551785, 13.656903835098634 ], [ -89.165920078539813, 13.656865425171322 ], [ -89.16569916782322, 13.656844343320099 ], [ -89.165275919924554, 13.656862040679149 ] ] ] } },
{ "type": "Feature", "properties": { "FID_1": 854, "NOMBRE_DE": "CALLE PRINCIPAL", "Text_1": "BUENOS AIRES", "ESTADO": "BUENO", "MATERIAL": "ADOQUIN", "VIAS": 2, "CLASE": "VEHICULAR", "ANCHO_1": "6.30" }, "geometry": { "type": "MultiLineString", "coordinates": [ [ [ -89.165920078539813, 13.656865425171322 ], [ -89.16594680827663, 13.656614516461541 ], [ -89.165968665387197, 13.656382826502799 ], [ -89.165968029077135, 13.656324549391417 ], [ -89.165997216830021, 13.656152130033723 ], [ -89.166009346238695, 13.65604281380252 ], [ -89.165986623568628, 13.656028009011067 ], [ -89.166001717167603, 13.655958845756286 ], [ -89.166021903607742, 13.65595636054398 ], [ -89.166132633931042, 13.655514193166841 ], [ -89.166210949560522, 13.655208877058122 ], [ -89.16628168140528, 13.654892588851782 ] ] ] } },
{ "type": "Feature", "properties": { "FID_1": 859, "NOMBRE_DE": "PASAJE 3", "Text_1": "COL. SANTO DOMINGO", "ESTADO": "MALO", "MATERIAL": "TIERRA", "VIAS": 1, "CLASE": "VEHICULAR", "ANCHO_1": "5.00" }, "geometry": { "type": "MultiLineString", "coordinates": [ [ [ -89.17561672888813, 13.654635889273329 ], [ -89.175618383504244, 13.654541364974845 ], [ -89.17561975616232, 13.654350347436658 ], [ -89.175608751094472, 13.654277522981346 ], [ -89.175610009083954, 13.654226822591625 ], [ -89.175615133627872, 13.654153301966192 ], [ -89.17562025116041, 13.654069641226355 ], [ -89.175647407990141, 13.654011316697698 ], [ -89.175622711282614, 13.653893454073222 ], [ -89.175677087119283, 13.653811025386538 ] ] ] } },
{ "type": "Feature", "properties": { "FID_1": 863, "NOMBRE_DE": "PASAJE 2", "Text_1": "GRIMALDI", "ESTADO": "MALO", "MATERIAL": "TIERRA", "VIAS": 1, "CLASE": "VEHICULAR", "ANCHO_1": "4.80" }, "geometry": { "type": "MultiLineString", "coordinates": [ [ [ -89.176369190647563, 13.654706306847329 ], [ -89.176304774495293, 13.654536356630036 ], [ -89.1762282980702, 13.654321132700625 ], [ -89.176189645095519, 13.654223557359568 ], [ -89.176101113028054, 13.653979053142786 ], [ -89.176078346664681, 13.653914839561592 ], [ -89.176093471828423, 13.653887654549697 ], [ -89.176461038933326, 13.65374368903718 ] ] ] } },
{ "type": "Feature", "properties": { "FID_1": 867, "NOMBRE_DE": "PASAJE 3", "Text_1": "LOT. EL CARMEN 2", "ESTADO": "BUENO", "MATERIAL": "ADOQUIN", "VIAS": 2, "CLASE": "VEHICULAR", "ANCHO_1": "4.50" }, "geometry": { "type": "MultiLineString", "coordinates": [ [ [ -89.173251269135648, 13.652174850045995 ], [ -89.173210578092792, 13.652116386654065 ], [ -89.173155238502048, 13.652030271046989 ], [ -89.173136768871714, 13.65197017620476 ], [ -89.173126720255667, 13.651941943022557 ] ] ] } },
{ "type": "Feature", "properties": { "FID_1": 868, "NOMBRE_DE": "PASAJE 3", "Text_1": "LOT. EL CARMEN 1", "ESTADO": "MALO", "MATERIAL": "EMPEDRADO", "VIAS": 1, "CLASE": "PEATONAL", "ANCHO_1": "3.00" }, "geometry": { "type": "MultiLineString", "coordinates": [ [ [ -89.173151734841895, 13.652342835374151 ], [ -89.173215721016987, 13.65225673138348 ], [ -89.173251269135648, 13.652174850045995 ] ] ] } },
{ "type": "Feature", "properties": { "FID_1": 873, "NOMBRE_DE": "PASAJE A", "Text_1": "COL. EL CARMEN", "ESTADO": "REGULAR", "MATERIAL": "ADOQUIN", "VIAS": 2, "CLASE": "VEHICULAR", "ANCHO_1": "5.85" }, "geometry": { "type": "MultiLineString", "coordinates": [ [ [ -89.173006389567718, 13.654814995084342 ], [ -89.172497804196098, 13.654517485038395 ] ] ] } },
{ "type": "Feature", "properties": { "FID_1": 877, "NOMBRE_DE": "PASAJE CAFETALITO", "Text_1": "LOT. EL CAFETALITO", "ESTADO": "MALO", "MATERIAL": "TIERRA", "VIAS": 1, "CLASE": "PEATONAL", "ANCHO_1": "2.90" }, "geometry": { "type": "MultiLineString", "coordinates": [ [ [ -89.166916378005254, 13.657650234408933 ], [ -89.166807120769306, 13.657605319568347 ], [ -89.166673890956872, 13.657557614432902 ], [ -89.16658951200138, 13.657527256308413 ], [ -89.166623485275551, 13.65743453904477 ], [ -89.166640701330749, 13.657382787454434 ], [ -89.166595304592633, 13.657347657280832 ], [ -89.166536719226187, 13.657302325475419 ], [ -89.166457590003134, 13.657236227770863 ], [ -89.166389449676387, 13.657147924680178 ], [ -89.166382028397692, 13.657117514401243 ], [ -89.166313942420942, 13.657105973676655 ], [ -89.166247331283003, 13.657087190198247 ], [ -89.166264088816774, 13.65689894746772 ] ] ] } },
{ "type": "Feature", "properties": { "FID_1": 881, "NOMBRE_DE": "PASAJE BRAN O CALLE PRINCIPAL", "Text_1": "COL. SAN IGNACIO", "ESTADO": "REGULAR", "MATERIAL": "EMPEDRADO", "VIAS": 2, "CLASE": "VEHICULAR", "ANCHO_1": "5.70" }, "geometry": { "type": "MultiLineString", "coordinates": [ [ [ -89.176634866504628, 13.657085065047569 ], [ -89.17660569815915, 13.656876796573153 ], [ -89.176576692259488, 13.656709803495616 ], [ -89.176566134322968, 13.656635297179189 ], [ -89.17656347217266, 13.656586479640744 ], [ -89.176571296573897, 13.656517099014623 ], [ -89.176576406729836, 13.656329525878109 ], [ -89.176584201011053, 13.656220048223686 ], [ -89.176592036970504, 13.656166084256224 ], [ -89.176613060076946, 13.656163129661181 ] ] ] } },
{ "type": "Feature", "properties": { "FID_1": 882, "NOMBRE_DE": "PASAJE TRINIDAD", "Text_1": "COLONIA LINDA VISTA", "ESTADO": "MALO", "MATERIAL": "TIERRA", "VIAS": 1, "CLASE": "VEHICULAR", "ANCHO_1": "4.50" }, "geometry": { "type": "MultiLineString", "coordinates": [ [ [ -89.179122824656972, 13.653314687153376 ], [ -89.179106434511539, 13.653190014771567 ], [ -89.179063178042199, 13.65296992678714 ], [ -89.179020744909423, 13.652721898246979 ], [ -89.179004796125952, 13.652579792603664 ], [ -89.179002042698698, 13.652432510195743 ], [ -89.178989815095292, 13.652353484641043 ], [ -89.178960244528952, 13.652083100942697 ] ] ] } },
{ "type": "Feature", "properties": { "FID_1": 883, "NOMBRE_DE": "PASAJE MATAZANO 2", "Text_1": "BRISAS DE SAN MARCOS", "ESTADO": "BUENO", "MATERIAL": "ADOQUIN", "VIAS": 2, "CLASE": "VEHICULAR", "ANCHO_1": "4.60" }, "geometry": { "type": "MultiLineString", "coordinates": [ [ [ -89.17742963248773, 13.655256724728559 ], [ -89.177459705681088, 13.655152250282891 ], [ -89.177561763011553, 13.654899279405312 ], [ -89.177604394947025, 13.654783084124775 ], [ -89.17764439395728, 13.654681081387617 ], [ -89.177637925373702, 13.654658613394373 ], [ -89.177613274040453, 13.654648552871237 ], [ -89.177556976348512, 13.654623756304055 ], [ -89.177484785268618, 13.654588244075127 ], [ -89.177435909309537, 13.654554903569696 ], [ -89.177420227496043, 13.654540481489878 ], [ -89.177415608757272, 13.654526953997593 ], [ -89.177420195511431, 13.654498085554479 ], [ -89.177426609683138, 13.654448466064151 ], [ -89.177440398051928, 13.654396136853272 ], [ -89.177440372447023, 13.654362201126549 ], [ -89.1774568930432, 13.654271080401903 ], [ -89.177468827217027, 13.654207025186972 ], [ -89.177500087478535, 13.654102704494296 ], [ -89.177550684731315, 13.653971868706769 ], [ -89.17761391523554, 13.653848226688977 ], [ -89.177665124024813, 13.65375339282326 ], [ -89.177671995630604, 13.653710471100409 ], [ -89.177665553796203, 13.653649450221945 ], [ -89.177659119675567, 13.653599382652491 ], [ -89.177667048559627, 13.653511749852939 ], [ -89.177679587833794, 13.653350448347425 ], [ -89.177688587443768, 13.653319551995686 ] ] ] } },
{ "type": "Feature", "properties": { "FID_1": 885, "NOMBRE_DE": "PASAJE  MATAZANO 2", "Text_1": "COL. GRIMALDI", "ESTADO": "REGULAR", "MATERIAL": "ADOQUIN", "VIAS": 1, "CLASE": "PEATONAL", "ANCHO_1": "1.30" }, "geometry": { "type": "MultiLineString", "coordinates": [ [ [ -89.177855073206345, 13.6547024165263 ], [ -89.177810348667478, 13.654702980522972 ], [ -89.177781214656079, 13.654700340709725 ], [ -89.177759849753386, 13.654698455527878 ], [ -89.177729937740637, 13.654694295769701 ], [ -89.177700413581292, 13.65468937547692 ], [ -89.177644394597039, 13.654681081414315 ] ] ] } },
{ "type": "Feature", "properties": { "FID_1": 893, "NOMBRE_DE": "PASAJE STA. MARTA", "Text_1": "EL CARMEN 1", "ESTADO": "MALO", "MATERIAL": "TIERRA", "VIAS": 1, "CLASE": "PEATONAL", "ANCHO_1": "4.00" }, "geometry": { "type": "MultiLineString", "coordinates": [ [ [ -89.175462287746015, 13.652011213820678 ], [ -89.175420663926474, 13.651970651626751 ], [ -89.175347823701799, 13.65193171368103 ], [ -89.175302469421155, 13.651906200912951 ], [ -89.175259867749816, 13.651887408570344 ], [ -89.17522413906589, 13.651873989239975 ], [ -89.175182899183255, 13.651839062163628 ], [ -89.175134784333423, 13.651796073101879 ], [ -89.175107282708794, 13.651761525392443 ], [ -89.175079778800423, 13.651723899558579 ], [ -89.175020658635347, 13.651660751121614 ], [ -89.174969811269321, 13.651637931159806 ], [ -89.174857117225258, 13.651580198713585 ], [ -89.174693124172833, 13.651559274479796 ], [ -89.174593529107298, 13.651548936524428 ], [ -89.174447520210038, 13.65153295399293 ] ] ] } },
{ "type": "Feature", "properties": { "FID_1": 899, "NOMBRE_DE": "CALLE AL GUAJE", "Text_1": "CUAPA", "ESTADO": "MALO", "MATERIAL": "TIERRA", "VIAS": 2, "CLASE": "VEHICULAR", "ANCHO_1": "6.10" }, "geometry": { "type": "MultiLineString", "coordinates": [ [ [ -89.158433043839963, 13.660218806355269 ], [ -89.158585624765365, 13.660241869179385 ], [ -89.158741621409945, 13.660275328563959 ], [ -89.158848942045225, 13.660304489058479 ], [ -89.159062473079288, 13.660355238639937 ], [ -89.15915542280618, 13.660398481981883 ], [ -89.159241511070249, 13.660431514034084 ], [ -89.159279349737105, 13.660446035464561 ], [ -89.159365358716698, 13.660492723579461 ], [ -89.159398864856428, 13.660510913246934 ], [ -89.159553781519136, 13.660584427928377 ], [ -89.159721981183594, 13.660666594912298 ], [ -89.159791305479331, 13.660715374147898 ], [ -89.15983265420337, 13.660744468938979 ], [ -89.159947766760169, 13.660843992319744 ], [ -89.160049640562022, 13.660995487665822 ], [ -89.160133817907735, 13.661151325282045 ], [ -89.160218007174379, 13.661324496499748 ], [ -89.160280026149849, 13.661428383993766 ], [ -89.160271212068238, 13.661480354243686 ], [ -89.160350907056198, 13.661549587746944 ], [ -89.160536843435224, 13.66168803679558 ], [ -89.160581114623355, 13.66172265089445 ], [ -89.160643075267288, 13.661739932480646 ], [ -89.160784616366016, 13.661661893498804 ], [ -89.160943868229722, 13.661601163243104 ], [ -89.161050063960559, 13.661601093719419 ], [ -89.161147428557655, 13.66162701356885 ], [ -89.161297908025944, 13.661678877765603 ], [ -89.16139905309565, 13.661795946838087 ], [ -89.161491765797507, 13.662039724296957 ], [ -89.161541680004561, 13.662158128389819 ], [ -89.161584436173897, 13.662220801850754 ], [ -89.161684099692508, 13.662220736345414 ], [ -89.161762378472261, 13.662178883097861 ], [ -89.161805058008312, 13.662130088128116 ], [ -89.161854857311198, 13.662081286809874 ], [ -89.16193313601454, 13.662039434059389 ], [ -89.162054175757348, 13.66206722309326 ], [ -89.162146719989664, 13.66206716209172 ], [ -89.162182287266276, 13.662025336868275 ], [ -89.162266896751433, 13.661845802669715 ] ] ] } },
{ "type": "Feature", "properties": { "FID_1": 902, "NOMBRE_DE": "CALLE LAS  AGUILAS", "Text_1": "COLONIA MARABU SUR", "ESTADO": "BUENO", "MATERIAL": "ADOQUIN", "VIAS": 2, "CLASE": "VEHICULAR", "ANCHO_1": "4.00" }, "geometry": { "type": "MultiLineString", "coordinates": [ [ [ -89.179931946290878, 13.647488795409179 ], [ -89.179917333936444, 13.647493794822081 ], [ -89.179832460853277, 13.647515233915211 ], [ -89.179711668728118, 13.647562299453547 ], [ -89.179577662922554, 13.647593165834936 ], [ -89.179405515986929, 13.647630557264335 ], [ -89.179312841073994, 13.647650063771476 ], [ -89.179231748376921, 13.6476614612902 ], [ -89.179086934955734, 13.647685865574463 ], [ -89.178946272555194, 13.647721604600427 ], [ -89.178832087821164, 13.647750847413 ], [ -89.178671576799317, 13.647802798980756 ], [ -89.178501734014546, 13.647863928014301 ], [ -89.178271531433964, 13.647926178153169 ], [ -89.178158779406104, 13.647956153366103 ], [ -89.178097713165911, 13.647983789986482 ], [ -89.178030201145745, 13.64800474915004 ], [ -89.177985741696958, 13.648024000119101 ], [ -89.177834013283984, 13.648078918408828 ], [ -89.177730048293341, 13.648112918292462 ], [ -89.177662310461869, 13.648133014118109 ], [ -89.177569367245852, 13.648157754075076 ], [ -89.177473261723023, 13.648168617332681 ], [ -89.177351947887274, 13.648179499286464 ], [ -89.177251113778894, 13.648190366419142 ], [ -89.177241819018391, 13.648190244574266 ], [ -89.177149050250151, 13.648189033700561 ], [ -89.177139243251148, 13.648188905048741 ], [ -89.177034143053319, 13.648195148666245 ], [ -89.17689695021437, 13.648174889917083 ], [ -89.176808690835031, 13.648171773432793 ], [ -89.176755235228015, 13.648165790130774 ], [ -89.176708228809744, 13.648171080998949 ], [ -89.176698887605681, 13.648172964571746 ], [ -89.176416643387327, 13.648229857561471 ] ] ] } },
{ "type": "Feature", "properties": { "FID_1": 905, "NOMBRE_DE": "CEMENTERIO", "Text_1": "SAN JOSE AHUACATITAN", "ESTADO": "MALO", "MATERIAL": "TIERRA", "VIAS": 2, "CLASE": "VEHICULAR", "ANCHO_1": "9.30" }, "geometry": { "type": "MultiLineString", "coordinates": [ [ [ -89.232179480713341, 13.654346419580582 ], [ -89.232188240787153, 13.653055158981733 ], [ -89.232196251047057, 13.652800164512554 ], [ -89.232223719218695, 13.652727366875212 ], [ -89.232344802115648, 13.65263291881616 ], [ -89.232438328932389, 13.65252232525639 ], [ -89.232498802350051, 13.65240637241733 ], [ -89.232616965686262, 13.652144821595234 ], [ -89.232644729432494, 13.651886311229291 ], [ -89.232621222432186, 13.651768062510724 ], [ -89.232570332810155, 13.651554459883728 ], [ -89.23258968485105, 13.651413279469297 ], [ -89.232768934517665, 13.651002541942027 ], [ -89.232891383937513, 13.650694074297055 ], [ -89.232997576864676, 13.650497749886163 ], [ -89.233185558239569, 13.650253293071508 ], [ -89.233265975493325, 13.650054579014828 ], [ -89.233339504890111, 13.649930367653115 ], [ -89.233409041765782, 13.649906274253462 ], [ -89.233490889828985, 13.649918210254885 ], [ -89.233581020949202, 13.65003025255595 ], [ -89.23363834605793, 13.650070243775227 ], [ -89.233703834909321, 13.650090204383618 ], [ -89.233814277946294, 13.650054058286631 ], [ -89.233928784874948, 13.649989876299548 ], [ -89.234165946270551, 13.649825463295819 ], [ -89.234353925893629, 13.649581005581091 ], [ -89.234532477815236, 13.649273207783738 ], [ -89.234724724349576, 13.648970638609866 ], [ -89.234876748459797, 13.648746990942103 ], [ -89.235019965474208, 13.648672353269651 ], [ -89.235201924684418, 13.648656673211624 ], [ -89.235327067509971, 13.648657261365948 ] ] ] } },
{ "type": "Feature", "properties": { "FID_1": 906, "NOMBRE_DE": "CALLE A HUIZUCAR", "Text_1": null, "ESTADO": "BUENO", "MATERIAL": "CONCRETO", "VIAS": 2, "CLASE": "VEHICULAR", "ANCHO_1": "12.00" }, "geometry": { "type": "MultiLineString", "coordinates": [ [ [ -89.233641425437995, 13.644046693647487 ], [ -89.233591308224106, 13.644168297154273 ], [ -89.233501858080515, 13.644338042539127 ], [ -89.233283404053239, 13.644674265293563 ], [ -89.233085068836644, 13.644933405881707 ], [ -89.233004390058937, 13.645038898940237 ], [ -89.232917011893036, 13.645177341004223 ], [ -89.232727045731352, 13.645482244404674 ], [ -89.232661658491182, 13.645599837589636 ], [ -89.232539016302155, 13.645778921726901 ], [ -89.232391857570462, 13.64600610996191 ], [ -89.232342876634121, 13.646141887120635 ], [ -89.232331318849432, 13.646503390403691 ], [ -89.232339769014061, 13.647016468345907 ], [ -89.232320267875366, 13.647377979121218 ], [ -89.23225301806599, 13.647605360611204 ], [ -89.232168062693773, 13.647817019911164 ], [ -89.232043794198788, 13.648022304792724 ], [ -89.231883472370768, 13.648331684889985 ], [ -89.231823067452467, 13.648477770762943 ], [ -89.231743323341561, 13.648748740153172 ], [ -89.231660038455601, 13.649107410036589 ], [ -89.231614782991571, 13.649455063049873 ], [ -89.231717886733989, 13.650158294617475 ], [ -89.231695213973666, 13.650503837627513 ], [ -89.231660697102825, 13.650713431269409 ], [ -89.231539516750018, 13.651070365684474 ], [ -89.23131438855583, 13.651653950391056 ], [ -89.231204625790554, 13.651852287099747 ], [ -89.231013752258761, 13.651960078948436 ], [ -89.230805670207687, 13.652015459892858 ] ] ] } },
{ "type": "Feature", "properties": { "FID_1": 908, "NOMBRE_DE": "CALLE PRINCIPAL", "Text_1": "SAN JOSE AHUACATITAN", "ESTADO": "BUENO", "MATERIAL": "CONCRETO", "VIAS": 2, "CLASE": "VEHICULAR", "ANCHO_1": "7.00" }, "geometry": { "type": "MultiLineString", "coordinates": [ [ [ -89.232186735336697, 13.653311515559675 ], [ -89.232018692391506, 13.653192017725054 ], [ -89.23192617774518, 13.653098993624692 ], [ -89.23180645378882, 13.652979391890279 ], [ -89.231689471856782, 13.652883730438086 ], [ -89.231597022958397, 13.652857214274096 ], [ -89.231395838899829, 13.652828140092211 ], [ -89.231210975235484, 13.652809691700984 ], [ -89.231001623259175, 13.652767323251298 ], [ -89.230890130621688, 13.652724862760522 ], [ -89.230838417395276, 13.652658403186249 ], [ -89.230723504433783, 13.652658681753252 ], [ -89.230721741808267, 13.652658683407058 ] ] ] } },
{ "type": "Feature", "properties": { "FID_1": 909, "NOMBRE_DE": "PASAJE MONTERROSA", "Text_1": null, "ESTADO": "MALO", "MATERIAL": "TIERRA", "VIAS": 2, "CLASE": "VEHICULAR", "ANCHO_1": "8.25" }, "geometry": { "type": "MultiLineString", "coordinates": [ [ [ -89.226300746303295, 13.640520801940159 ], [ -89.226386762148081, 13.63999869680695 ], [ -89.226421975391403, 13.639773263882438 ], [ -89.226426258107324, 13.639621548061241 ], [ -89.226439344104662, 13.639413474005661 ], [ -89.226421478796908, 13.639257443951724 ], [ -89.22637697834837, 13.639036419040346 ], [ -89.226304319195847, 13.638839955050338 ], [ -89.22625321416254, 13.638677937047261 ], [ -89.226194015972951, 13.638523703349161 ], [ -89.226172417962388, 13.638463112719561 ], [ -89.226153461747344, 13.638349814879238 ], [ -89.226133334644771, 13.637949578185282 ] ] ] } },
{ "type": "Feature", "properties": { "FID_1": 915, "NOMBRE_DE": "CALLE S/N", "Text_1": null, "ESTADO": "MALO", "MATERIAL": "TIERRA", "VIAS": 2, "CLASE": "VEHICULAR", "ANCHO_1": "6.55" }, "geometry": { "type": "MultiLineString", "coordinates": [ [ [ -89.224909101978284, 13.643596347999605 ], [ -89.224998838006584, 13.64353879298033 ], [ -89.225077131288444, 13.643443408641623 ], [ -89.225183921260239, 13.643341024083888 ], [ -89.22528593830063, 13.643215396855162 ], [ -89.225316710096095, 13.643103783073579 ], [ -89.225337893865756, 13.642901514784095 ], [ -89.225350216698757, 13.642862201809967 ], [ -89.22537577802548, 13.642825337965784 ], [ -89.225429913434084, 13.642753081124072 ], [ -89.225499092922774, 13.642667547924189 ], [ -89.225572786581267, 13.642579063329995 ], [ -89.225628211882366, 13.64250067788271 ], [ -89.225712340205916, 13.642363782457954 ], [ -89.225869103029723, 13.642086253632966 ], [ -89.225950360509216, 13.641945710670612 ], [ -89.226029766324785, 13.641783491048454 ], [ -89.226083900041459, 13.641659961965679 ], [ -89.226141977472281, 13.641534499879093 ], [ -89.226172490207603, 13.641465979381675 ], [ -89.226244392071592, 13.641355939468941 ], [ -89.226244392999604, 13.641356904150282 ], [ -89.226333033979515, 13.641215978979426 ], [ -89.226384268549822, 13.641155156838217 ], [ -89.226444409529478, 13.641124231632443 ], [ -89.226443422195842, 13.641123267859484 ], [ -89.226463871632589, 13.640963285097065 ], [ -89.226297807623411, 13.640541055843197 ] ] ] } },
{ "type": "Feature", "properties": { "FID_1": 917, "NOMBRE_DE": "PASAJE S/N", "Text_1": null, "ESTADO": "MALO", "MATERIAL": "TIERRA", "VIAS": 1, "CLASE": "PEATONAL", "ANCHO_1": "4.15" }, "geometry": { "type": "MultiLineString", "coordinates": [ [ [ -89.226133334644771, 13.637949578185282 ], [ -89.226115933684724, 13.63771111784358 ], [ -89.22609105447016, 13.637295838291351 ], [ -89.226064102312364, 13.637030858963005 ] ] ] } },
{ "type": "Feature", "properties": { "FID_1": 918, "NOMBRE_DE": "CALLE EL MARANON", "Text_1": null, "ESTADO": "MALO", "MATERIAL": "EMPEDRADO", "VIAS": 2, "CLASE": "VEHICULAR", "ANCHO_1": "6.50" }, "geometry": { "type": "MultiLineString", "coordinates": [ [ [ -89.216284972818926, 13.63048547649151 ], [ -89.21628472279005, 13.630241006549367 ], [ -89.216297098360684, 13.630066146897892 ], [ -89.216300192955885, 13.630023198864663 ], [ -89.21644415781499, 13.629802210579616 ], [ -89.216707113000538, 13.629467619042776 ], [ -89.216881587880096, 13.629219261131151 ], [ -89.217163305174253, 13.628795112337011 ], [ -89.217310200720689, 13.628666645813317 ], [ -89.217528562460402, 13.628479781103739 ], [ -89.217803518081865, 13.628203091369034 ] ] ] } },
{ "type": "Feature", "properties": { "FID_1": 921, "NOMBRE_DE": "PASAJE S/N", "Text_1": null, "ESTADO": "MALO", "MATERIAL": "TIERRA", "VIAS": 1, "CLASE": "PEATONAL", "ANCHO_1": "7.00" }, "geometry": { "type": "MultiLineString", "coordinates": [ [ [ -89.225016637956614, 13.630508351186318 ], [ -89.225043852780431, 13.630537959661329 ], [ -89.225304936104465, 13.630689707395749 ], [ -89.225457171183379, 13.630850960447669 ], [ -89.225588614977923, 13.63103259732925 ], [ -89.225664760280495, 13.631169424843888 ], [ -89.225683775519457, 13.631381674270562 ], [ -89.225635022727786, 13.631724596557568 ], [ -89.225425158523379, 13.632232247805366 ], [ -89.225159173422398, 13.632712520057931 ], [ -89.22484414446069, 13.633233982167921 ], [ -89.224599015463241, 13.633529080863564 ], [ -89.223982589702501, 13.634167395321908 ], [ -89.22390579983319, 13.634524057867861 ] ] ] } },
{ "type": "Feature", "properties": { "FID_1": 931, "NOMBRE_DE": "CALLE S/N", "Text_1": null, "ESTADO": "MALO", "MATERIAL": "TIERRA", "VIAS": 2, "CLASE": "VEHICULAR", "ANCHO_1": "7.40" }, "geometry": { "type": "MultiLineString", "coordinates": [ [ [ -89.220932959209065, 13.627087714634689 ], [ -89.220839287544678, 13.627198282613527 ], [ -89.220752570163029, 13.627297489146942 ], [ -89.220672043967426, 13.62738657492317 ], [ -89.220581148973451, 13.627439255364068 ], [ -89.220465439552385, 13.627479819818216 ], [ -89.22034559625618, 13.627520387922623 ], [ -89.220287769932071, 13.627571015584264 ], [ -89.220207243466774, 13.627660101207848 ], [ -89.220172206216418, 13.627767353381358 ], [ -89.220155744709999, 13.627846266443475 ], [ -89.220114491497924, 13.627937339902187 ], [ -89.220035978770568, 13.627969778716638 ], [ -89.219949171848114, 13.62797390245081 ], [ -89.219823044251058, 13.627925462429143 ], [ -89.219727937527082, 13.627895201929134 ], [ -89.219626654623781, 13.627891246349513 ], [ -89.219518296765443, 13.627912350469286 ], [ -89.219367631611021, 13.627982897434935 ], [ -89.219247797690358, 13.628053416818874 ], [ -89.219117749061411, 13.62819100477212 ], [ -89.219056183185145, 13.628295001892214 ], [ -89.219052844917286, 13.628388888201087 ], [ -89.219097494682828, 13.62851290854006 ], [ -89.219097569645342, 13.62859337990224 ], [ -89.219090755704343, 13.628633621688454 ], [ -89.219029105394029, 13.628647088518035 ], [ -89.218902357195574, 13.628650554366416 ], [ -89.218744783827276, 13.628660753526672 ], [ -89.218618023151151, 13.628650807334957 ], [ -89.218504921720566, 13.628593907272965 ], [ -89.218422633049457, 13.628516861932248 ], [ -89.218360895568992, 13.628436445337645 ], [ -89.218297042847482, 13.62832809649028 ], [ -89.218265666990817, 13.628293166316775 ], [ -89.218220456955933, 13.628274657287397 ], [ -89.218106029639856, 13.628288313967719 ], [ -89.218079060489799, 13.628289158623682 ] ] ] } },
{ "type": "Feature", "properties": { "FID_1": 932, "NOMBRE_DE": "PASAJE S/N", "Text_1": null, "ESTADO": "MALO", "MATERIAL": "TIERRA", "VIAS": 2, "CLASE": "VEHICULAR", "ANCHO_1": "6.00" }, "geometry": { "type": "MultiLineString", "coordinates": [ [ [ -89.222143389087208, 13.626703478373688 ], [ -89.22196540190896, 13.626683598682146 ], [ -89.221756957914053, 13.626658951909164 ], [ -89.221557575725356, 13.626634296794254 ], [ -89.221495947387908, 13.626625482727583 ], [ -89.221553845747778, 13.626522543314252 ], [ -89.221557423662659, 13.626472870383354 ], [ -89.221550150864218, 13.626448042082856 ], [ -89.221492137254828, 13.626428581249316 ], [ -89.221425051881099, 13.626398485063246 ], [ -89.221347192587629, 13.626474833644924 ], [ -89.221139049057655, 13.626769491336562 ], [ -89.221001480205302, 13.626950554668475 ], [ -89.220932959209065, 13.627087714634689 ] ] ] } },
{ "type": "Feature", "properties": { "FID_1": 933, "NOMBRE_DE": "PASAJE S/N", "Text_1": null, "ESTADO": "MALO", "MATERIAL": "TIERRA", "VIAS": 1, "CLASE": "PEATONAL", "ANCHO_1": "5.90" }, "geometry": { "type": "MultiLineString", "coordinates": [ [ [ -89.217803518081865, 13.628203091369034 ], [ -89.217891454515041, 13.628125277528582 ], [ -89.217962288613009, 13.628123113777153 ], [ -89.218054603760208, 13.628137738725398 ], [ -89.218288546176964, 13.628103915611314 ], [ -89.218635833979974, 13.627882128671283 ] ] ] } },
{ "type": "Feature", "properties": { "FID_1": 936, "NOMBRE_DE": "CALLE ANTIGUA", "Text_1": null, "ESTADO": "MALO", "MATERIAL": "TIERRA", "VIAS": 2, "CLASE": "VEHICULAR", "ANCHO_1": "8.70" }, "geometry": { "type": "MultiLineString", "coordinates": [ [ [ -89.207129642644475, 13.639046328223134 ], [ -89.207266764985448, 13.638987297988947 ], [ -89.207421384455969, 13.638926613589081 ], [ -89.207781371650995, 13.638797549588995 ], [ -89.207916123431445, 13.638747961836254 ], [ -89.208005904441166, 13.638654435299021 ], [ -89.20812370451182, 13.638489422785957 ], [ -89.208297693446013, 13.63835184809675 ], [ -89.208477342497275, 13.63826374233664 ], [ -89.208572793188608, 13.638230678824053 ], [ -89.208645660950097, 13.638065704166348 ], [ -89.208656728058799, 13.637878793556887 ], [ -89.208695896928376, 13.637713847475098 ], [ -89.208830564918003, 13.637570808679135 ], [ -89.208965286469734, 13.637488237805707 ], [ -89.209094303510909, 13.637306724002354 ], [ -89.209223295902362, 13.63709772467692 ], [ -89.209414122682531, 13.636949140672352 ], [ -89.209666793682302, 13.636871966027348 ], [ -89.209970012404284, 13.636794747964309 ], [ -89.210185163793952, 13.636829043244802 ], [ -89.210322958422324, 13.636836858351749 ], [ -89.210355293876788, 13.636741635528793 ], [ -89.210330815266957, 13.636559199072224 ], [ -89.210322539867974, 13.636368815822744 ], [ -89.210338714661049, 13.636329137335458 ], [ -89.21054117252109, 13.636138573738227 ], [ -89.210816497902641, 13.635860685274681 ], [ -89.21098657723482, 13.635717746647705 ], [ -89.211164825568716, 13.635646197262515 ], [ -89.211172838080799, 13.63554306228372 ], [ -89.211172617274769, 13.635297141623353 ], [ -89.211237301296023, 13.635122561588428 ], [ -89.21135061572636, 13.634947939740698 ], [ -89.211561233742088, 13.634820831724916 ], [ -89.211678714560563, 13.634773133032981 ] ] ] } },
{ "type": "Feature", "properties": { "FID_1": 937, "NOMBRE_DE": "CALLE A CANTON", "Text_1": null, "ESTADO": "MALO", "MATERIAL": "TIERRA", "VIAS": 2, "CLASE": "VEHICULAR", "ANCHO_1": "8.00" }, "geometry": { "type": "MultiLineString", "coordinates": [ [ [ -89.205534851661156, 13.639248118587448 ], [ -89.205424234515263, 13.639610535840809 ], [ -89.205349312697763, 13.639713381974982 ], [ -89.205199475272067, 13.639926415850915 ], [ -89.205102113772739, 13.640102697457261 ], [ -89.205019703282574, 13.64022023309974 ], [ -89.204867911983541, 13.640442117300323 ], [ -89.204674910018738, 13.640668511902495 ], [ -89.204637057163154, 13.640779972033188 ], [ -89.204630192449287, 13.640820497246427 ], [ -89.204599280645908, 13.640979224344347 ], [ -89.20458907755085, 13.641148064083598 ], [ -89.204620230281449, 13.641266220036517 ], [ -89.204668627132605, 13.641377608382864 ], [ -89.204807526241225, 13.641560640463418 ], [ -89.204930979693501, 13.641743017372047 ], [ -89.20500929475574, 13.641890113190838 ], [ -89.205193177336255, 13.642399137212271 ], [ -89.205227478711763, 13.642489690231237 ], [ -89.205293347134216, 13.642586212334542 ], [ -89.205368617365735, 13.64268732547716 ], [ -89.205387481120454, 13.642765491172026 ], [ -89.205340568699597, 13.642852909618719 ], [ -89.205190349210511, 13.643018595731885 ], [ -89.205035370489981, 13.643115302088798 ], [ -89.204913299830551, 13.643230376561977 ], [ -89.20481471545591, 13.643336233595305 ], [ -89.204795979995737, 13.643405232830503 ], [ -89.204805473880739, 13.64351559873209 ], [ -89.204880772244394, 13.643648904357631 ], [ -89.204927845285766, 13.643745442214438 ], [ -89.204947671584463, 13.643949265220135 ], [ -89.204986718172592, 13.64408431637974 ], [ -89.205008072873312, 13.644222845967276 ], [ -89.205008160432484, 13.64432329275189 ], [ -89.205050746111013, 13.644458340948708 ], [ -89.20510046420209, 13.64465572951328 ], [ -89.205097006761378, 13.644749251883646 ], [ -89.205068782360598, 13.64484972227854 ], [ -89.205043168911914, 13.644873637680647 ] ] ] } },
{ "type": "Feature", "properties": { "FID_1": 938, "NOMBRE_DE": "CASA DE PIEDRA", "Text_1": "CASA DE PIEDRA", "ESTADO": "MALO", "MATERIAL": "TIERRA", "VIAS": 2, "CLASE": "VEHICULAR", "ANCHO_1": "8.00" }, "geometry": { "type": "MultiLineString", "coordinates": [ [ [ -89.207129642644475, 13.639046328223134 ], [ -89.20701347521657, 13.639143234698311 ], [ -89.206970563907248, 13.639161092362162 ], [ -89.206090911338293, 13.639191741677749 ], [ -89.205883055892102, 13.639232578701423 ], [ -89.205706312909584, 13.639192063718358 ], [ -89.205529645500064, 13.639237957213403 ], [ -89.205524448222988, 13.63923796155744 ] ] ] } },
{ "type": "Feature", "properties": { "FID_1": 939, "NOMBRE_DE": "CALLE A CHANTECUAN", "Text_1": null, "ESTADO": "MALO", "MATERIAL": "TIERRA", "VIAS": 2, "CLASE": "VEHICULAR", "ANCHO_1": "4.00" }, "geometry": { "type": "MultiLineString", "coordinates": [ [ [ -89.20383145973959, 13.646097185848902 ], [ -89.203921005464991, 13.646097111607125 ], [ -89.204174981142259, 13.646082409664121 ], [ -89.204293772997445, 13.646069391886178 ], [ -89.204485186369837, 13.646078922123634 ], [ -89.204646913039966, 13.64610462581396 ], [ -89.204844949132706, 13.646139988489846 ], [ -89.204963794461094, 13.64618833614108 ], [ -89.205155315019866, 13.646320597361806 ], [ -89.205293980775821, 13.646391536767894 ], [ -89.205402934514879, 13.646449581800667 ], [ -89.205617499705127, 13.646517227834678 ], [ -89.206071047265425, 13.646594362862679 ], [ -89.20629548756294, 13.64663293202052 ], [ -89.206510056013229, 13.646703807051985 ], [ -89.206645419470775, 13.646771518689897 ], [ -89.206836924406971, 13.646884399939571 ], [ -89.207048224429755, 13.646990804815779 ], [ -89.207193471432348, 13.647039129157243 ], [ -89.20731888373129, 13.647048712791667 ], [ -89.207500369229379, 13.647025951265027 ], [ -89.207655451053881, 13.646999982123921 ], [ -89.207821223478518, 13.646962924349918 ], [ -89.207927685655562, 13.646964281467802 ], [ -89.207997188643262, 13.646972905383679 ], [ -89.208256145895433, 13.647088427979501 ], [ -89.208379595259174, 13.647014414175162 ], [ -89.208664457415054, 13.646449051430572 ], [ -89.209209807397301, 13.64599160733899 ], [ -89.209577012432291, 13.645768036892081 ], [ -89.209716101545411, 13.645740011089943 ], [ -89.209883770407714, 13.645760798452754 ] ] ] } },
{ "type": "Feature", "properties": { "FID_1": 947, "NOMBRE_DE": "CALLE SACRAMENTO", "Text_1": null, "ESTADO": null, "MATERIAL": null, "VIAS": 0, "CLASE": null, "ANCHO_1": null }, "geometry": { "type": "MultiLineString", "coordinates": [ [ [ -89.194912001933147, 13.672455926928633 ], [ -89.194401667624945, 13.672397885093467 ], [ -89.194349829358629, 13.672392045020873 ], [ -89.194008131446211, 13.672353549025429 ], [ -89.19390239908428, 13.672337132387597 ], [ -89.193346512343155, 13.672250823543195 ], [ -89.192306782870844, 13.672112117340443 ], [ -89.191740151926865, 13.672034429050964 ], [ -89.191723920713386, 13.672037195203337 ], [ -89.191526323301815, 13.672070870567449 ], [ -89.191452273379554, 13.672084237259396 ], [ -89.191117302280816, 13.672077879694955 ] ] ] } },
{ "type": "Feature", "properties": { "FID_1": 950, "NOMBRE_DE": "CALLE PRINCIPAL", "Text_1": null, "ESTADO": null, "MATERIAL": null, "VIAS": 0, "CLASE": null, "ANCHO_1": null }, "geometry": { "type": "MultiLineString", "coordinates": [ [ [ -89.191565525125128, 13.669164727175589 ], [ -89.191686637193826, 13.669183788233758 ], [ -89.191886127138574, 13.669228909128984 ], [ -89.191973404901972, 13.66924973784567 ], [ -89.192254833836145, 13.669320044803241 ], [ -89.192288673192309, 13.669324371853339 ], [ -89.192357831684035, 13.669035573436526 ], [ -89.192422427944535, 13.668769470721893 ], [ -89.192461485257795, 13.668664737146658 ], [ -89.192511004996859, 13.668590640253319 ], [ -89.192563139757439, 13.668524203211499 ], [ -89.192625743400043, 13.668493510409009 ], [ -89.192680507409236, 13.66845005535526 ], [ -89.192722214625277, 13.668396394826551 ], [ -89.192740432038377, 13.668335090792072 ], [ -89.192747337711197, 13.668220930764619 ] ], [ [ -89.190781083383115, 13.670538343802379 ], [ -89.191101398795851, 13.670410210526667 ], [ -89.191221954011056, 13.670377934926643 ], [ -89.191301368700138, 13.670305461839483 ], [ -89.191326300689838, 13.670221564737002 ], [ -89.19137789418167, 13.6700479427505 ], [ -89.191415720328251, 13.669881244729654 ], [ -89.191478928304079, 13.669602676753803 ], [ -89.191492789742469, 13.669536130712411 ], [ -89.191561347691589, 13.669207000317549 ] ] ] } },
{ "type": "Feature", "properties": { "FID_1": 955, "NOMBRE_DE": "CALLE #3", "Text_1": "JARDINES DE SAN MARCOS", "ESTADO": "BUENO", "MATERIAL": "ADOQUIN", "VIAS": 2, "CLASE": "VEHICULAR", "ANCHO_1": "7.00" }, "geometry": { "type": "MultiLineString", "coordinates": [ [ [ -89.189074108338247, 13.664773253739183 ], [ -89.188793738464625, 13.66477765979687 ], [ -89.188141890017235, 13.664795304313714 ], [ -89.187644651724611, 13.664812417065503 ], [ -89.187419620881727, 13.664805330595186 ], [ -89.187310789447295, 13.664769114880867 ], [ -89.187172225085774, 13.664657904210058 ], [ -89.186878015466277, 13.66441226879197 ], [ -89.186810267452387, 13.664349904492314 ], [ -89.186616922485769, 13.664171921245467 ], [ -89.186269593999398, 13.663840207795205 ], [ -89.186088772720183, 13.663671437845045 ], [ -89.185964661889301, 13.66355016922452 ], [ -89.185853745779269, 13.66343147249191 ], [ -89.185695294586594, 13.663258585161181 ], [ -89.185621319995022, 13.663139860425071 ], [ -89.185539613554539, 13.662974679578815 ] ] ] } },
{ "type": "Feature", "properties": { "FID_1": 956, "NOMBRE_DE": "CALLE PRINCIPAL JARDINES DE SAN MARCOS", "Text_1": "JARDINES DE SAN MARCOS", "ESTADO": "REGULAR", "MATERIAL": "ASFALTO", "VIAS": 2, "CLASE": "VEHICULAR", "ANCHO_1": "9.00" }, "geometry": { "type": "MultiLineString", "coordinates": [ [ [ -89.189118162156234, 13.667573991722644 ], [ -89.18915696562523, 13.667509977596671 ], [ -89.189206698586048, 13.667347892820754 ], [ -89.1892335218092, 13.667258677800762 ], [ -89.18924077840164, 13.667211147192297 ], [ -89.189259628328671, 13.667087226896502 ], [ -89.189263907721838, 13.667017945882478 ], [ -89.189255110542021, 13.666858191242534 ], [ -89.18923613221699, 13.666612907223083 ], [ -89.189236501907232, 13.666499862355206 ], [ -89.189173233224381, 13.66616206258897 ], [ -89.189137806048294, 13.665822948807469 ], [ -89.189130963374438, 13.665511761793477 ], [ -89.189105887874433, 13.665153757796674 ], [ -89.189074108338247, 13.664773253739183 ], [ -89.1890199291187, 13.664258143346057 ], [ -89.189007138199074, 13.664104413475032 ], [ -89.18900536309495, 13.664083082530782 ], [ -89.189017630956187, 13.664048617123237 ], [ -89.189022350183805, 13.663986062005472 ], [ -89.189014129735767, 13.663927223106045 ], [ -89.188995484361371, 13.663793761411556 ], [ -89.188984024769468, 13.663761989397825 ], [ -89.188961062623093, 13.663698327339469 ], [ -89.188932183257393, 13.663618255857939 ] ] ] } },
{ "type": "Feature", "properties": { "FID_1": 960, "NOMBRE_DE": "PASAJE C", "Text_1": "RESIDENCIAL COMALAPA", "ESTADO": "BUENO", "MATERIAL": "CONCRETO", "VIAS": 1, "CLASE": "PEATONAL", "ANCHO_1": "3.00" }, "geometry": { "type": "MultiLineString", "coordinates": [ [ [ -89.18956905725085, 13.664200870067351 ], [ -89.189393529467566, 13.664173612893702 ], [ -89.189155251182783, 13.66414263153488 ], [ -89.18900713825262, 13.664104412897915 ] ] ] } },
{ "type": "Feature", "properties": { "FID_1": 962, "NOMBRE_DE": "CALLE PRINCIPAL", "Text_1": null, "ESTADO": null, "MATERIAL": null, "VIAS": 0, "CLASE": null, "ANCHO_1": null }, "geometry": { "type": "MultiLineString", "coordinates": [ [ [ -89.193743640081124, 13.668432561189499 ], [ -89.193778421882556, 13.668044991121054 ], [ -89.19373605154648, 13.667921352082216 ], [ -89.193739055787802, 13.667776146379085 ], [ -89.193686739566772, 13.666894211746135 ], [ -89.193683600422887, 13.666757147792701 ], [ -89.193657234854243, 13.666014730688877 ], [ -89.193618536513199, 13.665745709939161 ], [ -89.193519755078, 13.665320814826378 ], [ -89.193397712720937, 13.664771280198174 ], [ -89.1933686788676, 13.664669309361456 ], [ -89.193327926208397, 13.66439735791792 ], [ -89.193327406790175, 13.663765540323862 ], [ -89.193303981524409, 13.663442579509979 ], [ -89.193275776204274, 13.663272316341772 ] ] ] } },
{ "type": "Feature", "properties": { "FID_1": 966, "NOMBRE_DE": "2A CALLE PRINCIPAL", "Text_1": null, "ESTADO": null, "MATERIAL": null, "VIAS": 0, "CLASE": null, "ANCHO_1": null }, "geometry": { "type": "MultiLineString", "coordinates": [ [ [ -89.193105225597989, 13.66762623191871 ], [ -89.193124927902716, 13.66755271882926 ], [ -89.19307396474079, 13.666837153689782 ], [ -89.193067270428003, 13.666595546177982 ], [ -89.193063978009732, 13.666476813432901 ], [ -89.193024435908285, 13.666075393046521 ], [ -89.193000128439493, 13.665909829793996 ], [ -89.192968966486376, 13.665864164150154 ] ] ] } },
{ "type": "Feature", "properties": { "FID_1": 974, "NOMBRE_DE": "CALLE PRINCIPAL SAN TANONIO 3", "Text_1": "COLONIA SAN ANTONIO 3", "ESTADO": "BUENO", "MATERIAL": "ASFALTO", "VIAS": 2, "CLASE": "VEHICULAR", "ANCHO_1": "7.00" }, "geometry": { "type": "MultiLineString", "coordinates": [ [ [ -89.186143127473457, 13.660004710348513 ], [ -89.186041316099349, 13.659961400601553 ], [ -89.186012076209479, 13.659955064458847 ], [ -89.185921115647716, 13.659945597231651 ], [ -89.185771047956806, 13.659952703350116 ], [ -89.185718632843333, 13.659975631026338 ], [ -89.185686233887495, 13.660016034452358 ], [ -89.185615260976789, 13.660128742081225 ], [ -89.18554418723771, 13.660247454942922 ], [ -89.185443873052307, 13.660370708200508 ], [ -89.18535611282536, 13.660481459419035 ], [ -89.185227596546625, 13.660617706350303 ], [ -89.185034542071634, 13.660810665061639 ], [ -89.184927927460848, 13.660919704063502 ], [ -89.184899476908015, 13.660988195516275 ], [ -89.184893972619719, 13.661001448560807 ], [ -89.184728840453673, 13.661421503671928 ], [ -89.184688710857898, 13.661519282767145 ], [ -89.184665562104115, 13.661578319157575 ], [ -89.184687236414334, 13.661611596997581 ], [ -89.184809522157195, 13.661765862742444 ], [ -89.184985857230259, 13.662005858921331 ], [ -89.185094658714618, 13.662130823220062 ], [ -89.185142359630973, 13.662158782969849 ], [ -89.185199577684756, 13.662166204291291 ], [ -89.185268224826373, 13.662153089047703 ], [ -89.185331160252304, 13.662154907451471 ], [ -89.185405559843431, 13.662182847027923 ], [ -89.185462138967736, 13.662239955337599 ], [ -89.185496342200537, 13.662314354569995 ], [ -89.185507262052653, 13.662384217137133 ], [ -89.185511971411373, 13.662451044008963 ], [ -89.185516753866239, 13.662610525442606 ], [ -89.185514879869288, 13.662772367073631 ], [ -89.185517039611938, 13.662892644427536 ], [ -89.185539613554539, 13.662974679578815 ] ] ] } },
{ "type": "Feature", "properties": { "FID_1": 989, "NOMBRE_DE": "1A AVENIDA SUR", "Text_1": "COLONIA TEPEYAC", "ESTADO": "BUENO", "MATERIAL": "CONCRETO", "VIAS": 2, "CLASE": "VEHICULAR", "ANCHO_1": "6.10" }, "geometry": { "type": "MultiLineString", "coordinates": [ [ [ -89.186876101981568, 13.658914672790111 ], [ -89.186777283139321, 13.658852050161904 ], [ -89.186614368877528, 13.658752903308807 ], [ -89.186542258973418, 13.65870854562908 ], [ -89.186513908043537, 13.658654176271789 ], [ -89.186489343661776, 13.658589722401743 ], [ -89.186470887532892, 13.658499773473741 ], [ -89.186458564118141, 13.658417316850391 ], [ -89.186467746327864, 13.658242247213325 ], [ -89.186485397810131, 13.658131400356655 ], [ -89.18650306918876, 13.65804779663606 ], [ -89.186526226448862, 13.657998370549004 ], [ -89.186594220922302, 13.657919412520039 ], [ -89.186658844368836, 13.65785022475567 ], [ -89.186707535746663, 13.657769363109082 ], [ -89.186726413923196, 13.657734292545433 ], [ -89.186726389953165, 13.657704103921215 ], [ -89.186722230360743, 13.657690184693406 ] ] ] } },
{ "type": "Feature", "properties": { "FID_1": 992, "NOMBRE_DE": "CALLE EL DIAMANTE", "Text_1": "COLONIA PERLA ESCONDIDA", "ESTADO": "BUENO", "MATERIAL": "CONCRETO", "VIAS": 1, "CLASE": "VEHICULAR", "ANCHO_1": "4.40" }, "geometry": { "type": "MultiLineString", "coordinates": [ [ [ -89.1858565919254, 13.653466162521523 ], [ -89.185831580456792, 13.653678946268274 ], [ -89.185824329787337, 13.65374063088337 ], [ -89.185808760283493, 13.653838409332293 ], [ -89.185781532365681, 13.654029042638847 ], [ -89.185796899778111, 13.654224295491797 ], [ -89.185823633010969, 13.654363749907898 ], [ -89.185827505367143, 13.654451151073845 ], [ -89.185850480907462, 13.654648257832287 ], [ -89.185837336897734, 13.654860269177602 ], [ -89.185837338367264, 13.654862128837975 ] ] ] } },
{ "type": "Feature", "properties": { "FID_1": 1000, "NOMBRE_DE": "PASAJE S/N", "Text_1": "COLONIA MARABU", "ESTADO": "MALO", "MATERIAL": "TIERRA", "VIAS": 1, "CLASE": "PEATONAL", "ANCHO_1": "3.40" }, "geometry": { "type": "MultiLineString", "coordinates": [ [ [ -89.180724158592696, 13.650745978074079 ], [ -89.180817658471895, 13.650715749929867 ], [ -89.180916929182146, 13.650680738186482 ], [ -89.180937924134653, 13.650674042838391 ], [ -89.181020958103659, 13.650647564452084 ], [ -89.181069533936636, 13.650632202100823 ] ] ] } },
{ "type": "Feature", "properties": { "FID_1": 1003, "NOMBRE_DE": "PASAJE 10", "Text_1": "COL. GRIMALDI Y VALENCIA", "ESTADO": "REGULAR", "MATERIAL": "CONCRETO", "VIAS": 1, "CLASE": "VEHICULAR", "ANCHO_1": "4.15" }, "geometry": { "type": "MultiLineString", "coordinates": [ [ [ -89.177047936997525, 13.653439381904226 ], [ -89.176962572851707, 13.653458104388347 ], [ -89.176837682876823, 13.653491520065753 ], [ -89.176679284561388, 13.65355481669827 ] ] ] } },
{ "type": "Feature", "properties": { "FID_1": 1013, "NOMBRE_DE": "3a CALLE ORIENTE", "Text_1": "COL. SANTA MARIA", "ESTADO": "MALO", "MATERIAL": "ADOQUIN", "VIAS": 2, "CLASE": "VEHICULAR", "ANCHO_1": "6.30" }, "geometry": { "type": "MultiLineString", "coordinates": [ [ [ -89.171468007968812, 13.655124929941152 ], [ -89.171399419197797, 13.655074719070605 ], [ -89.171278424166232, 13.654949979508137 ], [ -89.171157443640297, 13.654843444091597 ], [ -89.170958027245021, 13.654673249227173 ], [ -89.170868617669129, 13.654581123456422 ], [ -89.170757202928996, 13.65448039328129 ], [ -89.170649569358886, 13.654375205509904 ], [ -89.170503180077176, 13.654219519409795 ], [ -89.170319239466991, 13.654069862756977 ], [ -89.170145682654137, 13.653927814904529 ], [ -89.169943931505998, 13.653773055545251 ], [ -89.169664738377364, 13.653558700405471 ] ] ] } },
{ "type": "Feature", "properties": { "FID_1": 1033, "NOMBRE_DE": "CALLE EL CEDRO", "Text_1": "COLONIA EL CENIZAL", "ESTADO": "BUENO", "MATERIAL": "CONCRETO", "VIAS": 2, "CLASE": "VEHICULAR", "ANCHO_1": "7.40" }, "geometry": { "type": "MultiLineString", "coordinates": [ [ [ -89.168017030496571, 13.653849827878997 ], [ -89.167970800943294, 13.653713277355278 ], [ -89.16793024692052, 13.653591962916343 ] ], [ [ -89.167954493914166, 13.653853285160009 ], [ -89.167901360033142, 13.653863340609512 ], [ -89.167745282394023, 13.653901228171321 ], [ -89.167642922940914, 13.653944008948374 ], [ -89.167585870877815, 13.653971974539104 ], [ -89.167530501736394, 13.654003223750687 ], [ -89.167525530516357, 13.654093576257774 ], [ -89.167545761789938, 13.65421840841087 ], [ -89.167602991970554, 13.654476691417294 ], [ -89.16765663075185, 13.654730808263476 ] ], [ [ -89.168499562956242, 13.654919231749817 ], [ -89.168487338682311, 13.654860046709709 ], [ -89.168431274279826, 13.654743803114091 ], [ -89.168371704301464, 13.654606273173266 ], [ -89.16825765355496, 13.654354613136073 ], [ -89.168144541128697, 13.654103599537937 ], [ -89.168050431180106, 13.653933196775586 ], [ -89.168016816015097, 13.653849179311592 ] ], [ [ -89.167689974163778, 13.654984797549075 ], [ -89.167685146493852, 13.654928947589223 ], [ -89.167656587383973, 13.654731006850721 ] ] ] } },
{ "type": "Feature", "properties": { "FID_1": 1070, "NOMBRE_DE": "PASAJE VIDAL", "Text_1": "JILTEPEQUE", "ESTADO": "MALO", "MATERIAL": "TIERRA", "VIAS": 1, "CLASE": "PEATONAL", "ANCHO_1": "4.00" }, "geometry": { "type": "MultiLineString", "coordinates": [ [ [ -89.170487766130691, 13.651474670936061 ], [ -89.170925770186969, 13.65140935446928 ], [ -89.171000021023332, 13.651373777472481 ], [ -89.171031039791728, 13.651350527412482 ], [ -89.171062047251027, 13.651309411325546 ], [ -89.171067350337779, 13.651069982740456 ], [ -89.171048856372181, 13.650743019209507 ], [ -89.171026890217007, 13.650665116656155 ], [ -89.170972109953922, 13.650652648417035 ], [ -89.170919164905115, 13.650652685222466 ], [ -89.170869887842315, 13.65067594630151 ], [ -89.170809646322411, 13.650683135889867 ], [ -89.17075123052301, 13.650692110578094 ], [ -89.170709233045599, 13.650684991999771 ], [ -89.170680012825812, 13.650672505950531 ], [ -89.170647127235824, 13.650640366165801 ], [ -89.170627002954163, 13.650583203202702 ], [ -89.170632375556679, 13.650438997915824 ], [ -89.170628695929864, 13.650399691779375 ], [ -89.17061224222293, 13.650369328624977 ], [ -89.170577537048217, 13.650346124763873 ], [ -89.170500829691235, 13.650306869271406 ], [ -89.170404026646509, 13.650249759442964 ], [ -89.170268842704772, 13.650137638692334 ], [ -89.170173847072093, 13.650053726818927 ], [ -89.170062082578141, 13.650063535453343 ], [ -89.170008940103514, 13.650083620752717 ], [ -89.169931780825138, 13.650088898296804 ], [ -89.169815440165834, 13.650085495857724 ], [ -89.169804162069624, 13.650084923177742 ] ] ] } },
{ "type": "Feature", "properties": { "FID_1": 1074, "NOMBRE_DE": "CALLE PRINCIPAL", "Text_1": "COLONIA SAN LUIS", "ESTADO": "MALO", "MATERIAL": "TIERRA", "VIAS": 1, "CLASE": "PEATONAL", "ANCHO_1": "4.00" }, "geometry": { "type": "MultiLineString", "coordinates": [ [ [ -89.16903619311563, 13.65063992974307 ], [ -89.169040955917509, 13.650586685218233 ], [ -89.169064120455459, 13.650460118606189 ], [ -89.169072386960821, 13.650311265003912 ], [ -89.169042519113759, 13.650173808565754 ], [ -89.169019198880548, 13.650086069521652 ], [ -89.168958589984996, 13.649890367124968 ], [ -89.168909183543434, 13.64974610516467 ], [ -89.168821117533369, 13.649499071643584 ], [ -89.168790165334769, 13.649339145451528 ], [ -89.168665526450241, 13.648976178234808 ] ] ] } },
{ "type": "Feature", "properties": { "FID_1": 1079, "NOMBRE_DE": "AVENIDA AZUCENA", "Text_1": "COL. SAN ANTONIO GUADALUPE", "ESTADO": "REGULAR", "MATERIAL": "EMPEDRADO", "VIAS": 1, "CLASE": "PEATONAL", "ANCHO_1": "4.00" }, "geometry": { "type": "MultiLineString", "coordinates": [ [ [ -89.176699311008832, 13.650365059271763 ], [ -89.176726250970745, 13.65026305004961 ], [ -89.176754226596998, 13.650085135924956 ], [ -89.17674461093074, 13.649758701564551 ], [ -89.176731410083704, 13.649647560873399 ], [ -89.176735091243472, 13.649557696785321 ], [ -89.176707833795092, 13.649505092015271 ], [ -89.17667693700929, 13.649473376409544 ], [ -89.17661877812148, 13.649383555090184 ], [ -89.176562503267803, 13.649305455332824 ], [ -89.176519335002439, 13.649213789949053 ], [ -89.176479909630743, 13.649116618731613 ], [ -89.176464765543074, 13.648913063633804 ], [ -89.17644584708917, 13.648673730075025 ], [ -89.17642689910727, 13.648394984121914 ], [ -89.176416643387327, 13.648229857561471 ], [ -89.176385896439925, 13.648038111053056 ] ] ] } },
{ "type": "Feature", "properties": { "FID_1": 1082, "NOMBRE_DE": "CALLE PRINCIPAL", "Text_1": "COLONIA MALENA", "ESTADO": "BUENO", "MATERIAL": "CONCRETO", "VIAS": 2, "CLASE": "VEHICULAR", "ANCHO_1": "4.90" }, "geometry": { "type": "MultiLineString", "coordinates": [ [ [ -89.1785697980593, 13.649122872869901 ], [ -89.17850083845839, 13.649026762810585 ], [ -89.17844170701683, 13.64891989144429 ], [ -89.178381128843952, 13.648853475672718 ], [ -89.178326468151951, 13.648801501681652 ], [ -89.178296463768461, 13.648788476445674 ], [ -89.178286596617312, 13.648784194185012 ], [ -89.178196498343539, 13.648723577099945 ], [ -89.178121166769145, 13.648668729375727 ], [ -89.178118484222352, 13.648638822926143 ], [ -89.177941249310635, 13.648530592623693 ], [ -89.177721347747422, 13.648610214782529 ], [ -89.177655371025125, 13.648634823286823 ], [ -89.177501920240672, 13.648741850038352 ], [ -89.17742593115328, 13.64879557635199 ] ], [ [ -89.1785697980593, 13.649122872869901 ], [ -89.178506874266546, 13.649165904283235 ], [ -89.178419073294819, 13.649224715606218 ], [ -89.17829176333521, 13.649310778847637 ], [ -89.178287391610382, 13.649338007525051 ], [ -89.178268368555806, 13.649350916041707 ], [ -89.178242012235273, 13.649346636353725 ], [ -89.178212700903728, 13.649306537364941 ], [ -89.178192188945374, 13.649286493216357 ], [ -89.17818446762206, 13.649274596030445 ], [ -89.178172999659992, 13.649278059042786 ], [ -89.17816417455154, 13.649277633461104 ], [ -89.178156229609996, 13.649272890242205 ], [ -89.178122532872806, 13.649296321892052 ] ], [ [ -89.179196772384529, 13.649804393984549 ], [ -89.179144833514329, 13.649654262595506 ], [ -89.179073054109338, 13.649456099786175 ], [ -89.179040876914243, 13.649364269608167 ], [ -89.179003710074724, 13.649209593616225 ], [ -89.178979674718306, 13.649126877542967 ], [ -89.17895989495797, 13.649106832373503 ], [ -89.178872032547915, 13.649084687890348 ], [ -89.178812000811376, 13.649077567262102 ], [ -89.178737334541069, 13.649081202585444 ], [ -89.1785697980593, 13.649122872869901 ] ] ] } },
{ "type": "Feature", "properties": { "FID_1": 1083, "NOMBRE_DE": "AVENIDA FLAMINGO", "Text_1": "COLONIA MARABU", "ESTADO": "MALO", "MATERIAL": "EMPEDRADO", "VIAS": 1, "CLASE": "PEATONAL", "ANCHO_1": "5.60" }, "geometry": { "type": "MultiLineString", "coordinates": [ [ [ -89.18078597429998, 13.648833623337211 ], [ -89.180907474961217, 13.648795498596218 ], [ -89.180987303927523, 13.648746224406109 ], [ -89.181013879784501, 13.648685408803626 ], [ -89.181007078161016, 13.648497234010458 ], [ -89.180963155075588, 13.648118024688493 ], [ -89.180932267558049, 13.647959544295547 ] ] ] } },
{ "type": "Feature", "properties": { "FID_1": 1098, "NOMBRE_DE": "CALLE PRINCIPAL", "Text_1": null, "ESTADO": null, "MATERIAL": null, "VIAS": 0, "CLASE": null, "ANCHO_1": null }, "geometry": { "type": "MultiLineString", "coordinates": [ [ [ -89.192028334791289, 13.644003611838484 ], [ -89.19175770353776, 13.644066330989414 ], [ -89.191693802621259, 13.644085291756475 ], [ -89.191661094954057, 13.644076589463246 ], [ -89.191637304275559, 13.644064969482491 ], [ -89.191533269790185, 13.644081052954492 ], [ -89.191319279145347, 13.644142319025304 ], [ -89.191223283059614, 13.644180218341681 ], [ -89.191131163198548, 13.644222476295125 ], [ -89.191010817029849, 13.644286580026256 ], [ -89.190951469850603, 13.644390606519474 ], [ -89.190726492519914, 13.644449187237839 ], [ -89.190588521593952, 13.64448458051787 ], [ -89.190250889800893, 13.644535946428011 ], [ -89.189847238203342, 13.644583711195448 ], [ -89.18947714575468, 13.644616849431557 ], [ -89.189109675377892, 13.644671886767247 ], [ -89.188852310827059, 13.644653834543112 ], [ -89.188714312877039, 13.644653940486945 ], [ -89.188640972130102, 13.644667379737225 ], [ -89.188380848797408, 13.644737753989551 ], [ -89.188130301763067, 13.644819231191814 ], [ -89.187804504701191, 13.644926181580688 ] ] ] } },
{ "type": "Feature", "properties": { "FID_1": 1110, "NOMBRE_DE": "CALLE AL PARQUE BALBOA", "Text_1": null, "ESTADO": "BUENO", "MATERIAL": "ASFALTO", "VIAS": 2, "CLASE": "VEHICULAR", "ANCHO_1": "9.00" }, "geometry": { "type": "MultiLineString", "coordinates": [ [ [ -89.187663808629154, 13.64577779340563 ], [ -89.187732765370669, 13.645521947621329 ], [ -89.187804504701191, 13.644926181580688 ], [ -89.187870105730298, 13.644368927285617 ], [ -89.187842238607345, 13.644099917530021 ], [ -89.187747979214024, 13.643796875406146 ], [ -89.187621305816265, 13.643574740634415 ], [ -89.187589981394751, 13.643519809807341 ], [ -89.187457212731545, 13.643264128919558 ], [ -89.18724099729512, 13.642863940820948 ], [ -89.187134710088984, 13.642569681186675 ], [ -89.187089034823117, 13.642287984346819 ], [ -89.1870888342971, 13.642035908074821 ], [ -89.18710379608828, 13.641798648126814 ], [ -89.187069493814221, 13.641511516165213 ], [ -89.187155982119847, 13.641219479868663 ], [ -89.187213882452937, 13.640838113042992 ], [ -89.187167495497221, 13.640683985910282 ], [ -89.187209212993125, 13.640222635299137 ], [ -89.187275857485574, 13.63935761367896 ], [ -89.187359114231228, 13.63821249286732 ], [ -89.187421680101849, 13.637754340457366 ], [ -89.187530334220654, 13.637428190228476 ], [ -89.187651821175251, 13.637127113450008 ], [ -89.187830966806786, 13.636825990364063 ], [ -89.188080614641279, 13.636562439275169 ], [ -89.188083695158497, 13.636533436599072 ] ] ] } },
{ "type": "Feature", "properties": { "FID_1": 1117, "NOMBRE_DE": "CALLE LOMA  LARGA", "Text_1": null, "ESTADO": "BUENO", "MATERIAL": "ASFALTO", "VIAS": 2, "CLASE": "VEHICULAR", "ANCHO_1": "8.55" }, "geometry": { "type": "MultiLineString", "coordinates": [ [ [ -89.174552173870495, 13.643284556153583 ], [ -89.174635637667024, 13.643281852074745 ], [ -89.174784652611805, 13.643297595246374 ], [ -89.175021172097416, 13.643371916648135 ], [ -89.175101547337363, 13.643399502572928 ], [ -89.175268017680224, 13.643471554289324 ], [ -89.175338015730773, 13.643509441027041 ], [ -89.175460991381144, 13.64358244936386 ], [ -89.175511115683165, 13.643597217731344 ], [ -89.175555564032564, 13.643605512709577 ], [ -89.175720950611449, 13.64356306315087 ], [ -89.175797574946642, 13.643540572118901 ], [ -89.17589243466881, 13.643502426410798 ], [ -89.176043070449197, 13.643431350440652 ], [ -89.176124440883754, 13.643407635563229 ], [ -89.176192936607563, 13.6434083748637 ], [ -89.176282399219218, 13.643430390615663 ], [ -89.176410866351802, 13.643490695112364 ], [ -89.176518675161006, 13.64354469803548 ], [ -89.176595139010644, 13.643561768246622 ], [ -89.176674361767667, 13.643572527286912 ], [ -89.176736065698975, 13.64356076497992 ], [ -89.176784865543411, 13.643537295072118 ], [ -89.176887810099572, 13.643486386362619 ], [ -89.177059477865129, 13.643414723084973 ], [ -89.177178749243879, 13.643390168472642 ], [ -89.17726049447613, 13.643387873545871 ], [ -89.177303902338835, 13.643391323987432 ], [ -89.177413504006338, 13.643419791755232 ], [ -89.177506742094721, 13.643450361101321 ], [ -89.177631301459087, 13.643500404630545 ], [ -89.17769855960421, 13.643527373561431 ], [ -89.177789539647264, 13.643570705650301 ], [ -89.177830553700616, 13.643614075500141 ], [ -89.177859786241171, 13.643665142263069 ], [ -89.177997002851924, 13.644016084883265 ], [ -89.178044568651018, 13.644098809410313 ], [ -89.178117970537841, 13.644197564524969 ], [ -89.178169701731406, 13.644253989548281 ], [ -89.178270729397781, 13.644322142583572 ], [ -89.178310400396327, 13.644324465688648 ], [ -89.178398140012447, 13.644309109663441 ], [ -89.178501498949871, 13.644283156377863 ], [ -89.178782362198604, 13.644203480363029 ], [ -89.178881535066665, 13.644159491244748 ], [ -89.178958273213425, 13.64412361065212 ], [ -89.179121169072843, 13.644010233823638 ], [ -89.179319446315333, 13.643832112495971 ], [ -89.179498558988172, 13.643641576449966 ], [ -89.179584040779488, 13.643562851946665 ], [ -89.179691164909656, 13.643486126934933 ], [ -89.179754007510098, 13.64345280175972 ], [ -89.179865295373318, 13.643428515941 ], [ -89.179953919489705, 13.643417358202392 ], [ -89.180258276966654, 13.643387814985937 ], [ -89.18053384401199, 13.643362923997095 ], [ -89.180920010228277, 13.643307565737356 ], [ -89.181067506407231, 13.643309354998332 ], [ -89.18124606773921, 13.643324416533142 ], [ -89.18145893794096, 13.643403901438337 ], [ -89.181619192576548, 13.643475348235565 ], [ -89.181920554330475, 13.643630184947716 ], [ -89.182055922445457, 13.643696578705104 ], [ -89.182157175442214, 13.643725299905091 ], [ -89.182273722589301, 13.643744793689956 ], [ -89.182387899029251, 13.643743557646014 ], [ -89.182456160142621, 13.643729684329877 ], [ -89.182544427010882, 13.643708885633613 ], [ -89.182649154890498, 13.6436661890049 ], [ -89.182813110575992, 13.643603197850537 ], [ -89.182905778005946, 13.64359317528883 ], [ -89.183344380003348, 13.643574969378268 ], [ -89.183396408951111, 13.643518422838278 ] ] ] } },
{ "type": "Feature", "properties": { "FID_1": 1126, "NOMBRE_DE": "CALLE PRINCIPAL", "Text_1": "COLONIA GUADALUPE", "ESTADO": "MALO", "MATERIAL": "TIERRA", "VIAS": 1, "CLASE": "PEATONAL", "ANCHO_1": "4.00" }, "geometry": { "type": "MultiLineString", "coordinates": [ [ [ -89.180390876935775, 13.648849538895085 ], [ -89.180356031952272, 13.648849279948617 ], [ -89.180327343725182, 13.648854256350759 ], [ -89.180222702213896, 13.648854333064143 ], [ -89.180143380993044, 13.648859346548026 ], [ -89.180111323552637, 13.64887258433097 ], [ -89.180032012438971, 13.648890812072182 ], [ -89.17986496144681, 13.64894048794365 ], [ -89.17978722330146, 13.648972403805811 ], [ -89.179737139580013, 13.64900717850861 ], [ -89.179701665098037, 13.649033768857258 ], [ -89.17962860789153, 13.649060386656716 ], [ -89.179553462739307, 13.649087005959318 ], [ -89.179509620910679, 13.649093168218577 ], [ -89.179415678135726, 13.649111627531965 ], [ -89.179325909646764, 13.649128040348304 ], [ -89.179286235874258, 13.649123982442983 ], [ -89.179246546528745, 13.649099490371579 ], [ -89.179190139748158, 13.649056619722815 ], [ -89.179019283042621, 13.648995994939309 ] ] ] } },
{ "type": "Feature", "properties": { "FID_1": 1129, "NOMBRE_DE": "CALLE ERMITA", "Text_1": "COLONIA GUADALUPE", "ESTADO": "BUENO", "MATERIAL": "CONCRETO", "VIAS": 2, "CLASE": "VEHICULAR", "ANCHO_1": "5.00" }, "geometry": { "type": "MultiLineString", "coordinates": [ [ [ -89.178717820602799, 13.648528263487014 ], [ -89.178668549896372, 13.648563489594533 ], [ -89.17860785251014, 13.64859707884273 ], [ -89.1786523873009, 13.648730401776287 ], [ -89.178672163078048, 13.648766814056177 ] ], [ [ -89.179017946656458, 13.648995755198335 ], [ -89.179016000476878, 13.648994839191424 ], [ -89.178982887135916, 13.648997455701629 ], [ -89.17896632976084, 13.648997467752377 ], [ -89.178933207049255, 13.648987769366922 ], [ -89.178907361201553, 13.648967045610997 ], [ -89.178888805603307, 13.648952150152933 ], [ -89.178841769008841, 13.648932739938877 ], [ -89.178780760016082, 13.648909754972099 ], [ -89.178753104062167, 13.648898177934246 ], [ -89.178728403212517, 13.648877903508758 ], [ -89.178705670624396, 13.648847963088709 ], [ -89.178676992715324, 13.648792902325857 ], [ -89.178669074439568, 13.648766816300292 ] ] ] } },
{ "type": "Feature", "properties": { "FID_1": 1136, "NOMBRE_DE": "FINAL PASAJE ENCARNACION", "Text_1": "COMUNIDAD ENCARNACION", "ESTADO": "MALO", "MATERIAL": "TIERRA", "VIAS": 1, "CLASE": "PEATONAL", "ANCHO_1": "4.78" }, "geometry": { "type": "MultiLineString", "coordinates": [ [ [ -89.169617852439757, 13.652511265601392 ], [ -89.169598415068052, 13.652511279007699 ], [ -89.169578477010489, 13.652486922265977 ], [ -89.169434014897831, 13.65199825539108 ] ] ] } },
{ "type": "Feature", "properties": { "FID_1": 1142, "NOMBRE_DE": "PASAJE S/N", "Text_1": "URBANIZACION SAN MARCOS", "ESTADO": "BUENO", "MATERIAL": "CONCRETO", "VIAS": 1, "CLASE": "PEATONAL", "ANCHO_1": "1.60" }, "geometry": { "type": "MultiLineString", "coordinates": [ [ [ -89.170479322371676, 13.654331756391166 ], [ -89.1704509431909, 13.654311948214401 ], [ -89.170426617010378, 13.654291572843405 ], [ -89.170411558352143, 13.65427855284042 ], [ -89.17037159835192, 13.654252522961167 ], [ -89.170314924120049, 13.65421684229945 ], [ -89.170284019944333, 13.65419717874061 ], [ -89.17025096169202, 13.654179626343458 ], [ -89.170195133285816, 13.654151143559849 ], [ -89.170130215907037, 13.654117205841832 ], [ -89.170038536998931, 13.654069917434381 ], [ -89.170000954058523, 13.654050446585172 ], [ -89.169969891298678, 13.654031415888356 ], [ -89.169941019869256, 13.654013408718937 ], [ -89.169913376333071, 13.653996602285325 ], [ -89.169890032038097, 13.653980393672184 ], [ -89.169852557633533, 13.653953378874041 ], [ -89.169796653156425, 13.653913157678462 ], [ -89.169768035573654, 13.653893521715444 ], [ -89.169706268185422, 13.653847384328214 ] ] ] } },
{ "type": "Feature", "properties": { "FID_1": 1162, "NOMBRE_DE": "PASAJE EL MILAGRO", "Text_1": "SAN JOSE AHUACATITAN", "ESTADO": "BUENO", "MATERIAL": "CONCRETO", "VIAS": 2, "CLASE": "PATONAL-GRADAS", "ANCHO_1": "2.60" }, "geometry": { "type": "MultiLineString", "coordinates": [ [ [ -89.232099409924629, 13.656405224398835 ], [ -89.232114844598073, 13.656300434303178 ], [ -89.232120653137599, 13.656196296811704 ], [ -89.232138195089732, 13.656001769361209 ], [ -89.232164704621354, 13.655909182548294 ], [ -89.232179389386062, 13.655814450967473 ], [ -89.232196994793441, 13.655684269330738 ], [ -89.232199887614016, 13.655620630369834 ], [ -89.232186427253353, 13.655458659949307 ], [ -89.232271674870873, 13.654986530502409 ], [ -89.232283385321765, 13.654873000106885 ], [ -89.232238790745299, 13.65460981963138 ], [ -89.23219874454341, 13.654462926392032 ], [ -89.232187556096761, 13.654356782847488 ] ] ] } },
{ "type": "Feature", "properties": { "FID_1": 1164, "NOMBRE_DE": "PASAJE MOREIRA", "Text_1": "SAN JOSE AHUACATITAN", "ESTADO": "BUENO", "MATERIAL": "CONCRETO", "VIAS": 1, "CLASE": "PEATONAL", "ANCHO_1": "4.50" }, "geometry": { "type": "MultiLineString", "coordinates": [ [ [ -89.232187556096761, 13.654356782847488 ], [ -89.232143831204297, 13.654282122659115 ], [ -89.232106972852065, 13.654200355822049 ], [ -89.232051686986523, 13.654079341586954 ], [ -89.231974630248686, 13.653919083093987 ], [ -89.231877577666708, 13.653824284736348 ], [ -89.23190240036314, 13.653772556213088 ], [ -89.231851163645061, 13.653760071685648 ], [ -89.231792595049939, 13.653733270812847 ], [ -89.231754146790394, 13.653702870153401 ], [ -89.231646139231415, 13.653631355690527 ], [ -89.23157655173803, 13.653561595408036 ], [ -89.231519419575122, 13.653527106413998 ], [ -89.231496129092776, 13.653510229185697 ], [ -89.231475838797436, 13.653490410147697 ], [ -89.231445777661065, 13.653459579116497 ], [ -89.231430003557264, 13.653451511757838 ], [ -89.231383452985412, 13.65344861657943 ], [ -89.231353417887391, 13.653444236363406 ], [ -89.231301580861214, 13.653409752071095 ], [ -89.231073252208418, 13.653217227037761 ], [ -89.230965458582375, 13.653154068543564 ], [ -89.230879217217336, 13.653096914507303 ], [ -89.23080526144831, 13.653012637584148 ], [ -89.230746639770089, 13.652871111228261 ], [ -89.230721820411588, 13.652672318123019 ], [ -89.230691926203235, 13.652527905262302 ] ] ] } },
{ "type": "Feature", "properties": { "FID_1": 1165, "NOMBRE_DE": "CALLE PRINCIPAL", "Text_1": "SAN JOSE AHUACATITAN", "ESTADO": "MALO", "MATERIAL": "TIERRA", "VIAS": 2, "CLASE": "VEHICULAR", "ANCHO_1": "8.00" }, "geometry": { "type": "MultiLineString", "coordinates": [ [ [ -89.230805670207687, 13.652015459892858 ], [ -89.230317351557133, 13.651856667582548 ], [ -89.230008357849087, 13.651758274866875 ], [ -89.229698429295766, 13.651680365500896 ] ] ] } },
{ "type": "Feature", "properties": { "FID_1": 1167, "NOMBRE_DE": "CALLE PRINCIPAL", "Text_1": "SAN JOSE AHUACATITAN", "ESTADO": "BUENO", "MATERIAL": "CONCRETO", "VIAS": 1, "CLASE": "PEATONAL", "ANCHO_1": "4.00" }, "geometry": { "type": "MultiLineString", "coordinates": [ [ [ -89.23069089821756, 13.652527753392135 ], [ -89.230638477106766, 13.652431406735518 ], [ -89.230475134703326, 13.652314988927836 ], [ -89.230318844763161, 13.652217374855406 ], [ -89.2302406989715, 13.652167679050477 ], [ -89.230151624641664, 13.652085999102564 ], [ -89.230009810769374, 13.651933269908776 ], [ -89.22980364844463, 13.651706804255463 ] ] ] } },
{ "type": "Feature", "properties": { "FID_1": 1168, "NOMBRE_DE": "CALLE S/N", "Text_1": null, "ESTADO": "MALO", "MATERIAL": "TIERRA", "VIAS": 2, "CLASE": "VEHICULAR", "ANCHO_1": "9.60" }, "geometry": { "type": "MultiLineString", "coordinates": [ [ [ -89.223871759135378, 13.646389380091458 ], [ -89.224103351084466, 13.646426276974909 ], [ -89.224279693644348, 13.646451265704503 ], [ -89.224381321286103, 13.64649503541591 ], [ -89.224509870039356, 13.646570946284786 ], [ -89.224692277859489, 13.646728684401591 ], [ -89.224904710321425, 13.646917292814733 ], [ -89.225117376343363, 13.64711205282603 ], [ -89.225414174203863, 13.647332729492632 ], [ -89.225803986689229, 13.647609640624733 ], [ -89.226025449132479, 13.647743739225737 ], [ -89.22628990679064, 13.647923723909688 ], [ -89.226489253116497, 13.648075171740723 ], [ -89.226675353067591, 13.648261290216178 ], [ -89.226786141212102, 13.648386825475679 ], [ -89.226914615311628, 13.648490682742791 ], [ -89.227016495953833, 13.648559905899807 ], [ -89.227171492709374, 13.648624747625966 ], [ -89.227388484122145, 13.648711193558084 ], [ -89.227556769531716, 13.648784687401539 ], [ -89.227645362030884, 13.648845257945075 ], [ -89.22772814995804, 13.648922238818141 ], [ -89.227849195368734, 13.649040478819485 ], [ -89.228010077990021, 13.649291165550578 ], [ -89.228053473616441, 13.649370615543933 ] ] ] } },
{ "type": "Feature", "properties": { "FID_1": 1170, "NOMBRE_DE": "CALLE S/N", "Text_1": null, "ESTADO": "MALO", "MATERIAL": "TIERRA", "VIAS": 2, "CLASE": "VEHICULAR", "ANCHO_1": "6.75" }, "geometry": { "type": "MultiLineString", "coordinates": [ [ [ -89.229698503519629, 13.651680367322138 ], [ -89.229678364196744, 13.65176236570408 ], [ -89.22963227541257, 13.651892445307148 ], [ -89.229516788189827, 13.652247653903562 ], [ -89.229473419768453, 13.652498455643851 ], [ -89.229489941303754, 13.652669171299801 ], [ -89.229528363200373, 13.652935902740637 ], [ -89.229594132032943, 13.653293309522244 ], [ -89.229616292911516, 13.653656092349397 ], [ -89.229572794129282, 13.653773510569767 ], [ -89.229472117621398, 13.653933064263033 ], [ -89.229374755805864, 13.654174215523687 ], [ -89.229305269815995, 13.654406244132067 ], [ -89.229314764356403, 13.654610909221621 ], [ -89.229342915408381, 13.654883781557423 ], [ -89.229331061154028, 13.65541448341191 ] ] ] } },
{ "type": "Feature", "properties": { "FID_1": 1171, "NOMBRE_DE": "CALLE S/N", "Text_1": null, "ESTADO": "MALO", "MATERIAL": "TIERRA", "VIAS": 2, "CLASE": "VEHICULAR", "ANCHO_1": "7.30" }, "geometry": { "type": "MultiLineString", "coordinates": [ [ [ -89.228053473616441, 13.649370615543933 ], [ -89.22817849530783, 13.649741259370261 ], [ -89.228265935839332, 13.65002148266117 ], [ -89.22834701416366, 13.650161559606435 ], [ -89.228496564494037, 13.650283292185343 ], [ -89.228652323542221, 13.650386738175428 ], [ -89.228851625591005, 13.650447488524748 ], [ -89.229131965143182, 13.65060566041169 ], [ -89.229268642329885, 13.65073093618081 ], [ -89.229407402048722, 13.6508467089273 ], [ -89.229589571819801, 13.651047247524982 ], [ -89.229673511549024, 13.651225262696427 ], [ -89.229718482673889, 13.651434409943914 ], [ -89.229718642828459, 13.651598368937966 ], [ -89.229698503519629, 13.651680367322138 ] ] ] } },
{ "type": "Feature", "properties": { "FID_1": 1172, "NOMBRE_DE": "CALLE S/N", "Text_1": null, "ESTADO": "MALO", "MATERIAL": "TIERRA", "VIAS": 2, "CLASE": "VEHICULAR", "ANCHO_1": "7.90" }, "geometry": { "type": "MultiLineString", "coordinates": [ [ [ -89.224909101978284, 13.643596347999605 ], [ -89.22491907635839, 13.643671696463551 ], [ -89.224910383578418, 13.64379589102462 ], [ -89.224891210939461, 13.64401840956865 ], [ -89.224807201580361, 13.644284825807999 ], [ -89.224743034917097, 13.644384775785493 ], [ -89.224682634189236, 13.644469923590085 ], [ -89.224569354003421, 13.644599515820934 ], [ -89.22443719774779, 13.644755022978313 ], [ -89.224323920818009, 13.644888314769972 ], [ -89.224222022969627, 13.645062292596849 ], [ -89.224093702767959, 13.645276990924486 ], [ -89.223977105773315, 13.645533835996408 ], [ -89.223888384354936, 13.645788678226063 ], [ -89.223847334504356, 13.646040090851496 ], [ -89.223851012513023, 13.646233301252096 ], [ -89.223871759135378, 13.646389380091458 ] ] ] } },
{ "type": "Feature", "properties": { "FID_1": 1175, "NOMBRE_DE": "CALLE ANTIGUA A HUIZUCAR", "Text_1": null, "ESTADO": "MALO", "MATERIAL": "TIERRA", "VIAS": 2, "CLASE": "VEHICULAR", "ANCHO_1": "7.15" }, "geometry": { "type": "MultiLineString", "coordinates": [ [ [ -89.2264424586389, 13.641125329565627 ], [ -89.226455259071699, 13.641118702486564 ], [ -89.226613118831679, 13.64109128780623 ], [ -89.226834125940584, 13.641056542980648 ], [ -89.226938390539146, 13.640994316697673 ], [ -89.227008813925821, 13.640925261971084 ], [ -89.22708672552956, 13.640789674504536 ], [ -89.227104221908604, 13.640659070655065 ], [ -89.227192167643366, 13.640486515105342 ], [ -89.227393240773438, 13.640148772378215 ], [ -89.227456089858876, 13.640057549256488 ], [ -89.227768704232432, 13.63964606815447 ], [ -89.227900443378701, 13.639128238222185 ], [ -89.228004961265015, 13.638950179248511 ], [ -89.228379134503641, 13.638426731339228 ], [ -89.228836165856578, 13.638118917376948 ], [ -89.229154597381111, 13.637910778556611 ], [ -89.229255232835385, 13.637830595572586 ], [ -89.229380974481899, 13.637676460654925 ], [ -89.229531894302369, 13.637522302170218 ], [ -89.22960390585564, 13.637438590514108 ], [ -89.229842746220385, 13.637257003022443 ], [ -89.229971569677787, 13.637170143098409 ], [ -89.230140638264416, 13.63704381840807 ], [ -89.230221144111141, 13.636980659790686 ], [ -89.23031777886915, 13.636933256854 ], [ -89.230430003180629, 13.636888467739668 ], [ -89.230518586258455, 13.636846329207074 ], [ -89.230596419237941, 13.636796315316856 ], [ -89.230647393775115, 13.63674369812785 ], [ -89.23071446889216, 13.63667792347686 ], [ -89.230773471752471, 13.636596385569051 ], [ -89.230825492766201, 13.636528703164423 ], [ -89.230882414954507, 13.636411927139607 ], [ -89.230957437788291, 13.63624692259827 ], [ -89.230993646647107, 13.636158077923188 ], [ -89.231024652880308, 13.636051475998231 ], [ -89.231024558165572, 13.635955053081508 ], [ -89.230993305221503, 13.635810447933764 ], [ -89.230975065010526, 13.635716579509145 ], [ -89.230990543184518, 13.635637904095272 ], [ -89.23101898170512, 13.635556679056711 ], [ -89.231070834422724, 13.635446030859756 ], [ -89.231110803677495, 13.635322392969069 ], [ -89.231136772005499, 13.635230158792298 ], [ -89.231202657394505, 13.634961315184947 ], [ -89.231272188852714, 13.634585791442074 ], [ -89.231312803476698, 13.63427872783922 ], [ -89.231339871079996, 13.634065119486346 ], [ -89.231380393598172, 13.633664613437858 ], [ -89.23140292793822, 13.633464358269867 ], [ -89.231593596350308, 13.633185170312645 ], [ -89.231710512402287, 13.63299648413671 ], [ -89.231774868734803, 13.632882842446715 ] ] ] } },
{ "type": "Feature", "properties": { "FID_1": 1177, "NOMBRE_DE": "CALLE PRINCIPAL", "Text_1": null, "ESTADO": "MALO", "MATERIAL": "TIERRA", "VIAS": 2, "CLASE": "VEHICULAR", "ANCHO_1": "7.00" }, "geometry": { "type": "MultiLineString", "coordinates": [ [ [ -89.224839548770703, 13.643041911895216 ], [ -89.224890311187693, 13.643454398471068 ], [ -89.224909101978284, 13.643596347999605 ] ] ] } },
{ "type": "Feature", "properties": { "FID_1": 1181, "NOMBRE_DE": "CALLE EL CANELO", "Text_1": "LOT. LAS ALTURAS", "ESTADO": "MALO", "MATERIAL": "TIERRA", "VIAS": 2, "CLASE": "VEHICULAR", "ANCHO_1": "7.45" }, "geometry": { "type": "MultiLineString", "coordinates": [ [ [ -89.220932959209065, 13.627087714634689 ], [ -89.220925729014013, 13.627202641505379 ], [ -89.220838096147787, 13.62765521919853 ], [ -89.220786985247926, 13.627928200981584 ], [ -89.220774718034789, 13.628075377631056 ], [ -89.220707406959377, 13.62827694634111 ], [ -89.22066372706638, 13.628485100653956 ], [ -89.220645593213106, 13.628630410466902 ], [ -89.220610831124887, 13.628750726209203 ], [ -89.220571086865803, 13.628871046415593 ], [ -89.220562859522644, 13.62895232714023 ], [ -89.22057162749519, 13.629233766636331 ], [ -89.220582051158956, 13.629465518971134 ], [ -89.220553694556429, 13.629701301982982 ], [ -89.220507039907815, 13.629855751741575 ], [ -89.220470258518517, 13.629970668481612 ], [ -89.220403368911903, 13.630164389638558 ], [ -89.22036321848789, 13.630262897415879 ], [ -89.220316379358962, 13.630381105537563 ], [ -89.2202963440822, 13.630473030493132 ], [ -89.220296420943299, 13.63055509024931 ], [ -89.220299854442672, 13.630640429391036 ], [ -89.220323409335151, 13.630725750503743 ], [ -89.22042089958903, 13.630978407388357 ], [ -89.220462112381142, 13.631153513568247 ], [ -89.220488708550945, 13.631288211778385 ], [ -89.220515251311198, 13.631365912239827 ], [ -89.220568254275449, 13.631433225728754 ], [ -89.220658329729972, 13.631516050792863 ], [ -89.220695441092317, 13.631573015279374 ], [ -89.220695489713933, 13.631624831411353 ], [ -89.220669141327875, 13.63175439549685 ], [ -89.220616337539852, 13.631899528169615 ], [ -89.220600596508078, 13.632049809198934 ], [ -89.220595414292674, 13.632168991049562 ], [ -89.220532158405092, 13.632459218365886 ], [ -89.220337592882444, 13.63279645326098 ], [ -89.220164057970862, 13.633056466321291 ], [ -89.21999531008322, 13.633273952818097 ], [ -89.219831362572265, 13.63346308680263 ], [ -89.219715589582975, 13.633548234589135 ], [ -89.219556367403655, 13.633628696437029 ], [ -89.21941165313099, 13.633737493339407 ], [ -89.218992708832644, 13.634085249520425 ] ] ] } },
{ "type": "Feature", "properties": { "FID_1": 1182, "NOMBRE_DE": "PASAJE No.1", "Text_1": "COMUNIDAD EL TRANSITO 3", "ESTADO": "MALO", "MATERIAL": "TIERRA", "VIAS": 1, "CLASE": "PEATONAL", "ANCHO_1": "2.00" }, "geometry": { "type": "MultiLineString", "coordinates": [ [ [ -89.178658296436225, 13.660257472802257 ], [ -89.178608869727668, 13.660182915918321 ], [ -89.178587000142286, 13.660153328206544 ], [ -89.178570181566741, 13.660136071656346 ], [ -89.178551682447861, 13.660118816325214 ], [ -89.178542428831364, 13.660104843568616 ], [ -89.178501436230206, 13.660034625644714 ], [ -89.178442965960159, 13.659925906262728 ], [ -89.178658300439793, 13.660257717670008 ], [ -89.178692584393659, 13.660341352816477 ], [ -89.178692584620705, 13.6603416516022 ] ] ] } },
{ "type": "Feature", "properties": { "FID_1": 1187, "NOMBRE_DE": "PASAJE SAN RAFAEL", "Text_1": "BARRIO", "ESTADO": "MALO", "MATERIAL": "EMPEDRADO", "VIAS": 1, "CLASE": "PEATONAL", "ANCHO_1": "3.50" }, "geometry": { "type": "MultiLineString", "coordinates": [ [ [ -89.180531077103893, 13.658022980808928 ], [ -89.180567078532576, 13.657891654212849 ], [ -89.18067213907878, 13.657705466752882 ] ] ] } },
{ "type": "Feature", "properties": { "FID_1": 1189, "NOMBRE_DE": "CALLE EL MILAGRO", "Text_1": "COL. ALCAINE 2", "ESTADO": "MALO", "MATERIAL": "EMPEDRADO", "VIAS": 1, "CLASE": "PEATONAL", "ANCHO_1": "4.50" }, "geometry": { "type": "MultiLineString", "coordinates": [ [ [ -89.18401089755794, 13.647793962483973 ], [ -89.184024422419114, 13.647756907264807 ], [ -89.184052165391861, 13.647700025685449 ], [ -89.1840784333898, 13.647636970656064 ], [ -89.184091075881852, 13.647547245938947 ], [ -89.184105066431201, 13.647484638693452 ], [ -89.184111217813907, 13.647438629490996 ] ], [ [ -89.183811236219526, 13.648307812694437 ], [ -89.18391890811111, 13.648025202356898 ], [ -89.183923523401617, 13.648013086479885 ], [ -89.18401089755794, 13.647793962483973 ] ], [ [ -89.184680351514785, 13.648384139261488 ], [ -89.184656947980258, 13.648385036787632 ], [ -89.184496679531392, 13.648339537571999 ], [ -89.184388416525124, 13.648289870389583 ], [ -89.184273561996932, 13.648195275443346 ], [ -89.184204612134039, 13.648092621130978 ], [ -89.18401089755794, 13.647793962483973 ] ] ] } },
{ "type": "Feature", "properties": { "FID_1": 1193, "NOMBRE_DE": "CALLE ALFONSO ALBALLERO", "Text_1": null, "ESTADO": "BUENO", "MATERIAL": "ASFALTO", "VIAS": 2, "CLASE": "VEHICULAR", "ANCHO_1": "10.00" }, "geometry": { "type": "MultiLineString", "coordinates": [ [ [ -89.189684334916052, 13.662614137536345 ], [ -89.189423724220546, 13.662602407502833 ], [ -89.189144024198853, 13.662537180421744 ], [ -89.188955553785675, 13.662525424739536 ], [ -89.188785223863135, 13.662532902450165 ], [ -89.188600886563464, 13.662476120216011 ], [ -89.1883747245829, 13.662478276896188 ], [ -89.187991767997289, 13.662532112843568 ], [ -89.187297019327048, 13.662618137153258 ], [ -89.18674350892789, 13.662679655876405 ], [ -89.186310699244416, 13.662741079732498 ], [ -89.186099280604196, 13.662753460914937 ], [ -89.185816329548572, 13.662843283042607 ], [ -89.185539613554539, 13.662974679578815 ], [ -89.185278385554284, 13.663110568706877 ], [ -89.184989882342691, 13.663249899122878 ], [ -89.184757332495522, 13.663330169821926 ], [ -89.184537691570739, 13.663393567569358 ], [ -89.184137120296427, 13.663444454757085 ], [ -89.183841758978133, 13.663467481064787 ] ] ] } },
{ "type": "Feature", "properties": { "FID_1": 1212, "NOMBRE_DE": "CALLE A CANTON EL GUAYABO", "Text_1": null, "ESTADO": null, "MATERIAL": null, "VIAS": 0, "CLASE": null, "ANCHO_1": null }, "geometry": { "type": "MultiLineString", "coordinates": [ [ [ -89.188083695158497, 13.636533436599072 ], [ -89.188102951414834, 13.636352092908666 ], [ -89.188065241558945, 13.636163065220652 ], [ -89.188043627911966, 13.635974024664934 ], [ -89.188043501946296, 13.635816475993749 ], [ -89.188155787572882, 13.635327992389382 ], [ -89.188246818021199, 13.635096853060434 ], [ -89.188321674834427, 13.63477119670876 ], [ -89.188439930026661, 13.634483622477902 ], [ -89.188557562906382, 13.634227230934455 ], [ -89.188780011197878, 13.634060465355788 ], [ -89.188913786844097, 13.633996444504414 ], [ -89.189020328527207, 13.633937680088561 ], [ -89.189106866704236, 13.633859370716873 ], [ -89.189233288254613, 13.633670187667471 ], [ -89.189296465772443, 13.633536472519772 ], [ -89.18932635179867, 13.633422345492326 ], [ -89.189312936521617, 13.633308251802722 ], [ -89.189226062880678, 13.632969267674815 ], [ -89.189212694322507, 13.632913854827542 ], [ -89.189235990648427, 13.632891017199109 ], [ -89.189235883102953, 13.632757352966012 ], [ -89.189285009964834, 13.632655310875188 ], [ -89.189338927335527, 13.632619440728522 ], [ -89.189568141032666, 13.632551379884424 ], [ -89.189793105943181, 13.632475776041327 ], [ -89.189851950674921, 13.632457501003369 ], [ -89.18994527106868, 13.632428516879187 ], [ -89.19002623445256, 13.632445037128061 ], [ -89.190082845171872, 13.632486581688209 ], [ -89.190112870342929, 13.632545232189852 ], [ -89.190231184786754, 13.632833665385066 ], [ -89.19028844132913, 13.632889606944627 ], [ -89.190484982051089, 13.63294982052483 ], [ -89.190687097585524, 13.632963789428922 ] ] ] } },
{ "type": "Feature", "properties": { "FID_1": 1214, "NOMBRE_DE": "CALLE A CANTON CASA DE PIEDRA", "Text_1": null, "ESTADO": "MALO", "MATERIAL": "TIERRA", "VIAS": 2, "CLASE": "VEHICULAR", "ANCHO_1": "4.30" }, "geometry": { "type": "MultiLineString", "coordinates": [ [ [ -89.205043168911914, 13.644873637680647 ], [ -89.204994523747132, 13.644919057888195 ], [ -89.204785773971167, 13.64497811446191 ], [ -89.204697317016596, 13.64499897022054 ], [ -89.204624522806014, 13.64501556333974 ], [ -89.204545589852557, 13.645104004275112 ], [ -89.204517468115739, 13.64521449674608 ], [ -89.204494965904388, 13.645297367270064 ], [ -89.204449899012729, 13.645391303461677 ], [ -89.204404846486668, 13.645501809994405 ], [ -89.204325942080075, 13.645623391557155 ], [ -89.204179348249298, 13.645783693484642 ], [ -89.203964281087835, 13.645978212868707 ], [ -89.20383145973959, 13.646097185848902 ], [ -89.20364070852898, 13.64623887079477 ], [ -89.203402368198354, 13.646545334000383 ], [ -89.203045057998779, 13.647238373675984 ], [ -89.202866203970245, 13.647355194028282 ], [ -89.201986368118853, 13.647385086486318 ] ] ] } },
{ "type": "Feature", "properties": { "FID_1": 1221, "NOMBRE_DE": "CALLE PRINCIPAL", "Text_1": null, "ESTADO": null, "MATERIAL": null, "VIAS": 0, "CLASE": null, "ANCHO_1": null }, "geometry": { "type": "MultiLineString", "coordinates": [ [ [ -89.201237518872261, 13.64520460161442 ], [ -89.201326728371967, 13.645045749174209 ], [ -89.201460158058566, 13.644826903355636 ] ] ] } },
{ "type": "Feature", "properties": { "FID_1": 1222, "NOMBRE_DE": "CALLE A CANTON Y CASERIO CASA DE PIEDRA", "Text_1": "CASA DE PIEDRA", "ESTADO": "MALO", "MATERIAL": "TIERRA", "VIAS": 2, "CLASE": "VEHICULAR", "ANCHO_1": "7.40" }, "geometry": { "type": "MultiLineString", "coordinates": [ [ [ -89.211678714560563, 13.634773133032981 ], [ -89.211796195331672, 13.634725434284515 ], [ -89.211958203922066, 13.634622166584764 ], [ -89.21210398792303, 13.634503046911757 ], [ -89.212241745458371, 13.634471196320359 ], [ -89.212436259919201, 13.634463095416272 ], [ -89.212679347381339, 13.634391488902383 ], [ -89.212840812258719, 13.634290513781862 ], [ -89.212998640809317, 13.634176283852074 ], [ -89.213175307296979, 13.634102522196567 ], [ -89.213291812553891, 13.63403249303461 ], [ -89.213393243238301, 13.63392567262078 ], [ -89.213425163845585, 13.633879639567619 ] ] ] } },
{ "type": "Feature", "properties": { "FID_1": 1223, "NOMBRE_DE": "CALLE A CANTON Y CASERIO CASA DE PIEDRA", "Text_1": "CASA DE PIEDRA", "ESTADO": "MALO", "MATERIAL": "TIERRA", "VIAS": 2, "CLASE": "VEHICULAR", "ANCHO_1": "7.80" }, "geometry": { "type": "MultiLineString", "coordinates": [ [ [ -89.213425163845585, 13.633879639567619 ], [ -89.213457084439526, 13.633833606510567 ], [ -89.213528442797283, 13.633737853428022 ], [ -89.213539633396394, 13.633638472155647 ], [ -89.213528305799898, 13.633586956001587 ], [ -89.213257262567481, 13.633252272278703 ], [ -89.213208272342811, 13.633134541066768 ], [ -89.213204408652587, 13.633020451148459 ], [ -89.2132562894556, 13.632778453688516 ], [ -89.213305025131376, 13.632538843424548 ], [ -89.213311794916279, 13.632292424759004 ], [ -89.213290641320128, 13.632100788713197 ], [ -89.213325508276696, 13.631991241667855 ], [ -89.213458262085609, 13.631861075260009 ], [ -89.213742758280219, 13.631452252730963 ], [ -89.213844314650387, 13.631242702726148 ] ] ] } },
{ "type": "Feature", "properties": { "FID_1": 1224, "NOMBRE_DE": "CALLE A CTON PLANES DE RENDEROS", "Text_1": null, "ESTADO": "MALO", "MATERIAL": "EMPEDRADO", "VIAS": 2, "CLASE": "VEHICULAR", "ANCHO_1": "7.12" }, "geometry": { "type": "MultiLineString", "coordinates": [ [ [ -89.214698591522961, 13.642354091961524 ], [ -89.214914616670811, 13.642392081637329 ], [ -89.21506865209426, 13.642292707010625 ], [ -89.215182178749487, 13.642248942112358 ], [ -89.215417405640778, 13.642228888165903 ], [ -89.215543190997394, 13.642284352313871 ], [ -89.215587810087328, 13.642288282796853 ], [ -89.215729673671632, 13.642184948828534 ], [ -89.215814797590568, 13.642129299759951 ], [ -89.216078419584491, 13.642113189856225 ], [ -89.216244684218083, 13.642081286913115 ], [ -89.21631362070606, 13.642065347887778 ], [ -89.216358177686288, 13.64200179511729 ], [ -89.216378318630177, 13.641850932664957 ], [ -89.216451172154706, 13.641684145422962 ], [ -89.216524105977783, 13.641604689248325 ], [ -89.216574967081627, 13.641549598939882 ], [ -89.216861945632544, 13.641343502934332 ], [ -89.216955487778478, 13.641236845327779 ], [ -89.217087999975945, 13.641027147183221 ], [ -89.21722956821317, 13.640826296508846 ], [ -89.217413330607727, 13.640592938121905 ], [ -89.217515842841749, 13.64055742528843 ], [ -89.21775408725324, 13.640533599643492 ], [ -89.218061484048732, 13.640276516469875 ], [ -89.218075888928041, 13.640192368302607 ], [ -89.21803642337504, 13.639914929595468 ], [ -89.217993799623585, 13.639483997584366 ], [ -89.218059971320599, 13.639289116944779 ], [ -89.218125669963726, 13.639228244423672 ], [ -89.218246261128272, 13.639175004157126 ], [ -89.21845738464495, 13.639177768530281 ], [ -89.218590067185445, 13.639154035833045 ], [ -89.218617175612408, 13.63911563770889 ], [ -89.218737519523856, 13.638796731096599 ], [ -89.218809738896198, 13.638619555958194 ], [ -89.21883680464596, 13.638535396474325 ], [ -89.218854733105985, 13.638355317783853 ], [ -89.218821449989292, 13.638240225328147 ], [ -89.218767032956464, 13.638101536885415 ], [ -89.218757831209672, 13.637936241575549 ], [ -89.218786266239007, 13.637784715819961 ], [ -89.218855959227341, 13.637598161999298 ], [ -89.218897024102588, 13.637361902496952 ], [ -89.218944489569651, 13.637178476631263 ], [ -89.218966534568906, 13.636979532409308 ], [ -89.21895997474148, 13.636755748083273 ], [ -89.218816615436779, 13.636270996995965 ], [ -89.21879638191335, 13.636148164568114 ], [ -89.218743575434829, 13.635949558261649 ], [ -89.218593034045611, 13.635741228807062 ], [ -89.218567878124048, 13.635635793249151 ], [ -89.218535520468308, 13.635177272161531 ], [ -89.2186448448617, 13.634945599035881 ], [ -89.218881175741316, 13.634650337870012 ], [ -89.218968575714229, 13.634401530337238 ], [ -89.218988457120929, 13.634228409623464 ], [ -89.218992708832644, 13.634085249520425 ] ] ] } },
{ "type": "Feature", "properties": { "FID_1": 1225, "NOMBRE_DE": "CALLE S/N", "Text_1": null, "ESTADO": "MALO", "MATERIAL": "EMPEDRADO", "VIAS": 2, "CLASE": "VEHICULAR", "ANCHO_1": "6.60" }, "geometry": { "type": "MultiLineString", "coordinates": [ [ [ -89.218992708832644, 13.634085249520425 ], [ -89.219004876559111, 13.633978490436315 ], [ -89.218999260088765, 13.633907870235683 ], [ -89.218947352346845, 13.633799262302466 ], [ -89.218752864416246, 13.633495379826398 ], [ -89.218613415042924, 13.633223082245816 ], [ -89.218507437449205, 13.633067800103001 ], [ -89.218392354694117, 13.632932171285463 ], [ -89.21830466092274, 13.632816163383566 ], [ -89.218256309613963, 13.632698703992572 ], [ -89.218251704340915, 13.632554292108415 ], [ -89.21823121010641, 13.632151696069338 ], [ -89.218222755570338, 13.631757816032405 ], [ -89.218247654229543, 13.63153665928059 ], [ -89.218224581586639, 13.631471158379384 ], [ -89.21813871142119, 13.631364762332471 ], [ -89.217951800531026, 13.631227398705564 ], [ -89.217731917128063, 13.631079363821083 ], [ -89.217455628879847, 13.630948817416197 ], [ -89.217239431524277, 13.630881502648162 ], [ -89.216367429881345, 13.630539698281822 ], [ -89.216284972818926, 13.63048547649151 ] ] ] } },
{ "type": "Feature", "properties": { "FID_1": 1226, "NOMBRE_DE": "CALLE A CTON PLANES DE RENDEROS", "Text_1": null, "ESTADO": "REGULAR", "MATERIAL": "EMPEDRADO", "VIAS": 2, "CLASE": "VEHICULAR", "ANCHO_1": "5.00" }, "geometry": { "type": "MultiLineString", "coordinates": [ [ [ -89.216284972818926, 13.63048547649151 ], [ -89.216001887757344, 13.630427528014305 ], [ -89.215668843297152, 13.630355655679653 ], [ -89.21556892850505, 13.630332464367426 ], [ -89.215452313647432, 13.630253418221097 ], [ -89.215373474641339, 13.630159103375025 ], [ -89.215340568021816, 13.630145046953375 ], [ -89.215327484032613, 13.630145029213477 ], [ -89.215282648562578, 13.63014229914544 ], [ -89.215137263804834, 13.630107809800389 ] ] ] } },
{ "type": "Feature", "properties": { "FID_1": 1228, "NOMBRE_DE": "CALLE PRINCIPAL", "Text_1": "COLONIA SAN ANTONIO 1", "ESTADO": "MALO", "MATERIAL": "TIERRA", "VIAS": 2, "CLASE": "VEHICULAR", "ANCHO_1": "4.20" }, "geometry": { "type": "MultiLineString", "coordinates": [ [ [ -89.190135066516547, 13.657180469828353 ], [ -89.190093638485521, 13.657316760107253 ], [ -89.190024683853039, 13.657425510169571 ], [ -89.189913715803428, 13.657546045378288 ], [ -89.189856727637462, 13.657604844138787 ], [ -89.189757716689329, 13.657666613081352 ], [ -89.189574646510906, 13.657716697944199 ], [ -89.189403557732092, 13.657734455816863 ], [ -89.189246195998962, 13.657724182518079 ], [ -89.189168497384543, 13.657719108244212 ], [ -89.189072482001677, 13.657749451274446 ], [ -89.188899916850858, 13.657727285010621 ] ] ] } },
{ "type": "Feature", "properties": { "FID_1": 1234, "NOMBRE_DE": "PASAJE A LA BOMBA", "Text_1": "COL. SAN ANTONIO 2", "ESTADO": "MALO", "MATERIAL": "TIERRA", "VIAS": 1, "CLASE": "PEATONAL", "ANCHO_1": "4.00" }, "geometry": { "type": "MultiLineString", "coordinates": [ [ [ -89.186083719806135, 13.659355251209849 ], [ -89.186079904589818, 13.659216580749412 ], [ -89.186072902689716, 13.659148589214526 ], [ -89.186062450955191, 13.65911119886443 ], [ -89.186018967537038, 13.659038135164648 ], [ -89.185965031090817, 13.658925981182753 ], [ -89.185921528922023, 13.65882911858764 ] ] ] } },
{ "type": "Feature", "properties": { "FID_1": 1241, "NOMBRE_DE": "CALLE PRINCIPAL", "Text_1": "LOS ANGELES", "ESTADO": "MALO", "MATERIAL": "TIERRA", "VIAS": 1, "CLASE": "VEHICULAR", "ANCHO_1": "4.00" }, "geometry": { "type": "MultiLineString", "coordinates": [ [ [ -89.162605072557838, 13.65463393354915 ], [ -89.162475165273221, 13.654811183038381 ], [ -89.162305989235207, 13.654850689018948 ], [ -89.162195886349181, 13.654861274175133 ], [ -89.162093828639655, 13.654856084385059 ], [ -89.161919253679159, 13.654843060273194 ], [ -89.161906554506928, 13.654841186809554 ], [ -89.161830619009663, 13.654829979496425 ], [ -89.161741978364176, 13.654809015549718 ], [ -89.161672134962643, 13.654782783233992 ], [ -89.161579462976917, 13.654702759275775 ], [ -89.161353711677194, 13.654469030474287 ], [ -89.161262340812939, 13.654382370329429 ], [ -89.16116022570688, 13.654293091132994 ], [ -89.161103792374192, 13.654240570519246 ], [ -89.161048628897746, 13.654171476752822 ], [ -89.161036757546213, 13.654128661559669 ] ] ] } },
{ "type": "Feature", "properties": { "FID_1": 1243, "NOMBRE_DE": "CALLE BELLA VISTA", "Text_1": "COL. ALCAINE 2", "ESTADO": "MALO", "MATERIAL": "EMPEDRADO", "VIAS": 1, "CLASE": "PEATONAL", "ANCHO_1": "4.00" }, "geometry": { "type": "MultiLineString", "coordinates": [ [ [ -89.185778471954336, 13.649332932265628 ], [ -89.185640366435265, 13.649291721362086 ], [ -89.185484574800071, 13.649239876043017 ], [ -89.185297791001148, 13.649176934052136 ], [ -89.185253277765142, 13.649151063386894 ], [ -89.18520854313779, 13.649133458899838 ], [ -89.185058835858186, 13.649204141998609 ], [ -89.184753872246844, 13.649344154925878 ], [ -89.18460792982485, 13.649423563259013 ], [ -89.184527504905773, 13.649459656361497 ], [ -89.184415742709575, 13.649523795645685 ], [ -89.184278078013278, 13.649598631209699 ], [ -89.184148265921266, 13.64968342494701 ], [ -89.184143130983998, 13.649691960596451 ], [ -89.184024846753715, 13.6499151571916 ] ] ] } },
{ "type": "Feature", "properties": { "FID_1": 123, "NOMBRE_DE": "6a AVENIDA NORTE", "Text_1": "COLONIA EL MILAGRO", "ESTADO": "REGULAR", "MATERIAL": "EMPEDRADO", "VIAS": 1, "CLASE": "PEATONAL", "ANCHO_1": "4.68" }, "geometry": { "type": "MultiLineString", "coordinates": [ [ [ -89.183406546879695, 13.66398072206843 ], [ -89.183419324810416, 13.664077655457723 ], [ -89.183434697516233, 13.664223223050159 ], [ -89.183440698119952, 13.664274877124114 ] ] ] } },
{ "type": "Feature", "properties": { "FID_1": 204, "NOMBRE_DE": "PJE. VILANOVA", "Text_1": "COLONIA EL MILAGRO", "ESTADO": "BUENO", "MATERIAL": "ADOQUIN", "VIAS": 1, "CLASE": "VEHICULAR", "ANCHO_1": "4.00" }, "geometry": { "type": "MultiLineString", "coordinates": [ [ [ -89.183135600576549, 13.661971798045027 ], [ -89.183033311577418, 13.662018314604628 ], [ -89.182859856286228, 13.662086653300138 ], [ -89.182809459259431, 13.662118618341406 ], [ -89.182787242923652, 13.662153465435811 ], [ -89.182794288912163, 13.662199657225047 ], [ -89.182707656611768, 13.662187134813541 ], [ -89.182651007919461, 13.662172504621521 ], [ -89.18257104043748, 13.662163599544362 ], [ -89.18249024707039, 13.662162028707918 ], [ -89.182401967732801, 13.662173504866319 ], [ -89.182336455794626, 13.662191360440827 ], [ -89.182242424290621, 13.662240097732447 ], [ -89.182220571735684, 13.662252375062948 ], [ -89.182092476788256, 13.662323545423238 ], [ -89.181997024427119, 13.662408314637151 ], [ -89.181904838060618, 13.662529493860184 ], [ -89.181742721039114, 13.662661173532332 ], [ -89.181614106826899, 13.662780796412944 ], [ -89.181491101389042, 13.662826007012425 ], [ -89.181398840715659, 13.66285140549239 ], [ -89.181142161800139, 13.662870812381303 ], [ -89.18104142379579, 13.662866664828467 ] ] ] } },
{ "type": "Feature", "properties": { "FID_1": 204, "NOMBRE_DE": "PJE. VILANOVA", "Text_1": "COLONIA EL MILAGRO", "ESTADO": "MALO", "MATERIAL": "TIERRA", "VIAS": 1, "CLASE": "VEHICULAR", "ANCHO_1": "3.25" }, "geometry": { "type": "MultiLineString", "coordinates": [ [ [ -89.182216261017871, 13.662001995267598 ], [ -89.182094326244965, 13.661967220348137 ] ] ] } },
{ "type": "Feature", "properties": { "FID_1": 204, "NOMBRE_DE": "PJE. VILANOVA", "Text_1": "COLONIA EL MILAGRO", "ESTADO": "MALO", "MATERIAL": "TIERRA", "VIAS": 1, "CLASE": "VEHICULAR", "ANCHO_1": "3.40" }, "geometry": { "type": "MultiLineString", "coordinates": [ [ [ -89.182240000631651, 13.662241544720676 ], [ -89.182203461682619, 13.662218890230625 ], [ -89.182169074400122, 13.662208504709037 ], [ -89.182190273789345, 13.662138169673984 ], [ -89.182217240929376, 13.662001754934735 ] ] ] } },
{ "type": "Feature", "properties": { "FID_1": 127, "NOMBRE_DE": "PASAJE LA PEDRERA", "Text_1": "COLONIA EL MILAGRO", "ESTADO": "MALO", "MATERIAL": "ADOQUIN - TIERR", "VIAS": 1, "CLASE": "PEATONAL", "ANCHO_1": "9.80" }, "geometry": { "type": "MultiLineString", "coordinates": [ [ [ -89.18125931020549, 13.663720470721575 ], [ -89.181406565328729, 13.663771280634998 ], [ -89.181851532128604, 13.664000235002934 ] ] ] } },
{ "type": "Feature", "properties": { "FID_1": 27, "NOMBRE_DE": "8a. AV. NORTE", "Text_1": "COLONIA EL MILAGRO", "ESTADO": "BUENO", "MATERIAL": "ASFALTO", "VIAS": 2, "CLASE": "VEHICULAR", "ANCHO_1": "4.55" }, "geometry": { "type": "MultiLineString", "coordinates": [ [ [ -89.180906391499491, 13.662976356212333 ], [ -89.180842734130593, 13.663009510674375 ], [ -89.18062794515248, 13.66319079096008 ], [ -89.180514584966105, 13.663290199328356 ], [ -89.180417720642566, 13.663367786571074 ], [ -89.180300365129838, 13.663447722460489 ], [ -89.180253156574395, 13.663480284234984 ] ] ] } },
{ "type": "Feature", "properties": { "FID_1": 122, "NOMBRE_DE": "CALLE PRINCIPAL", "Text_1": "COLONIA EL MILAGRO", "ESTADO": "MALO", "MATERIAL": "TIERRA", "VIAS": 2, "CLASE": "VEHICULAR", "ANCHO_1": "4.00" }, "geometry": { "type": "MultiLineString", "coordinates": [ [ [ -89.180370972464402, 13.662597574314006 ], [ -89.180345134227395, 13.662548642625518 ], [ -89.180232413995583, 13.662329308720205 ] ] ] } },
{ "type": "Feature", "properties": { "FID_1": 208, "NOMBRE_DE": "CALLE PRINCIPAL", "Text_1": "COLONIA EL TRANSITO 3", "ESTADO": "BUENO", "MATERIAL": "CONCRETO", "VIAS": 2, "CLASE": "VEHICULAR", "ANCHO_1": "6.75" }, "geometry": { "type": "MultiLineString", "coordinates": [ [ [ -89.182669612979737, 13.66059492375909 ], [ -89.182513092832465, 13.660656329198485 ], [ -89.182293914871522, 13.66067770601717 ], [ -89.181832946469456, 13.660716670762952 ], [ -89.181832778890765, 13.660716680963835 ] ] ] } },
{ "type": "Feature", "properties": { "FID_1": 426, "NOMBRE_DE": "1A CALLE ORIENTE", "Text_1": "COLONIA EL TRANSITO 3", "ESTADO": "BUENO", "MATERIAL": "CONCRETO", "VIAS": 2, "CLASE": "VEHICULAR", "ANCHO_1": "7.15" }, "geometry": { "type": "MultiLineString", "coordinates": [ [ [ -89.181014244115374, 13.661679899289615 ], [ -89.18082178930004, 13.661678490254742 ], [ -89.180162366930375, 13.661674166189346 ] ] ] } },
{ "type": "Feature", "properties": { "FID_1": 426, "NOMBRE_DE": "1A CALLE ORIENTE", "Text_1": "COLONIA EL TRANSITO 3", "ESTADO": "BUENO", "MATERIAL": "ADOQUIN", "VIAS": 2, "CLASE": "VEHICULAR", "ANCHO_1": "7.00" }, "geometry": { "type": "MultiLineString", "coordinates": [ [ [ -89.181454532724302, 13.661663867101142 ], [ -89.181019266062776, 13.661679936055179 ], [ -89.181014244115374, 13.661679899289615 ] ] ] } },
{ "type": "Feature", "properties": { "FID_1": 423, "NOMBRE_DE": "AVENIDA GRANADA SUR", "Text_1": "COLONIA EL TRANSITO 3", "ESTADO": "BUENO", "MATERIAL": "ADOQUIN MIXTO", "VIAS": 2, "CLASE": "VEHICULAR", "ANCHO_1": "6.70" }, "geometry": { "type": "MultiLineString", "coordinates": [ [ [ -89.180582475566681, 13.660757689926061 ], [ -89.180582456174605, 13.66075386546118 ], [ -89.180595473773622, 13.660418240117286 ], [ -89.180586187812878, 13.660256825991739 ], [ -89.180595065607818, 13.65988673666271 ] ] ] } },
{ "type": "Feature", "properties": { "FID_1": 205, "NOMBRE_DE": "8. AVENIDA SUR", "Text_1": "COLONIA EL TRANSITO 3", "ESTADO": "REGULAR", "MATERIAL": "ADOQUIN", "VIAS": 2, "CLASE": "VEHICULAR", "ANCHO_1": "7.90" }, "geometry": { "type": "MultiLineString", "coordinates": [ [ [ -89.181020586402198, 13.660754141613952 ], [ -89.181031220160435, 13.660228096528909 ], [ -89.181027513370424, 13.660042363547447 ], [ -89.181038105230485, 13.659911546038515 ], [ -89.181023795941584, 13.659843535036408 ], [ -89.181011438588385, 13.659816716225732 ] ] ] } },
{ "type": "Feature", "properties": { "FID_1": 205, "NOMBRE_DE": "8. AVENIDA SUR", "Text_1": "COLONIA EL TRANSITO 3", "ESTADO": "BUENO", "MATERIAL": "CONCRETO", "VIAS": 1, "CLASE": "PEATONAL", "ANCHO_1": "2.90" }, "geometry": { "type": "MultiLineString", "coordinates": [ [ [ -89.181011438588385, 13.659816716225732 ], [ -89.181007728289643, 13.659808663868962 ], [ -89.180972061756364, 13.659779038828573 ], [ -89.180939959603961, 13.659749412815508 ], [ -89.180916755743965, 13.659704081828602 ], [ -89.180900657259073, 13.659629095425672 ] ] ] } },
{ "type": "Feature", "properties": { "FID_1": 276, "NOMBRE_DE": "AVENIDA SAN JOSE", "Text_1": null, "ESTADO": "BUENO", "MATERIAL": "ADOQUIN", "VIAS": 2, "CLASE": "VEHICULAR", "ANCHO_1": "7.50" }, "geometry": { "type": "MultiLineString", "coordinates": [ [ [ -89.181964727175298, 13.658735662467175 ], [ -89.181928488400018, 13.658510953109371 ], [ -89.18186773491405, 13.658346328168637 ], [ -89.181826142089307, 13.658154086189198 ], [ -89.181760108570231, 13.657988409734656 ], [ -89.181712371276404, 13.657875979082773 ], [ -89.181675830813205, 13.657741595456246 ], [ -89.181664517058053, 13.657609936758485 ], [ -89.181689587034683, 13.657406929410051 ], [ -89.181723097923182, 13.657247806310385 ], [ -89.181766839110949, 13.656974029969389 ] ] ] } },
{ "type": "Feature", "properties": { "FID_1": 418, "NOMBRE_DE": "CALLE 25 DE ABRIL OTE", "Text_1": "CENTRO HISTORICO", "ESTADO": "BUENO", "MATERIAL": "ASFALTO", "VIAS": 2, "CLASE": "VEHICULAR", "ANCHO_1": "6.35" }, "geometry": { "type": "MultiLineString", "coordinates": [ [ [ -89.182544945958384, 13.65711596694727 ], [ -89.182384142606963, 13.657096417300799 ], [ -89.182198201664903, 13.657057216111566 ], [ -89.182022314088272, 13.657025382924731 ], [ -89.181766839110949, 13.656974029969389 ], [ -89.181549823240729, 13.656985524813777 ], [ -89.181315578950318, 13.657047934679404 ], [ -89.18087768642836, 13.657185261841727 ], [ -89.180772081367905, 13.657198883558722 ], [ -89.180755666680412, 13.657200323957817 ], [ -89.180104253063092, 13.65725743264437 ], [ -89.179795097647258, 13.657239908148046 ], [ -89.179728155585863, 13.657236982292485 ] ] ] } },
{ "type": "Feature", "properties": { "FID_1": 213, "NOMBRE_DE": "AVENIDA PADRE MARIO ZANCONATO", "Text_1": "BARRIO EL CALVARIO", "ESTADO": "REGULAR", "MATERIAL": "ASFALTO", "VIAS": 2, "CLASE": "VEHICULAR", "ANCHO_1": "6.50" }, "geometry": { "type": "MultiLineString", "coordinates": [ [ [ -89.181360807287945, 13.65917674285917 ], [ -89.181329630146948, 13.659181919765924 ], [ -89.181318414932107, 13.659180100276469 ], [ -89.181322126729825, 13.659145954364289 ], [ -89.181318319973315, 13.659056939853004 ], [ -89.181315801473517, 13.659024627396761 ], [ -89.181305823469231, 13.659011832165923 ], [ -89.181298310724969, 13.658805689895701 ], [ -89.181301589653373, 13.658663038427957 ], [ -89.181289201200698, 13.658520951857785 ], [ -89.18127224239818, 13.658377979326087 ], [ -89.181271801892578, 13.658374048267314 ] ] ] } },
{ "type": "Feature", "properties": { "FID_1": 441, "NOMBRE_DE": "PASAJE LONDRES", "Text_1": "COL. EL TRANSITO 1", "ESTADO": "REGULAR", "MATERIAL": "CONCRETO", "VIAS": 1, "CLASE": "PEATONAL-GRAD", "ANCHO_1": "4.20" }, "geometry": { "type": "MultiLineString", "coordinates": [ [ [ -89.17786329032829, 13.659281422189686 ], [ -89.1780476654137, 13.659120672907102 ], [ -89.178243151640316, 13.658944611849883 ], [ -89.178417500163604, 13.658784089509812 ], [ -89.178434593360663, 13.658778202322972 ] ] ] } },
{ "type": "Feature", "properties": { "FID_1": 441, "NOMBRE_DE": "CALLE EL TRANSITO", "Text_1": "COLONIA EL TRANSITO", "ESTADO": "REGULAR", "MATERIAL": "ASFALTO", "VIAS": 2, "CLASE": "VEHICULAR", "ANCHO_1": "6.22" }, "geometry": { "type": "MultiLineString", "coordinates": [ [ [ -89.178434593360663, 13.658778202322972 ], [ -89.178555247057332, 13.658736647102444 ], [ -89.178803867411006, 13.658713574509076 ], [ -89.179163748052446, 13.658695316353553 ], [ -89.179464547988317, 13.65866271043436 ], [ -89.179571138473662, 13.658657846524692 ] ] ] } },
{ "type": "Feature", "properties": { "FID_1": 424, "NOMBRE_DE": "CALLE PRINCIPAL", "Text_1": "LOTIFICACION SANCHEZ SOLANO", "ESTADO": "REGULAR", "MATERIAL": "CONCRETO", "VIAS": 1, "CLASE": "PEATONAL", "ANCHO_1": "3.70" }, "geometry": { "type": "MultiLineString", "coordinates": [ [ [ -89.180314943731531, 13.659151335220102 ], [ -89.180287182742831, 13.659136880805072 ], [ -89.180217102339867, 13.659145878977821 ], [ -89.180067796473168, 13.659162390181915 ], [ -89.179934749761955, 13.659186584536258 ] ] ] } },
{ "type": "Feature", "properties": { "FID_1": 424, "NOMBRE_DE": "CALLE PRINCIPAL", "Text_1": "LOTIFICACION SANCHEZ SOLANO", "ESTADO": "MALO", "MATERIAL": "TIERRA", "VIAS": 1, "CLASE": "PEATONAL", "ANCHO_1": "3.30" }, "geometry": { "type": "MultiLineString", "coordinates": [ [ [ -89.179934749761955, 13.659186584536258 ], [ -89.179897174178834, 13.659193417588371 ], [ -89.179807677804874, 13.659181278489937 ], [ -89.179723191028984, 13.659168938743464 ], [ -89.179628837789167, 13.659144204668562 ], [ -89.179485190650041, 13.659097462543759 ], [ -89.179419018028995, 13.659098888409195 ], [ -89.179361291441609, 13.659100308096669 ], [ -89.179286033933138, 13.659124535311031 ] ] ] } },
{ "type": "Feature", "properties": { "FID_1": 418, "NOMBRE_DE": "CALLE 25 DE ABRIL OTE", "Text_1": "SANTA FE", "ESTADO": "MALO", "MATERIAL": "TIERRA", "VIAS": 1, "CLASE": "PEATONAL", "ANCHO_1": "5.70" }, "geometry": { "type": "MultiLineString", "coordinates": [ [ [ -89.176358489754804, 13.659768851966602 ], [ -89.176406435331074, 13.659935957020384 ], [ -89.176446777489048, 13.660025518048664 ], [ -89.176459379805138, 13.660134618424767 ], [ -89.176476743046919, 13.660162452666775 ], [ -89.176471376631184, 13.660283357820932 ], [ -89.176447488562403, 13.660635620424381 ], [ -89.176404845340812, 13.660901397642968 ], [ -89.176366979473173, 13.660995044886233 ], [ -89.176309327609445, 13.66109677757699 ], [ -89.176278061982117, 13.661164274242431 ] ] ] } },
{ "type": "Feature", "properties": { "FID_1": 268, "NOMBRE_DE": "PASAJE SAN MARCOS", "Text_1": "BARRIO", "ESTADO": "BUENO", "MATERIAL": "ADOQUIN", "VIAS": 1, "CLASE": "PEATONAL", "ANCHO_1": "4.70" }, "geometry": { "type": "MultiLineString", "coordinates": [ [ [ -89.179963334189694, 13.657794869745773 ], [ -89.179958412748832, 13.657792805220163 ], [ -89.179954133575137, 13.657803069289901 ], [ -89.179936974569713, 13.657798417833089 ], [ -89.179989348608174, 13.657668649444634 ], [ -89.180096958952831, 13.657393530173165 ], [ -89.180104253063092, 13.65725743264437 ] ] ] } },
{ "type": "Feature", "properties": { "FID_1": 474, "NOMBRE_DE": "CALLE EL TAZUMAL", "Text_1": "COLONIA BELLA VISTA", "ESTADO": "BUENO", "MATERIAL": "CONCRETO", "VIAS": 2, "CLASE": "VEHICULAR", "ANCHO_1": "3.00" }, "geometry": { "type": "MultiLineString", "coordinates": [ [ [ -89.176938701988988, 13.659221556767323 ], [ -89.176858250046976, 13.65916922311656 ], [ -89.176537406012756, 13.659026495657848 ], [ -89.176292243370369, 13.658908035473868 ], [ -89.176226080805861, 13.658881428400836 ], [ -89.176140449802332, 13.658833894644861 ], [ -89.176095680985469, 13.65880156163816 ], [ -89.176035340446589, 13.658755913074977 ], [ -89.175854345751489, 13.658657044574802 ], [ -89.175789042383556, 13.658613687803712 ] ] ] } },
{ "type": "Feature", "properties": { "FID_1": 418, "NOMBRE_DE": "CALLE 25 DE ABRIL OTE", "Text_1": "COL. EL TRANSITO 2", "ESTADO": "MALO", "MATERIAL": "TIERRA", "VIAS": 1, "CLASE": "PEATONAL", "ANCHO_1": "3.80" }, "geometry": { "type": "MultiLineString", "coordinates": [ [ [ -89.17692493107549, 13.65923984483975 ], [ -89.176827809596801, 13.659394228984929 ], [ -89.176758860429757, 13.659479437880195 ], [ -89.176689881965117, 13.659526470175331 ], [ -89.176544513699355, 13.659597414713781 ], [ -89.176357436408267, 13.659703064087033 ], [ -89.176349326019675, 13.659736913507905 ], [ -89.176358489754804, 13.659768851966602 ] ] ] } },
{ "type": "Feature", "properties": { "FID_1": 881, "NOMBRE_DE": "PASAJE BRAN O CALLE PRINCIPAL", "Text_1": "COL. SAN IGNACIO", "ESTADO": "BUENO", "MATERIAL": "ADOQUIN", "VIAS": 2, "CLASE": "VEHICULAR", "ANCHO_1": "5.20" }, "geometry": { "type": "MultiLineString", "coordinates": [ [ [ -89.177040013789608, 13.657368399511643 ], [ -89.17689084423543, 13.657270874407411 ], [ -89.1766374744887, 13.657103686615592 ], [ -89.176634866504628, 13.657085065047569 ] ] ] } },
{ "type": "Feature", "properties": { "FID_1": 895, "NOMBRE_DE": "AVENIDA LOS ANDES", "Text_1": "COLONIA LOS ALPES1", "ESTADO": "MALO", "MATERIAL": "TIERRA", "VIAS": 2, "CLASE": "VEHICULAR", "ANCHO_1": "3.70" }, "geometry": { "type": "MultiLineString", "coordinates": [ [ [ -89.170799560219706, 13.659868688124741 ], [ -89.170667512219438, 13.658985709298181 ] ] ] } },
{ "type": "Feature", "properties": { "FID_1": 746, "NOMBRE_DE": "CALLE No. 6", "Text_1": "LOTIFICACION SANTA ROSA", "ESTADO": "REGULAR", "MATERIAL": "TIERRA", "VIAS": 1, "CLASE": "VEHICULAR", "ANCHO_1": "4.40" }, "geometry": { "type": "MultiLineString", "coordinates": [ [ [ -89.165209197836603, 13.662081611965339 ], [ -89.165105519089821, 13.662158829486634 ], [ -89.164903103804562, 13.66230210036422 ], [ -89.164707734904127, 13.662412593039434 ], [ -89.164476125096456, 13.662560635949392 ], [ -89.164289791863396, 13.662671643045716 ], [ -89.16413328035172, 13.662774714980475 ] ] ] } },
{ "type": "Feature", "properties": { "FID_1": 794, "NOMBRE_DE": "CALLE No 5", "Text_1": "LOTIFICACION SANTA ROSA", "ESTADO": "MALO", "MATERIAL": "TIERRA", "VIAS": 1, "CLASE": "PEATONAL", "ANCHO_1": "3.50" }, "geometry": { "type": "MultiLineString", "coordinates": [ [ [ -89.165934464033327, 13.661114375904319 ], [ -89.165733898285453, 13.66125114176582 ], [ -89.165565992964858, 13.661371071531468 ], [ -89.165358237555665, 13.661507745930583 ], [ -89.165150479386213, 13.661641636864355 ], [ -89.164988213089259, 13.66173369698973 ], [ -89.164952563886743, 13.661757715381688 ] ] ] } },
{ "type": "Feature", "properties": { "FID_1": 796, "NOMBRE_DE": "CALLE No.4", "Text_1": "LOTIFICACION SANTA ROSA", "ESTADO": "MALO", "MATERIAL": "TIERRA", "VIAS": 1, "CLASE": "PEATONAL", "ANCHO_1": "3.50" }, "geometry": { "type": "MultiLineString", "coordinates": [ [ [ -89.165741433335796, 13.660768540553349 ], [ -89.165668549231427, 13.660830542572116 ], [ -89.165476055604756, 13.660947220061507 ], [ -89.165316488272495, 13.661044036941936 ], [ -89.165197452304497, 13.661123469683814 ], [ -89.165015100996939, 13.661252538191853 ], [ -89.164782086081019, 13.661399000085927 ], [ -89.164780035401932, 13.661400235341157 ] ] ] } },
{ "type": "Feature", "properties": { "FID_1": 1241, "NOMBRE_DE": "CALLE PRINCIPAL", "Text_1": "LOS ANGELES", "ESTADO": "BUENO", "MATERIAL": "ASFALTO", "VIAS": 2, "CLASE": "VEHICULAR", "ANCHO_1": "5.30" }, "geometry": { "type": "MultiLineString", "coordinates": [ [ [ -89.164469182043973, 13.654532974331438 ], [ -89.164387627630404, 13.654568509960344 ], [ -89.164227623158951, 13.654569511756433 ], [ -89.163984638178917, 13.654547229152499 ], [ -89.163779246212243, 13.654524921274056 ], [ -89.163681101778934, 13.654514925176729 ], [ -89.163320580298418, 13.654479562850637 ], [ -89.16310469734951, 13.654466103300777 ], [ -89.162949000446119, 13.654457549352392 ], [ -89.16285347310172, 13.654469733881671 ], [ -89.16272258348387, 13.654516567687574 ], [ -89.162650078704672, 13.65456336502066 ], [ -89.162625340317135, 13.65460839898369 ], [ -89.162606357697143, 13.654632578274402 ] ] ] } },
{ "type": "Feature", "properties": { "FID_1": 809, "NOMBRE_DE": "CALLE C", "Text_1": "LOS ANGELES", "ESTADO": "BUENO", "MATERIAL": "CONCRETO", "VIAS": 2, "CLASE": "VEHICULAR", "ANCHO_1": "5.75" }, "geometry": { "type": "MultiLineString", "coordinates": [ [ [ -89.163038115034794, 13.655324626121262 ], [ -89.163011780830374, 13.655260340853433 ], [ -89.162965020415655, 13.655167220130265 ], [ -89.162932658163356, 13.655116270653949 ], [ -89.162900309882076, 13.655084655798552 ], [ -89.162841018103734, 13.655047785699963 ], [ -89.162695521139341, 13.654959709676106 ], [ -89.162550624288116, 13.65486615668517 ], [ -89.162475155517015, 13.65481116049464 ] ] ] } },
{ "type": "Feature", "properties": { "FID_1": 1046, "NOMBRE_DE": "CALLE B ORIENTE", "Text_1": "URBANIZACION 10 DE OCTUBRE 1a ETAPA", "ESTADO": "BUENO", "MATERIAL": "ASFALTO", "VIAS": 2, "CLASE": "VEHICULAR", "ANCHO_1": "8.60" }, "geometry": { "type": "MultiLineString", "coordinates": [ [ [ -89.165928033829317, 13.654778735237151 ], [ -89.165980826424047, 13.654584556063018 ], [ -89.166081699069494, 13.654348842745868 ], [ -89.166260348727903, 13.654143799641668 ], [ -89.166445864083698, 13.653898716392652 ] ] ] } },
{ "type": "Feature", "properties": { "FID_1": 1031, "NOMBRE_DE": "CALLE ESTACIONAMIENTO", "Text_1": "URBANIZACION SAN MARCOS", "ESTADO": "BUENO", "MATERIAL": "CONCRETO", "VIAS": 1, "CLASE": "PEATONAL", "ANCHO_1": "4.20" }, "geometry": { "type": "MultiLineString", "coordinates": [ [ [ -89.170973146423364, 13.655193124467887 ], [ -89.17097431468224, 13.655190663104566 ], [ -89.17094822351676, 13.655142868764509 ], [ -89.170786932896149, 13.654952546871987 ], [ -89.170669139558939, 13.654799486932312 ], [ -89.170589147359976, 13.654721312359005 ], [ -89.170554187216013, 13.65470763499294 ] ] ] } },
{ "type": "Feature", "properties": { "FID_1": 1134, "NOMBRE_DE": "PASAJE LOS ALPES", "Text_1": "COMUNIDAD ENCARNACION", "ESTADO": "MALO", "MATERIAL": "TIERRA", "VIAS": 1, "CLASE": "PEATONAL", "ANCHO_1": "4.00" }, "geometry": { "type": "MultiLineString", "coordinates": [ [ [ -89.171283779398522, 13.65368321343964 ], [ -89.171215649776698, 13.653734564480162 ], [ -89.171156548105913, 13.653767219511446 ], [ -89.171133971874127, 13.653766183145047 ], [ -89.17109739763346, 13.653733594706233 ], [ -89.171010247365686, 13.653631605345886 ], [ -89.170939242978264, 13.653555906699683 ], [ -89.17091317518998, 13.653498878097542 ], [ -89.170903176728245, 13.653479342973606 ], [ -89.170870847947228, 13.653445451209638 ], [ -89.170833977222912, 13.653406108558777 ], [ -89.170814867305737, 13.653387433229961 ], [ -89.170810800809946, 13.653344535295787 ], [ -89.170806070525188, 13.653332218722802 ], [ -89.17075173189464, 13.653262186470718 ], [ -89.170714749079409, 13.653235434534423 ] ] ] } },
{ "type": "Feature", "properties": { "FID_1": 1136, "NOMBRE_DE": "FINAL PASAJE ENCARNACION", "Text_1": "COMUNIDAD ENCARACION", "ESTADO": "BUENO", "MATERIAL": "CONCRETO", "VIAS": 1, "CLASE": "PEATONAL", "ANCHO_1": "3.00" }, "geometry": { "type": "MultiLineString", "coordinates": [ [ [ -89.169964841764568, 13.652433766913811 ], [ -89.169871815711431, 13.652455076343266 ], [ -89.169832155331136, 13.65246142724359 ], [ -89.169742825645656, 13.652486808876713 ], [ -89.169623317507288, 13.652511261831759 ], [ -89.169617852439757, 13.652511265601392 ] ] ] } },
{ "type": "Feature", "properties": { "FID_1": 780, "NOMBRE_DE": "9a CALLE ORIENTE", "Text_1": "COL. ABREGO", "ESTADO": "BUENO", "MATERIAL": "ASFALTO", "VIAS": 2, "CLASE": "VEHICULAR", "ANCHO_1": "5.60" }, "geometry": { "type": "MultiLineString", "coordinates": [ [ [ -89.171947523900954, 13.652847084132226 ], [ -89.171912117107894, 13.652638813841355 ], [ -89.171891987740537, 13.652562226426621 ], [ -89.171834772665321, 13.652454733700756 ], [ -89.171823181284296, 13.652410839716614 ], [ -89.171793222780067, 13.652382807797014 ] ] ] } },
{ "type": "Feature", "properties": { "FID_1": 97, "NOMBRE_DE": "PASAJE LOS ANDES", "Text_1": "COLONIA LOS ANDES", "ESTADO": "MALO", "MATERIAL": "ASFALTO", "VIAS": 1, "CLASE": "PEATONAL", "ANCHO_1": "6.80" }, "geometry": { "type": "MultiLineString", "coordinates": [ [ [ -89.186558400041491, 13.668264339036877 ], [ -89.186491198008255, 13.668171433811368 ], [ -89.186343820366332, 13.66806457283578 ], [ -89.186271617613201, 13.668009279777191 ] ] ] } },
{ "type": "Feature", "properties": { "FID_1": 98, "NOMBRE_DE": "5a CALLE ORIENTE", "Text_1": "COLONIA LOS ANDES 1", "ESTADO": "REGULAR", "MATERIAL": "ASFALTO", "VIAS": 2, "CLASE": "VEHICULAR", "ANCHO_1": "7.25" }, "geometry": { "type": "MultiLineString", "coordinates": [ [ [ -89.185965879945755, 13.668082556611676 ], [ -89.185851983899241, 13.668175099800264 ], [ -89.18571769700398, 13.668256808745161 ], [ -89.185533990508091, 13.66833855435331 ], [ -89.185303999010472, 13.668476249868569 ], [ -89.185221936273891, 13.668521202377004 ], [ -89.184980011131316, 13.668646324317415 ] ] ] } },
{ "type": "Feature", "properties": { "FID_1": 458, "NOMBRE_DE": "3 CALLE ORIENTE", "Text_1": "COLONIA LOS ANDES", "ESTADO": "MALO", "MATERIAL": "ADOQUIN", "VIAS": 2, "CLASE": "VEHICULAR", "ANCHO_1": "7.66" }, "geometry": { "type": "MultiLineString", "coordinates": [ [ [ -89.185604462796064, 13.667794955802531 ], [ -89.185472423955005, 13.667864790489745 ], [ -89.185076315560721, 13.668084503744913 ], [ -89.184958674603635, 13.668141072900591 ], [ -89.184789706265093, 13.66824093610688 ] ] ] } },
{ "type": "Feature", "properties": { "FID_1": 100, "NOMBRE_DE": "PASAJE COSTA RICA", "Text_1": "COLONIA LOS ANDES", "ESTADO": "REGULAR", "MATERIAL": "CONCRETO", "VIAS": 1, "CLASE": "PEATONAL - GRAD", "ANCHO_1": "5.00" }, "geometry": { "type": "MultiLineString", "coordinates": [ [ [ -89.18518508418785, 13.66904245510011 ], [ -89.185178281824278, 13.669003767803058 ], [ -89.185150282527459, 13.668953626772854 ], [ -89.185017265432293, 13.668734810783384 ], [ -89.184992896120846, 13.668685257061362 ] ] ] } },
{ "type": "Feature", "properties": { "FID_1": 100, "NOMBRE_DE": "PASAJE COSTA RICA", "Text_1": "COLONIA LOS ANDES", "ESTADO": "MALO", "MATERIAL": "ASFALTO", "VIAS": 1, "CLASE": "VEHICULAR", "ANCHO_1": "5.60" }, "geometry": { "type": "MultiLineString", "coordinates": [ [ [ -89.184992896120846, 13.668685257061362 ], [ -89.184975019530384, 13.668648905933503 ], [ -89.184860808888487, 13.668455497161288 ], [ -89.184781538805566, 13.668314600421086 ] ] ] } },
{ "type": "Feature", "properties": { "FID_1": 113, "NOMBRE_DE": "6a CALLE ORIENTE", "Text_1": "COLONIA LOS ANDES", "ESTADO": "MALO", "MATERIAL": "TIERRA", "VIAS": 1, "CLASE": "VEHICULAR", "ANCHO_1": "8.60" }, "geometry": { "type": "MultiLineString", "coordinates": [ [ [ -89.18438930356578, 13.668476357004256 ], [ -89.184289403512423, 13.66829316727439 ], [ -89.184179707427276, 13.668146586827378 ] ] ] } },
{ "type": "Feature", "properties": { "FID_1": 113, "NOMBRE_DE": "6a CALLE ORIENTE", "Text_1": "COLONIA LOS ANDES", "ESTADO": "BUENO", "MATERIAL": "CONCRETO", "VIAS": 2, "CLASE": "VEHICULAR", "ANCHO_1": "7.70" }, "geometry": { "type": "MultiLineString", "coordinates": [ [ [ -89.183949578264432, 13.667743169218793 ], [ -89.18392417550146, 13.667699906438555 ], [ -89.183896930768782, 13.667642336155389 ], [ -89.183842190729919, 13.667550138462905 ], [ -89.183796891216289, 13.667478226066597 ], [ -89.183742153573192, 13.667389717519129 ], [ -89.183729000059202, 13.667354047167082 ] ] ] } },
{ "type": "Feature", "properties": { "FID_1": 75, "NOMBRE_DE": "PASAJE DELGADO", "Text_1": "COLONIA LOS ANDES", "ESTADO": "BUENO", "MATERIAL": "CONCRETO", "VIAS": 2, "CLASE": "VEHICULAR", "ANCHO_1": "4.90" }, "geometry": { "type": "MultiLineString", "coordinates": [ [ [ -89.1828249526463, 13.668910417918015 ], [ -89.182749271956382, 13.668719627558957 ], [ -89.182707895752998, 13.668588734439988 ], [ -89.182681816895752, 13.668489870059027 ] ] ] } },
{ "type": "Feature", "properties": { "FID_1": 75, "NOMBRE_DE": "PASAJE BOLIVAR", "Text_1": "COLONIA LOS ANDES", "ESTADO": "BUENO", "MATERIAL": "CONCRETO", "VIAS": 2, "CLASE": "PEATONAL - GRAD", "ANCHO_1": "2.88" }, "geometry": { "type": "MultiLineString", "coordinates": [ [ [ -89.182939536296843, 13.668958324684498 ], [ -89.182912644817435, 13.668917062861532 ], [ -89.182890837462537, 13.668882748701952 ] ] ] } },
{ "type": "Feature", "properties": { "FID_1": 101, "NOMBRE_DE": "3PASAJE SIN NOMBRE", "Text_1": "COLONIA LOS ANDES", "ESTADO": "BUENO", "MATERIAL": "CONCRETO", "VIAS": 1, "CLASE": "PEATONAL", "ANCHO_1": "5.75" }, "geometry": { "type": "MultiLineString", "coordinates": [ [ [ -89.185938262354711, 13.66773152985772 ], [ -89.185926701569173, 13.667745141140493 ], [ -89.185740872250094, 13.667905814782623 ] ] ] } },
{ "type": "Feature", "properties": { "FID_1": 460, "NOMBRE_DE": "2a AVENIDA NORTE", "Text_1": "COLONIA LOS ANDES", "ESTADO": "REGULAR", "MATERIAL": "ASFALTO", "VIAS": 2, "CLASE": "VEHICULAR", "ANCHO_1": "6.00" }, "geometry": { "type": "MultiLineString", "coordinates": [ [ [ -89.185604462796064, 13.667794955802531 ], [ -89.185565859608189, 13.667749607651098 ], [ -89.185441322020836, 13.667635434981674 ], [ -89.185212291852437, 13.667495780488355 ], [ -89.185147588935976, 13.667451116825754 ] ] ] } },
{ "type": "Feature", "properties": { "FID_1": 557, "NOMBRE_DE": "CALLE PRINCIPAL", "Text_1": "COLONIA TEPEYAC", "ESTADO": "BUENO", "MATERIAL": "CONCRETO", "VIAS": 2, "CLASE": "VEHICULAR", "ANCHO_1": "5.00" }, "geometry": { "type": "MultiLineString", "coordinates": [ [ [ -89.185990239459485, 13.659549522088946 ], [ -89.186118258868149, 13.659649291041163 ], [ -89.186138207227003, 13.65969798491588 ], [ -89.186277259489174, 13.659754974883944 ], [ -89.186361160750081, 13.659773838798753 ], [ -89.186426559842246, 13.659792071231118 ], [ -89.186483942668204, 13.659795945295073 ], [ -89.18649375844673, 13.659798327786286 ] ] ] } },
{ "type": "Feature", "properties": { "FID_1": 196, "NOMBRE_DE": "CALLE PRINCIPAL", "Text_1": "COL. SAN ANTONIO 4", "ESTADO": "BUENO", "MATERIAL": "ASFALTO", "VIAS": 2, "CLASE": "VEHICULAR", "ANCHO_1": "6.50" }, "geometry": { "type": "MultiLineString", "coordinates": [ [ [ -89.184589061171152, 13.660132166490252 ], [ -89.184670605330368, 13.660092800454866 ], [ -89.184798029573201, 13.659976123733623 ], [ -89.184907016512582, 13.6598840905905 ], [ -89.184987497689946, 13.659811782006258 ], [ -89.185176162843945, 13.659607193351061 ] ] ] } },
{ "type": "Feature", "properties": { "FID_1": 504, "NOMBRE_DE": "CALLE 25 DE ABRIL PTE.", "Text_1": "BARRIO SAN JOSE", "ESTADO": "BUENO", "MATERIAL": "CONCRETO", "VIAS": 2, "CLASE": "VEHICULAR", "ANCHO_1": "5.50" }, "geometry": { "type": "MultiLineString", "coordinates": [ [ [ -89.185148364118433, 13.659266048723612 ], [ -89.184979726574127, 13.659067570568903 ], [ -89.184790569734659, 13.658871838172821 ] ] ] } },
{ "type": "Feature", "properties": { "FID_1": 473, "NOMBRE_DE": "1a AVENIDA SUR", "Text_1": "BARRIO SAN JOSE", "ESTADO": "BUENO", "MATERIAL": "CONCRETO", "VIAS": 2, "CLASE": "VEHICULAR", "ANCHO_1": "7.00" }, "geometry": { "type": "MultiLineString", "coordinates": [ [ [ -89.1833794287909, 13.658391017027515 ], [ -89.183387801597959, 13.658260967363388 ], [ -89.183412089263641, 13.658107021383422 ], [ -89.183428491617732, 13.658011592739506 ], [ -89.18343334532473, 13.657977210368967 ], [ -89.183428451395969, 13.657960025471766 ], [ -89.183437205884161, 13.657923729126811 ], [ -89.1834625236867, 13.657855907719993 ], [ -89.183486901450877, 13.65783201556836 ], [ -89.183495675591772, 13.657814808511771 ] ] ] } },
{ "type": "Feature", "properties": { "FID_1": 473, "NOMBRE_DE": "1a AVENIDA SUR", "Text_1": "BARRIO SAN JOSE", "ESTADO": "REGULAR", "MATERIAL": "EMPEDRADO", "VIAS": 1, "CLASE": "PEATONAL", "ANCHO_1": "2.30" }, "geometry": { "type": "MultiLineString", "coordinates": [ [ [ -89.183495675591772, 13.657814808511771 ], [ -89.183498592638259, 13.657809087861725 ], [ -89.183531783669025, 13.657748350379437 ], [ -89.183562436205264, 13.657692240733233 ] ], [ [ -89.1833794287909, 13.658391017027515 ], [ -89.183379129507415, 13.658393140079218 ] ] ] } },
{ "type": "Feature", "properties": { "FID_1": 502, "NOMBRE_DE": "5a CALLE  PONIENTE", "Text_1": "BARRIO SAN JOSE", "ESTADO": "BUENO", "MATERIAL": "CONCRETO", "VIAS": 2, "CLASE": "VEHICULAR", "ANCHO_1": "6.00" }, "geometry": { "type": "MultiLineString", "coordinates": [ [ [ -89.184839800645648, 13.658375338187403 ], [ -89.184885323425945, 13.658337763308046 ], [ -89.18509857373455, 13.658153826774742 ] ] ] } },
{ "type": "Feature", "properties": { "FID_1": 499, "NOMBRE_DE": "PASAJE SINALOACA", "Text_1": "COLONIA SAN ANTONIO 2", "ESTADO": "BUENO", "MATERIAL": "ADOQUIN", "VIAS": 2, "CLASE": "VEHICULAR", "ANCHO_1": "5.50" }, "geometry": { "type": "MultiLineString", "coordinates": [ [ [ -89.185678842631873, 13.657492678365349 ], [ -89.1856729455221, 13.657489279511278 ], [ -89.185536591513994, 13.657393804917428 ], [ -89.18542918146666, 13.657298846876838 ], [ -89.185362677237876, 13.657223864555236 ], [ -89.185316565660315, 13.657083843203806 ], [ -89.185320920097922, 13.656890198423426 ] ] ] } },
{ "type": "Feature", "properties": { "FID_1": 548, "NOMBRE_DE": "CALLE PRINCIPAL COL SAN ANTONIO 2", "Text_1": "COLONIA SAN ANTONIO 2", "ESTADO": "BUENO", "MATERIAL": "CONCRETO", "VIAS": 2, "CLASE": "VEHICULAR", "ANCHO_1": "7.00" }, "geometry": { "type": "MultiLineString", "coordinates": [ [ [ -89.185921528847715, 13.658829119825153 ], [ -89.185902250682517, 13.658613243135674 ], [ -89.185872542479643, 13.658388195809751 ], [ -89.185839426748075, 13.658243728024628 ], [ -89.185785457038989, 13.65809077605565 ], [ -89.185700278896761, 13.657879378112868 ], [ -89.185630308581679, 13.657685474982719 ], [ -89.185632460913553, 13.657557637256664 ], [ -89.1856729455221, 13.657489279511278 ], [ -89.185764421019982, 13.657386229751205 ], [ -89.185906438989889, 13.657204486876607 ], [ -89.185973422721901, 13.657132974326494 ], [ -89.18604451602026, 13.657068973811507 ], [ -89.186156369717793, 13.656927594507302 ], [ -89.186194593642611, 13.656826642153394 ], [ -89.1862138827601, 13.656724902985895 ] ] ] } },
{ "type": "Feature", "properties": { "FID_1": 989, "NOMBRE_DE": "1A AVENIDA SUR", "Text_1": "COLONIA SAN ANTONIO 2", "ESTADO": "REGULAR", "MATERIAL": "ADOQUIN", "VIAS": 2, "CLASE": "VEHICULAR", "ANCHO_1": "5.40" }, "geometry": { "type": "MultiLineString", "coordinates": [ [ [ -89.186698315345254, 13.657562438167265 ], [ -89.186713387821555, 13.657530708950981 ], [ -89.186814141856985, 13.657244814063091 ], [ -89.186962966822392, 13.6568540256006 ] ] ] } },
{ "type": "Feature", "properties": { "FID_1": 801, "NOMBRE_DE": "CALLE LA FLORESTA", "Text_1": "COLONIA SAN ANTONIO 2", "ESTADO": "BUENO", "MATERIAL": "CONCRETO", "VIAS": 1, "CLASE": "PEATONAL", "ANCHO_1": "2.50" }, "geometry": { "type": "MultiLineString", "coordinates": [ [ [ -89.188115117062836, 13.656982975525084 ], [ -89.188122282808365, 13.656973442642794 ], [ -89.188279577457578, 13.656901067365171 ] ] ] } },
{ "type": "Feature", "properties": { "FID_1": 801, "NOMBRE_DE": "CALLE LA FLORESTA", "Text_1": "COLONIA SAN ANTONIO 2", "ESTADO": "BUENO", "MATERIAL": "CONCRETO", "VIAS": 1, "CLASE": "PEATONAL -  GRA", "ANCHO_1": "2.50" }, "geometry": { "type": "MultiLineString", "coordinates": [ [ [ -89.188067685658325, 13.65705621914509 ], [ -89.188088028200752, 13.657019012929172 ], [ -89.188115117062836, 13.656982975525084 ] ] ] } },
{ "type": "Feature", "properties": { "FID_1": 557, "NOMBRE_DE": "CALLE PRINCIPAL", "Text_1": "COLONIA SAN ANTONIO 2", "ESTADO": "BUENO", "MATERIAL": "CONCRETO", "VIAS": 2, "CLASE": "VEHICULAR", "ANCHO_1": "6.00" }, "geometry": { "type": "MultiLineString", "coordinates": [ [ [ -89.187715057551316, 13.658751392697694 ], [ -89.187751942676655, 13.658704691131485 ], [ -89.187947716690019, 13.658495874186006 ], [ -89.188161562265108, 13.658271132980873 ], [ -89.188325915386798, 13.658072909656063 ], [ -89.188476177698789, 13.657899845394351 ], [ -89.188528786718507, 13.657859328453744 ] ] ] } },
{ "type": "Feature", "properties": { "FID_1": 595, "NOMBRE_DE": "PASAJE LOS POSITOS", "Text_1": "COLONIA SAN ANTONIO 2", "ESTADO": "BUENO", "MATERIAL": "CONCRETO", "VIAS": 1, "CLASE": "PEATONAL - GRAD", "ANCHO_1": "1.50" }, "geometry": { "type": "MultiLineString", "coordinates": [ [ [ -89.185953562423492, 13.653008688093118 ], [ -89.186003869956849, 13.653022074395182 ], [ -89.186045737018418, 13.653031890342719 ] ] ] } },
{ "type": "Feature", "properties": { "FID_1": 577, "NOMBRE_DE": "SENDA N. 7", "Text_1": "RES. VALLE DE SAN MARCOS", "ESTADO": "BUENO", "MATERIAL": "ASFALTO", "VIAS": 2, "CLASE": "VEHICULAR", "ANCHO_1": "5.60" }, "geometry": { "type": "MultiLineString", "coordinates": [ [ [ -89.185262521116911, 13.651990803058952 ], [ -89.185254560138404, 13.651983888346498 ], [ -89.185233507282575, 13.651954848246403 ], [ -89.185212453478201, 13.651924597480553 ], [ -89.185183995452789, 13.651917354922984 ], [ -89.185141936477152, 13.651918597257279 ], [ -89.184822942213955, 13.651808666705127 ] ] ] } },
{ "type": "Feature", "properties": { "FID_1": 576, "NOMBRE_DE": "SENDA N. 5", "Text_1": "RES. VALLE DE SAN MARCOS", "ESTADO": "BUENO", "MATERIAL": "ASFALTO", "VIAS": 2, "CLASE": "VEHICULAR", "ANCHO_1": "6.00" }, "geometry": { "type": "MultiLineString", "coordinates": [ [ [ -89.184855990876017, 13.652588460072529 ], [ -89.184836152473679, 13.652587047475397 ], [ -89.184734848998986, 13.65257266398052 ], [ -89.184573923909056, 13.652516552970864 ] ] ] } },
{ "type": "Feature", "properties": { "FID_1": 578, "NOMBRE_DE": "SENDA 6", "Text_1": "RES. VALLE DE SAN MARCOS", "ESTADO": "BUENO", "MATERIAL": "ASFALTO", "VIAS": 2, "CLASE": "VEHICULAR", "ANCHO_1": "5.70" }, "geometry": { "type": "MultiLineString", "coordinates": [ [ [ -89.184987358345495, 13.65227015436283 ], [ -89.184969947703053, 13.652260863624297 ], [ -89.18486867799821, 13.652211404360317 ], [ -89.184702553756878, 13.652157349830233 ] ] ] } },
{ "type": "Feature", "properties": { "FID_1": 511, "NOMBRE_DE": "PASAJE S/N", "Text_1": "COLONIA ALCAINE 1", "ESTADO": "BUENO", "MATERIAL": "CONCRETO", "VIAS": 1, "CLASE": "VEHICULAR", "ANCHO_1": "3.50" }, "geometry": { "type": "MultiLineString", "coordinates": [ [ [ -89.183494378175567, 13.65466212994469 ], [ -89.183494491716516, 13.654661648941145 ], [ -89.183602647854968, 13.654237795643564 ] ] ] } },
{ "type": "Feature", "properties": { "FID_1": 513, "NOMBRE_DE": "PASAJE No.1", "Text_1": "COLONIA ALCAINE 1", "ESTADO": "MALO", "MATERIAL": "TIERRA", "VIAS": 1, "CLASE": "PEATONAL", "ANCHO_1": "5.30" }, "geometry": { "type": "MultiLineString", "coordinates": [ [ [ -89.183825544728421, 13.655259268179107 ], [ -89.18343380004201, 13.655116404948236 ] ] ] } },
{ "type": "Feature", "properties": { "FID_1": 534, "NOMBRE_DE": "CALLE PRINCIPAL VILLAS DE SAN MARCOS", "Text_1": "RES. VILLAS DE SAN MARCOS", "ESTADO": "MALO", "MATERIAL": "TIERRA", "VIAS": 2, "CLASE": "VEHICULAR", "ANCHO_1": "5.25" }, "geometry": { "type": "MultiLineString", "coordinates": [ [ [ -89.183015053393845, 13.6560962854384 ], [ -89.183003649528104, 13.656091159617356 ], [ -89.182984935156966, 13.65606830365947 ], [ -89.182946352536817, 13.65603974363164 ], [ -89.18287389268859, 13.656021501178676 ], [ -89.182657679637941, 13.6559679164848 ] ] ] } },
{ "type": "Feature", "properties": { "FID_1": 817, "NOMBRE_DE": "CALLE PRINCIPAL", "Text_1": "COL. ESCALANTE", "ESTADO": "BUENO", "MATERIAL": "ADOQUIN", "VIAS": 2, "CLASE": "VEHICULAR", "ANCHO_1": "7.00" }, "geometry": { "type": "MultiLineString", "coordinates": [ [ [ -89.182618698517473, 13.655269019349312 ], [ -89.18255195379092, 13.655243688197352 ], [ -89.182402031844461, 13.655199298778621 ], [ -89.182188084813731, 13.655120345142178 ], [ -89.18211238437928, 13.655074568208523 ], [ -89.182040754269252, 13.655050592252316 ], [ -89.181936405709195, 13.655050669475994 ], [ -89.181856042593125, 13.655052434522423 ] ] ] } },
{ "type": "Feature", "properties": { "FID_1": 817, "NOMBRE_DE": "CALLE PRINCIPAL", "Text_1": "LAS MERCEDES", "ESTADO": "MALO", "MATERIAL": "TIERRA", "VIAS": 2, "CLASE": "VEHICULAR", "ANCHO_1": "3.60" }, "geometry": { "type": "MultiLineString", "coordinates": [ [ [ -89.181856042593125, 13.655052434522423 ], [ -89.181715013204098, 13.65505553194213 ], [ -89.181609030222376, 13.655040899890375 ], [ -89.181510812037317, 13.655028958185873 ], [ -89.181390080212495, 13.655011025112117 ], [ -89.181306179907438, 13.654995068575898 ], [ -89.181237906587938, 13.654974741015728 ], [ -89.181196438443337, 13.654964843305724 ] ] ] } },
{ "type": "Feature", "properties": { "FID_1": 518, "NOMBRE_DE": "PASAJE GUADALUPE", "Text_1": "COLONIAES CALANTE", "ESTADO": "BUENO", "MATERIAL": "CONCRETO", "VIAS": 1, "CLASE": "PEATONAL - GRAD", "ANCHO_1": "7.00" }, "geometry": { "type": "MultiLineString", "coordinates": [ [ [ -89.181571997958883, 13.656109615370244 ], [ -89.181595749491706, 13.656040650021954 ], [ -89.18162701017097, 13.65585202026346 ] ] ] } },
{ "type": "Feature", "properties": { "FID_1": 830, "NOMBRE_DE": "PASAJE ALEJANDRO RECINOS", "Text_1": "COL LAS MERCEDITAS", "ESTADO": "BUENO", "MATERIAL": "CONCRETO", "VIAS": 1, "CLASE": "PEATONAL - GRAD", "ANCHO_1": "5.40" }, "geometry": { "type": "MultiLineString", "coordinates": [ [ [ -89.181059976717776, 13.655933273259016 ], [ -89.18106305558598, 13.655839991448149 ], [ -89.18108091595343, 13.655746647067026 ] ] ] } },
{ "type": "Feature", "properties": { "FID_1": 184, "NOMBRE_DE": "SENDA 9", "Text_1": "RES. SANTORINI", "ESTADO": "MALO", "MATERIAL": "ASFALTO", "VIAS": 2, "CLASE": "VEHICULAR", "ANCHO_1": "7.00" }, "geometry": { "type": "MultiLineString", "coordinates": [ [ [ -89.192375819523534, 13.660423633976929 ], [ -89.192371809072711, 13.660424236652982 ], [ -89.192126050428655, 13.660462478201369 ], [ -89.191803639785022, 13.660477820254181 ] ] ] } },
{ "type": "Feature", "properties": { "FID_1": 1095, "NOMBRE_DE": "CALLE PRINCIPAL", "Text_1": "COLONIA SANTA LEONOR", "ESTADO": "MALO", "MATERIAL": "EMPEDRADO", "VIAS": 1, "CLASE": "VEHICULAR", "ANCHO_1": "5.15" }, "geometry": { "type": "MultiLineString", "coordinates": [ [ [ -89.182574278986081, 13.647802604199091 ], [ -89.18254609951569, 13.647809268609628 ], [ -89.182487364487315, 13.647805207054951 ], [ -89.182404504863953, 13.647796030428339 ], [ -89.182360439552966, 13.647774509007444 ], [ -89.182299597210573, 13.647759156913319 ], [ -89.182201530916316, 13.647758078210725 ] ], [ [ -89.183228939341802, 13.64786623616045 ], [ -89.183227910635097, 13.64786609222384 ] ] ] } },
{ "type": "Feature", "properties": { "FID_1": 902, "NOMBRE_DE": "CALLE LAS  AGUILAS", "Text_1": "COLONIA MARABU SUR", "ESTADO": "MALO", "MATERIAL": "TIERRA", "VIAS": 2, "CLASE": "VEHICULAR", "ANCHO_1": "3.50" }, "geometry": { "type": "MultiLineString", "coordinates": [ [ [ -89.180740806394311, 13.647325359237975 ], [ -89.180696184493499, 13.647325822352007 ], [ -89.180674703139289, 13.647335652759025 ], [ -89.180634583905757, 13.647332877976009 ], [ -89.18060591649261, 13.647316074043646 ], [ -89.18053857197647, 13.647306307218098 ], [ -89.180399603130695, 13.647310615868498 ], [ -89.180342295120653, 13.647328106858115 ], [ -89.180262591691161, 13.647379527939878 ], [ -89.180177707446077, 13.647404711502601 ], [ -89.179931946290878, 13.647488795409179 ] ] ] } },
{ "type": "Feature", "properties": { "FID_1": 1069, "NOMBRE_DE": "CALLE PRINCIPAL", "Text_1": "LOTIFICACION EL CARMEN 3", "ESTADO": "MALO", "MATERIAL": "EMPEDRADO", "VIAS": 2, "CLASE": "VEHICULAR", "ANCHO_1": "3.00" }, "geometry": { "type": "MultiLineString", "coordinates": [ [ [ -89.172082720773318, 13.650376308538394 ], [ -89.172080836944019, 13.650381388720898 ], [ -89.172124375790105, 13.65057524860593 ], [ -89.172147115627439, 13.650710033947073 ], [ -89.172126440450072, 13.650817150819687 ], [ -89.172124435237095, 13.650828358766391 ], [ -89.172105769207604, 13.650932753831507 ], [ -89.172102047588609, 13.651002925736883 ], [ -89.172145424685766, 13.651392579969805 ] ] ] } },
{ "type": "Feature", "properties": { "FID_1": 296, "NOMBRE_DE": "SENDA 8", "Text_1": "COLONIA 10 DE OCTUBRE II ETAPA", "ESTADO": "BUENO", "MATERIAL": "CONCRETO", "VIAS": 1, "CLASE": "PEATONAL", "ANCHO_1": "3.50" }, "geometry": { "type": "MultiLineString", "coordinates": [ [ [ -89.166615779224102, 13.650172234758076 ], [ -89.166657815205014, 13.650184974530566 ], [ -89.166699170029631, 13.650208966668448 ], [ -89.166741811461947, 13.65022790110744 ], [ -89.166787029150441, 13.650235456223603 ], [ -89.166837411991366, 13.650240478313943 ], [ -89.167002263888691, 13.650259329762759 ], [ -89.167348489125658, 13.650297022189438 ], [ -89.167686813236827, 13.650334053623014 ] ] ] } },
{ "type": "Feature", "properties": { "FID_1": 1073, "NOMBRE_DE": "CALLE PRINCIPAL", "Text_1": "COLONIA SAN LUIS 1", "ESTADO": "MALO", "MATERIAL": "TIERRA", "VIAS": 1, "CLASE": "PEATONAL", "ANCHO_1": "5.75" }, "geometry": { "type": "MultiLineString", "coordinates": [ [ [ -89.169017150477075, 13.650570156116672 ], [ -89.168836627491473, 13.650539671274517 ] ] ] } },
{ "type": "Feature", "properties": { "FID_1": 1074, "NOMBRE_DE": "CALLE PRINCIPAL", "Text_1": "COLONIA SAN LUIS", "ESTADO": "BUENO", "MATERIAL": "ADOQUIN", "VIAS": 2, "CLASE": "VEHICULAR", "ANCHO_1": "4.00" }, "geometry": { "type": "MultiLineString", "coordinates": [ [ [ -89.169213729242614, 13.651546948479183 ], [ -89.169204935016324, 13.651517823019756 ], [ -89.169150995695333, 13.651282967679689 ], [ -89.16909444419403, 13.651002455712119 ], [ -89.169098893410066, 13.650950450056332 ], [ -89.169067146516454, 13.65078659198582 ], [ -89.169035417693294, 13.650648598376373 ], [ -89.16903619311563, 13.65063992974307 ] ] ] } },
{ "type": "Feature", "properties": { "FID_1": 1073, "NOMBRE_DE": "CALLE PRINCIPAL", "Text_1": "COLONIA SAN LUIS 1", "ESTADO": "MALO", "MATERIAL": "TIERRA", "VIAS": 1, "CLASE": "PEATONAL", "ANCHO_1": "5.20" }, "geometry": { "type": "MultiLineString", "coordinates": [ [ [ -89.170307969620524, 13.65072947467867 ], [ -89.170113859214965, 13.650708712190536 ], [ -89.170079891581764, 13.65070747925955 ], [ -89.16996023641893, 13.650696584950198 ], [ -89.169845257902239, 13.65069026144047 ], [ -89.169762341777812, 13.650679340001837 ], [ -89.169669935711312, 13.650666528434273 ] ] ] } },
{ "type": "Feature", "properties": { "FID_1": 460, "NOMBRE_DE": "2a AVENIDA NORTE", "Text_1": "COLONIA LOS ANDES", "ESTADO": "MALO", "MATERIAL": "TIERRA", "VIAS": 2, "CLASE": "VEHICULAR", "ANCHO_1": "7.10" }, "geometry": { "type": "MultiLineString", "coordinates": [ [ [ -89.185147584027561, 13.667444882576602 ], [ -89.185142210973765, 13.667441173619054 ], [ -89.185097518291713, 13.667403141010734 ], [ -89.185039840244485, 13.667339738089957 ], [ -89.184847008884205, 13.667155539372112 ] ], [ [ -89.186558394040929, 13.668258105440357 ], [ -89.186532743593048, 13.668264518997722 ] ] ] } },
{ "type": "Feature", "properties": { "FID_1": 103, "NOMBRE_DE": "4a AVENIDA SUR", "Text_1": "COLONIA LOS ANDES", "ESTADO": "BUENO", "MATERIAL": "ADOQUIN", "VIAS": 2, "CLASE": "VEHICULAR", "ANCHO_1": "6.10" }, "geometry": { "type": "MultiLineString", "coordinates": [ [ [ -89.184581409312727, 13.667253657727461 ], [ -89.184514980053237, 13.667141528131465 ], [ -89.1843773216155, 13.666907897344407 ] ] ] } },
{ "type": "Feature", "properties": { "FID_1": 606, "NOMBRE_DE": "PASAJE A", "Text_1": "COLONIA MONTECRISTO", "ESTADO": "MALO", "MATERIAL": "ASFALTO", "VIAS": 1, "CLASE": "PEATONAL", "ANCHO_1": "4.00" }, "geometry": { "type": "MultiLineString", "coordinates": [ [ [ -89.182781132781486, 13.653109435362946 ], [ -89.182786401546025, 13.653101824187665 ], [ -89.182826145219437, 13.653062869837566 ], [ -89.182855580513063, 13.653024123045787 ], [ -89.182898012742058, 13.652957567671555 ], [ -89.182960256769519, 13.652872980682316 ], [ -89.183019696533023, 13.652824429499667 ], [ -89.183089349746069, 13.652767414327235 ] ] ] } },
{ "type": "Feature", "properties": { "FID_1": 1001, "NOMBRE_DE": "PASAJE S/N", "Text_1": "COLONIA MONTECRISTO", "ESTADO": "MALO", "MATERIAL": "TIERRA", "VIAS": 1, "CLASE": "PEATONAL", "ANCHO_1": "3.60" }, "geometry": { "type": "MultiLineString", "coordinates": [ [ [ -89.183267233936391, 13.652189562721919 ], [ -89.183308827420035, 13.652046061367662 ], [ -89.18333600901353, 13.651944092623204 ], [ -89.183351546358267, 13.651894532925171 ], [ -89.183320334226934, 13.651820236507012 ], [ -89.183292987038755, 13.651709728478568 ], [ -89.183248094591363, 13.651572554743822 ], [ -89.183232497854931, 13.651545887036299 ], [ -89.183213021848132, 13.651542090451242 ], [ -89.183144901331332, 13.651582160464928 ], [ -89.182987263130826, 13.65169089847762 ], [ -89.182946399119089, 13.651725232059388 ], [ -89.182948365245124, 13.651750004377853 ], [ -89.182975731549348, 13.651885284004452 ], [ -89.182981626621952, 13.651953883764838 ], [ -89.182973876619911, 13.652003437093455 ], [ -89.182923326972258, 13.652102568720915 ], [ -89.18287666186508, 13.652191403958 ], [ -89.182859172884989, 13.652237151773644 ], [ -89.182839745931034, 13.6522943376277 ], [ -89.182826151571831, 13.652341988644777 ], [ -89.182787269829731, 13.652422055535082 ], [ -89.182765886178558, 13.652465901242065 ], [ -89.182715306167793, 13.652526919126894 ], [ -89.182678339568398, 13.652566965307869 ], [ -89.182645232850703, 13.652561272151862 ], [ -89.182586390618553, 13.652537648213356 ], [ -89.182541584546385, 13.652482010151102 ] ] ] } },
{ "type": "Feature", "properties": { "FID_1": 1001, "NOMBRE_DE": "CALLE PRINCIPAL", "Text_1": "MONTECRISTO", "ESTADO": "MALO", "MATERIAL": "ASFALTO", "VIAS": 2, "CLASE": "VEHICULAR", "ANCHO_1": "4.50" }, "geometry": { "type": "MultiLineString", "coordinates": [ [ [ -89.183089486516508, 13.652762429834617 ], [ -89.183139885488956, 13.652642655803369 ], [ -89.183172891863805, 13.652518765076493 ], [ -89.183244740984563, 13.652267165403725 ], [ -89.183267370872414, 13.65218914173442 ] ] ] } },
{ "type": "Feature", "properties": { "FID_1": 1001, "NOMBRE_DE": "PASAJE S/N", "Text_1": "COLONIA MONTECRISTO", "ESTADO": "MALO", "MATERIAL": "TIERRA", "VIAS": 2, "CLASE": "VEHICULAR", "ANCHO_1": "5.90" }, "geometry": { "type": "MultiLineString", "coordinates": [ [ [ -89.18213997130249, 13.653758226194073 ], [ -89.182426971563231, 13.652645618335134 ], [ -89.182471360520807, 13.652538314644628 ], [ -89.182534134698713, 13.652480163884704 ] ] ] } },
{ "type": "Feature", "properties": { "FID_1": 1001, "NOMBRE_DE": "PASAJE S/N", "Text_1": "MONTECRISTO", "ESTADO": "MALO", "MATERIAL": "TIERRA", "VIAS": 2, "CLASE": "VEHICULAR", "ANCHO_1": "3.60" }, "geometry": { "type": "MultiLineString", "coordinates": [ [ [ -89.18253330980022, 13.652482485204397 ], [ -89.182572078524089, 13.65246599831438 ], [ -89.182594397687609, 13.652441932335499 ], [ -89.182599959792967, 13.65241241262242 ], [ -89.182589852146123, 13.652339179552946 ], [ -89.182582010489085, 13.652310764903083 ], [ -89.182551777845561, 13.652216777181398 ], [ -89.182559547716238, 13.652152724804287 ], [ -89.182537127892459, 13.6520477994803 ], [ -89.182461756216057, 13.651938852987623 ] ], [ [ -89.183080844826819, 13.652762773018944 ], [ -89.183080986570459, 13.652762436162984 ] ] ] } },
{ "type": "Feature", "properties": { "FID_1": 785, "NOMBRE_DE": "CALLE PRINCIPAL", "Text_1": "COLONIA SAN ANTONIO GUADALUPE", "ESTADO": "MALO", "MATERIAL": "TIERRA", "VIAS": 2, "CLASE": "VEHICULAR", "ANCHO_1": "4.35" }, "geometry": { "type": "MultiLineString", "coordinates": [ [ [ -89.179652910924119, 13.652085513232558 ], [ -89.179587278049411, 13.65202137774439 ], [ -89.179493767313843, 13.651946614359336 ], [ -89.179398129927833, 13.651869773710237 ], [ -89.179317345740998, 13.651774213175035 ], [ -89.179280575722998, 13.651707500977286 ] ] ] } },
{ "type": "Feature", "properties": { "FID_1": 632, "NOMBRE_DE": "CALLE PRINCIPAL", "Text_1": "LINDA VISTA", "ESTADO": "MALO", "MATERIAL": "ASFALTO", "VIAS": 2, "CLASE": "VEHICULAR", "ANCHO_1": "6.00" }, "geometry": { "type": "MultiLineString", "coordinates": [ [ [ -89.179615624125603, 13.652225124666918 ], [ -89.179607751143678, 13.652219794678054 ], [ -89.179451804757974, 13.652169254271758 ], [ -89.179290392745258, 13.652136853560155 ], [ -89.179145595914676, 13.652104442294094 ], [ -89.179003611519207, 13.652081852343574 ], [ -89.178960244528952, 13.652083100942697 ], [ -89.178894623057261, 13.65205076375087 ], [ -89.178831648159772, 13.651996382268999 ], [ -89.178729117128171, 13.651887599478119 ], [ -89.178655892128504, 13.651823197825998 ], [ -89.178619287762544, 13.651803172025989 ], [ -89.178497823634743, 13.651816151637005 ], [ -89.178200769143928, 13.651815920760876 ], [ -89.178102572362093, 13.651830083869525 ] ] ] } },
{ "type": "Feature", "properties": { "FID_1": 632, "NOMBRE_DE": "EULOGIO RODAS", "Text_1": "LAS MERCEDES", "ESTADO": "MALO", "MATERIAL": "TIERRA", "VIAS": 2, "CLASE": "VEHICULAR", "ANCHO_1": "5.00" }, "geometry": { "type": "MultiLineString", "coordinates": [ [ [ -89.180485340716245, 13.654552412647245 ], [ -89.180478426663939, 13.654428293681281 ], [ -89.180468852080693, 13.654342476020409 ], [ -89.180452539351094, 13.654276554598072 ], [ -89.180401335045502, 13.654153817833746 ], [ -89.180359422609854, 13.654032210179459 ], [ -89.18031340571487, 13.653912380323776 ], [ -89.180266911612264, 13.653733690671253 ], [ -89.1802358653364, 13.653549492616827 ], [ -89.180238235031069, 13.653459316640813 ], [ -89.180199388867152, 13.653300803955991 ], [ -89.180184892992173, 13.65321005278467 ], [ -89.180147678072743, 13.653054776781788 ], [ -89.180118762246337, 13.652970088794238 ], [ -89.180100062354072, 13.652772444083986 ], [ -89.180081459792177, 13.652701865261472 ], [ -89.18001936705997, 13.652607331212735 ], [ -89.179840510312374, 13.652377371838776 ], [ -89.179615624125603, 13.652225124666918 ] ] ] } },
{ "type": "Feature", "properties": { "FID_1": 632, "NOMBRE_DE": "EULOGIO RODAS", "Text_1": "LAS MERCEDES", "ESTADO": "BUENO", "MATERIAL": "ASFALTO", "VIAS": 2, "CLASE": "VEHICULAR", "ANCHO_1": "6.60" }, "geometry": { "type": "MultiLineString", "coordinates": [ [ [ -89.180450561781683, 13.655090573803264 ], [ -89.180463902025295, 13.65505384264762 ], [ -89.18047551371798, 13.655009458141674 ], [ -89.180472544725163, 13.654950815898021 ], [ -89.180459292794538, 13.654822096869843 ], [ -89.180477232751812, 13.654703002407111 ], [ -89.18048554214208, 13.654556028580446 ], [ -89.180485340716245, 13.654552412647245 ] ] ] } },
{ "type": "Feature", "properties": { "FID_1": 407, "NOMBRE_DE": "CALLE PRINCIPAL", "Text_1": "LOTIFICACION QUINTA SAN EMILIO", "ESTADO": "REGULAR", "MATERIAL": "EMPEDRADO", "VIAS": 2, "CLASE": "VEHICULAR", "ANCHO_1": "4.00" }, "geometry": { "type": "MultiLineString", "coordinates": [ [ [ -89.190568069230096, 13.650700713548122 ], [ -89.190752724431078, 13.650704979886317 ], [ -89.191310878553736, 13.650750467917565 ] ] ] } },
{ "type": "Feature", "properties": { "FID_1": 481, "NOMBRE_DE": "PASAJE  DUBON", "Text_1": "BARRIO EL CENTRO", "ESTADO": "REGULAR", "MATERIAL": "CONCRETO", "VIAS": 1, "CLASE": "PEATONAL - GRAD", "ANCHO_1": "3.90" }, "geometry": { "type": "MultiLineString", "coordinates": [ [ [ -89.180368909787788, 13.656795992415438 ], [ -89.18025648887695, 13.656794940633249 ], [ -89.180126681687085, 13.656791633109551 ], [ -89.179981517804123, 13.656759886334163 ] ] ] } },
{ "type": "Feature", "properties": { "FID_1": 664, "NOMBRE_DE": "CALLE PRINCIPAL", "Text_1": "COL. SANTO DOMINGO", "ESTADO": "MALO", "MATERIAL": "TIERRA", "VIAS": 2, "CLASE": "VEHICULAR", "ANCHO_1": "5.10" }, "geometry": { "type": "MultiLineString", "coordinates": [ [ [ -89.175129802606762, 13.655935795992379 ], [ -89.175081190500947, 13.655837743445073 ], [ -89.175070365111253, 13.655775771196359 ], [ -89.175067605783539, 13.655690054956112 ], [ -89.175075909443322, 13.65560051312368 ], [ -89.17506992729092, 13.655535489322014 ], [ -89.175029539039997, 13.655473975607913 ], [ -89.174932205299569, 13.655422951468873 ], [ -89.174847953711406, 13.655411399903816 ], [ -89.174785055171398, 13.655395187326661 ], [ -89.174741134837589, 13.655370833154688 ], [ -89.174598695855821, 13.655288938395271 ], [ -89.174479057165996, 13.655253487656562 ], [ -89.17441069314512, 13.655232634709163 ], [ -89.174316688087558, 13.655201345336353 ], [ -89.174192771690727, 13.655155446768864 ], [ -89.174182512324549, 13.655147760653902 ] ] ] } },
{ "type": "Feature", "properties": { "FID_1": 0, "NOMBRE_DE": "CALLE PRINCIPAL", "Text_1": "COL. ESCALANTE", "ESTADO": "BUENO", "MATERIAL": "ADOQUIN", "VIAS": 2, "CLASE": "VEHICULAR", "ANCHO_1": "5.70" }, "geometry": { "type": "MultiLineString", "coordinates": [ [ [ -89.18213997065601, 13.653757391463971 ], [ -89.182166326654723, 13.654255940287436 ], [ -89.18225742995476, 13.654459687895127 ], [ -89.182189380679546, 13.655124569307668 ] ] ] } },
{ "type": "Feature", "properties": { "FID_1": 866, "NOMBRE_DE": "PASAJE 3", "Text_1": "LOTIFICACION EL CARMEN NO 1", "ESTADO": "MALO", "MATERIAL": "EMPEDRADO", "VIAS": 1, "CLASE": "PEATONAL", "ANCHO_1": "3.85" }, "geometry": { "type": "MultiLineString", "coordinates": [ [ [ -89.17359593180764, 13.652599731820628 ], [ -89.173595279602154, 13.652599374796541 ], [ -89.173403243010341, 13.65248669731813 ], [ -89.173235457349136, 13.652393023882166 ], [ -89.173151734728734, 13.652342835189707 ] ] ] } },
{ "type": "Feature", "properties": { "FID_1": 667, "NOMBRE_DE": "PASAJE # 2", "Text_1": "EL CARMEN 1", "ESTADO": "MALO", "MATERIAL": "EMPEDRADO", "VIAS": 1, "CLASE": "PEATONAL", "ANCHO_1": "5.30" }, "geometry": { "type": "MultiLineString", "coordinates": [ [ [ -89.173455648765085, 13.652987030889957 ], [ -89.173404247759763, 13.652959543402451 ], [ -89.173352320351199, 13.652931096649965 ], [ -89.173291161774699, 13.652896424466528 ], [ -89.173127605914374, 13.652805938970557 ], [ -89.172953739137327, 13.652718289699992 ] ] ] } },
{ "type": "Feature", "properties": { "FID_1": 691, "NOMBRE_DE": "PASAJE SAN ANTONIO", "Text_1": "LOT. EL CARMEN 1", "ESTADO": "BUENO", "MATERIAL": "CONCRETO", "VIAS": 2, "CLASE": "VEHICULAR", "ANCHO_1": "4.80" }, "geometry": { "type": "MultiLineString", "coordinates": [ [ [ -89.174262118113617, 13.652032731981569 ], [ -89.174198817080452, 13.652024387742491 ], [ -89.174115255778815, 13.652009315634468 ], [ -89.174056437660383, 13.652001681566901 ], [ -89.173861365722104, 13.651998941380022 ], [ -89.173731971839018, 13.651996155198084 ], [ -89.173638829978316, 13.651972238883614 ] ] ] } },
{ "type": "Feature", "properties": { "FID_1": 698, "NOMBRE_DE": "CALLE PRINCIPAL", "Text_1": "COL. SANTA MARIA", "ESTADO": "REGULAR", "MATERIAL": "CONCRETO", "VIAS": 1, "CLASE": "VEHICULAR", "ANCHO_1": "4.00" }, "geometry": { "type": "MultiLineString", "coordinates": [ [ [ -89.172897714722126, 13.655108112400139 ], [ -89.172916650695583, 13.655021005508516 ], [ -89.172953490476985, 13.654907098463202 ] ] ] } },
{ "type": "Feature", "properties": { "FID_1": 869, "NOMBRE_DE": "CALLE MEXICO", "Text_1": "COLONIA SANTA MARIA", "ESTADO": "REGULAR", "MATERIAL": "ADOQUIN", "VIAS": 2, "CLASE": "VEHICULAR", "ANCHO_1": "6.70" }, "geometry": { "type": "MultiLineString", "coordinates": [ [ [ -89.173002100812866, 13.655130869513627 ], [ -89.172897714722126, 13.655108112400139 ], [ -89.17273962131091, 13.655077590745519 ], [ -89.172540061526647, 13.655041356065437 ] ] ] } },
{ "type": "Feature", "properties": { "FID_1": 859, "NOMBRE_DE": "PASAJE 3", "Text_1": "COL. SANTO DOMINGO", "ESTADO": "REGULAR", "MATERIAL": "CONCRETO", "VIAS": 1, "CLASE": "PEATONAL - GRAD", "ANCHO_1": "4.30" }, "geometry": { "type": "MultiLineString", "coordinates": [ [ [ -89.175578591186763, 13.654931182753485 ], [ -89.175589782337838, 13.654829323946235 ], [ -89.175615473645749, 13.654707598246125 ], [ -89.17561672888813, 13.654635889273329 ] ] ] } },
{ "type": "Feature", "properties": { "FID_1": 458, "NOMBRE_DE": "3 CALLE ORIENTE", "Text_1": "COLONIA LOS ANDES", "ESTADO": "MALO", "MATERIAL": "TIERRA", "VIAS": 1, "CLASE": "PEATONAL - GRAD", "ANCHO_1": "5.30" }, "geometry": { "type": "MultiLineString", "coordinates": [ [ [ -89.182229779586677, 13.669769090526529 ], [ -89.182171342888068, 13.669800084248896 ], [ -89.182119920244347, 13.669842411788883 ], [ -89.181993032018468, 13.66990361231146 ], [ -89.181820983593155, 13.669989072642913 ] ] ] } },
{ "type": "Feature", "properties": { "FID_1": 105, "NOMBRE_DE": "CALLE PRINCIPAL", "Text_1": "LOT. FLORENCIA DELGADO", "ESTADO": "BUENO", "MATERIAL": "ASFALTO", "VIAS": 2, "CLASE": "VEHICULAR", "ANCHO_1": "6.15" }, "geometry": { "type": "MultiLineString", "coordinates": [ [ [ -89.182678498921817, 13.667633586405584 ], [ -89.182773682527255, 13.667480626076555 ], [ -89.182922818683508, 13.667237218121704 ], [ -89.183014073492686, 13.667124727374491 ], [ -89.183092577787761, 13.667014433547903 ], [ -89.183134431854697, 13.666937494201168 ], [ -89.183129144416014, 13.666875971702622 ], [ -89.183034753125298, 13.666768368089782 ], [ -89.182961682055662, 13.666697544834362 ] ] ] } },
{ "type": "Feature", "properties": { "FID_1": 25, "NOMBRE_DE": "CALLE PRINCIPAL", "Text_1": "COLONIA GALDAMEZ", "ESTADO": "BUENO", "MATERIAL": "EMPEDRADO", "VIAS": 2, "CLASE": "VEHICULAR", "ANCHO_1": "6.15" }, "geometry": { "type": "MultiLineString", "coordinates": [ [ [ -89.182199329734487, 13.667577550263488 ], [ -89.182221836957041, 13.667531406247949 ], [ -89.182232336531598, 13.667434810302433 ], [ -89.182225221524988, 13.66728756932199 ], [ -89.18222284486535, 13.667223794293426 ], [ -89.182215694352053, 13.667007414645072 ], [ -89.182203859381033, 13.666752317354335 ] ] ] } },
{ "type": "Feature", "properties": { "FID_1": 98, "NOMBRE_DE": "5a CALLE ORIENTE", "Text_1": "COLONIA LOS ANDES 1", "ESTADO": "BUENO", "MATERIAL": "CONCRETO", "VIAS": 1, "CLASE": "PEATONAL - GRAD", "ANCHO_1": "3.00" }, "geometry": { "type": "MultiLineString", "coordinates": [ [ [ -89.184980011131316, 13.668646324317415 ], [ -89.184975019530384, 13.668648905933503 ] ], [ [ -89.184011577531507, 13.669337673969338 ], [ -89.183986055923825, 13.669285556445278 ], [ -89.18397655553035, 13.669262362666114 ], [ -89.183888861152994, 13.669297230135527 ], [ -89.183834594689202, 13.669327791117549 ] ] ] } },
{ "type": "Feature", "properties": { "FID_1": 498, "NOMBRE_DE": "CALLE PRINCIPAL", "Text_1": "COLONIA SAN ANTONIO 2", "ESTADO": "REGULAR", "MATERIAL": "ASFALTO", "VIAS": 2, "CLASE": "VEHICULAR", "ANCHO_1": "6.00" }, "geometry": { "type": "MultiLineString", "coordinates": [ [ [ -89.184359854763755, 13.657416036028083 ], [ -89.184461125239025, 13.657301636049072 ], [ -89.184644045100185, 13.657160442449126 ], [ -89.184740388567448, 13.657057541129259 ], [ -89.184787855705665, 13.657017661642524 ], [ -89.184842109043515, 13.656977777597557 ], [ -89.184873601651589, 13.656946909912891 ] ] ] } },
{ "type": "Feature", "properties": { "FID_1": 989, "NOMBRE_DE": "1A AVENIDA SUR", "Text_1": "COLONIA SAN ANTONIO 2", "ESTADO": "BUENO", "MATERIAL": "CONCRETO", "VIAS": 1, "CLASE": "PEATONAL - GRAD", "ANCHO_1": "2.30" }, "geometry": { "type": "MultiLineString", "coordinates": [ [ [ -89.186722230360743, 13.657690184693406 ], [ -89.186719407451747, 13.657680738403002 ], [ -89.186697502018291, 13.657663228298759 ], [ -89.186671621665838, 13.657651560880545 ], [ -89.186659675117184, 13.657643780043166 ], [ -89.186698315345254, 13.657562438167265 ] ] ] } },
{ "type": "Feature", "properties": { "FID_1": 0, "NOMBRE_DE": "CALLE EL DIAMANTE", "Text_1": "COL. SAN ANTONIO 7", "ESTADO": "BUENO", "MATERIAL": "CONCRETO", "VIAS": 2, "CLASE": "VEHICULAR", "ANCHO_1": "6.00" }, "geometry": { "type": "MultiLineString", "coordinates": [ [ [ -89.185856628996177, 13.653466102794773 ], [ -89.185882252901308, 13.653314841454414 ], [ -89.18593740135168, 13.653090536192497 ], [ -89.185951372059321, 13.653022415521024 ], [ -89.186025323997939, 13.652754568311456 ], [ -89.186087905714814, 13.652536940546346 ], [ -89.186110613807429, 13.652396053988705 ], [ -89.186103360182301, 13.652241242642267 ], [ -89.186084718874369, 13.652114334837792 ], [ -89.186163102498867, 13.652040353957565 ] ] ] } },
{ "type": "Feature", "properties": { "FID_1": 0, "NOMBRE_DE": "PASAJE 4", "Text_1": "COL. SAN ANTONIO 7", "ESTADO": "MALO", "MATERIAL": "TIERRA", "VIAS": 2, "CLASE": "VEHICULAR", "ANCHO_1": "5.50" }, "geometry": { "type": "MultiLineString", "coordinates": [ [ [ -89.186086487307648, 13.652104807478347 ], [ -89.185872089228596, 13.652069004681493 ], [ -89.18548032760782, 13.652035826574579 ], [ -89.185312972707493, 13.652021075453773 ], [ -89.18525779915862, 13.651987643114579 ] ] ] } },
{ "type": "Feature", "properties": { "FID_1": 956, "NOMBRE_DE": "CALLE PRINCIPAL JARDINES DE SAN MARCOS", "Text_1": "JARDINES DE SAN MARCOS", "ESTADO": "REGULAR", "MATERIAL": "ADOQUIN", "VIAS": 2, "CLASE": "VEHICULAR", "ANCHO_1": "8.30" }, "geometry": { "type": "MultiLineString", "coordinates": [ [ [ -89.187649466826457, 13.668742598484275 ], [ -89.187847587366534, 13.668644799820543 ], [ -89.18809780580635, 13.668462746909045 ], [ -89.188242266695568, 13.668361602671474 ], [ -89.18843574184055, 13.668230111347867 ], [ -89.188624055074087, 13.66809862272699 ], [ -89.18878139715676, 13.667969684490355 ], [ -89.188884547214045, 13.667872336884191 ], [ -89.188945099881167, 13.667808040227234 ], [ -89.189071238437364, 13.667658025180872 ], [ -89.189091958717313, 13.667606344753956 ], [ -89.189118162156234, 13.667573991722644 ] ] ] } },
{ "type": "Feature", "properties": { "FID_1": 160, "NOMBRE_DE": "PASAJE PEATONAL", "Text_1": "JARDINES DE SAN MARCOS", "ESTADO": "BUENO", "MATERIAL": "CONCRETO", "VIAS": 1, "CLASE": "PEATONAL", "ANCHO_1": "1.90" }, "geometry": { "type": "MultiLineString", "coordinates": [ [ [ -89.188174638064979, 13.665823203893028 ], [ -89.188170208891918, 13.665717523417296 ], [ -89.188162509389556, 13.665508343588813 ] ] ] } },
{ "type": "Feature", "properties": { "FID_1": 160, "NOMBRE_DE": "PASAJE PEATONAL", "Text_1": "JARDINES DE SAN MARCOS", "ESTADO": "BUENO", "MATERIAL": "CONCRETO", "VIAS": 1, "CLASE": "PEATONAL", "ANCHO_1": "2.13" }, "geometry": { "type": "MultiLineString", "coordinates": [ [ [ -89.188162509389556, 13.665508343588813 ], [ -89.188162501141605, 13.665508119508372 ], [ -89.188154707185546, 13.665165734651978 ] ] ] } },
{ "type": "Feature", "properties": { "FID_1": 954, "NOMBRE_DE": "CALLE DE ACCESO VEHICULAR", "Text_1": "JARDINES DE SAN MARCOS", "ESTADO": "REGULAR", "MATERIAL": "CONCRETO", "VIAS": 2, "CLASE": "VEHICULAR", "ANCHO_1": "8.50" }, "geometry": { "type": "MultiLineString", "coordinates": [ [ [ -89.189649551490731, 13.667490294408461 ], [ -89.189573091717563, 13.667494993732447 ], [ -89.189395216363124, 13.667501205473826 ], [ -89.18915696562523, 13.667509977596671 ] ] ] } },
{ "type": "Feature", "properties": { "FID_1": 0, "NOMBRE_DE": "CALLE BLAS ESCAMILLA", "Text_1": "JARDINES DE SAN MARCOS", "ESTADO": "BUENO", "MATERIAL": "CONCRETO", "VIAS": 2, "CLASE": "VEHICULAR", "ANCHO_1": "8.00" }, "geometry": { "type": "MultiLineString", "coordinates": [ [ [ -89.188936173186818, 13.663617556539966 ], [ -89.189624511224295, 13.663617026740676 ] ] ] } },
{ "type": "Feature", "properties": { "FID_1": 0, "NOMBRE_DE": "PASAJE S/N", "Text_1": "COL. SAN ANTONIO 2", "ESTADO": "MALO", "MATERIAL": "TIERRA", "VIAS": 1, "CLASE": "PEATONAL", "ANCHO_1": "5.00" }, "geometry": { "type": "MultiLineString", "coordinates": [ [ [ -89.185915619416292, 13.657194681268692 ], [ -89.185712139828908, 13.657018781053456 ], [ -89.185712821774175, 13.657018780538461 ] ] ] } },
{ "type": "Feature", "properties": { "FID_1": 567, "NOMBRE_DE": "PASAJE SIN NOMBRE", "Text_1": "COLONIA SAN ANTONIO 2", "ESTADO": "MALO", "MATERIAL": "TIERRA", "VIAS": 1, "CLASE": "PEATONAL", "ANCHO_1": "3.00" }, "geometry": { "type": "MultiLineString", "coordinates": [ [ [ -89.187697469876511, 13.655432901253908 ], [ -89.187690455234261, 13.655336784570485 ], [ -89.187677558858795, 13.6552853247586 ], [ -89.187607326153099, 13.655150411049457 ], [ -89.187533261075856, 13.655013149478012 ], [ -89.187415368597684, 13.654967442759691 ], [ -89.187183055654998, 13.654881113672714 ], [ -89.187127587366021, 13.654872675261529 ], [ -89.187115456458969, 13.654872684492297 ], [ -89.187074357949655, 13.654995133699408 ] ] ] } },
{ "type": "Feature", "properties": { "FID_1": 555, "NOMBRE_DE": "PASAJE WASHINTONG", "Text_1": "COLONIA SAN ANTONIO 2", "ESTADO": "REGULAR", "MATERIAL": "CONCRETO", "VIAS": 2, "CLASE": "VEHICULAR", "ANCHO_1": "5.40" }, "geometry": { "type": "MultiLineString", "coordinates": [ [ [ -89.187040755295641, 13.655588598361534 ], [ -89.187010306216038, 13.655568314691912 ], [ -89.186878712102612, 13.655522432761174 ], [ -89.186490214160017, 13.655409305497651 ] ] ] } },
{ "type": "Feature", "properties": { "FID_1": 600, "NOMBRE_DE": "PASAJE 5", "Text_1": "URBANIZACION EL CARMEN", "ESTADO": "BUENO", "MATERIAL": "CONCRETO", "VIAS": 1, "CLASE": "PEATONAL", "ANCHO_1": "3.40" }, "geometry": { "type": "MultiLineString", "coordinates": [ [ [ -89.184593511408622, 13.65398864974375 ], [ -89.184609283916984, 13.653932678016416 ], [ -89.184638974903478, 13.653787401549192 ], [ -89.184662704789886, 13.653704265094436 ], [ -89.18467732218096, 13.653671652916072 ], [ -89.184680887744591, 13.653660767840218 ] ] ] } },
{ "type": "Feature", "properties": { "FID_1": 860, "NOMBRE_DE": "CALLE PRINCIPAL", "Text_1": "COLONIA EL CARMEN", "ESTADO": "BUENO", "MATERIAL": "CONCRETO", "VIAS": 2, "CLASE": "VEHICULAR", "ANCHO_1": "5.30" }, "geometry": { "type": "MultiLineString", "coordinates": [ [ [ -89.173482716034997, 13.653957752604363 ], [ -89.173482173637183, 13.653957461539354 ], [ -89.173431894498847, 13.653918387481292 ], [ -89.173365610972269, 13.653873047532407 ], [ -89.173264871755293, 13.653822545929911 ], [ -89.173168117672958, 13.653785008474282 ], [ -89.17310449683221, 13.653757822247854 ], [ -89.173047515658425, 13.653750081824425 ], [ -89.172929657486989, 13.65384223348317 ], [ -89.17291274834497, 13.653882195676992 ] ] ] } },
{ "type": "Feature", "properties": { "FID_1": 0, "NOMBRE_DE": null, "Text_1": null, "ESTADO": null, "MATERIAL": null, "VIAS": 0, "CLASE": null, "ANCHO_1": null }, "geometry": { "type": "MultiLineString", "coordinates": [ [ [ -89.170586140325369, 13.652127803419003 ], [ -89.170585039281221, 13.652127804182808 ] ] ] } },
{ "type": "Feature", "properties": { "FID_1": 0, "NOMBRE_DE": "CALLE AL TUNEL", "Text_1": "COLONIA JILTEPEQUE", "ESTADO": "MALO", "MATERIAL": "TIERRA", "VIAS": 1, "CLASE": "VEHICULAR", "ANCHO_1": "6.00" }, "geometry": { "type": "MultiLineString", "coordinates": [ [ [ -89.170483018448607, 13.651475835163469 ], [ -89.170586140325369, 13.652127803419003 ] ] ] } },
{ "type": "Feature", "properties": { "FID_1": 0, "NOMBRE_DE": null, "Text_1": null, "ESTADO": null, "MATERIAL": null, "VIAS": 0, "CLASE": null, "ANCHO_1": null }, "geometry": { "type": "MultiLineString", "coordinates": [ [ [ -89.184655353906237, 13.64838437023098 ], [ -89.184654711949051, 13.648384370713083 ] ] ] } },
{ "type": "Feature", "properties": { "FID_1": 1190, "NOMBRE_DE": "PASAJE EUROPA", "Text_1": "COLONIA SANTA LEONOR", "ESTADO": "MALO", "MATERIAL": "TIERRA", "VIAS": 1, "CLASE": "PEATONA-GRAD", "ANCHO_1": "4.00" }, "geometry": { "type": "MultiLineString", "coordinates": [ [ [ -89.183229120824919, 13.647866568582275 ], [ -89.183228939341802, 13.64786623616045 ], [ -89.183238053470319, 13.647850300881874 ], [ -89.183254686557405, 13.647726743956982 ], [ -89.183269790577455, 13.647591282629669 ], [ -89.183290939937663, 13.647408923971719 ], [ -89.18328180934131, 13.647402978007099 ], [ -89.1832863406851, 13.647361297514589 ], [ -89.183296984090092, 13.64735831209266 ], [ -89.18330617305439, 13.647350844695259 ], [ -89.183308503638571, 13.647338016641379 ], [ -89.183313145824627, 13.647289455899067 ], [ -89.183313709248722, 13.64723860977351 ], [ -89.183304237599685, 13.6472293539044 ], [ -89.183315227631283, 13.647163731729448 ], [ -89.18331987953573, 13.647061062559562 ], [ -89.183323395473323, 13.646997002282232 ] ] ] } },
{ "type": "Feature", "properties": { "FID_1": 710, "NOMBRE_DE": "CALLE SIERRA NEVADA", "Text_1": "COLONIA LOS ALPES 1", "ESTADO": "BUENO", "MATERIAL": "ADOQUIN", "VIAS": 2, "CLASE": "VEHICULAR", "ANCHO_1": "5.15" }, "geometry": { "type": "MultiLineString", "coordinates": [ [ [ -89.169547664196756, 13.657284118192896 ], [ -89.169425141883281, 13.657312729651249 ], [ -89.169202614029814, 13.657357381317729 ], [ -89.169122766064831, 13.657403420959826 ], [ -89.169039977645028, 13.657488644385804 ], [ -89.168953903362194, 13.657598777876748 ], [ -89.168835630986493, 13.657728694536384 ], [ -89.168665028923996, 13.657834948510965 ] ] ] } },
{ "type": "Feature", "properties": { "FID_1": 714, "NOMBRE_DE": "AVENIDA SUIZA", "Text_1": "COLONIA LOS ALPES1", "ESTADO": "MALO", "MATERIAL": "TIERRA", "VIAS": 2, "CLASE": "PEATONAL", "ANCHO_1": "4.00" }, "geometry": { "type": "MultiLineString", "coordinates": [ [ [ -89.170012203694341, 13.657217436900972 ], [ -89.170001867084522, 13.656965626781931 ], [ -89.169968239176015, 13.656556931011327 ] ] ] } },
{ "type": "Feature", "properties": { "FID_1": 717, "NOMBRE_DE": "AVENIDA MONTES NEVADO", "Text_1": "COLONIA LOS ALPES1", "ESTADO": "MALO", "MATERIAL": "TIERRA", "VIAS": 1, "CLASE": "PEATONAL", "ANCHO_1": "3.60" }, "geometry": { "type": "MultiLineString", "coordinates": [ [ [ -89.170874648877415, 13.657198704566483 ], [ -89.170854134473274, 13.657029783923353 ], [ -89.170851337995444, 13.656755719670379 ], [ -89.170864826453908, 13.656477092080493 ] ] ] } },
{ "type": "Feature", "properties": { "FID_1": 0, "NOMBRE_DE": "AVENIDA LOS ANDES", "Text_1": "COLONIA LOS ALPES 1", "ESTADO": "MALO", "MATERIAL": "TIERRA", "VIAS": 1, "CLASE": "PEATONAL", "ANCHO_1": "3.70" }, "geometry": { "type": "MultiLineString", "coordinates": [ [ [ -89.170420338584577, 13.65651785925764 ], [ -89.170450389812586, 13.657153296740283 ] ] ] } },
{ "type": "Feature", "properties": { "FID_1": 671, "NOMBRE_DE": "1 CALLE PONIENTE", "Text_1": "COLONIA SANTA MARIA", "ESTADO": "MALO", "MATERIAL": "ASFALTO", "VIAS": 2, "CLASE": "VEHICULAR", "ANCHO_1": "6.40" }, "geometry": { "type": "MultiLineString", "coordinates": [ [ [ -89.173222816198745, 13.655700454916033 ], [ -89.172791040347306, 13.655645939151588 ], [ -89.172462496321415, 13.655598827348479 ], [ -89.172460099474904, 13.655598461334719 ] ] ] } },
{ "type": "Feature", "properties": { "FID_1": 0, "NOMBRE_DE": null, "Text_1": null, "ESTADO": null, "MATERIAL": null, "VIAS": 0, "CLASE": null, "ANCHO_1": null }, "geometry": { "type": "MultiLineString", "coordinates": [ [ [ -89.17787446955748, 13.668452955605446 ], [ -89.177873074717894, 13.66845295661429 ] ] ] } },
{ "type": "Feature", "properties": { "FID_1": 0, "NOMBRE_DE": null, "Text_1": null, "ESTADO": null, "MATERIAL": null, "VIAS": 0, "CLASE": null, "ANCHO_1": null }, "geometry": { "type": "MultiLineString", "coordinates": [ [ [ -89.176593619372639, 13.667744305740156 ], [ -89.17659031309617, 13.667744308114321 ] ] ] } },
{ "type": "Feature", "properties": { "FID_1": 0, "NOMBRE_DE": null, "Text_1": null, "ESTADO": null, "MATERIAL": null, "VIAS": 0, "CLASE": null, "ANCHO_1": null }, "geometry": { "type": "MultiLineString", "coordinates": [ [ [ -89.17809370635257, 13.666199421118488 ], [ -89.178086265443127, 13.666197001685646 ] ] ] } },
{ "type": "Feature", "properties": { "FID_1": 882, "NOMBRE_DE": "1a AVENIDA SUR", "Text_1": "LAS MERCEDES", "ESTADO": "MALO", "MATERIAL": "TIERRA", "VIAS": 1, "CLASE": "VEHICULAR", "ANCHO_1": "4.50" }, "geometry": { "type": "MultiLineString", "coordinates": [ [ [ -89.178892829963189, 13.654250112840113 ], [ -89.178913837368583, 13.654159924975911 ], [ -89.178981133526094, 13.65392946414129 ], [ -89.179087135254036, 13.653627325614163 ], [ -89.179098552237505, 13.653537401804876 ], [ -89.179127783625319, 13.653352407743871 ], [ -89.179122824656972, 13.653314687153376 ] ] ] } },
{ "type": "Feature", "properties": { "FID_1": null, "NOMBRE_DE": "calle", "Text_1": null, "ESTADO": "BUENO", "MATERIAL": "ASFALTO", "VIAS": 0, "CLASE": "VEHICULAR", "ANCHO_1": null }, "geometry": { "type": "MultiLineString", "coordinates": [ [ [ -89.165819199149809, 13.655702484377951 ], [ -89.165576957964944, 13.655614416491858 ], [ -89.165334710432063, 13.655517060885737 ], [ -89.165232589315139, 13.655479979582418 ], [ -89.16519218866388, 13.655426603684168 ], [ -89.165225352218187, 13.655317453450863 ], [ -89.165436348103768, 13.654866868547787 ] ] ] } },
{ "type": "Feature", "properties": { "FID_1": null, "NOMBRE_DE": "CALLE", "Text_1": null, "ESTADO": "BUENO", "MATERIAL": "ASFALTO", "VIAS": 1, "CLASE": "VEHICULAR", "ANCHO_1": null }, "geometry": { "type": "MultiLineString", "coordinates": [ [ [ -89.165680239144706, 13.654770346686753 ], [ -89.165614975460713, 13.654812184334107 ], [ -89.165562746679512, 13.654820346053125 ], [ -89.165339571867165, 13.654833266499365 ], [ -89.165102117838529, 13.654798597966643 ] ] ] } }
]
}
