{"type":"FeatureCollection","crs":{"type":"name","properties":{"name":"urn:ogc:def:crs:OGC:1.3:CRS84"}},"features":[{"type":"Feature","properties":{"text_1":"BARRIO EL CALVARIO","zona":1},"geometry":{"type":"MultiPolygon","coordinates":[[[[-89.1824237177778,13.660265475035],[-89.1823781193384,13.660270664666],[-89.1823729608954,13.6602709369479],[-89.182229532961,13.6602786052476],[-89.18221925037,13.6602124704423],[-89.1821147583099,13.6602279953904],[-89.1820198333224,13.6602535012389],[-89.1817707366254,13.6602228907298],[-89.1817015710204,13.6602297083926],[-89.1815620350821,13.6602153907314],[-89.1815041720344,13.6602113333831],[-89.1814076322458,13.6602045549104],[-89.1813008513265,13.6601970626431],[-89.1812999121464,13.6601574104208],[-89.1812470111223,13.6601572550786],[-89.1812474955682,13.6600482487513],[-89.1812480051177,13.6599358356295],[-89.1810896251096,13.6599345919489],[-89.1810362326384,13.6599347514784],[-89.1810381077872,13.6599115453376],[-89.181023791284,13.6598435351599],[-89.1810189184327,13.6598329586704],[-89.1810077311479,13.6598086702409],[-89.1809720627663,13.6597790316028],[-89.1809399530464,13.6597494084191],[-89.1809303126537,13.6597305611922],[-89.1809396632831,13.6597296016084],[-89.1810342814254,13.6597234686532],[-89.1811355997469,13.659705040483],[-89.1811420727894,13.6597038597492],[-89.1811506187822,13.6598006794575],[-89.1811982254436,13.6597975431248],[-89.1812388377456,13.6597943938599],[-89.181303062187,13.6597868686055],[-89.1813028168994,13.6597636450441],[-89.1813026012087,13.659741644429],[-89.181301039098,13.6597416365417],[-89.1813002259991,13.6597180527451],[-89.1812978142698,13.6596830584684],[-89.1812882734233,13.659683065502],[-89.1812827799525,13.6596300146033],[-89.1812647523237,13.6594745662991],[-89.1812627571128,13.6594522985388],[-89.181249193799,13.6594033536492],[-89.1812238308377,13.6593331108703],[-89.1812055407204,13.6592795704497],[-89.1811895950318,13.6592096813813],[-89.1811789344827,13.659120426109],[-89.1811759820605,13.6590962427982],[-89.1811786397864,13.6590942414271],[-89.1811559112832,13.6590781155321],[-89.1810274967143,13.6590988324327],[-89.181035568363,13.6591703091228],[-89.1810523173888,13.6593124304734],[-89.1810720529103,13.6594125276016],[-89.1810812183817,13.6595264422002],[-89.1810836819034,13.6595423136647],[-89.1810259871476,13.6595729375799],[-89.1809294435349,13.6596221018113],[-89.1809006562895,13.6596290929142],[-89.1808216052895,13.6596672664449],[-89.1808271313833,13.659689550594],[-89.1808495996092,13.6598106937989],[-89.1808069404284,13.6598108914836],[-89.1807561887306,13.6598109938731],[-89.1806980666267,13.6598269189048],[-89.1806499065608,13.6598364325177],[-89.1806236357548,13.6598416257026],[-89.1805872167446,13.6598455310574],[-89.1805799657901,13.6598074761276],[-89.1805658447264,13.6597217585009],[-89.1805398164376,13.659637086381],[-89.1805246089786,13.6595545349848],[-89.1804942656038,13.6594693571351],[-89.1804650147234,13.6594153989704],[-89.1804097758714,13.6593159388745],[-89.1803592366677,13.6592350232194],[-89.1803149428452,13.6591513271166],[-89.1802692246744,13.6590748613921],[-89.1802101875682,13.6589833366062],[-89.1801768147664,13.6589106183995],[-89.1800640609656,13.6587780554756],[-89.1799969566735,13.6586951253431],[-89.1799879236291,13.6586907082984],[-89.1799313767498,13.6586630923366],[-89.1799574529153,13.6586259485297],[-89.1799600251874,13.6586221882569],[-89.1800318786581,13.6585168501143],[-89.1801018425588,13.6585898741791],[-89.1801516873842,13.6586418468146],[-89.1801820956639,13.658687779401],[-89.1802430505561,13.6587610974642],[-89.1802962644954,13.6587140849027],[-89.1803687129607,13.6588049978394],[-89.1803773584997,13.6588223742796],[-89.1804166332516,13.6587663384015],[-89.1804247519223,13.6587632221466],[-89.1804332010874,13.6587595696398],[-89.1804413854707,13.6587553614324],[-89.1804494837785,13.6587510050493],[-89.1804570804877,13.6587458436645],[-89.1804646013317,13.6587405901382],[-89.1804717335783,13.6587348370434],[-89.1804785152169,13.6587287045704],[-89.1804850221128,13.6587222857645],[-89.180491263537,13.6587156167747],[-89.1804970323293,13.6587085504184],[-89.1805024589246,13.6587012248955],[-89.1805072520567,13.6586935021243],[-89.180511893522,13.6586856773243],[-89.1805160042227,13.6586775844573],[-89.1805197080818,13.6586693074945],[-89.180522692608,13.6586607526606],[-89.1805255541643,13.6586521518182],[-89.1805279423708,13.6586434220665],[-89.1805294967005,13.6586345076286],[-89.1805311083447,13.6586256021877],[-89.1805321902981,13.6586166230163],[-89.1805324578855,13.6586075893052],[-89.1805323085982,13.6585985459573],[-89.18053161122,13.6585895409752],[-89.1805306670554,13.6585805443095],[-89.1805290325051,13.6585716511944],[-89.1805272084907,13.6585627853352],[-89.1804809257005,13.658465966182],[-89.1803774310764,13.6582132266326],[-89.1803638152112,13.6581822014251],[-89.1803413315163,13.6581030341042],[-89.1803310925467,13.6580314938972],[-89.1803264776359,13.6579992038666],[-89.1805114017163,13.6580208746332],[-89.1805310810846,13.658022979818],[-89.1805670803123,13.6578916492508],[-89.1806721307945,13.6577054739113],[-89.1808845974209,13.6578125005489],[-89.1810405113154,13.6578695778903],[-89.1811457163923,13.6578594021149],[-89.1812140490608,13.6580500227502],[-89.1812523364107,13.6582003843877],[-89.1813668098973,13.6582910816599],[-89.1814881910236,13.6585136970826],[-89.1816169526215,13.6586854747171],[-89.1817307782636,13.6587459144518],[-89.1818000195317,13.6587143842675],[-89.1818717043585,13.6586489752207],[-89.1819284819613,13.6585109565452],[-89.1820106636186,13.659020486653],[-89.1820415200234,13.6592901522748],[-89.1820709911195,13.6594573752107],[-89.1822379981193,13.6598554203258],[-89.1823900908849,13.6601951924103],[-89.1824237177778,13.660265475035]]]]}},{"type":"Feature","properties":{"text_1":"COLONIA SAN RAFAEL","zona":1},"geometry":{"type":"MultiPolygon","coordinates":[[[[-89.1803436300762,13.6674559696924],[-89.1803371348471,13.6675406005757],[-89.1804918418498,13.6677187185972],[-89.1802587584903,13.6678691862421],[-89.1798090333667,13.6680106213699],[-89.1795908202316,13.6679382795282],[-89.1795911222135,13.6678761818292],[-89.1793903826862,13.6678661007863],[-89.1793658283862,13.6679148964012],[-89.1792154314981,13.6682729496494],[-89.179173835683,13.6685898452151],[-89.179305269703,13.6686476356587],[-89.1795085886035,13.6689601223654],[-89.1795793965432,13.6691674111576],[-89.1791045143551,13.6692280968671],[-89.1790621421425,13.6692335149269],[-89.1787480497974,13.669033399973],[-89.1784810395224,13.6690467925514],[-89.1784492372447,13.6690483893081],[-89.1782759265636,13.6690010045608],[-89.1782275864532,13.668987784906],[-89.1780928943747,13.668852182777],[-89.1780066461304,13.6687653602763],[-89.1779908552961,13.6687494423923],[-89.1778589488627,13.668616660073],[-89.1778445216075,13.6686021395165],[-89.1774192463082,13.6683462435307],[-89.1770921039179,13.6682715809091],[-89.1768921309815,13.668237626354],[-89.1767443545106,13.6682711829871],[-89.1764660680036,13.6680655238187],[-89.1758893951908,13.6675932856451],[-89.1759145776716,13.6675232936267],[-89.1759286166664,13.6674873610511],[-89.1761942048859,13.6674608007255],[-89.1765190379078,13.6674236093879],[-89.1765126040585,13.6673393946384],[-89.1765606883441,13.6670998744558],[-89.1765326036449,13.6670984592347],[-89.1762495250981,13.6671259860697],[-89.1764363548703,13.6664987579322],[-89.1764494297584,13.6663644453464],[-89.1764654378459,13.6661787425015],[-89.1765169832037,13.6659854621189],[-89.1767795143186,13.6659239714842],[-89.1768046911761,13.6659233152359],[-89.1768055092165,13.6659036359823],[-89.1768408284947,13.6659085530769],[-89.1770174583017,13.6659689046113],[-89.1770940804121,13.6659949972775],[-89.1770966774928,13.6659736879258],[-89.1770824233295,13.6658990591842],[-89.1770680838007,13.6658239857875],[-89.1770426258683,13.6656907006131],[-89.1770180133944,13.6655618674062],[-89.1772296359735,13.6655204802686],[-89.1772784842023,13.6655049324396],[-89.1775203726268,13.6654845242942],[-89.1779922498203,13.6653393198156],[-89.1780129272265,13.6653342050817],[-89.1780100001525,13.6653187587561],[-89.1778816753582,13.6648508101119],[-89.1778613196037,13.6646798596967],[-89.1778792035822,13.6646735068522],[-89.1782092627132,13.6645562082548],[-89.1781829664299,13.664254060209],[-89.1783887794498,13.6643545134516],[-89.1784630592681,13.6645491663679],[-89.1783392332093,13.6646217755764],[-89.1783261813707,13.6648105306699],[-89.1786906095573,13.6649307217075],[-89.1785652455443,13.6652970767565],[-89.178480067633,13.6655460482696],[-89.1784979033051,13.6658376684327],[-89.1785014499268,13.6658704229592],[-89.178525378282,13.6660954154156],[-89.1785282808245,13.6661527626393],[-89.1785924210262,13.6661694507526],[-89.1786657033289,13.6662096424774],[-89.1787403060779,13.6663051551179],[-89.1788169055467,13.6664129113287],[-89.1789398103762,13.6665595835008],[-89.1790429243373,13.6666567782365],[-89.1791598649792,13.6667639038764],[-89.1792665931587,13.6668839119634],[-89.179284670741,13.6669324920981],[-89.1792957805192,13.666953114463],[-89.1793557640155,13.6670301728363],[-89.1793857396083,13.6670529571089],[-89.1794068161381,13.6670377346305],[-89.1794201250616,13.6670257754494],[-89.1794412098438,13.6670322762336],[-89.1794401207082,13.6670561759715],[-89.1794312670829,13.6670898452318],[-89.1794257615729,13.6671430524177],[-89.1794362383559,13.6672038650528],[-89.1797389545648,13.6672719982242],[-89.1799578515833,13.6673219590338],[-89.1803071867744,13.6674538487637],[-89.1803436300762,13.6674559696924]]]]}},{"type":"Feature","properties":{"text_1":"COLONIA LAS DELICIAS II","zona":1},"geometry":{"type":"MultiPolygon","coordinates":[[[[-89.1857060928305,13.6693246724204],[-89.1856827583545,13.669430114741],[-89.1856545650069,13.6695432329738],[-89.1856193079173,13.6695934356127],[-89.1856376565422,13.6696590832894],[-89.1856430567487,13.6696650494288],[-89.1855942049065,13.6696764147963],[-89.1853812050154,13.6697382571324],[-89.1852842985045,13.6697638850351],[-89.1851361505678,13.6697949576661],[-89.1850361034867,13.6698223468116],[-89.1850025153064,13.6698286758334],[-89.1849969688863,13.669793109994],[-89.1849575362854,13.6695401118783],[-89.1849489046827,13.6695413865322],[-89.1848849065497,13.6695507736798],[-89.184818296475,13.6695605514479],[-89.1847542694947,13.6695697071865],[-89.1846902711645,13.6695788628869],[-89.1846230739672,13.6695884656876],[-89.1845590377281,13.6695976213823],[-89.1844950208955,13.6696067770458],[-89.1844287137472,13.6696162589078],[-89.1843692673522,13.6696247539806],[-89.184305240344,13.6696339186411],[-89.1842428233794,13.6696428425471],[-89.1841761826032,13.6696500748003],[-89.1841104790445,13.669657204194],[-89.1840472915942,13.6696619725254],[-89.1839918936198,13.6695945292989],[-89.1839958783671,13.6695210623837],[-89.1839818424268,13.6693905280836],[-89.1839719898655,13.6693907758899],[-89.1839727425862,13.6693852407877],[-89.1839546637406,13.6693128922228],[-89.1839558920485,13.6692252380508],[-89.1839524644118,13.6692120971009],[-89.1839099792368,13.6690492906738],[-89.1839483024878,13.6690342582854],[-89.1839588813038,13.6690301123484],[-89.1840028167781,13.66901328966],[-89.1840030062135,13.669013215399],[-89.1839935575667,13.6689992274869],[-89.1840876242464,13.6689735651578],[-89.1841343555765,13.6689504456393],[-89.1842046841328,13.6689382211432],[-89.1842162592071,13.6689373709481],[-89.1842389884274,13.6689411294841],[-89.1842823078845,13.6689356456458],[-89.1843348229165,13.6689243419692],[-89.1843630456784,13.6689211273578],[-89.1844064386773,13.6689257417397],[-89.1844717856699,13.6689345038838],[-89.1845280046492,13.6689515389651],[-89.1845654801018,13.6689540372251],[-89.1846111542516,13.6689584275011],[-89.1846292494651,13.6689666330195],[-89.184664145317,13.6689741968118],[-89.1847261568767,13.668967190261],[-89.1848094898281,13.668954483991],[-89.1848424429684,13.6689588837833],[-89.184928190517,13.6689828475174],[-89.1849960505383,13.6690099801699],[-89.1850664814322,13.6690326881185],[-89.1851485560589,13.669056024526],[-89.1852309368223,13.6690607847622],[-89.1853477613533,13.6690870389081],[-89.1853732407596,13.669096895643],[-89.185396796946,13.6691048755346],[-89.1854799655961,13.6691240928684],[-89.1855101659875,13.6691307805937],[-89.1855110842119,13.6691546408789],[-89.1855153732909,13.669264847557],[-89.1855156629913,13.6692723541731],[-89.1855162614323,13.6693103308023],[-89.1857060928305,13.6693246724204]]]]}},{"type":"Feature","properties":{"text_1":"COLONIA LOS ANDES II","zona":1},"geometry":{"type":"MultiPolygon","coordinates":[[[[-89.1835671674045,13.6700765956414],[-89.1835644154201,13.6701533662615],[-89.1835563165117,13.6701822507951],[-89.1835077472457,13.6703486983253],[-89.1835029151574,13.6704038114038],[-89.183443527475,13.6704511347543],[-89.183436398311,13.6705939208705],[-89.1834392955578,13.6706440576723],[-89.1834001301714,13.6707198647797],[-89.1833819370394,13.670792462788],[-89.1833670816181,13.6708233608033],[-89.1833377598838,13.6708507245332],[-89.183301540263,13.6709429766707],[-89.1832940891297,13.6709645581576],[-89.1832206696071,13.6711770811243],[-89.1832062395099,13.6712188634957],[-89.183031811551,13.6712475753848],[-89.1828344796447,13.6712906507735],[-89.1826627424648,13.6713336979558],[-89.1825056018951,13.6713659977417],[-89.1823412300187,13.6713983850431],[-89.1822093455811,13.6714219559966],[-89.1821326043361,13.6714407930331],[-89.1820031176129,13.6714678791491],[-89.1818109670181,13.6715033598893],[-89.1817327832262,13.6715179956676],[-89.1816359850282,13.6715381155318],[-89.1815131266544,13.6715673531834],[-89.1813791144512,13.6716057057247],[-89.1812227667263,13.671647722766],[-89.1809897330204,13.6717194330088],[-89.1809389942927,13.6715427113021],[-89.180833782228,13.6715024886059],[-89.1807588954241,13.671545758797],[-89.1806617319728,13.6717679710048],[-89.1806075145869,13.671855386574],[-89.180460112407,13.6719850678793],[-89.1802543257708,13.6720145221123],[-89.180222041631,13.6720066321873],[-89.1801510893645,13.6720327027397],[-89.1799002307518,13.6720663277119],[-89.1799016948734,13.6720625962735],[-89.1799028377892,13.6720594860446],[-89.1799039714744,13.6720563929964],[-89.1799045757689,13.6720548658787],[-89.1799051615821,13.6720533469094],[-89.1799058037827,13.6720518288029],[-89.1799064654019,13.6720503197211],[-89.1799078450338,13.672047310555],[-89.1799092533072,13.6720442832902],[-89.1799106042407,13.6720412181038],[-89.1799112371622,13.6720396539055],[-89.1799118608324,13.672038079771],[-89.1799124373528,13.6720364966322],[-89.1799130036905,13.6720348945191],[-89.1799140522353,13.6720316731802],[-89.179914533531,13.6720300711293],[-89.1799150148198,13.6720284600394],[-89.1799159404301,13.6720252478295],[-89.179916827217,13.672022035648],[-89.1799177334155,13.6720188234524],[-89.1799186682757,13.6720156193707],[-89.1799196317783,13.6720123980941],[-89.1799206322549,13.6720091758866],[-89.1799216521439,13.6720059545688],[-89.1799227099245,13.6720027232804],[-89.179924353462,13.6719978998075],[-89.1799249290364,13.6719962886486],[-89.1799268379392,13.6719915580824],[-89.1799296258572,13.6719855397293],[-89.1799333401102,13.6719784649509],[-89.1799366015887,13.6719728168473],[-89.1799403913989,13.6719654274587],[-89.1799432815709,13.6719577431552],[-89.1799460118551,13.6719500960283],[-89.1799487239102,13.6719439945721],[-89.1799513229261,13.671938753705],[-89.1799539872464,13.6719330870564],[-89.1799573516475,13.6719254394654],[-89.179960261287,13.6719178292666],[-89.1799625265549,13.6719101074567],[-89.1799643588431,13.6719043121601],[-89.1799665128401,13.6718985536876],[-89.1799680240104,13.6718947019964],[-89.1799695351877,13.6718908593442],[-89.1799709428216,13.6718869986899],[-89.179972490928,13.6718818887522],[-89.1799727085126,13.6718811483044],[-89.1799734911876,13.6718771769286],[-89.1799740935677,13.6718731496432],[-89.1799747911653,13.671869132231],[-89.1799756875094,13.6718651237123],[-89.1799767068021,13.6718611250465],[-89.1799777917243,13.6718571254287],[-89.1799783115452,13.6718551346753],[-89.1799793114185,13.6718511260809],[-89.1799805750561,13.6718451187853],[-89.1799819979746,13.6718370739978],[-89.1799832717725,13.671831056752],[-89.1799837435123,13.6718290479559],[-89.1799853667217,13.6718230304544],[-89.1799864044586,13.6718189757336],[-89.1799868761838,13.6718169479558],[-89.1799876587456,13.6718128292453],[-89.1799896940556,13.671800553789],[-89.1799908725442,13.6717944073562],[-89.179992070423,13.6717882328885],[-89.1799944636191,13.6717737453435],[-89.1799967902611,13.671759258751],[-89.1799993275309,13.6717470199868],[-89.1800026573387,13.6717328282331],[-89.1800051768124,13.6717227009766],[-89.1800073761638,13.671714609522],[-89.1800098207806,13.671705712519],[-89.1800101424788,13.6717045281833],[-89.1800125482892,13.6716944462046],[-89.1800141682662,13.6716842084275],[-89.1800154036859,13.671665492413],[-89.1800159795072,13.6716509230397],[-89.180015988418,13.6716504882605],[-89.1800163572874,13.6716384734411],[-89.1800168087081,13.6716219978479],[-89.1800173591758,13.6716117418719],[-89.1800185453009,13.6716022907995],[-89.1800186573439,13.67160133711],[-89.1800190965192,13.671593015547],[-89.1800194952983,13.6715826394643],[-89.1800204734017,13.6715743455274],[-89.1800209782285,13.6715660519371],[-89.1800214770999,13.671562053652],[-89.1800229866728,13.6715561193914],[-89.1800235157433,13.6715541376701],[-89.1800237979584,13.671552091953],[-89.1800242091556,13.6715458629234],[-89.1800248766858,13.6715400033986],[-89.1800260815669,13.6715309039268],[-89.1800262987255,13.671529607585],[-89.1800276265018,13.6715216559676],[-89.1800289566127,13.6715155464832],[-89.1800300226202,13.6715109918885],[-89.1800317478847,13.6715018459372],[-89.1800332836178,13.6714926531222],[-89.1800346044847,13.6714865436444],[-89.1800363792867,13.6714805260315],[-89.180039325775,13.6714715545414],[-89.1800418276075,13.6714625381822],[-89.1800440459103,13.6714550577451],[-89.1800456426033,13.6714506320186],[-89.1800500631523,13.6714388465333],[-89.1800505260291,13.6714373366927],[-89.1800513186614,13.6714343008387],[-89.1800527051569,13.671428190409],[-89.1800542155467,13.6714221178519],[-89.1800555746345,13.6714176371618],[-89.1800565854665,13.6714146653245],[-89.1800576526849,13.6714116934459],[-89.1800587670459,13.6714087215328],[-89.1800593343976,13.6714072396363],[-89.180059853676,13.6714057496399],[-89.1800608071825,13.6714027588629],[-89.1800615434274,13.6713997221463],[-89.1800622684272,13.6713952789799],[-89.1800628887634,13.6713893544092],[-89.1800635377273,13.6713833936617],[-89.1800649039177,13.6713761172243],[-89.1800665470797,13.6713708128793],[-89.1800680869572,13.6713670352857],[-89.1800702889678,13.6713624238176],[-89.1800723685837,13.6713585256109],[-89.1800744104568,13.6713548317118],[-89.1800771887409,13.6713495256316],[-89.1800794764627,13.671344581468],[-89.1800816495981,13.6713396834867],[-89.1800838137735,13.6713351561084],[-89.1800854768391,13.6713317020182],[-89.1800874518237,13.6713275724914],[-89.1800899838995,13.6713218408576],[-89.1800913825751,13.6713183598442],[-89.1800931298038,13.6713137586517],[-89.1800954353885,13.6713080000671],[-89.180097532838,13.6713032494757],[-89.1800990260328,13.671300073909],[-89.180100434469,13.6712972680967],[-89.1801011433272,13.6712958891403],[-89.180101861407,13.6712944812526],[-89.1801035438914,13.6712910370909],[-89.1801046206569,13.6712884629181],[-89.180105801529,13.6712854358186],[-89.1801074363527,13.6712813155796],[-89.1801088343582,13.6712781671993],[-89.1801100730159,13.6712757601282],[-89.1801104228193,13.671275065682],[-89.1801128229336,13.6712708337036],[-89.1801155933154,13.6712660744843],[-89.1801178611598,13.6712617314238],[-89.1801200067261,13.6712570467813],[-89.1801206101655,13.6712544078748],[-89.1801214785873,13.6712513629262],[-89.1801225365245,13.6712483440516],[-89.1801243607369,13.6712440853781],[-89.1801273187667,13.6712381220354],[-89.1801288867278,13.6712348072141],[-89.180130635376,13.6712308541118],[-89.1801315709254,13.6712285575376],[-89.1801326383476,13.6712258541148],[-89.1801337904999,13.6712227438779],[-89.1801343005683,13.6712212990829],[-89.1801349047456,13.6712196237261],[-89.1801360290886,13.6712164113697],[-89.1801380312588,13.6712103655687],[-89.1801395225235,13.6712046717564],[-89.1801412008632,13.6711970253976],[-89.1801430214652,13.6711880547308],[-89.1801440287118,13.6711816119455],[-89.1801446601925,13.6711769654714],[-89.1801453381963,13.6711727166763],[-89.1801461865383,13.6711688003891],[-89.1801473767117,13.6711646434159],[-89.1801486331889,13.6711613658823],[-89.1801499934084,13.6711583666719],[-89.1801516564503,13.6711548845606],[-89.1801530360101,13.6711517922349],[-89.1801535748333,13.6711504775794],[-89.1801542266515,13.6711482462933],[-89.1801544337192,13.6711470520985],[-89.1801550461847,13.6711429235692],[-89.1801558005396,13.6711393969288],[-89.1801559608191,13.6711386655617],[-89.1801569136502,13.6711347962004],[-89.1801575551299,13.671132342564],[-89.1801585370277,13.6711290100941],[-89.1801598505597,13.671125398982],[-89.1801603700632,13.6711242045584],[-89.1801610215171,13.6711227045222],[-89.1801619479717,13.6711206031954],[-89.180162930557,13.671118168291],[-89.180163808745,13.6711158066783],[-89.1801649712632,13.6711129558511],[-89.1801661617028,13.6711103535742],[-89.1801669461663,13.6711087241837],[-89.1801682501471,13.6711059184475],[-89.1801695067511,13.6711028072301],[-89.1801705359118,13.6710996320029],[-89.1801711874464,13.6710970310245],[-89.1801720824698,13.671092513614],[-89.1801728843164,13.6710882367074],[-89.1801737326362,13.6710842923993],[-89.1801745353339,13.671081126377],[-89.1801754508258,13.6710779882926],[-89.1801762162485,13.6710756367053],[-89.1801768674258,13.6710737760159],[-89.1801781330889,13.6710704243562],[-89.1801795698097,13.6710671376514],[-89.1801807695992,13.671064674567],[-89.1801819039644,13.6710624799869],[-89.1801833216702,13.6710597112269],[-89.1801850328209,13.6710562851215],[-89.1801859584573,13.6710543229948],[-89.1801872624375,13.6710515172586],[-89.1801887176807,13.6710482766387],[-89.180189908056,13.6710455912035],[-89.1801911269453,13.6710427213531],[-89.1801923558107,13.6710396011168],[-89.1801929784668,13.6710379158036],[-89.1801936020833,13.6710362774919],[-89.1801950191786,13.6710327124024],[-89.180196360739,13.6710294908476],[-89.1801969179493,13.6710280460178],[-89.1801975701075,13.6710262594468],[-89.1801987036425,13.671022982003],[-89.1802000919978,13.6710193066594],[-89.1802009427457,13.6710173256058],[-89.1802016606966,13.6710157514015],[-89.1802030209492,13.6710127973854],[-89.1802037112335,13.6710113072634],[-89.1802055921406,13.6710074552997],[-89.1802074252363,13.6710039369076],[-89.1802092121842,13.6710005107466],[-89.1802106390194,13.6709975937412],[-89.1802118007673,13.6709949453863],[-89.1802123966878,13.6709933531936],[-89.1802136805464,13.6709896218851],[-89.1802151542148,13.6709850950115],[-89.1802164382437,13.6709815860607],[-89.180217487304,13.6709790489673],[-89.180218262424,13.6709772903268],[-89.1802197452483,13.6709738553496],[-89.1802204261107,13.6709721329338],[-89.180222031081,13.6709676611014],[-89.1802228148765,13.670965161262],[-89.1802238253497,13.6709617266309],[-89.1802247131594,13.6709586536469],[-89.1802251372322,13.670957171855],[-89.1802272048743,13.6709497195473],[-89.1802281772856,13.6709460725291],[-89.1802292240592,13.6709417583831],[-89.1802300918461,13.6709378881799],[-89.180230940813,13.6709335841217],[-89.1802318546076,13.6709282333076],[-89.180232655899,13.6709232341903],[-89.1802338523037,13.6709163564932],[-89.1802345125341,13.6709130423366],[-89.1802355222975,13.6709086821191],[-89.1802363903758,13.6709051924547],[-89.1802373431471,13.67090124807],[-89.1802379655997,13.6708980921222],[-89.1802382755308,13.6708948243208],[-89.1802387740893,13.6708916305004],[-89.180240173207,13.6708887324969],[-89.1802418653984,13.670885899359],[-89.1802424789445,13.6708843894075],[-89.1802430749283,13.6708828803727],[-89.1802438672153,13.6708793998028],[-89.1802445552478,13.6708761787267],[-89.1802454434109,13.6708735676319],[-89.1802481270738,13.6708678358853],[-89.1802498461536,13.6708626977997],[-89.1802509127282,13.670858892531],[-89.1802520641109,13.6708547825882],[-89.1802530837486,13.6708512458102],[-89.1802541504582,13.6708476168006],[-89.1802554533584,13.6708434046067],[-89.1802563976879,13.6708405069365],[-89.1802585422893,13.6708345722088],[-89.1802608565393,13.6708292764095],[-89.1802635978598,13.6708239983749],[-89.1802662915179,13.6708192482489],[-89.1802688541924,13.6708148588723],[-89.1802716327075,13.6708098682484],[-89.1802719917742,13.6708092009119],[-89.1802720582294,13.6708090716065],[-89.1802721625337,13.670808877193],[-89.1802722188493,13.6708087849546],[-89.1802722751504,13.6708086737344],[-89.1802723416194,13.6708085625068],[-89.1802724172892,13.6708083952311],[-89.1802724643611,13.6708083029995],[-89.1802725492752,13.6708081366209],[-89.1802726157228,13.6708079973726],[-89.1802727477158,13.6708077478012],[-89.1802728141634,13.670807608553],[-89.180272880611,13.6708074693047],[-89.180272983977,13.670807256814],[-89.1802730698224,13.6708070994736],[-89.1802731925711,13.6708068490052],[-89.1802732488583,13.6708067197072],[-89.1802733337793,13.6708065623675],[-89.1802734186788,13.6708063770072],[-89.1802734943777,13.670806247695],[-89.1802735700475,13.6708060804193],[-89.1802736171125,13.6708059791487],[-89.1802736651157,13.6708058959553],[-89.180273730632,13.6708057476687],[-89.1802737878574,13.6708056364479],[-89.1802738819937,13.6708054420419],[-89.1802741560617,13.6708048308091],[-89.1802747890696,13.6708033868275],[-89.1802753371558,13.6708020992816],[-89.180275932201,13.6708005721697],[-89.1802763104312,13.6707995812253],[-89.180276442296,13.6707991644338],[-89.1802769237219,13.6707977386412],[-89.1802773018315,13.6707965904195],[-89.1802776226805,13.6707955073201],[-89.1802780385048,13.6707941186352],[-89.1802784819471,13.6707925825953],[-89.1802788220864,13.6707913413005],[-89.1802791613235,13.6707901289308],[-89.180279510764,13.6707889626524],[-89.1802798131748,13.6707879437429],[-89.180280077801,13.6707870740035],[-89.1802807575183,13.6707850650543],[-89.1802810784518,13.6707840922299],[-89.1802817961817,13.6707822314913],[-89.1802820895269,13.670781444889],[-89.1802824668757,13.6707805099868],[-89.1802828257795,13.6707796302355],[-89.1802831855654,13.670778695346],[-89.1802839320566,13.6707769728821],[-89.1802848197346,13.6707749357597],[-89.1802853014444,13.6707738805631],[-89.1802858117597,13.6707727602651],[-89.1802863414936,13.6707716489919],[-89.1802873142276,13.670769630789],[-89.1802877969111,13.670768639768],[-89.1802883451391,13.6707675375201],[-89.1802889680994,13.6707662508233],[-89.1802895264817,13.6707651304901],[-89.1802900460759,13.670764056284],[-89.1802904715339,13.6707631764839],[-89.180290848961,13.6707623437214],[-89.1802912937669,13.670761380749],[-89.1802917754476,13.6707602875889],[-89.1802922478569,13.6707591582797],[-89.1802926446104,13.6707582143243],[-89.1802929472338,13.6707574729099],[-89.1802931455898,13.6707569738154],[-89.1802934564618,13.6707561401978],[-89.1802937590291,13.6707553255682],[-89.1802940708325,13.6707545009889],[-89.1802943447445,13.6707536863802],[-89.1802948547686,13.6707521864473],[-89.1802951000967,13.6707514649606],[-89.1802953454102,13.670750724492],[-89.1802955815154,13.670750030129],[-89.1802957613119,13.6707494370431],[-89.1802959974317,13.6707487616617],[-89.1802962049169,13.6707481134181],[-89.1802964133549,13.6707475022334],[-89.1802966300907,13.6707468630219],[-89.1802971401079,13.6707453540501],[-89.1802973384278,13.6707448079531],[-89.1802976032098,13.6707441415896],[-89.1802980561221,13.670742901116],[-89.1802983495164,13.6707421786901],[-89.1802985663375,13.6707416506575],[-89.1802989732589,13.6707407066945],[-89.180299285119,13.6707399562344],[-89.1802995490266,13.6707393549519],[-89.1802998046709,13.6707388268908],[-89.1803005604984,13.6707372255416],[-89.1803012028695,13.6707359379266],[-89.1803018175887,13.6707347533756],[-89.180302422153,13.6707335860061],[-89.1803032640033,13.6707320587132],[-89.1803040107853,13.670730715884],[-89.1803049082035,13.670729326846],[-89.1803052867461,13.6707287435573],[-89.1803055323215,13.6707283447603],[-89.180305740077,13.6707280490348],[-89.1803070458156,13.6707263351996],[-89.1803075657153,13.6707256596102],[-89.1803081041162,13.670725002085],[-89.1803087099604,13.6707242984118],[-89.1803094376994,13.6707234364679],[-89.1803101470156,13.6707226585997],[-89.1803106771755,13.6707221032205],[-89.1803113292302,13.6707213895705],[-89.1803120671948,13.6707206026423],[-89.1803130977284,13.6707192225455],[-89.1803141476881,13.6707178614162],[-89.180316132908,13.6707150371018],[-89.1803170876007,13.6707136010193],[-89.1803196219449,13.6707096383006],[-89.1803223630835,13.6707053319507],[-89.1805779307486,13.6706175372799],[-89.1806209354379,13.6705844349542],[-89.1807704367448,13.6704041692258],[-89.180848066234,13.6702965958477],[-89.1807219449315,13.6702313976339],[-89.1809932979549,13.6700796242045],[-89.181094953163,13.6699635174844],[-89.1812684861431,13.6697699971357],[-89.1813633065462,13.6696169839512],[-89.1814013456429,13.6696874107676],[-89.1814164555709,13.6697153805447],[-89.1816503857941,13.6695948074635],[-89.1816652088779,13.6696187786129],[-89.1817202571668,13.6696520310472],[-89.1817915202338,13.6697589207145],[-89.181864267595,13.6697411235018],[-89.1819103599795,13.669699326827],[-89.1820018648429,13.6696163449865],[-89.1820253929946,13.669600129804],[-89.1820776153013,13.6696879667546],[-89.1820512289989,13.6697041560371],[-89.1818390846618,13.6697965941731],[-89.1818718165138,13.6698458574659],[-89.1818205202546,13.6698785033486],[-89.181781631451,13.6697745147612],[-89.181760996077,13.6697865725846],[-89.181710772438,13.6698352391614],[-89.1817882237621,13.6699762878095],[-89.1818537346196,13.6700018602326],[-89.1820896207901,13.6702417181843],[-89.1820947598805,13.6702293021158],[-89.1821110100332,13.6702135822246],[-89.1821330480694,13.6701924717454],[-89.1821370586709,13.6701886190934],[-89.1821405575618,13.6701852657694],[-89.1821406526991,13.670185172598],[-89.1821582549524,13.6701691470901],[-89.1821723674134,13.6701562896006],[-89.1821776556467,13.6701514543733],[-89.1821935985323,13.6701316807425],[-89.1822104879763,13.670110731348],[-89.1822106108023,13.6701105839224],[-89.1822348910062,13.6700878700737],[-89.1822447375794,13.6700786629506],[-89.1822601635322,13.6700633974146],[-89.1822753063486,13.6700477714341],[-89.1822868821105,13.6700358043451],[-89.1822990166724,13.6700232719081],[-89.1823206742572,13.6699872049707],[-89.1823167595689,13.6699800345752],[-89.1823939401292,13.6699788294013],[-89.1823953784217,13.6699788093529],[-89.1824075856784,13.6699622879752],[-89.1824182711937,13.669947841257],[-89.182435082482,13.6699250868297],[-89.1824519131716,13.6699023233481],[-89.1825278219378,13.6700299329172],[-89.1825769199195,13.6700067107034],[-89.1825820676506,13.6700042726969],[-89.1825918053158,13.6700500639356],[-89.1826269930669,13.6702155506218],[-89.1826528427555,13.6702022866753],[-89.1826962252418,13.6701800213864],[-89.1827515383363,13.6701516296742],[-89.1827722783216,13.670140988995],[-89.1828405015788,13.6701608293593],[-89.1828865372257,13.6701305833976],[-89.1829353471527,13.6701137663149],[-89.1829379781144,13.6701128667917],[-89.182990288582,13.6700948431081],[-89.1830418597154,13.6700746551391],[-89.1830935260344,13.6700544481066],[-89.1830977926132,13.6700517142683],[-89.183117111391,13.6700393246805],[-89.1831368366919,13.6700266853139],[-89.1831570165459,13.6700137491301],[-89.1831784264715,13.6700004884347],[-89.1831960621927,13.6699895625937],[-89.1832518149963,13.6699550058884],[-89.1832849739512,13.6700169674724],[-89.1833074770622,13.6700590188008],[-89.1833347966669,13.6701100810648],[-89.183358713354,13.6701547688953],[-89.1834362149356,13.6701171046168],[-89.1835335404303,13.6700700313566],[-89.1835557260809,13.6700558435587],[-89.1835671674045,13.6700765956414]]]]}},{"type":"Feature","properties":{"text_1":"LOTIFICACION SAN MARCOS","zona":1},"geometry":{"type":"MultiPolygon","coordinates":[[[[-89.1786862870599,13.6603259480725],[-89.1782980174226,13.6604470099742],[-89.1780228755301,13.6605460247762],[-89.1776944422251,13.6606657001177],[-89.1769975255032,13.660915037412],[-89.1767911875014,13.6609918061927],[-89.1766351940869,13.6610566723277],[-89.1766406095342,13.6610711903941],[-89.1766248463871,13.6611294766465],[-89.1766200869347,13.661231507969],[-89.1764644311166,13.6612550558682],[-89.1764315076908,13.6614130493746],[-89.176324539343,13.6614223819658],[-89.1762238216248,13.6614481853015],[-89.176203754186,13.6614466079241],[-89.1762272697347,13.6613006538232],[-89.1762780619454,13.6611642686725],[-89.176309331272,13.6610967805349],[-89.1763669820024,13.6609950448279],[-89.1764048479875,13.6609013941667],[-89.1764474883473,13.660635618826],[-89.1764668476448,13.6603501354131],[-89.1765054196201,13.6603524768368],[-89.1765621642828,13.6603418939897],[-89.1766940608011,13.6603173172947],[-89.1767540007682,13.6603017245362],[-89.1767781791378,13.6602954314226],[-89.1768357911883,13.6602804603887],[-89.1768684679787,13.660271958366],[-89.1769274552873,13.6602482212639],[-89.176930663564,13.6602469227721],[-89.1769933028394,13.6602219239028],[-89.1770109134523,13.6602163016628],[-89.1770508651671,13.6602035650605],[-89.1770900036675,13.6601910875508],[-89.1771185343996,13.6601819964301],[-89.1771959020644,13.6601573294764],[-89.1772519540757,13.660145182329],[-89.1773051409655,13.6601358691338],[-89.1773807194095,13.660122634956],[-89.1774490265896,13.6601074798042],[-89.1775722037201,13.660080428645],[-89.1776409277945,13.6600653382193],[-89.1776774292318,13.6600456340828],[-89.1777007928749,13.6600511146829],[-89.1777143496261,13.6600421545306],[-89.1777611872869,13.6600108170305],[-89.1778568410213,13.659947447286],[-89.1779466030131,13.6599035462154],[-89.1781228085947,13.6597840368825],[-89.1781542456588,13.6597510075258],[-89.1782178703545,13.6597520903881],[-89.1782958535896,13.6597777098666],[-89.1783204710898,13.659826498664],[-89.1783441863164,13.6598458446783],[-89.1783873950221,13.659884039909],[-89.1784436207512,13.6599255854602],[-89.1784667806476,13.6599743843393],[-89.1785014404258,13.6600346244911],[-89.1785424301736,13.6601048462602],[-89.1785516784713,13.6601188164544],[-89.1785701771254,13.6601360737202],[-89.1785869999778,13.6601533240665],[-89.1786088679244,13.6601829179359],[-89.1786582945581,13.6602574749591],[-89.1786862870599,13.6603259480725]]]]}},{"type":"Feature","properties":{"text_1":"COMUNIDAD EL PARAISO","zona":3},"geometry":{"type":"MultiPolygon","coordinates":[[[[-89.184020379033,13.6586402034399],[-89.1839916149409,13.658676517203],[-89.1839816864729,13.6587008583563],[-89.1838979297929,13.6587368435522],[-89.1838292177878,13.6587663654797],[-89.1838062530208,13.6587745466143],[-89.1837691787468,13.6587877359198],[-89.1837925248125,13.6588913381464],[-89.1838008265714,13.6588919149532],[-89.1837999174273,13.6589042348014],[-89.1837986160116,13.65892200723],[-89.1838098359514,13.6589510997048],[-89.1837488254575,13.6590009326737],[-89.183702317027,13.659089193782],[-89.1836617989562,13.6591524423779],[-89.1835976003211,13.6590944368334],[-89.1836023749827,13.6590761990192],[-89.183656398659,13.6590359146156],[-89.1835989953543,13.6589538486704],[-89.1835712015658,13.6588751384618],[-89.1835628936434,13.6588417964055],[-89.183554308448,13.6588049275621],[-89.1835274487933,13.6587837603383],[-89.1835315978025,13.658776325427],[-89.1835618590899,13.658680439479],[-89.1836091805862,13.6586273031021],[-89.1836208212352,13.6585903360004],[-89.1836258097675,13.6584565568948],[-89.1836267458597,13.6584313890803],[-89.1836358614926,13.658432595299],[-89.1836955339862,13.6584508952567],[-89.1837671516969,13.6584825340739],[-89.1838780112317,13.6585625235436],[-89.1840110295034,13.6586424972873],[-89.184020379033,13.6586402034399]]]]}},{"type":"Feature","properties":{"text_1":"COMUNIDAD EL TRANSITO 3","zona":1},"geometry":{"type":"MultiPolygon","coordinates":[[[[-89.1793979636042,13.6611150850408],[-89.1793320660936,13.6611134211298],[-89.179302359717,13.6611202554377],[-89.1792796965404,13.6610904859514],[-89.1792796280828,13.6610625240497],[-89.179250845408,13.6610879335975],[-89.1792215716192,13.6610535328535],[-89.1791999915509,13.6610040667267],[-89.1792068491393,13.6609980083534],[-89.179157600919,13.660946960684],[-89.179137402594,13.6609591842905],[-89.1790999106594,13.6608847479308],[-89.1790603244242,13.660817856987],[-89.1790526301407,13.6608066814241],[-89.1791185380238,13.6607601877532],[-89.1792005474901,13.6607147091551],[-89.1792678983307,13.6606865869363],[-89.1791798665102,13.6606781725704],[-89.179118255858,13.6606506441753],[-89.1790911078501,13.6606353456607],[-89.1790901512801,13.6606342725315],[-89.1790812459978,13.6606362693906],[-89.179078865721,13.6606421572798],[-89.1790575280544,13.6606875916687],[-89.1790377841448,13.6606884023742],[-89.1790109684419,13.6606615798677],[-89.1790065221433,13.6606781975747],[-89.1790256409488,13.6606891885632],[-89.1790338860055,13.6607281313409],[-89.1789696598517,13.6607581304167],[-89.1789410483722,13.6606975433559],[-89.1789301003091,13.6607019478611],[-89.1788710308379,13.6607050450898],[-89.178868901636,13.6606558052205],[-89.1788762323312,13.6606361872025],[-89.1788543596954,13.6605385446258],[-89.1788259249256,13.6604622965599],[-89.1787976183304,13.6604038569116],[-89.1787740188298,13.6604128434062],[-89.1787545051,13.6603552858881],[-89.1787403517246,13.6603259458422],[-89.178693246123,13.6603415297594],[-89.1786862870599,13.6603259480725],[-89.1786582945512,13.6602574659202],[-89.1786088679244,13.6601829179359],[-89.1785869999778,13.6601533240665],[-89.1785701771185,13.6601360646813],[-89.1785516877145,13.6601188164478],[-89.1785424301667,13.6601048372213],[-89.1785014311826,13.6600346244978],[-89.1784667806476,13.6599743843393],[-89.1784436299944,13.6599255854535],[-89.1783873950221,13.659884039909],[-89.1783441863164,13.6598458446783],[-89.1783204803255,13.6598264887144],[-89.1782958628329,13.6597777098599],[-89.1782178703621,13.6597521003309],[-89.1782034820766,13.6597248890935],[-89.1782031267829,13.6596817293282],[-89.1782047744456,13.6596568014561],[-89.178211380311,13.6596564540933],[-89.1782279470694,13.6595980930335],[-89.1782430157376,13.6595973698437],[-89.1782946760126,13.6596106973675],[-89.1782950677575,13.6596153530402],[-89.1783371306122,13.6596150170241],[-89.1783497691442,13.659619043744],[-89.1784136337581,13.6596366947542],[-89.1784369020586,13.6596663888596],[-89.1784453119752,13.6596596541721],[-89.1784819633224,13.659651306328],[-89.1785196817116,13.6596507610187],[-89.1785287773358,13.6596511521289],[-89.1785295260706,13.6596268458823],[-89.1785275648395,13.6595747269842],[-89.1785976347057,13.6595501480447],[-89.1786427775655,13.6595670813414],[-89.1786679210254,13.6595610838177],[-89.1786783798262,13.659560002393],[-89.1786783798825,13.6595600765123],[-89.1786867950119,13.6596490198709],[-89.1786897324945,13.6596903636447],[-89.1787125040753,13.6596891250329],[-89.1787844626312,13.6596831585519],[-89.1789321576126,13.6596738874567],[-89.1789781077535,13.6596705683647],[-89.1790092667151,13.6596694438388],[-89.1790300488383,13.6596653657076],[-89.1791233317267,13.6596718510087],[-89.1791301748447,13.6596723268957],[-89.1791291419369,13.659794310822],[-89.1791261999923,13.6598588545943],[-89.1791304029972,13.6598723466665],[-89.1791429076158,13.6598861933449],[-89.1791408492543,13.6600792629327],[-89.1791282232436,13.6601912311202],[-89.1791355088191,13.6602131434285],[-89.179198297288,13.6602338402365],[-89.179246124333,13.6602468377205],[-89.1792645257202,13.6602479722523],[-89.1792654406026,13.6602816633204],[-89.1792715604377,13.6603506241432],[-89.1792314290643,13.6603506624342],[-89.1792331295532,13.6604339920617],[-89.1792727596745,13.6604335835394],[-89.1792727114404,13.660519449863],[-89.1793383043711,13.6605194951384],[-89.1793628764161,13.6606816032112],[-89.1793903337968,13.660704991319],[-89.1793864824114,13.6607562530372],[-89.1793905325195,13.660816459347],[-89.1793979636042,13.6611150850408]]]]}},{"type":"Feature","properties":{"text_1":"LOTIFICACION SANCHEZ SOLANO","zona":1},"geometry":{"type":"MultiPolygon","coordinates":[[[[-89.1805872167446,13.6598455310574],[-89.1805419254285,13.659831726603],[-89.1804713200656,13.6598003364841],[-89.1804262141393,13.6597811726863],[-89.1803958799261,13.659770587747],[-89.1803002008415,13.6597372165578],[-89.1802157510565,13.6597215244954],[-89.1801359679325,13.6597067093782],[-89.1800957541946,13.6596992319942],[-89.1800437083815,13.6596895604773],[-89.1799720865743,13.6596898352614],[-89.1799423373498,13.6596899401895],[-89.1798862570492,13.6596901574774],[-89.1798111902954,13.6596904347346],[-89.1797147770288,13.6596880059455],[-89.1796370250586,13.6596797324691],[-89.1795519555641,13.6596706770194],[-89.1794713823508,13.6596621099772],[-89.179380595476,13.6596524485126],[-89.1793032094624,13.6596525320652],[-89.1792192322138,13.659647901168],[-89.1791375756334,13.6596465072029],[-89.1791370373742,13.6596728036722],[-89.1791301748447,13.6596723268957],[-89.1791233317267,13.6596718510087],[-89.1790300488383,13.6596653657076],[-89.1790092667151,13.6596694438388],[-89.1789781077535,13.6596705683647],[-89.1789321576126,13.6596738874567],[-89.1787844626312,13.6596831585519],[-89.1787125040753,13.6596891250329],[-89.1786897324945,13.6596903636447],[-89.1786867950119,13.6596490198709],[-89.1786783798825,13.6595600765123],[-89.1786783798262,13.659560002393],[-89.1786679210254,13.6595610838177],[-89.1786427775655,13.6595670813414],[-89.1785976347057,13.6595501480447],[-89.1785275648395,13.6595747269842],[-89.1785295260706,13.6596268458823],[-89.1785287773358,13.6596511521289],[-89.1785196817116,13.6596507610187],[-89.1784819633224,13.659651306328],[-89.1784453119752,13.6596596541721],[-89.1784369020586,13.6596663888596],[-89.1784136337581,13.6596366947542],[-89.1783497691442,13.659619043744],[-89.1783371306122,13.6596150170241],[-89.1782950677575,13.6596153530402],[-89.1782946760126,13.6596106973675],[-89.1782430157376,13.6595973698437],[-89.1782279470694,13.6595980930335],[-89.178211380311,13.6596564540933],[-89.1782047744456,13.6596568014561],[-89.1782031267829,13.6596817293282],[-89.1782034820766,13.6597248890935],[-89.1782178703621,13.6597521003309],[-89.1781542456588,13.6597510075258],[-89.1781428966821,13.6597508123712],[-89.1780174076463,13.6597113804895],[-89.1778890054678,13.6596381016376],[-89.1778024287435,13.6595633679449],[-89.1777850792863,13.6594998665856],[-89.17778914233,13.6594285934328],[-89.1777951726514,13.6594042092505],[-89.1778223384068,13.6593687117782],[-89.1778615442262,13.6592829373508],[-89.1779441734937,13.6593068958398],[-89.1779827731301,13.6592971402015],[-89.1781829426499,13.6592380541419],[-89.1782248228643,13.6592968446804],[-89.1782561602277,13.6592701833137],[-89.1783251541197,13.6592114696831],[-89.1783434469497,13.6591951104025],[-89.178405987458,13.6591391781908],[-89.1784840975008,13.659070276442],[-89.1785471004653,13.6589880387415],[-89.1785918456437,13.6589561385711],[-89.1785961968293,13.6589530341515],[-89.1786071263804,13.6589486947547],[-89.1786880025991,13.6589209054442],[-89.1786859261952,13.6588912050032],[-89.1787820953117,13.658885396285],[-89.1787833586972,13.6589034253358],[-89.17884206739,13.6588993196445],[-89.1788771147754,13.6588968690067],[-89.1789769022057,13.6588820430477],[-89.1790770964252,13.6588539982091],[-89.1791253583108,13.6588788336974],[-89.1791770295157,13.6589054347085],[-89.1792638580556,13.6589379983791],[-89.1792862967785,13.6589464234852],[-89.1793082714172,13.6589547467875],[-89.1793852441506,13.6589839026907],[-89.1794508992338,13.6589787450778],[-89.1794842614503,13.6589761102851],[-89.1795569916717,13.6589278995384],[-89.179584986924,13.6589126900647],[-89.179612632915,13.6588976571022],[-89.1796199079722,13.658893690022],[-89.1796846221007,13.6588583312308],[-89.1797348649347,13.6588252047707],[-89.1797771903405,13.6587973049788],[-89.1798135042163,13.6587926965912],[-89.1798420767532,13.6587890745845],[-89.1798437984061,13.6588127869791],[-89.1799104292488,13.6587601650667],[-89.1799581607932,13.6587223844411],[-89.1799879236291,13.6586907082984],[-89.1799969566735,13.6586951253431],[-89.1800640609656,13.6587780554756],[-89.1801768147664,13.6589106183995],[-89.1802101875682,13.6589833366062],[-89.1802692246744,13.6590748613921],[-89.1803149428452,13.6591513271166],[-89.1803592366677,13.6592350232194],[-89.1804097758714,13.6593159388745],[-89.1804650147234,13.6594153989704],[-89.1804942656038,13.6594693571351],[-89.1805246089786,13.6595545349848],[-89.1805398164376,13.659637086381],[-89.1805658447264,13.6597217585009],[-89.1805799657901,13.6598074761276],[-89.1805872167446,13.6598455310574]]]]}},{"type":"Feature","properties":{"text_1":"QUINTA GLORIA","zona":1},"geometry":{"type":"MultiPolygon","coordinates":[[[[-89.181303062187,13.6597868686055],[-89.1812388377456,13.6597943938599],[-89.1811982254436,13.6597975431248],[-89.1811506187822,13.6598006794575],[-89.1811420727894,13.6597038597492],[-89.1811355997469,13.659705040483],[-89.1810342814254,13.6597234686532],[-89.1809396632831,13.6597296016084],[-89.1809303126537,13.6597305611922],[-89.1809399632139,13.6597494084117],[-89.1809720627733,13.6597790406418],[-89.1810077311409,13.659808661202],[-89.1810189184257,13.6598329496315],[-89.1809884223668,13.6598331013345],[-89.1809785986682,13.6598102834391],[-89.1808495996092,13.6598106937989],[-89.1808271313833,13.659689550594],[-89.1808216052895,13.6596672664449],[-89.1809006562895,13.6596290929142],[-89.180929443528,13.6596220927724],[-89.1810259871406,13.6595729285409],[-89.1810836819034,13.6595423136647],[-89.1810812183817,13.6595264422002],[-89.1810720529103,13.6594125276016],[-89.1810523173888,13.6593124304734],[-89.181035568363,13.6591703091228],[-89.1810274967143,13.6590988324327],[-89.1811559112832,13.6590781155321],[-89.1811786397788,13.6590942314842],[-89.1811759728173,13.659096242805],[-89.1811789344827,13.659120426109],[-89.181189604275,13.6592096813744],[-89.1812055407204,13.6592795704497],[-89.1812238308377,13.6593331108703],[-89.1812491845558,13.6594033536559],[-89.1812627571128,13.6594522985388],[-89.1812647523307,13.659474575338],[-89.1812827799595,13.6596300236422],[-89.1812882734233,13.659683065502],[-89.1812978142698,13.6596830584684],[-89.1813002259991,13.6597180527451],[-89.1813010298548,13.6597416365485],[-89.1813026012087,13.659741644429],[-89.1813028168994,13.6597636450441],[-89.181303062187,13.6597868686055]]]]}},{"type":"Feature","properties":{"text_1":"COLONIA LOMAS DE SAN CARLOS","zona":1},"geometry":{"type":"MultiPolygon","coordinates":[[[[-89.1804815822716,13.6622939158891],[-89.1802324103392,13.6623293080008],[-89.1803088613156,13.6624780681059],[-89.180283751546,13.6624921926794],[-89.1801145284172,13.6625719352466],[-89.1800642828666,13.6625795529979],[-89.1799655449944,13.6625944988445],[-89.1799476575657,13.6625972706174],[-89.1798928797404,13.6626057611956],[-89.1798856680199,13.6626068773563],[-89.1798388717218,13.6626067913645],[-89.1798373013015,13.6626068205337],[-89.1797885276378,13.6626076606615],[-89.1797818448803,13.6626078879049],[-89.1797330348376,13.6626095063009],[-89.1797240616326,13.662609800297],[-89.1796835707063,13.6626115698807],[-89.1796381495571,13.6626135654169],[-89.1796303787813,13.662613691311],[-89.1795735976398,13.6626145652658],[-89.1795248904559,13.6626153139996],[-89.1794686297063,13.6626161785114],[-89.1794673430492,13.6626161984321],[-89.179418845216,13.6626187511638],[-89.1793526387839,13.6626222333499],[-89.1793098678973,13.662624495349],[-89.1792902116797,13.6626289984162],[-89.1792309568691,13.6626381682233],[-89.1791816402442,13.6626458031951],[-89.1791313434868,13.6624357867046],[-89.1791073540627,13.6623675421293],[-89.1790791076667,13.6622659523988],[-89.1790423860262,13.6621327036325],[-89.1790073824669,13.6619820708303],[-89.1791031974947,13.6619563160244],[-89.179120472524,13.661957803002],[-89.1791888322227,13.661973414063],[-89.179246456728,13.6619865716274],[-89.1793106701004,13.6620012411078],[-89.179366050873,13.6620138814453],[-89.1794193774357,13.6620260604754],[-89.1794218261628,13.6620347686082],[-89.1794694647624,13.6620232010674],[-89.1794888937788,13.6620940955377],[-89.1795395486996,13.6620779719656],[-89.179525862608,13.6620289628997],[-89.1795839181328,13.6620121858239],[-89.1795955181962,13.6620553744309],[-89.1796515316503,13.6620298337736],[-89.1797016310853,13.6620053242483],[-89.17975390756,13.6619932353322],[-89.1798004464732,13.6619796320585],[-89.1797932716286,13.6619539983603],[-89.1798474465648,13.6619369465639],[-89.1799231676562,13.6619742762176],[-89.1799444296395,13.662052268492],[-89.1800751959494,13.6621334490834],[-89.1801325924493,13.6621710225827],[-89.1801734434689,13.6621326458718],[-89.1802292908297,13.6621485433057],[-89.1803061019268,13.6621871953428],[-89.1804248120796,13.6622463087922],[-89.1804815822716,13.6622939158891]]]]}},{"type":"Feature","properties":{"text_1":"CONDOMINIO MIRADOR DE SAN MARCOS","zona":1},"geometry":{"type":"MultiPolygon","coordinates":[[[[-89.1828856974744,13.6652533801664],[-89.1828141807935,13.6652697793518],[-89.1825822506195,13.6655587528716],[-89.1824783079191,13.6655419570398],[-89.182473698929,13.6655416920033],[-89.1824277432079,13.6656857931683],[-89.1821757697485,13.6657137294863],[-89.1821785034289,13.6657357101517],[-89.1821832463881,13.6657740723987],[-89.1819444606184,13.6657926678167],[-89.1818034069235,13.6657898380953],[-89.1817696082549,13.6656081244393],[-89.1818210375219,13.6656016534106],[-89.1820399836466,13.6655708078676],[-89.1820033654199,13.6652814037408],[-89.1819943850464,13.6652104556476],[-89.1819850521811,13.665136702129],[-89.1819532231039,13.6651411773565],[-89.1818710181103,13.6645538799942],[-89.1818700849182,13.664547216277],[-89.1818645488721,13.6644991910822],[-89.1821800803211,13.6644482355496],[-89.1821748769441,13.6645003967752],[-89.1821757340617,13.6645066899513],[-89.1822570484407,13.6651031515464],[-89.1827738748614,13.6650225203057],[-89.1827803295776,13.6650701271974],[-89.1828554094794,13.6650964415739],[-89.1828731357358,13.6651905047298],[-89.1828856974744,13.6652533801664]]]]}},{"type":"Feature","properties":{"text_1":"LOTIF DELGADO","zona":1},"geometry":{"type":"MultiPolygon","coordinates":[[[[-89.1832453521346,13.6679779291994],[-89.1832416495529,13.6680234981302],[-89.1832332761868,13.6680892119984],[-89.1831962258239,13.6681706171264],[-89.1831717014,13.6682081406441],[-89.1831102743021,13.6682853336926],[-89.1830708827023,13.6683254778095],[-89.1830220381746,13.6683579196483],[-89.1829889457638,13.6683810839455],[-89.1829458950483,13.6684027931468],[-89.1828326434515,13.6683571159572],[-89.1826995725926,13.6682873981243],[-89.182592948457,13.6682556557447],[-89.1823074251441,13.6681710001142],[-89.182379388174,13.6681187062362],[-89.1824497254928,13.6680464953474],[-89.1825032632806,13.6679382089604],[-89.1825882815829,13.6677797132187],[-89.1826237313292,13.6677949961396],[-89.1827391527981,13.6678439845835],[-89.1827398633839,13.6678567569738],[-89.182786631524,13.6678692176402],[-89.1828313175931,13.6678811248551],[-89.1829204151463,13.6679048554028],[-89.1830208356349,13.6679316037269],[-89.1830652277254,13.6679434369989],[-89.1831188115084,13.6679563372441],[-89.1831584793025,13.6679658871665],[-89.1832453521346,13.6679779291994]]]]}},{"type":"Feature","properties":{"text_1":"LOTIF FLORENCIA","zona":1},"geometry":{"type":"MultiPolygon","coordinates":[[[[-89.1829458950483,13.6684027931468],[-89.1829337842623,13.6684089016287],[-89.1828691525355,13.6684305437106],[-89.1827824588229,13.6684552934893],[-89.1826818214146,13.6684898734938],[-89.1826424975112,13.6684971130595],[-89.1825431612697,13.6685372744864],[-89.1824830372262,13.6685620595737],[-89.182404607215,13.6685868591286],[-89.1822874127322,13.6686192123072],[-89.1821825793884,13.6686512317754],[-89.1820890734519,13.6686920729467],[-89.1820439502385,13.6687138486047],[-89.1819953544641,13.6687383475433],[-89.1819040225446,13.6687744018235],[-89.1818970195554,13.6687767209704],[-89.1818591561325,13.6687625325373],[-89.1817464860286,13.6686236105826],[-89.1817045236889,13.6685718828461],[-89.1816666585399,13.668518309941],[-89.1816311910243,13.6684681140127],[-89.181589876151,13.6684096752734],[-89.1815529873073,13.668357471932],[-89.1815172450206,13.6683069055935],[-89.1814695198688,13.668221009475],[-89.1814726232631,13.6682190448324],[-89.1814265129284,13.6680899314651],[-89.1814421378735,13.6680870780967],[-89.1815266530692,13.6681835081584],[-89.1815557038861,13.6681609860943],[-89.1816229542948,13.6680985705025],[-89.1815968388177,13.6680367508232],[-89.1816185744252,13.6680276000252],[-89.1816446287501,13.6680593092496],[-89.1816616845501,13.6680468292493],[-89.181716308445,13.6681186881922],[-89.1817778250767,13.6680706884714],[-89.1817006067968,13.6680473925451],[-89.1816628751088,13.667970236056],[-89.1816740084972,13.6679241708457],[-89.1816998415688,13.667926743223],[-89.18183813314,13.6678679494001],[-89.1819708373212,13.6678060873],[-89.1820387098295,13.6677523159699],[-89.1821074034253,13.6676953415185],[-89.1821831265743,13.667610769589],[-89.1822218352241,13.6675314088938],[-89.182232333112,13.6674348065411],[-89.1822252244432,13.6672875702758],[-89.1822228465848,13.6672237987384],[-89.1822224007155,13.6672102488018],[-89.1822534140062,13.6672286164364],[-89.1822847191594,13.6672454851954],[-89.1825180435912,13.6673711648421],[-89.1826221302645,13.6674151912437],[-89.1827318739107,13.6674662212838],[-89.1827372335766,13.6674689470596],[-89.1827724361639,13.6674826293476],[-89.1825927139091,13.6677714438223],[-89.1825882815829,13.6677797132187],[-89.1825032632806,13.6679382089604],[-89.1824497254928,13.6680464953474],[-89.182379388174,13.6681187062362],[-89.1823074251441,13.6681710001142],[-89.182592948457,13.6682556557447],[-89.1826995725926,13.6682873981243],[-89.1828326434515,13.6683571159572],[-89.1829458950483,13.6684027931468]]]]}},{"type":"Feature","properties":{"text_1":"COLONIA GALDAMEZ","zona":1},"geometry":{"type":"MultiPolygon","coordinates":[[[[-89.182232333112,13.6674348065411],[-89.1822218352241,13.6675314088938],[-89.1821831265743,13.667610769589],[-89.1821074034253,13.6676953415185],[-89.1820387098295,13.6677523159699],[-89.1819708373212,13.6678060873],[-89.18183813314,13.6678679494001],[-89.1816998415688,13.667926743223],[-89.1816740084972,13.6679241708457],[-89.1815182243132,13.6679086521388],[-89.1813878105385,13.6678722898212],[-89.1811083086399,13.6677266788218],[-89.1808986832833,13.6676083489478],[-89.1807249233875,13.6675169547782],[-89.1806823767058,13.6674319983634],[-89.1809387843174,13.6673702492783],[-89.1810523460968,13.667488538682],[-89.1811757414899,13.6675435392081],[-89.1812538719093,13.667547673894],[-89.1813707361535,13.6675538634662],[-89.1814875247153,13.6676703831767],[-89.1816116217998,13.6677156914205],[-89.1816848018171,13.6676951813549],[-89.1817412907756,13.6676579317458],[-89.1818163229659,13.6676084676613],[-89.1818881279947,13.6675611174356],[-89.1818154886162,13.6674475092596],[-89.1817583999951,13.6673582232847],[-89.1816601631658,13.6672045743247],[-89.1816284732402,13.6671550137515],[-89.1815911342589,13.6670966091323],[-89.1815563357176,13.6670421915137],[-89.1817765705516,13.666900959978],[-89.1817973816972,13.6668846356444],[-89.1817418017131,13.6668239956442],[-89.1814622653547,13.6665221922717],[-89.1814650564614,13.6665204411783],[-89.1814112709248,13.6664671393935],[-89.1816467501017,13.6663827272202],[-89.1817479446817,13.6663464533273],[-89.1818253498589,13.6663073361597],[-89.1818826370927,13.6662868106668],[-89.181959982723,13.6664025440157],[-89.1819305982602,13.6664212076551],[-89.1820296400837,13.6665522151924],[-89.1821354096958,13.6667038499791],[-89.1822038629863,13.6667523184666],[-89.1822156935892,13.667007411038],[-89.1822224007155,13.6672102488018],[-89.1822228465848,13.6672237987384],[-89.1822252244432,13.6672875702758],[-89.182232333112,13.6674348065411]]]]}},{"type":"Feature","properties":{"text_1":"REPARTO DANILO","zona":1},"geometry":{"type":"MultiPolygon","coordinates":[[[[-89.1833607529771,13.6649416495554],[-89.1833045162333,13.6649491052143],[-89.1832253572323,13.6650082444955],[-89.1831433033519,13.6650213560314],[-89.1830880280025,13.6650360682862],[-89.1830205816157,13.6650517052309],[-89.1829896736396,13.6650709802601],[-89.1828554094794,13.6650964415739],[-89.1827803295776,13.6650701271974],[-89.1827738748614,13.6650225203057],[-89.1827659450368,13.6649643895734],[-89.1827503234343,13.6648499339099],[-89.1827351303775,13.6647385782815],[-89.182719851807,13.6646265936051],[-89.1827122074075,13.6645705551716],[-89.1826629466814,13.6645779413244],[-89.1826464904851,13.6644730196379],[-89.1826417249542,13.6644425529247],[-89.1826362286167,13.6643982490474],[-89.1826590187568,13.66439535322],[-89.1827984068501,13.6643993225941],[-89.1830442524888,13.664344316776],[-89.1831890655427,13.6643257803639],[-89.1831970348834,13.6643740161318],[-89.183232263334,13.6645780447656],[-89.1832828485943,13.6645706213558],[-89.1832891879184,13.6646159333355],[-89.1832922339511,13.6646377004379],[-89.1833008385315,13.6646992184444],[-89.1833016286292,13.6647048726137],[-89.1833110038297,13.6647719526062],[-89.1833125366473,13.6647829563678],[-89.1833196753904,13.6648340065706],[-89.1833453611231,13.6648305905902],[-89.1833607529771,13.6649416495554]]]]}},{"type":"Feature","properties":{"text_1":"COLONIA SAN ANTONIO 6","zona":3},"geometry":{"type":"MultiPolygon","coordinates":[[[[-89.1858338211034,13.6589298076808],[-89.1857941059799,13.65896619501],[-89.1857048518289,13.6588713336917],[-89.185598381265,13.658765767866],[-89.1854590408757,13.6586387900392],[-89.1853442576703,13.6585044811247],[-89.1852054107885,13.6583312604768],[-89.185098572629,13.6581538224953],[-89.185036145948,13.6580513326628],[-89.1850058915794,13.6580094545227],[-89.1850368636874,13.657989669389],[-89.1850421148855,13.6579863517629],[-89.1851439828973,13.6579219567159],[-89.1851484672756,13.6579191024585],[-89.1852042726283,13.6578836748003],[-89.1852095709183,13.6578803019977],[-89.1852631821,13.6578462643596],[-89.1853314366015,13.6579451956329],[-89.1853366001855,13.6579526886368],[-89.1853564231203,13.6579809230905],[-89.1854911719052,13.6579027205404],[-89.1855150301693,13.6578872911532],[-89.1855325919427,13.6579163136862],[-89.1856063159041,13.6580259772074],[-89.1856289000431,13.658062706157],[-89.1856709795771,13.6581927374815],[-89.1856994034884,13.6582773521182],[-89.1857320872871,13.6583744490194],[-89.185763385865,13.6585152258234],[-89.1857719266134,13.6585679498254],[-89.1857904361355,13.6586581155204],[-89.1858132523911,13.6588329140565],[-89.1858338211034,13.6589298076808]]]]}},{"type":"Feature","properties":{"text_1":"COLONIA BOLIVAR","zona":3},"geometry":{"type":"MultiPolygon","coordinates":[[[[-89.1855150301693,13.6578872911532],[-89.1854911719052,13.6579027205404],[-89.1853564231203,13.6579809230905],[-89.1853366001855,13.6579526886368],[-89.1853314366015,13.6579451956329],[-89.1852631821,13.6578462643596],[-89.1852095709183,13.6578803019977],[-89.1852042726283,13.6578836748003],[-89.1851484672756,13.6579191024585],[-89.1851439828973,13.6579219567159],[-89.1850421148855,13.6579863517629],[-89.1850368636874,13.657989669389],[-89.1850058915794,13.6580094545227],[-89.1849184911566,13.6578884717008],[-89.1847877876099,13.6577416049458],[-89.1846472899304,13.6575979298928],[-89.1845002989756,13.6574894129666],[-89.1843598567326,13.6574160362438],[-89.1844611271731,13.6573016321903],[-89.1846440496373,13.6571604440813],[-89.1847403884171,13.6570575393366],[-89.1847878528435,13.6570176663601],[-89.18479545831,13.6570120791004],[-89.1848358659258,13.6570749335329],[-89.1848649948517,13.6571057145325],[-89.1848994557463,13.6571289394863],[-89.1849719642654,13.657185271665],[-89.1850316418985,13.6572232960675],[-89.1850664589751,13.6572410142083],[-89.185104201276,13.657284275087],[-89.1851745987687,13.6573523548954],[-89.1852785635386,13.6574507865562],[-89.1853384025917,13.6575128669935],[-89.1853568843247,13.6575446375872],[-89.1854116168342,13.6576844061087],[-89.185479641953,13.657828829588],[-89.1855150301693,13.6578872911532]]]]}},{"type":"Feature","properties":{"text_1":"COLONIA SANTA JULIA 2","zona":3},"geometry":{"type":"MultiPolygon","coordinates":[[[[-89.1857914946081,13.6567395295155],[-89.1857780996312,13.6567490549262],[-89.1856949147615,13.6567880665425],[-89.1855683266567,13.6568430402089],[-89.1854580044179,13.656880304205],[-89.1853209221042,13.6568902003348],[-89.1849760670695,13.6569029644438],[-89.1848912639751,13.6569295927552],[-89.1848421118556,13.6569777792284],[-89.18479545831,13.6570120791004],[-89.184802958039,13.6569813257065],[-89.1847909940551,13.6569323065892],[-89.1847302334934,13.6568169403576],[-89.184750007894,13.6568083177208],[-89.1847998786991,13.6567960713542],[-89.1848301538113,13.6567681517242],[-89.1848265188239,13.6566827129827],[-89.1847873038948,13.6565237267281],[-89.1850282826525,13.6564663534524],[-89.1851486477118,13.6564412448836],[-89.1851860038723,13.6564391522616],[-89.1851780198345,13.6564088172673],[-89.1851669509309,13.656379086589],[-89.1851916840501,13.6562599446907],[-89.1851611258003,13.6562169098114],[-89.185226109102,13.6562377787862],[-89.1853632446099,13.6560800761286],[-89.1853798052142,13.6560880052571],[-89.1854389630088,13.6561140985545],[-89.1854626373094,13.6561293348147],[-89.1855398534645,13.6561790268886],[-89.1854409885211,13.6563419496994],[-89.185537863797,13.6563927188519],[-89.185582653429,13.6564306892738],[-89.1856202957099,13.6564667217106],[-89.1856985022665,13.6565367207707],[-89.1857185443772,13.6565546623915],[-89.1857394393029,13.6565733617335],[-89.1857686757183,13.6565845208169],[-89.1857802073458,13.6566487943274],[-89.1857660497319,13.6566991654708],[-89.1857914946081,13.6567395295155]]]]}},{"type":"Feature","properties":{"text_1":"COMUNIDAD GUADALUPE","zona":3},"geometry":{"type":"MultiPolygon","coordinates":[[[[-89.183760034954,13.657562876226],[-89.1837443096886,13.6575582510008],[-89.1836916532953,13.6575427496924],[-89.1836800181043,13.6575392874308],[-89.1836106054382,13.6575186337707],[-89.1835811712288,13.6575098717053],[-89.1835467676842,13.6574996327673],[-89.1835442677312,13.6575095105775],[-89.1835010616966,13.657500129671],[-89.1834248178725,13.6574835630403],[-89.1834161565199,13.6574816903052],[-89.1833981790414,13.6574774834327],[-89.1833420798894,13.6574646962985],[-89.183296327686,13.6574545118848],[-89.1833045794979,13.657440881342],[-89.1833065421317,13.6574199429857],[-89.1833065980674,13.6574193689714],[-89.1833034309182,13.6573879565012],[-89.1833016284717,13.6573701222111],[-89.1833000180043,13.6573566743748],[-89.1833424808599,13.6573233776184],[-89.1833592461108,13.6573151640894],[-89.183426307655,13.6573055346106],[-89.1834710242445,13.6572986705267],[-89.1836372893419,13.6572793956248],[-89.1837560877293,13.6573080281105],[-89.1838189830675,13.6573216515956],[-89.183760034954,13.657562876226]]]]}},{"type":"Feature","properties":{"text_1":"COLONIA SANTA JULIA 1","zona":3},"geometry":{"type":"MultiPolygon","coordinates":[[[[-89.18479545831,13.6570120791004],[-89.1847878528435,13.6570176663601],[-89.1847403884171,13.6570575393366],[-89.1846440496373,13.6571604440813],[-89.1844611271731,13.6573016321903],[-89.1843598567326,13.6574160362438],[-89.1842357371115,13.6573368803695],[-89.1840756683109,13.6572187844798],[-89.1838993111124,13.6571262645932],[-89.1836347879041,13.6570210293736],[-89.1834780615608,13.6570019774807],[-89.1834184494248,13.657035684766],[-89.1833406460858,13.6571431479733],[-89.183252221907,13.6572488881134],[-89.1831690974551,13.6573424994417],[-89.183112474333,13.657373725045],[-89.1831029906192,13.6573745745356],[-89.1831051567046,13.6573359386916],[-89.1830996146728,13.6572447164262],[-89.1831041950779,13.6571348736412],[-89.1831318706329,13.6570491620864],[-89.1831606600608,13.6569600158056],[-89.1831775750236,13.6568889002027],[-89.1830157853618,13.6568578833278],[-89.1830173798977,13.6568508850987],[-89.183045193655,13.6567978555407],[-89.1830810937962,13.6567371938067],[-89.1830922106461,13.6567184143657],[-89.1831424496687,13.6566448027053],[-89.1831745074318,13.6566446956703],[-89.1832028446331,13.6566561793224],[-89.1832425126281,13.6566565664621],[-89.1832495520842,13.6566778027228],[-89.1833099140248,13.6566705112177],[-89.1833860903425,13.656661308824],[-89.1834233486363,13.6566557374552],[-89.1834401376947,13.6566532256653],[-89.1834404973379,13.656653336576],[-89.1834474997281,13.6566388826087],[-89.183497130171,13.6565365130415],[-89.1835612932111,13.6564397132573],[-89.1835872048793,13.6563385364367],[-89.1836495899802,13.6562802799918],[-89.1836698767003,13.6562613363985],[-89.1837045899978,13.6562317097516],[-89.1837637919021,13.6561937905565],[-89.1838194978442,13.6561638806527],[-89.1838751360253,13.6561312582011],[-89.1839757982454,13.6560621245146],[-89.1839943466282,13.656035333684],[-89.1840253501539,13.6560429285028],[-89.1840544978282,13.6559881298139],[-89.1840615052349,13.6559813399414],[-89.184126033365,13.6559405016142],[-89.1841579679356,13.6559885802237],[-89.1841920129914,13.6561090013011],[-89.1842578977167,13.6562293985185],[-89.1843470748307,13.6562999357403],[-89.1844150203289,13.6563559569505],[-89.1845190397248,13.6564036388682],[-89.1846145445495,13.6564326400318],[-89.1846487719892,13.6564353359584],[-89.184693070398,13.6564388197432],[-89.1847333960296,13.6564574765559],[-89.1847873038948,13.6565237267281],[-89.1848265188239,13.6566827129827],[-89.1848301538113,13.6567681517242],[-89.1847998786991,13.6567960713542],[-89.184750007894,13.6568083177208],[-89.1847302334934,13.6568169403576],[-89.1847909940551,13.6569323065892],[-89.184802958039,13.6569813257065],[-89.18479545831,13.6570120791004]]]]}},{"type":"Feature","properties":{"text_1":"COLONIA SANTA JULIA 3","zona":3},"geometry":{"type":"MultiPolygon","coordinates":[[[[-89.1856834649296,13.6552446492097],[-89.1856504631006,13.6553670089405],[-89.1856006118666,13.6554153253535],[-89.1855705233234,13.6555118405464],[-89.1855132245329,13.655550304694],[-89.1854634532125,13.6556156512841],[-89.1854385171706,13.6556694282768],[-89.185363972919,13.6558032689139],[-89.1853381346081,13.6558522243021],[-89.1852705074676,13.6560079872591],[-89.1852262302235,13.6560547537366],[-89.1851974305737,13.6560933997182],[-89.1851761688357,13.656088852873],[-89.1851698409253,13.6561427270033],[-89.1851692395335,13.6561478453035],[-89.1851515361567,13.6561430182814],[-89.1851507556106,13.6561495160585],[-89.1851501926865,13.6561800147667],[-89.1851585725549,13.6562083039522],[-89.1851611258003,13.6562169098114],[-89.1851916840501,13.6562599446907],[-89.1851669509309,13.656379086589],[-89.1851780198345,13.6564088172673],[-89.1851860038723,13.6564391522616],[-89.1851486477118,13.6564412448836],[-89.1850282826525,13.6564663534524],[-89.1847873038948,13.6565237267281],[-89.1847333960296,13.6564574765559],[-89.184693070398,13.6564388197432],[-89.1846487719892,13.6564353359584],[-89.1847063264814,13.6563854032159],[-89.1846647146407,13.6561036021556],[-89.184673780188,13.6560281879982],[-89.1846174313864,13.6559749068944],[-89.1845972292608,13.6558848255302],[-89.1845770184582,13.6557966233659],[-89.1845824404979,13.6557955174496],[-89.1845854816024,13.6556779285103],[-89.1845690260964,13.6555624087551],[-89.1845858621573,13.6554750492321],[-89.1845833082694,13.6553807985129],[-89.1845721622661,13.6552891827659],[-89.1845802072622,13.6552041980424],[-89.1845886357983,13.6551380031779],[-89.1845943543959,13.6550931639378],[-89.1846026512827,13.6550029219765],[-89.1846121348092,13.6548948154677],[-89.1848032293179,13.6549411546807],[-89.1849707672575,13.6548090683359],[-89.185099950673,13.6548056384753],[-89.1851098776247,13.6547914696964],[-89.1852330714324,13.6548629987772],[-89.1851739997771,13.6549458743002],[-89.1851548080508,13.6549852632755],[-89.1851561791499,13.6550080222929],[-89.1852193100635,13.6549963497711],[-89.185217180984,13.6549723593175],[-89.1854235124267,13.6550897073274],[-89.1855364035399,13.6551299503114],[-89.1855841537015,13.655106126503],[-89.1855417851248,13.6552088064785],[-89.1855293702076,13.6552361848501],[-89.1855819953242,13.6552254367097],[-89.1856794844541,13.6552019730548],[-89.1856834649296,13.6552446492097]]]]}},{"type":"Feature","properties":{"text_1":"COL VILLAS DE SAN MARCOS","zona":3},"geometry":{"type":"MultiPolygon","coordinates":[[[[-89.1835872048793,13.6563385364367],[-89.1835612932111,13.6564397132573],[-89.183497130171,13.6565365130415],[-89.1834474997281,13.6566388826087],[-89.1834404973379,13.656653336576],[-89.1834401376947,13.6566532256653],[-89.1834233486363,13.6566557374552],[-89.1833860903425,13.656661308824],[-89.1833099140248,13.6566705112177],[-89.1832495520842,13.6566778027228],[-89.1832425126281,13.6566565664621],[-89.1832028446331,13.6566561793224],[-89.1831745074318,13.6566446956703],[-89.1831424496687,13.6566448027053],[-89.1830780923199,13.6565291061104],[-89.1830639488463,13.6565366316134],[-89.1830636265083,13.6565488217663],[-89.1830273038207,13.6565653340198],[-89.1829837109351,13.6565930879826],[-89.1829512153355,13.6566137525772],[-89.1829253123343,13.656630210061],[-89.1829007821911,13.6566458150529],[-89.1828147883613,13.6566271548348],[-89.1826955597495,13.6566045294923],[-89.1826804043781,13.6566016528102],[-89.1826494798217,13.6565981858466],[-89.1826615772511,13.6563566916655],[-89.1826693693781,13.6562010669847],[-89.182672687446,13.6561103750369],[-89.1826576787977,13.6559679108123],[-89.1828738891695,13.6560214992693],[-89.1829463579889,13.6560397437953],[-89.1829849395575,13.6560683061578],[-89.1830036505457,13.6560911634617],[-89.1830501493285,13.6561120567094],[-89.1831124314362,13.6561279857615],[-89.1831797470227,13.6561541946495],[-89.1831989188232,13.6561610580964],[-89.1833156711055,13.6562122300107],[-89.1833600560489,13.6562295697607],[-89.183440201489,13.6562740583999],[-89.1834401850679,13.6562767059173],[-89.1834539794209,13.6562695593846],[-89.1835872048793,13.6563385364367]]]]}},{"type":"Feature","properties":{"text_1":"COLONIA TEPEYAC","zona":3},"geometry":{"type":"MultiPolygon","coordinates":[[[[-89.1877148530686,13.6587516479032],[-89.1876698168008,13.6588086791089],[-89.1874987374262,13.6590602276711],[-89.1873174001039,13.6593252040363],[-89.1871950561271,13.659505221775],[-89.1870841736888,13.65958896966],[-89.1870205453033,13.6596192759021],[-89.1869059976803,13.6596656423508],[-89.186804173133,13.6597013177689],[-89.1866714493909,13.6597672744458],[-89.186571462518,13.6598171837953],[-89.1864839409818,13.6597959426924],[-89.1864265605952,13.6597920714345],[-89.1863611614259,13.6597738406563],[-89.1862772577559,13.6597549757864],[-89.1861382084327,13.6596979812005],[-89.1861182553798,13.659649292698],[-89.1859902373786,13.6595495183294],[-89.1859404619029,13.65952634217],[-89.1859682315429,13.659358345166],[-89.1860837220473,13.6593552496436],[-89.1862632532501,13.6593534017529],[-89.1862650011991,13.6593371375719],[-89.1862741925209,13.6593381492983],[-89.1862915302798,13.659263820729],[-89.1863051795767,13.659205304055],[-89.1862955169062,13.6591343466732],[-89.186295278887,13.6591325878762],[-89.1862872618353,13.6590737079801],[-89.1862850568992,13.6590614917178],[-89.1862455438645,13.6590658811261],[-89.1862355356281,13.6590137322255],[-89.1862318099974,13.6589942696939],[-89.1862284304846,13.6589695037552],[-89.1862221371688,13.6589232851995],[-89.1862184341257,13.6588961585349],[-89.1862128137672,13.6588511696687],[-89.1862037471002,13.6588523064013],[-89.1861930551783,13.6588203726974],[-89.1861806075434,13.6587832194315],[-89.1861576097579,13.658714558086],[-89.186153387656,13.6587019456361],[-89.1861382549359,13.6586438303912],[-89.1861190770988,13.6585701405007],[-89.1861175862916,13.6585644489057],[-89.1860977941192,13.6585028472503],[-89.1860886467272,13.6584743742859],[-89.186083016157,13.6584281172606],[-89.1860768144119,13.6583772517127],[-89.1860878424507,13.6583784374116],[-89.1860834289186,13.6583516728396],[-89.1860704187158,13.6582728414487],[-89.1860659968245,13.658246020841],[-89.1860544987551,13.6581776291824],[-89.1860493166608,13.6581467741675],[-89.186038865246,13.6580846285264],[-89.1860329875926,13.6580496640319],[-89.1860195928064,13.6579987487856],[-89.1860134785955,13.6579755486478],[-89.1860228859182,13.6579143325524],[-89.1860352312926,13.6578339914556],[-89.1860415303924,13.6577929643718],[-89.1860497869618,13.6577609982466],[-89.1860599929736,13.6577279468774],[-89.1861520186685,13.6577852076046],[-89.1863137587327,13.6578724609207],[-89.186526224575,13.6579983740672],[-89.1865942248084,13.6579194071237],[-89.1866588442251,13.6578502255705],[-89.186707533939,13.6577693669397],[-89.1867264175629,13.6577342905592],[-89.1867263935975,13.6577041077538],[-89.1867520654623,13.657707550173],[-89.1867889103075,13.6577282828236],[-89.1867912867646,13.657729503083],[-89.1869789592846,13.6578256585992],[-89.1869752772213,13.6578494211525],[-89.1870545367718,13.6578848848089],[-89.1869761201171,13.6580167294549],[-89.1869446222019,13.6580667070948],[-89.1869184949906,13.6581091005947],[-89.1870965113367,13.6581550502487],[-89.1872061314092,13.6581990334559],[-89.187275966286,13.6582605688976],[-89.1873606392056,13.6583069600243],[-89.1875551769278,13.6584176878679],[-89.1875950411645,13.6584389089088],[-89.1875300716485,13.6585082202302],[-89.187484782571,13.6585565425785],[-89.1874722761169,13.6586000547149],[-89.1875586788429,13.6586432781141],[-89.1875888455944,13.6586580744435],[-89.1876928689346,13.6587086149324],[-89.1877148530686,13.6587516479032]]]]}},{"type":"Feature","properties":{"text_1":"CONDOMINIO CRUZ ROJA","zona":3},"geometry":{"type":"MultiPolygon","coordinates":[[[[-89.1884683485883,13.668207348259],[-89.1885164725486,13.6682859582383],[-89.1885388438341,13.6683689998564],[-89.1885242501866,13.6683714154007],[-89.1885405138817,13.6684574445486],[-89.1886447956733,13.6684407962117],[-89.1886578880342,13.6685257792678],[-89.1886708365898,13.6685236813404],[-89.188678516549,13.6685564415852],[-89.1886630078293,13.6685589211123],[-89.1886781127133,13.6686406775312],[-89.1887320975445,13.6686321105846],[-89.1887477929544,13.6687159617708],[-89.1888277263648,13.6688789175873],[-89.1888306706231,13.6688964056641],[-89.1888209106543,13.6688979678547],[-89.1888512353146,13.6690777289692],[-89.1888576218326,13.6690767297821],[-89.1888629538201,13.6691093110447],[-89.1886804982942,13.669183064175],[-89.1886856533984,13.6692141089582],[-89.1885937098356,13.6692287231288],[-89.1886042243913,13.6692920689537],[-89.1885588396328,13.6693052282876],[-89.1885117448747,13.6693069456336],[-89.1883650428054,13.6693338765592],[-89.1883188397755,13.6693410255845],[-89.1882740138647,13.6693479566124],[-89.1882279380805,13.6693547177531],[-89.1881828229122,13.6693605841994],[-89.1881450149724,13.6693655004786],[-89.1880584508004,13.6693843721907],[-89.1880287916718,13.669326434513],[-89.187885213219,13.6690459612733],[-89.1876494713154,13.668742594875],[-89.1878475893433,13.668644804154],[-89.188097804033,13.6684627441228],[-89.1882422693273,13.6683616054164],[-89.1884357407799,13.668230117013],[-89.1884683485883,13.668207348259]]]]}},{"type":"Feature","properties":{"text_1":"COLONIA FLORENCIA","zona":3},"geometry":{"type":"MultiPolygon","coordinates":[[[[-89.1877709248736,13.6666951880044],[-89.1877434038973,13.6667723653651],[-89.1877372859799,13.6668040713884],[-89.187722260341,13.6668696612355],[-89.1876702007095,13.6670593351115],[-89.18763450687,13.6671183865921],[-89.1875921079762,13.6671730656261],[-89.1875564018903,13.6672168087646],[-89.1874827102185,13.6672474734998],[-89.187440287693,13.66727373773],[-89.1873509544313,13.6672978520803],[-89.18723705167,13.6673263545267],[-89.1871275876247,13.6673176908665],[-89.1869845972866,13.667274084628],[-89.1868661645691,13.6672238964769],[-89.1867611315209,13.6671693295758],[-89.1866368262141,13.6670535592626],[-89.186511647068,13.6669465446612],[-89.186386459365,13.6668285901792],[-89.1862769263263,13.6667324952866],[-89.1861070692306,13.6666233214699],[-89.1858816850534,13.6663530822447],[-89.1858614526382,13.6661913322338],[-89.1858791474814,13.6659692150478],[-89.1857986007528,13.6658053268028],[-89.1857047184536,13.6657266948004],[-89.1856466080077,13.665687392189],[-89.1854790273093,13.6656175717404],[-89.185285557537,13.6656074348892],[-89.1851761150264,13.6656250103736],[-89.1846789247339,13.6657489781294],[-89.1845941620866,13.6656640269659],[-89.184538877826,13.6656062093278],[-89.1848295367778,13.6655091289122],[-89.185085263404,13.6654165161785],[-89.1852251122665,13.6653674198561],[-89.1851933379724,13.665307614168],[-89.1851866742199,13.6652956787522],[-89.1851695941313,13.665265083066],[-89.1851252814889,13.6651857563814],[-89.1850977619972,13.6651576578712],[-89.1850511885156,13.6650795820554],[-89.1850041148665,13.6650036922214],[-89.1849880083579,13.6649721783378],[-89.1849463078917,13.664891508277],[-89.1849043880787,13.6648104487955],[-89.1849033077125,13.6648083390163],[-89.1848889650712,13.6647806011711],[-89.184843550925,13.6646967304852],[-89.1847997012167,13.6646157465551],[-89.1847880227789,13.6645941802949],[-89.1847821673751,13.6645745620689],[-89.1847653408079,13.6645182711804],[-89.1847804254362,13.6645139564093],[-89.1847672050965,13.6644451945031],[-89.1847372384346,13.6642892926603],[-89.184732708248,13.664269294706],[-89.1851094155911,13.6641494534349],[-89.1851021908137,13.6641340104275],[-89.1851978238063,13.6641045419995],[-89.1852412472667,13.6640890888697],[-89.1852869042356,13.6640728567009],[-89.185193413546,13.6639375690555],[-89.1852310837504,13.6639113747726],[-89.1852676656666,13.6638859306315],[-89.1852977955359,13.6638649800823],[-89.1854716717439,13.6637440418189],[-89.1854985874583,13.6637287023288],[-89.1855292450112,13.663800217862],[-89.1856122428014,13.6638805339718],[-89.1856759033124,13.6639372242206],[-89.1857530101536,13.6639774561449],[-89.1858746379583,13.6640365837386],[-89.1861132285414,13.6641325622024],[-89.1861991696747,13.6642361357795],[-89.1862298885328,13.6642773282591],[-89.1862708278776,13.6643640900202],[-89.1863325839318,13.6644410151986],[-89.1864044893858,13.6644982359234],[-89.18647300453,13.6645288205498],[-89.1865454124891,13.6645517480334],[-89.1865982452247,13.6645612783764],[-89.1866373952181,13.6645746516016],[-89.1866922225274,13.6646282199139],[-89.1868293720035,13.6648636315576],[-89.1869508448506,13.6650722491728],[-89.1869905125667,13.6651541895059],[-89.1870816790332,13.66536488555],[-89.1872871780328,13.6655884897904],[-89.1873102883365,13.6656312064683],[-89.1874078023899,13.665728929842],[-89.1874703303634,13.6658120087534],[-89.1875353958843,13.6659439854499],[-89.1876004751378,13.666093084573],[-89.1876305258317,13.6661859719588],[-89.1876480700673,13.6662509900959],[-89.1876681204908,13.6663267716908],[-89.1877807561684,13.6665851088662],[-89.1877783259913,13.6666706913588],[-89.1877709248736,13.6666951880044]]]]}},{"type":"Feature","properties":{"text_1":"COLONIA JARDINES DE SAN MARCOS NO 2","zona":3},"geometry":{"type":"MultiPolygon","coordinates":[[[[-89.1899449229441,13.6642335025606],[-89.1897347022744,13.664235931806],[-89.1895700446474,13.6642125864791],[-89.1895690609476,13.6642008691607],[-89.1893935336772,13.664173616427],[-89.1891552500343,13.6641426353789],[-89.1890071354922,13.6641044115157],[-89.1890053676466,13.6640830773697],[-89.1890176355108,13.6640486178435],[-89.1890223557442,13.6639860629696],[-89.1890141298979,13.6639272203943],[-89.1889954804005,13.6637937558526],[-89.1889840208084,13.6637619891829],[-89.1889610636317,13.6636983266139],[-89.1889321876935,13.6636182574973],[-89.1896032100051,13.6636130489482],[-89.1898440865227,13.6636081149631],[-89.1899206096952,13.6640842975422],[-89.1899449229441,13.6642335025606]]]]}},{"type":"Feature","properties":{"text_1":"COMUNIDAD NUEVA ESPERANZA","zona":3},"geometry":{"type":"MultiPolygon","coordinates":[[[[-89.185539611787,13.6629746794698],[-89.1852783843967,13.6631105671251],[-89.1852448243792,13.6631267811422],[-89.1851890191349,13.6629608556452],[-89.1851365537506,13.6628526665386],[-89.1850899255659,13.6627644192484],[-89.1849792418279,13.6626477393541],[-89.1847368181975,13.6624529752226],[-89.1847971698537,13.6624060666076],[-89.184890136915,13.662334920859],[-89.1850227496114,13.6622334331755],[-89.1850662345112,13.6622001624767],[-89.1850779836087,13.6621918323895],[-89.1850918990606,13.6621819739948],[-89.185120531487,13.6621459838018],[-89.1851423585676,13.6621587863903],[-89.1851995814694,13.6621662040413],[-89.1852682221857,13.6621530919794],[-89.1853311567406,13.6621549047715],[-89.1854055560491,13.6621828477017],[-89.1854621369171,13.6622399510033],[-89.1854963459769,13.662314351807],[-89.1854982198385,13.6623263739871],[-89.1855072666159,13.6623842163578],[-89.1855119761186,13.6624510403757],[-89.1855167494784,13.6626105242922],[-89.1855148805892,13.6627723642458],[-89.1855170385889,13.6628926428421],[-89.185539611787,13.6629746794698]]]]}},{"type":"Feature","properties":{"text_1":"COLONIA SAN ANTONIO 3","zona":3},"geometry":{"type":"MultiPolygon","coordinates":[[[[-89.1866019853816,13.6599346912318],[-89.1866466851702,13.6599888321825],[-89.1865873670018,13.6601907202894],[-89.1865873653835,13.6602970236198],[-89.1864780750548,13.6604554840697],[-89.1863076232303,13.6605933955945],[-89.1862363273421,13.660647235795],[-89.1862269852744,13.6606590260284],[-89.1861753675157,13.660724781802],[-89.1861103408302,13.6608061064357],[-89.186121788805,13.6608121882076],[-89.1861055557061,13.6608237703327],[-89.1859882268925,13.6609565606389],[-89.1859402128533,13.6610315414877],[-89.1859345223361,13.6610404410084],[-89.1858353460785,13.661195310485],[-89.1857416433917,13.6613534722867],[-89.1857077772578,13.6614253049873],[-89.1856475796622,13.6615825149566],[-89.1856458083766,13.6616290080662],[-89.1856304403096,13.6616206062246],[-89.1855660136743,13.6618045972153],[-89.185563813061,13.6618224435451],[-89.1855765644579,13.6618239425215],[-89.1855684196498,13.6618900359509],[-89.1855565035717,13.6619865934426],[-89.1855559053465,13.6619969046092],[-89.1855418265106,13.6622436583207],[-89.1855376704342,13.6623135984215],[-89.1854982198385,13.6623263739871],[-89.1854963459769,13.662314351807],[-89.1854621369171,13.6622399510033],[-89.1854055560491,13.6621828477017],[-89.1853311567406,13.6621549047715],[-89.1852682221857,13.6621530919794],[-89.1851995814694,13.6621662040413],[-89.1851423585676,13.6621587863903],[-89.185120531487,13.6621459838018],[-89.1850918990606,13.6621819739948],[-89.1850779836087,13.6621918323895],[-89.1850662345112,13.6622001624767],[-89.1850227496114,13.6622334331755],[-89.184890136915,13.662334920859],[-89.1847971698537,13.6624060666076],[-89.1847368181975,13.6624529752226],[-89.184646271346,13.6623162597086],[-89.1845384005428,13.6621886747364],[-89.18445323589,13.6620832677957],[-89.1843794245977,13.661983405836],[-89.1844304132353,13.6619112088651],[-89.1844190256675,13.661850156675],[-89.1843112344353,13.6618224879496],[-89.1842601138321,13.6617392604753],[-89.1842316867502,13.6616504715063],[-89.1842372565674,13.6615228013878],[-89.1843278601489,13.6613339968721],[-89.1844525044495,13.6611507293531],[-89.1845091044195,13.6609924584903],[-89.1845713540174,13.6608203357213],[-89.1845712843143,13.660731525503],[-89.1845769198044,13.6606760140631],[-89.1846356025596,13.6606148902957],[-89.1847036122064,13.6606061573253],[-89.1847420390405,13.6605800728199],[-89.1847627051936,13.660536647797],[-89.1847508306351,13.6604816674387],[-89.1848365168971,13.6603716244906],[-89.1849103729432,13.6602760581311],[-89.1849724668089,13.6602673286302],[-89.1850345220883,13.6601978168074],[-89.1851113436596,13.6601051451348],[-89.1851645312077,13.6600501158121],[-89.1852059247939,13.6600414027416],[-89.1852472843038,13.6599777004089],[-89.1851791972434,13.6598996046495],[-89.1851956512722,13.659856376194],[-89.1853105635031,13.6597196823556],[-89.1853927507655,13.6596390753393],[-89.1854578390722,13.6596113698238],[-89.1855254080431,13.6596197323007],[-89.1856114135387,13.6596280907873],[-89.1856359812193,13.6596352826038],[-89.1856630196378,13.659643675635],[-89.1856802194346,13.6596448657315],[-89.1856912657744,13.6596340377821],[-89.1857232058183,13.6596400200364],[-89.1857612953295,13.6596436014189],[-89.185820262382,13.6596423537866],[-89.1858734133028,13.659624356865],[-89.1859404619029,13.65952634217],[-89.1859902373786,13.6595495183294],[-89.1861182553798,13.659649292698],[-89.1861382084327,13.6596979812005],[-89.1862772577559,13.6597549757864],[-89.1863611614259,13.6597738406563],[-89.1864265605952,13.6597920714345],[-89.1864839409818,13.6597959426924],[-89.186571462518,13.6598171837953],[-89.1865664387166,13.6598916142198],[-89.1865771156688,13.6599045543977],[-89.1866019853816,13.6599346912318]]]]}},{"type":"Feature","properties":{"text_1":"COMUNIDAD LAS PISCINAS","zona":3},"geometry":{"type":"MultiPolygon","coordinates":[[[[-89.1860837220473,13.6593552496436],[-89.1859682315429,13.659358345166],[-89.1859404619029,13.65952634217],[-89.1858734133028,13.659624356865],[-89.185823776886,13.659574801341],[-89.1857759904612,13.6595304372792],[-89.1857324766199,13.6594900308435],[-89.1856977907337,13.6594586711343],[-89.1856833554815,13.659445630712],[-89.1856652716782,13.6594264104099],[-89.185637724153,13.6593971549907],[-89.1856063205909,13.6593634969004],[-89.1855748635972,13.6593335683122],[-89.1855416731436,13.6593020031723],[-89.1855301275523,13.6592915809487],[-89.1855118851686,13.6592751836152],[-89.18558433423,13.6591965841962],[-89.1857237409832,13.6590360739581],[-89.1857941059799,13.65896619501],[-89.1858338211034,13.6589298076808],[-89.1859258056604,13.6588386419271],[-89.1859650316372,13.6589259781229],[-89.1860189665625,13.6590381376686],[-89.1860624498214,13.6591111981447],[-89.1860729001911,13.6591485933631],[-89.1860799021007,13.659216581668],[-89.1860837220473,13.6593552496436]]]]}},{"type":"Feature","properties":{"text_1":"RES SARA","zona":4},"geometry":{"type":"MultiPolygon","coordinates":[[[[-89.1828546816059,13.6541545667118],[-89.1828115253097,13.6542559036194],[-89.1827960473647,13.6543253811849],[-89.1827393923242,13.6543146588191],[-89.1825892390898,13.6542746645782],[-89.1826031644326,13.6542292073531],[-89.1826170713493,13.654183834203],[-89.1826310059251,13.6541383778732],[-89.1826445624881,13.654094152023],[-89.1827978681333,13.6541349863162],[-89.1828546816059,13.6541545667118]]]]}},{"type":"Feature","properties":{"text_1":"COLONIA ENCARNACION","zona":4},"geometry":{"type":"MultiPolygon","coordinates":[[[[-89.1710944881094,13.6538504220491],[-89.1710125195362,13.6538849011554],[-89.1709842873643,13.6539250636215],[-89.1709533977888,13.6539689953618],[-89.170931603157,13.6539999987084],[-89.1708997302123,13.6540453475271],[-89.1708789290834,13.6540749337767],[-89.1708387266037,13.6541321167314],[-89.1708263122296,13.6541497955783],[-89.1708114962025,13.6541708530406],[-89.1707854190536,13.6542079506899],[-89.1707724743379,13.6542259254756],[-89.1707299070086,13.6542850534264],[-89.170681127225,13.6543528124453],[-89.1706690609692,13.6543942498946],[-89.1706495684266,13.6543752057224],[-89.1706204128849,13.6543442006976],[-89.1705973557563,13.6543690773931],[-89.1705765097569,13.6543891402213],[-89.1704940098589,13.6543311168248],[-89.1704769771047,13.6543365809214],[-89.1704793213323,13.6543317570221],[-89.1704509401799,13.6543119497824],[-89.1704266199934,13.6542915675601],[-89.1704115620227,13.6542785546915],[-89.1703716013586,13.6542525267335],[-89.1703149278995,13.6542168386795],[-89.170284020771,13.6541971823123],[-89.1702509661713,13.6541796280776],[-89.1701951316773,13.6541511398341],[-89.1701302157062,13.6541172064767],[-89.170038533461,13.6540699166927],[-89.1700009539851,13.6540504411628],[-89.1699698957744,13.6540314139707],[-89.1699410242718,13.654013403048],[-89.1699133746493,13.6539966043034],[-89.1698900326923,13.6539803946303],[-89.169852560559,13.6539533751046],[-89.1697966511504,13.6539131597021],[-89.1697680345313,13.6538935206701],[-89.1697062709905,13.6538473851675],[-89.1697041341008,13.6538500712072],[-89.169667218706,13.6538195803162],[-89.169628026088,13.6537958286159],[-89.169548202952,13.6537474385641],[-89.1695267184898,13.6537358094141],[-89.1696345560029,13.6535981370795],[-89.1696949232272,13.6535192632211],[-89.1698044979548,13.6533761011676],[-89.169873440381,13.6534298759187],[-89.169986744715,13.653287016723],[-89.1699991134737,13.653271421425],[-89.170003449413,13.6532740659329],[-89.1701234408493,13.6533471043578],[-89.1702258943827,13.6534222003767],[-89.1703372593691,13.6535027234868],[-89.1704222513171,13.6535652249091],[-89.1706555628278,13.6537400361893],[-89.1707486382722,13.6538169987112],[-89.1708041416209,13.6537929870905],[-89.1709558304858,13.6537489443025],[-89.1709720817014,13.6537619282877],[-89.1710053702627,13.6537885438001],[-89.171010251233,13.6537843843015],[-89.1710588298062,13.6538176996819],[-89.1710944881094,13.6538504220491]]]]}},{"type":"Feature","properties":{"text_1":"COLONIA EL CARMEN","zona":4},"geometry":{"type":"MultiPolygon","coordinates":[[[[-89.1738817864676,13.6542499866052],[-89.1738846552547,13.6542521593455],[-89.1738789713326,13.6542828749692],[-89.1738248740889,13.6544294985993],[-89.1737921069702,13.6544811693549],[-89.1737947711238,13.6545641458395],[-89.1737929606237,13.654573181539],[-89.1737622462051,13.6547259803004],[-89.1737505818861,13.6547840411299],[-89.1737452248939,13.6548106745339],[-89.1737419529098,13.6548270038817],[-89.1737380614426,13.6548380585421],[-89.1736979107457,13.6549520724488],[-89.1736628378583,13.6550344193586],[-89.1736514097375,13.655066925127],[-89.1735772166885,13.6550317211251],[-89.1732923715898,13.6549418815293],[-89.1730063921437,13.6548149999245],[-89.1724978064206,13.6545174843826],[-89.1725065782596,13.6544761964894],[-89.1725456283178,13.6542924960362],[-89.172552674888,13.6542479978163],[-89.1725782916916,13.6541507561031],[-89.1726050914749,13.6540546334811],[-89.1726143162516,13.6539466948366],[-89.17259757424,13.6539099325661],[-89.1726052173886,13.6538269759489],[-89.1726099264419,13.6536780362272],[-89.1726115061057,13.6536642353692],[-89.1726360105477,13.653548898471],[-89.1727183500113,13.6534132981356],[-89.1727403829893,13.6533472884562],[-89.1727567130945,13.6532624745551],[-89.1727648583897,13.6531925499213],[-89.1728197826838,13.6530124475103],[-89.172839862096,13.6529533530789],[-89.1729147414704,13.652777827496],[-89.1729537398957,13.6527182849779],[-89.1731276060089,13.6528059361635],[-89.1730927728753,13.6529564237833],[-89.1730390407432,13.6531359794651],[-89.1730143517941,13.6532200589775],[-89.1729910972648,13.6532713713211],[-89.1729634834317,13.6533298039898],[-89.1729693638581,13.6534102988437],[-89.1729854631178,13.6535256985099],[-89.1730234053382,13.6536510518532],[-89.1730475182821,13.6537500826832],[-89.1731045023669,13.6537578169689],[-89.1731681169155,13.6537850119288],[-89.1732648752089,13.6538225412429],[-89.173365608341,13.6538730449223],[-89.1734318955443,13.6539183890244],[-89.173482172975,13.6539574596287],[-89.1735749271204,13.6540072366968],[-89.1736776800764,13.6540616074886],[-89.1737433360326,13.6541243808355],[-89.1738061576299,13.6541927458481],[-89.1738817864676,13.6542499866052]]]]}},{"type":"Feature","properties":{"text_1":"URB LOS ALPES NO 2","zona":4},"geometry":{"type":"MultiPolygon","coordinates":[[[[-89.1727648583897,13.6531925499213],[-89.1727567130945,13.6532624745551],[-89.1727403829893,13.6533472884562],[-89.1727183500113,13.6534132981356],[-89.1726360105477,13.653548898471],[-89.1726115061057,13.6536642353692],[-89.1726099264419,13.6536780362272],[-89.1726052173886,13.6538269759489],[-89.17259757424,13.6539099325661],[-89.1726143162516,13.6539466948366],[-89.1726050914749,13.6540546334811],[-89.1725782916916,13.6541507561031],[-89.172552674888,13.6542479978163],[-89.1725456283178,13.6542924960362],[-89.1725065782596,13.6544761964894],[-89.1724606214201,13.6544691205018],[-89.172189604962,13.6544045102631],[-89.1721871593073,13.6544121480716],[-89.1721733098466,13.654435241412],[-89.172135788857,13.6544063340342],[-89.1720600381202,13.6543626259263],[-89.1719417180665,13.654297778367],[-89.1718240075755,13.6542246000381],[-89.1718572795787,13.654203038803],[-89.1718789766491,13.6541955077608],[-89.172070562895,13.6541942818735],[-89.1720731496503,13.6541205196056],[-89.1720748285254,13.6540729898792],[-89.1720700007599,13.6540727889773],[-89.1720704576876,13.6540239639218],[-89.1720709036013,13.6539739818898],[-89.1720710969003,13.6539539342904],[-89.1720761128054,13.6539144080174],[-89.1720723760949,13.6538780903651],[-89.1720674097328,13.6538299452168],[-89.1720665306934,13.653779371157],[-89.1720664325517,13.6537753543209],[-89.1720644931551,13.6536979950092],[-89.1720632744332,13.6536493103251],[-89.1720624699736,13.6536109731292],[-89.1720616217137,13.6535898325467],[-89.1720605657108,13.6534919343373],[-89.172060517495,13.6534904628317],[-89.1720563229124,13.653385439614],[-89.17205552266,13.6533654840027],[-89.172054221195,13.653332561479],[-89.1720530640806,13.6533036476241],[-89.1720547907497,13.6532696491556],[-89.1720583449639,13.6531993020236],[-89.1720586528863,13.6531931652719],[-89.1720757245864,13.6531375069012],[-89.1721138680126,13.6531508090281],[-89.1723041572975,13.65317574075],[-89.1724523560827,13.6531881693557],[-89.1726316521929,13.6531934208185],[-89.1727648583897,13.6531925499213]]]]}},{"type":"Feature","properties":{"text_1":"COLONIA ABREGO","zona":4},"geometry":{"type":"MultiPolygon","coordinates":[[[[-89.1732512711309,13.6521748478893],[-89.1732157249228,13.6522567322847],[-89.1731517311311,13.6523428380063],[-89.1730354985443,13.6525288246074],[-89.172992768753,13.652610926439],[-89.1729671617865,13.6526946911352],[-89.1729537398957,13.6527182849779],[-89.1729147414704,13.652777827496],[-89.172839862096,13.6529533530789],[-89.1728197826838,13.6530124475103],[-89.1727648583897,13.6531925499213],[-89.1726316521929,13.6531934208185],[-89.1724523560827,13.6531881693557],[-89.1723041572975,13.65317574075],[-89.1721138680126,13.6531508090281],[-89.1720757245864,13.6531375069012],[-89.1720626313644,13.653132944167],[-89.1720077186402,13.6530971712073],[-89.1719509638172,13.6530399166749],[-89.171934456378,13.6529862170285],[-89.1719307502779,13.6529145977714],[-89.1719475193928,13.6528470823391],[-89.171912121002,13.6526388128509],[-89.1718919902754,13.6525622255218],[-89.1718347728015,13.6524547310481],[-89.171867810115,13.6524235064429],[-89.1718884638148,13.6523873290154],[-89.1719265531758,13.6523129498745],[-89.1719337705525,13.6523073081453],[-89.1719729511059,13.6522766622422],[-89.1719974632288,13.6522613268068],[-89.1720225518564,13.6522456483898],[-89.1720651996955,13.652219183268],[-89.1720659563522,13.6522187199448],[-89.1720831181681,13.6522079995034],[-89.1720998725655,13.6521975468985],[-89.1721339854596,13.6521748551679],[-89.1721605321952,13.6521586207253],[-89.1722074744648,13.6521299036837],[-89.172238883548,13.6521106757459],[-89.1722753730415,13.6520883529276],[-89.172319421587,13.6520625167942],[-89.1723467633296,13.6520464752076],[-89.1723987028669,13.6520160426516],[-89.1724175383065,13.6520049965155],[-89.1724574339373,13.6519816254763],[-89.1724751921159,13.6519712182404],[-89.1724788820585,13.6519689297044],[-89.1724848225421,13.6519652322267],[-89.1725585883132,13.6519222699136],[-89.1726333645594,13.6518783912244],[-89.1727061052374,13.6518316531173],[-89.1727150553811,13.6518269357355],[-89.172729232521,13.6517745749468],[-89.1727655867122,13.6517745494085],[-89.1729198562509,13.6516888521537],[-89.1730751660407,13.651603884416],[-89.1730804323996,13.6516600640515],[-89.1731056806349,13.6518350383578],[-89.1731267241087,13.6519419469767],[-89.1731367679112,13.6519701793626],[-89.1731552397614,13.6520302744057],[-89.1732105776916,13.652116389189],[-89.1732512711309,13.6521748478893]]]]}},{"type":"Feature","properties":{"text_1":"COMUNIDAD ENCARNACION","zona":4},"geometry":{"type":"MultiPolygon","coordinates":[[[[-89.1714798534666,13.6535843898192],[-89.1714696755153,13.6535925699256],[-89.1713247307777,13.6537092759838],[-89.1713125447956,13.6537155782871],[-89.1712837764626,13.6536832127099],[-89.1712156579334,13.6537345651683],[-89.1711565552374,13.6537672142862],[-89.1711454993289,13.6537667040497],[-89.1711414415242,13.6537957336205],[-89.1711123239892,13.6538296580415],[-89.1710944881094,13.6538504220491],[-89.1710588298062,13.6538176996819],[-89.171010251233,13.6537843843015],[-89.1710053702627,13.6537885438001],[-89.1709720817014,13.6537619282877],[-89.1709558304858,13.6537489443025],[-89.1708041416209,13.6537929870905],[-89.1707486382722,13.6538169987112],[-89.1706555628278,13.6537400361893],[-89.1704222513171,13.6535652249091],[-89.1703372686121,13.6535027234804],[-89.1702259045428,13.6534221904268],[-89.1701234408493,13.6533471043578],[-89.1700034595802,13.6532740659259],[-89.170010171787,13.6532637867227],[-89.1700137075394,13.6532578330403],[-89.1700110587217,13.6532466256824],[-89.1700034916534,13.6532135872617],[-89.1699948327566,13.653176385356],[-89.169978111147,13.6531019883624],[-89.1699668119253,13.6530525242469],[-89.1699560361373,13.653006001944],[-89.169946322373,13.6529620432539],[-89.1699360774251,13.6529171964025],[-89.1699266199041,13.6528748021748],[-89.1699163654385,13.6528308438568],[-89.1699058554178,13.6527849784986],[-89.1698969295472,13.6527453787425],[-89.169886333582,13.6526995233855],[-89.1698762310648,13.65265476863],[-89.1698663748621,13.652610634679],[-89.1698438245327,13.6525116395139],[-89.16983214679,13.6524614254205],[-89.1698718184309,13.6524550761842],[-89.1699648414999,13.6524337703981],[-89.1699915109893,13.6524438963659],[-89.1700757146715,13.6524254737288],[-89.1700984838079,13.652420488371],[-89.1701694675529,13.6524049627872],[-89.1702071690517,13.6523967085477],[-89.1702421646469,13.6523890482263],[-89.170309845467,13.6523742380609],[-89.1703585535658,13.652363606165],[-89.1704562520256,13.6523683516986],[-89.1704687194065,13.6523716106332],[-89.1706335317639,13.6524146193024],[-89.1706370741695,13.6524178744784],[-89.1706428117217,13.6524465365916],[-89.170672554808,13.6524264956019],[-89.1707471227133,13.6523813955673],[-89.1707899433021,13.6523316616033],[-89.1707914775958,13.6522679803006],[-89.1707929600016,13.6521328525389],[-89.1708392306014,13.6521284880338],[-89.170842282434,13.65217404398],[-89.1708625733163,13.6522502236284],[-89.1708239981639,13.6522670502023],[-89.1708506007249,13.6523160697791],[-89.1708840374475,13.6523777083877],[-89.170931835762,13.6524315815986],[-89.1709339865059,13.6524340052512],[-89.1709372527573,13.6524362708509],[-89.170940226831,13.6524383974539],[-89.170943096547,13.6524406443474],[-89.1709457954107,13.6524430866006],[-89.1709482301081,13.6524457785122],[-89.1709504652987,13.6524486639959],[-89.1709525693417,13.6524516896742],[-89.1709545967019,13.6524547615044],[-89.1709565861858,13.6524578604778],[-89.170958538725,13.6524609965365],[-89.1709598555692,13.6524631622549],[-89.1709604524644,13.6524641606429],[-89.1709623190786,13.6524673437637],[-89.1709641108317,13.6524705359755],[-89.1709658452852,13.6524737372662],[-89.170967494717,13.6524769566938],[-89.1709690582105,13.6524802051057],[-89.170970565342,13.6524834806736],[-89.1709720161316,13.6524868114183],[-89.1709734382952,13.6524901792425],[-89.1709748512093,13.6524935380342],[-89.1709762539634,13.6524969067757],[-89.1709776576347,13.6525002655737],[-89.1709790326667,13.6525036433735],[-89.170980416941,13.652507020263],[-89.1709817818058,13.6525103980697],[-89.1709831475943,13.652513774972],[-89.1709844939938,13.6525171808123],[-89.1709858209758,13.6525205767233],[-89.1709871303964,13.6525239726465],[-89.170988372337,13.6525273595777],[-89.1709895107495,13.652530736638],[-89.170990582607,13.6525341056096],[-89.1709916452144,13.6525374646448],[-89.1709927549543,13.6525408146081],[-89.1709939497357,13.6525441735513],[-89.1709943479219,13.6525451910591],[-89.1709952396924,13.6525474953687],[-89.170996689525,13.6525507800153],[-89.1709982354644,13.6525540374782],[-89.1709998460972,13.6525572849532],[-89.17100149553,13.6525605043806],[-89.1710031828662,13.6525637337244],[-89.1710048979173,13.6525669440672],[-89.1710066416085,13.6525701363122],[-89.17100842412,13.6525733285301],[-89.1710102057073,13.6525765207487],[-89.1710120159478,13.6525797129473],[-89.1710137975418,13.6525829142048],[-89.1710155883919,13.6525861335337],[-89.1710173413532,13.6525893628317],[-89.1710190379596,13.6525926292286],[-89.1710206310583,13.6525959137755],[-89.171022080912,13.6525992264425],[-89.1710234180215,13.6526025663048],[-89.1710246608808,13.6526059441963],[-89.1710258843496,13.652609349218],[-89.1710271549443,13.652612736129],[-89.1710285484366,13.652616076856],[-89.1710300463603,13.6526193985285],[-89.1710316006456,13.6526226921411],[-89.1710331558625,13.6526259956959],[-89.1710347295718,13.6526293082768],[-89.1710363217606,13.6526326118058],[-89.1710379333588,13.6526359144176],[-89.1710395920902,13.6526392088614],[-89.1710418282943,13.6526434836285],[-89.1710440367762,13.6526477674539],[-89.1710461694792,13.6526520694097],[-89.1710482365851,13.6526564093748],[-89.1710502362169,13.6526607484829],[-89.171052208141,13.6526651165349],[-89.1710542271969,13.6526694746113],[-89.1710563414283,13.6526737955617],[-89.1710585120147,13.6526780794132],[-89.1710607389627,13.6526823352048],[-89.1710629853079,13.6526865729051],[-89.1710652122495,13.6526908196578],[-89.1710673828369,13.6526951044131],[-89.1710694684156,13.6526994253834],[-89.1710714874853,13.6527038015374],[-89.1710734686597,13.6527081786217],[-89.1710754507578,13.6527125548014],[-89.1710774790509,13.6527169038322],[-89.1710795738526,13.6527211967752],[-89.1710817259473,13.6527254716005],[-89.171083943654,13.6527297283022],[-89.1710861992429,13.6527339659958],[-89.1710884927076,13.6527381756423],[-89.1710890804019,13.6527392300777],[-89.1710908046583,13.652742385276],[-89.1710931267632,13.6527465768246],[-89.1710954775205,13.6527507674494],[-89.1710978088751,13.6527549680305],[-89.171100130994,13.6527591785608],[-89.1711024429654,13.6527634162151],[-89.1711047364505,13.6527676529782],[-89.1711070207005,13.6527719005945],[-89.171109295707,13.6527761473133],[-89.1711115420605,13.652780394052],[-89.1711137689908,13.6527846227263],[-89.1711159774279,13.6527888414706],[-89.1711181479494,13.6527930331245],[-89.1711203092208,13.652797214842],[-89.1711224418397,13.6528013974833],[-89.1711245643113,13.6528056072484],[-89.1711266692483,13.6528098540854],[-89.1711286596202,13.6528141660825],[-89.171130479989,13.652818570395],[-89.1711321488276,13.6528230489322],[-89.1711337520755,13.6528275745177],[-89.1711354209273,13.6528320711328],[-89.1711372320877,13.6528365224542],[-89.1711389764424,13.6528406213033],[-89.1711391190193,13.6528409447982],[-89.1711410336534,13.6528453309672],[-89.1711430055808,13.6528496990183],[-89.1711450532859,13.6528540471311],[-89.1711472146464,13.6528583499701],[-89.1711494887237,13.6528625876501],[-89.171151886596,13.6528667420859],[-89.1711543980888,13.6528708033414],[-89.1711569751731,13.6528748184526],[-89.1711594857287,13.6528788616308],[-89.1711619029977,13.6528829970712],[-89.1711642907097,13.6528871605527],[-89.1711667828336,13.652891277863],[-89.1711694551142,13.6528952838689],[-89.1711723915951,13.6528990863147],[-89.1711756125833,13.6529026472227],[-89.1711790598896,13.6529060235788],[-89.1711826309634,13.6529092787269],[-89.1711862482257,13.652912497687],[-89.171189799923,13.6529157989471],[-89.1711932666465,13.6529191843283],[-89.171195435715,13.652921376569],[-89.1712000957221,13.6529260563996],[-89.171203553203,13.6529294417872],[-89.1712070669988,13.6529327349383],[-89.1712106278863,13.6529359629763],[-89.1712141887733,13.6529391901103],[-89.1712176933193,13.6529424733249],[-89.1712210935016,13.6529458686949],[-89.1712243994789,13.6529493644628],[-89.1712276768374,13.652952907253],[-89.1712309541894,13.6529564410042],[-89.1712343359329,13.6529599005635],[-89.1712378589857,13.6529632117856],[-89.171241571377,13.6529663276348],[-89.1712454444686,13.6529692689204],[-89.1712494126608,13.6529720700361],[-89.1712533993126,13.6529748349832],[-89.1712573481224,13.6529776740759],[-89.1712612590829,13.6529805773714],[-89.1712651321816,13.6529835276957],[-89.1712689683284,13.6529865051624],[-89.1712727841611,13.6529895106639],[-89.1712765916819,13.6529925252101],[-89.1712803797861,13.6529955307309],[-89.1712841586407,13.6529985272191],[-89.1712878987087,13.6530015698328],[-89.1712915639964,13.6530047327165],[-89.1712951258441,13.6530080068511],[-89.1712986396825,13.6530113551385],[-89.1713020962213,13.6530147125047],[-89.1713055065658,13.6530180979236],[-89.1713086695976,13.6530207613035],[-89.1713118797348,13.653023378552],[-89.1713151471376,13.6530259397191],[-89.1713184801187,13.653028436664],[-89.1713218324831,13.6530308965357],[-89.1713252134738,13.6530333193277],[-89.1713286036804,13.6530357050537],[-89.1713319652201,13.6530380718178],[-89.1713353267467,13.6530404205039],[-89.171338745506,13.6530426679141],[-89.1713422584684,13.6530448122146],[-89.1713458471631,13.653046874208],[-89.1713494829627,13.653048889166],[-89.1713531095398,13.653050932151],[-89.1713567075113,13.6530530402364],[-89.1713602205418,13.6530552776376],[-89.1713636015266,13.6530576913903],[-89.171366821852,13.6530603357477],[-89.1713699091671,13.6530631013196],[-89.1713728643819,13.6530659682197],[-89.1713755544998,13.6530690766442],[-89.1713756488794,13.6530692157781],[-89.1713780369009,13.6530725277892],[-89.1713789760315,13.653076395801],[-89.1713779955491,13.6530804694306],[-89.1713764076352,13.6530843111828],[-89.1713745265647,13.6530879407242],[-89.1713724855035,13.6530914501591],[-89.1713703963722,13.6530949505886],[-89.171368307254,13.6530984690959],[-89.1713662458581,13.653101978545],[-89.1713642796849,13.6531055159484],[-89.1713625409958,13.6531092005281],[-89.1713610769239,13.653113024116],[-89.1713598393657,13.6531169316081],[-89.171358801502,13.6531209031377],[-89.1713579623889,13.6531249115883],[-89.1713572832125,13.6531289660261],[-89.1713567380656,13.6531330294094],[-89.1713562770434,13.6531371117159],[-89.1713558631603,13.6531411939896],[-89.171355515833,13.6531452852557],[-89.1713552258187,13.6531493855209],[-89.1713549829369,13.6531534767143],[-89.171354796437,13.6531575678685],[-89.1713547028534,13.6531597897051],[-89.1713546293613,13.6531616779908],[-89.1713543793134,13.6531698882341],[-89.1713535581996,13.6531986000948],[-89.1713532353402,13.6532109014129],[-89.1713531348137,13.6532150114889],[-89.1713529605507,13.6532232117364],[-89.1713528970026,13.6532273308257],[-89.1713528907471,13.6532314308931],[-89.171353007417,13.6532355227399],[-89.1713532941633,13.6532396226032],[-89.1713537324738,13.6532436943401],[-89.1713542752305,13.6532477669082],[-89.1713549122515,13.6532518204288],[-89.1713556158153,13.6532558648641],[-89.1713563665045,13.6532598902848],[-89.171357155097,13.6532639256219],[-89.1713579815719,13.6532679419508],[-89.1713588450187,13.653271958254],[-89.1713597380298,13.6532759564586],[-89.1713606874296,13.653279963663],[-89.1713616747051,13.6532839428202],[-89.1713620065069,13.6532851827315],[-89.1713627285235,13.6532879128921],[-89.1713638100708,13.6532918829447],[-89.1713649581609,13.6532958439119],[-89.1713661533697,13.6532997768256],[-89.1713674344973,13.653303653638],[-89.1713687618068,13.6533074852235],[-89.1713714459758,13.6533151104103],[-89.1713727455559,13.6533189411112],[-89.1713740072668,13.6533228088982],[-89.1713752689917,13.6533266956669],[-89.1713762647552,13.6533296380517],[-89.1713765778491,13.6533305733637],[-89.1713779624778,13.6533344220833],[-89.1713793665241,13.653338280732],[-89.1713807132778,13.6533421584025],[-89.1713820119814,13.6533460541843],[-89.1713832644839,13.6533499689802],[-89.1713844596861,13.6533538919509],[-89.1713856456598,13.6533578348138],[-89.1713868602795,13.6533617677138],[-89.1713881127816,13.6533656816057],[-89.1713893930133,13.6533695963821],[-89.1713907120516,13.6533734921498],[-89.1713920680415,13.6533773598709],[-89.1713934434416,13.6533812275785],[-89.171394855807,13.6533850862214],[-89.1713963069864,13.6533889357983],[-89.1713977960554,13.6533927763098],[-89.1713992943536,13.6533965978331],[-89.1714008018948,13.6534004193499],[-89.1714023001996,13.6534042499122],[-89.1714037606156,13.6534080904436],[-89.1714051738991,13.6534119400469],[-89.1714065770285,13.653415807735],[-89.1714078764549,13.6534194260208],[-89.1714093370734,13.6534235440475],[-89.1714107217104,13.6534274027097],[-89.1714121442437,13.6534312613454],[-89.1714136231321,13.6534350828821],[-89.1714152258428,13.6534388582339],[-89.1714170078197,13.6534425683804],[-89.171418912688,13.6534462233037],[-89.171420950628,13.6534498410746],[-89.1714798534666,13.6535843898192]]]]}},{"type":"Feature","properties":{"text_1":"LOTIFICACION EL CARMEN NO 1","zona":4},"geometry":{"type":"MultiPolygon","coordinates":[[[[-89.1756770891016,13.6538110279777],[-89.1756227094487,13.6538934531398],[-89.1756474060238,13.6540113186402],[-89.1756202474369,13.6540696410057],[-89.1756199762787,13.6540741389757],[-89.1755820119726,13.6540721856536],[-89.1755798998982,13.6540708819388],[-89.175577419222,13.6540698379047],[-89.1755742482257,13.6540689706227],[-89.1755715405997,13.6540684998193],[-89.175568785987,13.6540682333295],[-89.1755662403975,13.6540681429498],[-89.175563097828,13.6540682102737],[-89.1754862865717,13.6540755305992],[-89.1754060264081,13.6540774390359],[-89.175331127589,13.6540848510499],[-89.1752694591403,13.6540909483888],[-89.1752098637475,13.6540968498979],[-89.1751445796944,13.6541033013962],[-89.1750802050934,13.6541096781104],[-89.1750738361336,13.654353556849],[-89.1750728336086,13.654392505449],[-89.1750725245041,13.654421782794],[-89.1749931422517,13.6544335564733],[-89.1748359866263,13.6544318270247],[-89.174693977535,13.654421394872],[-89.174624793452,13.6544137518727],[-89.1745461630203,13.654406116463],[-89.174447094726,13.6543938757255],[-89.174371614811,13.6543831557467],[-89.1742898417755,13.6543755224834],[-89.174165614536,13.6543602180882],[-89.1740265551369,13.6543450253631],[-89.1740609064871,13.6541585503265],[-89.1740390741261,13.654149282788],[-89.1740562808401,13.6541104881357],[-89.1740897646312,13.6540307066385],[-89.1740167481554,13.6539975664288],[-89.1739506489143,13.6541565367337],[-89.1739350552946,13.6542006153055],[-89.1739257430165,13.6542269270138],[-89.1738817864676,13.6542499866052],[-89.1738061576299,13.6541927458481],[-89.1737433360326,13.6541243808355],[-89.1736776800764,13.6540616074886],[-89.1735749271204,13.6540072366968],[-89.173482172975,13.6539574596287],[-89.1734318955443,13.6539183890244],[-89.173365608341,13.6538730449223],[-89.1732648752089,13.6538225412429],[-89.1731681169155,13.6537850119288],[-89.1731045023669,13.6537578169689],[-89.1730475182821,13.6537500826832],[-89.1730234053382,13.6536510518532],[-89.1729854631178,13.6535256985099],[-89.1729693638581,13.6534102988437],[-89.1729634834317,13.6533298039898],[-89.1729910972648,13.6532713713211],[-89.1730143517941,13.6532200589775],[-89.1730390407432,13.6531359794651],[-89.1730927728753,13.6529564237833],[-89.1731276060089,13.6528059361635],[-89.1729537398957,13.6527182849779],[-89.1729671617865,13.6526946911352],[-89.172992768753,13.652610926439],[-89.1730354985443,13.6525288246074],[-89.1731517311311,13.6523428380063],[-89.1732157249228,13.6522567322847],[-89.1732512711309,13.6521748478893],[-89.1732868498812,13.6522136794166],[-89.1734754575963,13.6522704140249],[-89.1735592019533,13.652308868954],[-89.1736263866314,13.6523397175283],[-89.1736934012026,13.6523704920851],[-89.173760254903,13.652401183579],[-89.1738223931323,13.6524297216968],[-89.1738843312055,13.6524700521418],[-89.1739666579374,13.6525236409278],[-89.1740318261792,13.6525660796428],[-89.1740435111968,13.6525736984306],[-89.1741046827222,13.6526135105273],[-89.1741614608442,13.6526504847814],[-89.1741845377379,13.6526655092328],[-89.1742676300166,13.6527179774508],[-89.174527200229,13.6528818817635],[-89.1746859153306,13.6528180698508],[-89.1748112346153,13.6528263291613],[-89.174912046886,13.6528677886935],[-89.1756691318823,13.6538012227969],[-89.1756770891016,13.6538110279777]]]]}},{"type":"Feature","properties":{"text_1":"LOT CUMBRES DE SAN BENITO","zona":5},"geometry":{"type":"MultiPolygon","coordinates":[[[[-89.1954042387034,13.6605664636434],[-89.1952128843869,13.6606483267101],[-89.1952056772669,13.6606091703298],[-89.1951851768445,13.6604390177528],[-89.195179362497,13.6603907155725],[-89.1951741825771,13.6603528447266],[-89.1951611742454,13.660257797965],[-89.1951509660971,13.6601832773119],[-89.1951485370328,13.6601655267656],[-89.1951421643494,13.6601160400223],[-89.1951345050513,13.6600565771199],[-89.1951204721901,13.6599476654371],[-89.1950984259803,13.6599452207217],[-89.1950883625993,13.659873578852],[-89.1952591889177,13.6598862722393],[-89.1953251725192,13.6598894783763],[-89.1953287167518,13.6599400122633],[-89.1953296695169,13.6599709165392],[-89.1953318973427,13.6600434992489],[-89.1953322478747,13.6600548844167],[-89.195344199203,13.6601080862469],[-89.1953617457925,13.6601861551729],[-89.1953726803388,13.6602348600337],[-89.1953761417488,13.6602657903368],[-89.1953843523552,13.6603390163836],[-89.1953919046172,13.6604064028955],[-89.1953932658184,13.6604271434644],[-89.1953989507485,13.6605132004813],[-89.1954042387034,13.6605664636434]]]]}},{"type":"Feature","properties":{"text_1":"LOTIFICACION EL CARMEN NO 2","zona":4},"geometry":{"type":"MultiPolygon","coordinates":[[[[-89.1751551143735,13.65282067014],[-89.174912046886,13.6528677886935],[-89.1748112346153,13.6528263291613],[-89.1746859153306,13.6528180698508],[-89.174527200229,13.6528818817635],[-89.1742676300166,13.6527179774508],[-89.1741845377379,13.6526655092328],[-89.1741614608442,13.6526504847814],[-89.1741046827222,13.6526135105273],[-89.1740435111968,13.6525736984306],[-89.1740318261792,13.6525660796428],[-89.1739666579374,13.6525236409278],[-89.1738843312055,13.6524700521418],[-89.1738223931323,13.6524297216968],[-89.173760254903,13.652401183579],[-89.1736934012026,13.6523704920851],[-89.1736263866314,13.6523397175283],[-89.1735592019533,13.652308868954],[-89.1734754575963,13.6522704140249],[-89.1732868498812,13.6522136794166],[-89.1732512711309,13.6521748478893],[-89.1732105776916,13.652116389189],[-89.1731552397614,13.6520302744057],[-89.1731367679112,13.6519701793626],[-89.1731267241087,13.6519419469767],[-89.1731056806349,13.6518350383578],[-89.1730804323996,13.6516600640515],[-89.1730751660407,13.651603884416],[-89.1729198562509,13.6516888521537],[-89.1727655867122,13.6517745494085],[-89.172729232521,13.6517745749468],[-89.1727150553811,13.6518269357355],[-89.1727061052374,13.6518316531173],[-89.1726333645594,13.6518783912244],[-89.1725585883132,13.6519222699136],[-89.1724848225421,13.6519652322267],[-89.1724788820585,13.6519689297044],[-89.1724751921159,13.6519712182404],[-89.1724574339373,13.6519816254763],[-89.1724175383065,13.6520049965155],[-89.1723987028669,13.6520160426516],[-89.1723467633296,13.6520464752076],[-89.172319421587,13.6520625167942],[-89.1722753730415,13.6520883529276],[-89.172238883548,13.6521106757459],[-89.1722074744648,13.6521299036837],[-89.1721605321952,13.6521586207253],[-89.1721339854596,13.6521748551679],[-89.1720998725655,13.6521975468985],[-89.1720831181681,13.6522079995034],[-89.1720659563522,13.6522187199448],[-89.1720651996955,13.652219183268],[-89.1720225518564,13.6522456483898],[-89.1719974632288,13.6522613268068],[-89.1719729511059,13.6522766622422],[-89.1719337705525,13.6523073081453],[-89.1719265531758,13.6523129498745],[-89.1718884638148,13.6523873290154],[-89.171867810115,13.6524235064429],[-89.1718347728015,13.6524547310481],[-89.1718231842897,13.6524108379174],[-89.1717573397724,13.6523492311129],[-89.1716648799491,13.6522732492636],[-89.1715183973005,13.6521746842137],[-89.1714431920941,13.6521250324286],[-89.1713578266555,13.6520684268127],[-89.1712734733576,13.652011821366],[-89.1712358592174,13.6519710846522],[-89.1711424720501,13.6515958058586],[-89.1712098007298,13.6515788670194],[-89.1719730488104,13.651426898739],[-89.1721454240214,13.6513925774908],[-89.1724387497358,13.6513341801811],[-89.1725080086724,13.6513166756027],[-89.1729823775168,13.6511968114186],[-89.1731314569493,13.6511591370518],[-89.173277394342,13.6511222611391],[-89.1745866714767,13.6508216390577],[-89.1749728069123,13.6507503998863],[-89.1750142355571,13.6510326836416],[-89.1750730520137,13.6511634732098],[-89.175056881371,13.6512078858061],[-89.1750014005275,13.6512483176096],[-89.1748975399632,13.6512929589011],[-89.1746841247341,13.6513892234592],[-89.174447518983,13.6515329496828],[-89.1745374791162,13.6515427988546],[-89.174537640856,13.651568937548],[-89.174544360693,13.6517859640662],[-89.1745506247339,13.6519878678546],[-89.1746398125465,13.6520154239175],[-89.1747067910172,13.6520361189018],[-89.1746134982663,13.6524714607555],[-89.1746069805632,13.6525018985912],[-89.1747192258739,13.6525305120778],[-89.1748155274679,13.6525657831808],[-89.1748801128769,13.6526010758993],[-89.1749622100333,13.6526513418008],[-89.175043221116,13.6527176670289],[-89.1751165618052,13.6527657543998],[-89.1751551143735,13.65282067014]]]]}},{"type":"Feature","properties":{"text_1":"RES BRISAS DE SAN MARCOS","zona":4},"geometry":{"type":"MultiPolygon","coordinates":[[[[-89.1797909231064,13.6552176230612],[-89.1797741045026,13.6552551587057],[-89.1797630022017,13.6552799262843],[-89.1797830898175,13.6552843723158],[-89.1797765172572,13.65531603239],[-89.1797566655409,13.6553118537382],[-89.1797385155825,13.6554033618594],[-89.1797285778806,13.6554535081184],[-89.1795198811218,13.6554333247535],[-89.1794893627513,13.6554034968375],[-89.1794497022608,13.6554005456439],[-89.1794146520137,13.6554349011098],[-89.17934793898,13.6554295634699],[-89.1793502139397,13.6553838283939],[-89.1793680946064,13.6552492906273],[-89.1793095504201,13.6552448897799],[-89.1792541592217,13.6552407288637],[-89.1791988623173,13.6552365850404],[-89.1791434794409,13.6552324231894],[-89.1790881825335,13.6552282703023],[-89.1790328856357,13.6552241273455],[-89.1790313243947,13.6552240082642],[-89.1789775887322,13.6552199744335],[-89.1789223010738,13.6552158215023],[-89.1788497963405,13.6552103767621],[-89.1787477596602,13.6552031574312],[-89.1786698372539,13.6551936246482],[-89.1786148036779,13.6551868890383],[-89.1785597793556,13.6551801633522],[-89.1783945067217,13.6551599384586],[-89.1782843536447,13.6551464680694],[-89.1781763048026,13.6551361055015],[-89.1781210170521,13.6551317860738],[-89.1780638362251,13.6551273297086],[-89.1780090488758,13.6551210285578],[-89.1779543576017,13.6551170973352],[-89.1777849262977,13.6551037807909],[-89.177731106293,13.6550993770561],[-89.1776764996521,13.6550948997587],[-89.1776212404127,13.655090366879],[-89.1775665016006,13.6550858896526],[-89.1775080237458,13.6550811005579],[-89.1774902551618,13.6550765125631],[-89.177561760441,13.6548992760387],[-89.1776043976828,13.654783084031],[-89.1776443947034,13.6546810832496],[-89.1777004136895,13.6546893730621],[-89.1777299387023,13.6546942942172],[-89.1777598504256,13.6546984567221],[-89.1777812143256,13.6547003385514],[-89.1778103484888,13.6547029830704],[-89.1778550695072,13.6547024138171],[-89.1778542803719,13.654696592407],[-89.1779918186248,13.6546785460805],[-89.178102234322,13.6546888229532],[-89.1782674536452,13.6547025960871],[-89.1782991933223,13.6546575618694],[-89.1784033048456,13.6545308011044],[-89.1784622843261,13.6544854515286],[-89.1785430700074,13.6545023309565],[-89.178618195304,13.6545180294644],[-89.1786251619487,13.6545194869045],[-89.1787133355014,13.6544802896564],[-89.1787366486759,13.6544699240309],[-89.1787969089028,13.654466788907],[-89.1788115030458,13.6544660289674],[-89.1788732803476,13.6544778684367],[-89.1789353406082,13.6545020087775],[-89.1790868206668,13.6545456505906],[-89.1791565276998,13.654568555107],[-89.179234035137,13.6545929426316],[-89.1793001062285,13.6546137301259],[-89.1793623239097,13.6546332974445],[-89.1793486530263,13.6546654254791],[-89.1793208286708,13.6547307738016],[-89.1793048428231,13.6547683088074],[-89.1792906330906,13.6548016954519],[-89.179261789338,13.654870867078],[-89.1792431429329,13.6549685211009],[-89.1792719091397,13.6549843282186],[-89.1792701317681,13.6550123005121],[-89.1792647257297,13.6550477452304],[-89.1792654550333,13.6550477817584],[-89.1794490624961,13.6550951022749],[-89.1795529786083,13.655122145952],[-89.1795512867581,13.6551628178948],[-89.1795651385636,13.6551678985112],[-89.1796101804415,13.6551915883138],[-89.1796361604043,13.6551898754398],[-89.1796673175706,13.655176293365],[-89.1797909231064,13.6552176230612]]]]}},{"type":"Feature","properties":{"text_1":"COLONIA VALENCIA 2","zona":4},"geometry":{"type":"MultiPolygon","coordinates":[[[[-89.1779500509509,13.6533283657095],[-89.1779447306701,13.6533637552014],[-89.1779197713847,13.6534131999925],[-89.1778962293981,13.6534838943032],[-89.1778950858672,13.6534873290237],[-89.1778671191834,13.6535640437546],[-89.1778316973485,13.6536582108349],[-89.1778633249572,13.6536911665331],[-89.1776959191752,13.6537259229676],[-89.1776702654547,13.653721276507],[-89.1776651219614,13.6537533892488],[-89.1776139134939,13.653848224833],[-89.1775506868137,13.6539718734728],[-89.1775000923509,13.6541027043584],[-89.1774688326782,13.6542070218208],[-89.1774568983848,13.6542710812631],[-89.1774403759362,13.6543621993692],[-89.1774404015452,13.6543961405687],[-89.1774266125504,13.6544484642844],[-89.1774201946613,13.6544980809421],[-89.1774156069502,13.6545269528169],[-89.1774202266495,13.6545404816803],[-89.1774246978295,13.6545445974991],[-89.1774102098801,13.6545489113908],[-89.1773905913559,13.6545510731956],[-89.1772939110701,13.6545557618158],[-89.1771882394206,13.6545607804709],[-89.1772038111424,13.6544368978159],[-89.1772192234302,13.6543664028666],[-89.1770665883704,13.6543471966039],[-89.1769668467641,13.6543333104714],[-89.1769546733697,13.6543316162954],[-89.176956603475,13.6543183231458],[-89.17696425966,13.654265771569],[-89.176958631859,13.6541580287472],[-89.1769433214855,13.654099940172],[-89.1769410126375,13.6540889550021],[-89.1769005939362,13.6540078749642],[-89.176885702736,13.653978637475],[-89.1768502522355,13.6539345032325],[-89.1768370318594,13.6538999234292],[-89.1768762059231,13.6538476266828],[-89.1768836462478,13.6538361906879],[-89.1768930374365,13.6538021966153],[-89.176903717749,13.6537444969955],[-89.1769089879524,13.6537160404295],[-89.1769006780027,13.653678504979],[-89.1769014633044,13.6536153701312],[-89.176885433707,13.6535705738295],[-89.1768790890229,13.6535541953147],[-89.1768630628849,13.6535127587829],[-89.1768451982185,13.6534564310148],[-89.1768428912315,13.653446676946],[-89.1768241951985,13.6533676457648],[-89.1768084616987,13.6533011069786],[-89.1768015973177,13.653272095109],[-89.1768090245869,13.6532433133998],[-89.1768255306416,13.6531793428961],[-89.1768311736323,13.6531574302557],[-89.1768177538978,13.6530211381134],[-89.1768090962175,13.6529365733036],[-89.1768090574848,13.6528850549886],[-89.1768546084753,13.6528430933019],[-89.1768955270875,13.6528579284074],[-89.1769493562215,13.6529132495719],[-89.1770061799726,13.6529843677323],[-89.1770588026689,13.6530454466419],[-89.1771046614819,13.6530980518858],[-89.1771475138719,13.6531301851839],[-89.1771853692259,13.653149650385],[-89.1772172573604,13.6531642515076],[-89.1772491311076,13.6531720219095],[-89.1772929543736,13.6531739436332],[-89.1773367739618,13.6531709870359],[-89.1773921354853,13.6531610060797],[-89.1776232684872,13.6532524633578],[-89.1776950065417,13.6532826323222],[-89.1777298787098,13.653300147184],[-89.1777587699769,13.6533069470854],[-89.1778175326671,13.653313736232],[-89.1779500509509,13.6533283657095]]]]}},{"type":"Feature","properties":{"text_1":"COLONIA LINDA VISTA","zona":4},"geometry":{"type":"MultiPolygon","coordinates":[[[[-89.1796954208311,13.6521434002754],[-89.179683424375,13.6521505733055],[-89.1796675494489,13.6521962803641],[-89.1795619791204,13.6522453864944],[-89.179556119105,13.6525407734008],[-89.179550933122,13.6525422857865],[-89.1795445828816,13.652543049694],[-89.1794887037293,13.6525684329633],[-89.1794690915279,13.6525798499006],[-89.1794535767521,13.652588885701],[-89.1794243816379,13.6526065862678],[-89.1793976395311,13.6526254131013],[-89.1793257643294,13.6526760212224],[-89.1790441430553,13.6524686263764],[-89.1790025376483,13.6524586794831],[-89.1790047880585,13.6525797906057],[-89.1790207404804,13.6527218937308],[-89.179063179769,13.6529699293131],[-89.17910643065,13.6531900122763],[-89.178980028934,13.6531906041608],[-89.1789132727573,13.6531398566073],[-89.1788019989774,13.6530577175335],[-89.1787451300328,13.6530142192061],[-89.1785893534662,13.652920005623],[-89.1785366684555,13.6528893422153],[-89.1785070773685,13.652959051214],[-89.1783887875323,13.6532352115907],[-89.1783495023776,13.6533269193424],[-89.17828877016,13.6534812870109],[-89.1782766224017,13.6535121457198],[-89.1782413446743,13.6534840240337],[-89.1781790877972,13.653425617942],[-89.1781155923705,13.653380606633],[-89.1780359356105,13.6533538783217],[-89.177950050944,13.6533283566706],[-89.1778175326671,13.653313736232],[-89.1777587607339,13.6533069470921],[-89.1777298787098,13.653300147184],[-89.1776950065417,13.6532826323222],[-89.1776232684872,13.6532524633578],[-89.1773921354853,13.6531610060797],[-89.1773367739618,13.6531709870359],[-89.1772929543736,13.6531739436332],[-89.1772491311076,13.6531720219095],[-89.1772172481106,13.6531642424753],[-89.1771853692259,13.653149650385],[-89.1771475138719,13.6531301851839],[-89.1771046614819,13.6530980518858],[-89.1770588026689,13.6530454466419],[-89.1770061799726,13.6529843677323],[-89.1769493562283,13.6529132586109],[-89.1768955270807,13.6528579193685],[-89.1768546084753,13.6528430933019],[-89.1768119732212,13.6527222236172],[-89.1768061048753,13.6526841124338],[-89.1768645241777,13.6526745370539],[-89.1769774686279,13.6526515845651],[-89.1770105596121,13.6526286795746],[-89.1770201417161,13.6524075774875],[-89.176983047245,13.6523046696395],[-89.1769563044441,13.6520967652366],[-89.1769225038133,13.6521063419093],[-89.1768311223854,13.6521329161384],[-89.1767201331635,13.6521757022063],[-89.1766311688919,13.6522062092745],[-89.1765631251864,13.6522418372163],[-89.1764676435216,13.6522918413794],[-89.1763872375015,13.6523252111772],[-89.1763094140516,13.6523575052709],[-89.176271122328,13.652373396966],[-89.1762731125893,13.6523774404651],[-89.1762084277238,13.6523995807058],[-89.1761318779193,13.652425728255],[-89.1760668714355,13.652447951847],[-89.1759949028665,13.6524747242798],[-89.1759689855601,13.652496809592],[-89.1759430682548,13.6525189030363],[-89.1753781071055,13.6527352649631],[-89.175106884264,13.6525309034139],[-89.1752118391312,13.6523912131851],[-89.1752302372299,13.6523763807331],[-89.1752726877869,13.6523150953898],[-89.1753731258425,13.6521722238915],[-89.1754556778749,13.6520207763124],[-89.175462286819,13.6520112102058],[-89.1754206680546,13.6519706523444],[-89.1753478177811,13.6519317193519],[-89.1753024715055,13.6519062049251],[-89.1752598661489,13.6518874089887],[-89.175224146158,13.6518739953472],[-89.1751829004363,13.6518390557849],[-89.1751347784857,13.6517960782638],[-89.175107286521,13.6517615175675],[-89.1750797821235,13.6517239026188],[-89.1750206563144,13.6516607552826],[-89.1749698135233,13.6516379292715],[-89.1748571208601,13.6515801972697],[-89.1746931288514,13.6515592747862],[-89.1745935243038,13.6515489417045],[-89.1745374791229,13.6515428078936],[-89.174447518983,13.6515329496828],[-89.1746841247341,13.6513892234592],[-89.1748975399632,13.6512929589011],[-89.1750014005207,13.6512483085707],[-89.175056881371,13.6512078858061],[-89.1750730520137,13.6511634732098],[-89.1750142263142,13.6510326836481],[-89.1749728069123,13.6507503998863],[-89.1751291793906,13.6507215483552],[-89.1753671267242,13.6506383262798],[-89.1754015880772,13.6506262781023],[-89.1755375563385,13.6505992839044],[-89.1757540382821,13.6505563018707],[-89.1759056866996,13.6505252323541],[-89.1759134342369,13.6506972197791],[-89.1759165181692,13.6508214686614],[-89.1759289062355,13.6510090666305],[-89.1759309805948,13.6510365923366],[-89.1759504352823,13.6510814323528],[-89.1759563725094,13.6510846034844],[-89.1759790165175,13.6510782555027],[-89.1760253805387,13.6510608033763],[-89.1760771650636,13.6510649865839],[-89.1761462223836,13.6510934450423],[-89.176228637006,13.6511137959222],[-89.1763191453791,13.6511227085192],[-89.1763310196979,13.6511300866272],[-89.1763580165375,13.6511722926789],[-89.1763743091584,13.6512033523524],[-89.1764129193921,13.6512451433157],[-89.1764627323576,13.6512836857739],[-89.1765572110624,13.6512981037644],[-89.176656993098,13.6513183389868],[-89.1767515847904,13.65131949308],[-89.1767940540501,13.6513084576404],[-89.1767971540779,13.6513145548888],[-89.1768307515964,13.6513619761309],[-89.1768624791106,13.6514030127015],[-89.1768979394447,13.6514349199646],[-89.1769641746771,13.6514996444529],[-89.1770393907639,13.6515624651839],[-89.177094349431,13.651596108319],[-89.1772093158338,13.6516432675203],[-89.177275980708,13.6516499670396],[-89.1773380470816,13.6516454236073],[-89.1774001117565,13.6516386312721],[-89.1774805432695,13.651613822808],[-89.177537987367,13.6515800444001],[-89.177632170165,13.6515034852542],[-89.1776551107347,13.6514382337436],[-89.1776848950437,13.6513122301811],[-89.1777262438471,13.6511578676188],[-89.1778266196964,13.6511370434531],[-89.1779496214696,13.6511092700066],[-89.1780500084898,13.6510898250839],[-89.1781659467539,13.6510717481957],[-89.1782243057708,13.6510710388325],[-89.1782262294032,13.6510871430231],[-89.1782644954976,13.6512244538558],[-89.1783137761693,13.6512834523519],[-89.1783913806948,13.6513508618163],[-89.1784344837663,13.6513761359622],[-89.1784738842513,13.6513869369243],[-89.1785342042543,13.651389309247],[-89.1785871318901,13.6513784222782],[-89.178713902913,13.6513542468265],[-89.1787874344949,13.6513296002264],[-89.1789476832659,13.6513309922646],[-89.1790139454515,13.6513429956562],[-89.1790740407695,13.6513610469567],[-89.179128023816,13.6513925056361],[-89.1792726750886,13.6516931791096],[-89.1793173440689,13.6517742186067],[-89.179398132514,13.6518697726914],[-89.1794937656523,13.6519466098269],[-89.1795872778702,13.6520213758449],[-89.1796529081515,13.6520855170382],[-89.1796786809382,13.6521106924468],[-89.1796954208311,13.6521434002754]]]]}},{"type":"Feature","properties":{"text_1":"LOTIFICACION   EL CARMEN 1","zona":4},"geometry":{"type":"MultiPolygon","coordinates":[[[[-89.175462286819,13.6520112102058],[-89.1754556778749,13.6520207763124],[-89.1753731258425,13.6521722238915],[-89.1752726877869,13.6523150953898],[-89.1752302372299,13.6523763807331],[-89.1752118391312,13.6523912131851],[-89.175106884264,13.6525309034139],[-89.1753781071055,13.6527352649631],[-89.1751551143735,13.65282067014],[-89.1751165618052,13.6527657543998],[-89.175043221116,13.6527176670289],[-89.1749622100333,13.6526513418008],[-89.1748801128769,13.6526010758993],[-89.1748155274679,13.6525657831808],[-89.1747192258739,13.6525305120778],[-89.1746069805632,13.6525018985912],[-89.1746134982663,13.6524714607555],[-89.1747067910172,13.6520361189018],[-89.1746398125465,13.6520154239175],[-89.1745506247339,13.6519878678546],[-89.174544360693,13.6517859640662],[-89.174537640856,13.651568937548],[-89.1745374791162,13.6515427988546],[-89.17459353354,13.651548932659],[-89.1746931196085,13.6515592747928],[-89.1748571208601,13.6515801972697],[-89.1749698135233,13.6516379292715],[-89.1750206563144,13.6516607552826],[-89.1750797821235,13.6517239026188],[-89.1751072865278,13.6517615266064],[-89.1751347877212,13.6517960683144],[-89.175182900443,13.6518390648239],[-89.1752241359834,13.6518739854116],[-89.1752598661489,13.6518874089887],[-89.1753024715055,13.6519062049251],[-89.1753478270166,13.6519317094025],[-89.1754206680546,13.6519706523444],[-89.175462286819,13.6520112102058]]]]}},{"type":"Feature","properties":{"text_1":"LOT LAS MERCEDES","zona":4},"geometry":{"type":"MultiPolygon","coordinates":[[[[-89.1801417624859,13.6530374596779],[-89.1800799574707,13.6530373006654],[-89.1799434409122,13.6530048107001],[-89.1799609537637,13.6529217544298],[-89.1797260769894,13.6528741102109],[-89.1796959041869,13.6528751780666],[-89.1797106181905,13.6529697164358],[-89.1797345614567,13.6530777612737],[-89.1796996022295,13.6530819429275],[-89.1795563240725,13.6530828249356],[-89.1795508265575,13.6531460373537],[-89.1794863925905,13.6531371060124],[-89.1794181251719,13.653127650481],[-89.1793066854902,13.6530014993493],[-89.179296573605,13.6528971196183],[-89.1792865082819,13.6527931836645],[-89.1793257643294,13.6526760212224],[-89.1793976395311,13.6526254131013],[-89.1794243816379,13.6526065862678],[-89.1794535767521,13.652588885701],[-89.1794690915279,13.6525798499006],[-89.1794887037293,13.6525684329633],[-89.1795445828816,13.652543049694],[-89.179550933122,13.6525422857865],[-89.179556119105,13.6525407734008],[-89.1795619791204,13.6522453864944],[-89.1796675494489,13.6521962803641],[-89.179683424375,13.6521505733055],[-89.1796954208311,13.6521434002754],[-89.1797339807351,13.652218742396],[-89.17984051401,13.6523773747428],[-89.1800193660932,13.6526073264882],[-89.1800814614003,13.6527018672058],[-89.1801000660441,13.6527724477039],[-89.180106144446,13.6528367254832],[-89.1801187587675,13.6529700839984],[-89.1801417624859,13.6530374596779]]]]}},{"type":"Feature","properties":{"text_1":"COLONIA DELICIAS DEL SUR","zona":5},"geometry":{"type":"MultiPolygon","coordinates":[[[[-89.1830167138951,13.6442961787746],[-89.182894729649,13.6446762323603],[-89.1828703830219,13.6447693461588],[-89.1828312269601,13.6449005863815],[-89.1827546674041,13.6449231818973],[-89.1827450155144,13.6450471437125],[-89.1826852152206,13.6452013355694],[-89.1826498078841,13.6452969749067],[-89.1824296733165,13.6452487853972],[-89.1818160721357,13.6451257199828],[-89.1817986645391,13.645122141681],[-89.1817568840712,13.6450802806811],[-89.1817710665186,13.6450367214742],[-89.1818069829961,13.6449500693073],[-89.1818537463473,13.6449001361471],[-89.182022222235,13.644752232006],[-89.1820221749185,13.6447520006441],[-89.1820055654931,13.6447526610305],[-89.181968333614,13.6447541411433],[-89.1819115235595,13.6447490924437],[-89.1818264556972,13.6447842915398],[-89.1813637541077,13.6446086414008],[-89.1814103392892,13.6445481663361],[-89.1814333329198,13.6443826083578],[-89.1814363400139,13.6441579838787],[-89.1813934209117,13.6437683710979],[-89.181449042218,13.6437915158553],[-89.1815492271724,13.643833213578],[-89.1817409719885,13.6439130150647],[-89.1817527581588,13.6439536861183],[-89.1817845024938,13.6439795971894],[-89.1817982415926,13.6439879272654],[-89.1819828215363,13.6440793959049],[-89.1820823085693,13.6441242593646],[-89.1821609356781,13.6441436574565],[-89.1821827259366,13.6441482782915],[-89.1821992957177,13.6441573456333],[-89.1822891798374,13.6441820484339],[-89.1823880466888,13.6442089003273],[-89.1824772872531,13.6442212924957],[-89.1825608014062,13.6442328835133],[-89.1826436047394,13.6442443828333],[-89.182737606709,13.6442574285018],[-89.1828342394229,13.6442708418712],[-89.1830167138951,13.6442961787746]]]]}},{"type":"Feature","properties":{"text_1":"LOTIFICACION EL CARMEN 3","zona":5},"geometry":{"type":"MultiPolygon","coordinates":[[[[-89.1731314569493,13.6511591370518],[-89.1729823775168,13.6511968114186],[-89.1725080086724,13.6513166756027],[-89.1724387497358,13.6513341801811],[-89.1721454240214,13.6513925774908],[-89.1719730488104,13.651426898739],[-89.1718650272348,13.6512449670565],[-89.1718758436606,13.651035572438],[-89.1718826668298,13.6510344106844],[-89.1718759176114,13.6509419958493],[-89.171871969263,13.6508878978374],[-89.1718621884901,13.6508183843726],[-89.1718525034174,13.6507495451454],[-89.1718524077225,13.6507488700034],[-89.1718454519839,13.6506457550127],[-89.1718450791423,13.6506402107869],[-89.1718410852702,13.6505237938283],[-89.171838173065,13.6504760259651],[-89.1718286385912,13.6504070763556],[-89.1718262979417,13.6503901399199],[-89.1718188836082,13.6502690784302],[-89.1718192948545,13.6502614049859],[-89.1718199295207,13.6502495843194],[-89.171824972059,13.650155476382],[-89.171823865394,13.650143684953],[-89.1718111895484,13.6500105574404],[-89.1717930551238,13.6499321455461],[-89.1717749994624,13.6498843602391],[-89.17177424009,13.6498823613557],[-89.1717512058601,13.6498213908057],[-89.1717324520091,13.6498022070005],[-89.1717098356907,13.649781905966],[-89.1716841896031,13.6496692155083],[-89.1716276618275,13.6495456799879],[-89.1716069554505,13.6494713789762],[-89.1715849463637,13.649426920032],[-89.1715809179626,13.6494187959308],[-89.171564170069,13.6493859772777],[-89.1715299785637,13.6493396937304],[-89.1715108854769,13.6492849120822],[-89.1714786464292,13.6492416452681],[-89.1714262096248,13.649057101224],[-89.1713746251841,13.6488980563308],[-89.1716357427505,13.6488046953847],[-89.171763529802,13.6487590019881],[-89.1718290900081,13.6487314018768],[-89.1718439431392,13.6486845562224],[-89.1719546414396,13.6486456502582],[-89.1721140065386,13.6485939472006],[-89.1722796557312,13.6485422387332],[-89.1724202058354,13.6485040618755],[-89.1725671874878,13.6484602247582],[-89.172571970425,13.6484775852085],[-89.1725832060083,13.6485305672142],[-89.1726094872455,13.6486443309639],[-89.1725562815589,13.6486763842358],[-89.1724989343875,13.6487125223875],[-89.1724396719332,13.6487459221655],[-89.172356852528,13.6487795517607],[-89.1722928211251,13.6490847070032],[-89.172389945849,13.6493021610565],[-89.1724207424242,13.6493910238937],[-89.1724225927527,13.6497199487619],[-89.1724287750494,13.6497738409211],[-89.1724563134459,13.6500137431261],[-89.1724853480367,13.6502293204861],[-89.1724943736772,13.6502759451476],[-89.1726097665545,13.650469321013],[-89.1724771134548,13.6505001067179],[-89.1723682972984,13.6505253591785],[-89.172262178647,13.6505499796869],[-89.1722946284202,13.6506861484818],[-89.1723135980382,13.6507662816699],[-89.1723249242058,13.650814153906],[-89.1725405508032,13.6507784046463],[-89.172977956033,13.6507058924862],[-89.1730416353172,13.6509892808447],[-89.1731314569493,13.6511591370518]]]]}},{"type":"Feature","properties":{"text_1":"LOTIFICACION MALENA","zona":5},"geometry":{"type":"MultiPolygon","coordinates":[[[[-89.1704301660969,13.6491548410672],[-89.1703752444973,13.6492876358634],[-89.1702583150528,13.6495703916569],[-89.1700661877009,13.6500349472029],[-89.1700657820409,13.6500632059244],[-89.1700620814429,13.6500635320778],[-89.1700231325086,13.6500743144464],[-89.1698444174384,13.65009593978],[-89.1697534600991,13.6501069523592],[-89.1697460118453,13.6500808277303],[-89.1691417300223,13.6479609453109],[-89.1700736710863,13.647492066358],[-89.1702043835095,13.6488875857916],[-89.1704301660969,13.6491548410672]]]]}},{"type":"Feature","properties":{"text_1":"COLONIA SAN LUIS 2","zona":5},"geometry":{"type":"MultiPolygon","coordinates":[[[[-89.1692191807183,13.6502796552391],[-89.1691821832218,13.650463086228],[-89.1691670154567,13.6505616988518],[-89.1691621608114,13.6506011237236],[-89.1690409543173,13.6505866842069],[-89.1688366255831,13.6505396747546],[-89.1688392657619,13.6505132204818],[-89.1688496840438,13.6504034200268],[-89.1688570200395,13.6503261004094],[-89.168862392902,13.6502694505818],[-89.168844091691,13.6501942681996],[-89.1688231781314,13.6501340732693],[-89.1687992590633,13.6500652165755],[-89.1687501464912,13.6499328081053],[-89.1687269325674,13.6498702176177],[-89.1687023503906,13.6498020184997],[-89.1686774663014,13.6497329681179],[-89.1686487786336,13.6496533691862],[-89.1686285201502,13.6495823903322],[-89.1685680763657,13.6493807458809],[-89.1685473191686,13.6492999384167],[-89.1685320101408,13.6492403868063],[-89.1685056213777,13.6491725504628],[-89.1684774469124,13.6491085740638],[-89.1684472811023,13.6490400831704],[-89.1686389661337,13.648983953741],[-89.1686655280603,13.6489761792083],[-89.1687875069691,13.6493314009265],[-89.1688134830945,13.6493251353793],[-89.1689900109896,13.6492895914237],[-89.1690470484877,13.6494517614425],[-89.1690726831612,13.6495246528216],[-89.1691027900044,13.6496290562944],[-89.1691228479916,13.6496986468658],[-89.1691466735169,13.6497812952099],[-89.1691677655993,13.6498544572554],[-89.1691785253958,13.6499305613516],[-89.1691883329408,13.6499998995512],[-89.1692123380223,13.6501483286566],[-89.1692158891573,13.6502164581337],[-89.1692191807183,13.6502796552391]]]]}},{"type":"Feature","properties":{"text_1":"COLONIA BELLO SAN JUAN ETAPA I","zona":5},"geometry":{"type":"MultiPolygon","coordinates":[[[[-89.1924782394944,13.6671373391064],[-89.1922742228138,13.6674150545625],[-89.1921968698196,13.6674711030944],[-89.1921195246143,13.6675469134188],[-89.1920085976208,13.6676951960983],[-89.1918203465506,13.6679456311064],[-89.1916734410441,13.6681285951595],[-89.1916321150867,13.6681287385441],[-89.1916129384699,13.6681288086238],[-89.1916106386836,13.6681288203585],[-89.1916083287213,13.6681288221582],[-89.1915736955363,13.6681295062701],[-89.1914398253148,13.6681289253659],[-89.1912664837591,13.6681380295765],[-89.1912409397176,13.6681648073997],[-89.1910364156025,13.6680881797072],[-89.1910100837985,13.6680783061428],[-89.1908302491684,13.6679479190195],[-89.1908187675224,13.6679123118145],[-89.1908893790073,13.6677028520162],[-89.1909457424801,13.6675356196037],[-89.1909756939908,13.6674578560838],[-89.1910060614774,13.6673790003335],[-89.1910361448602,13.6673009040705],[-89.1910670786541,13.6672205663908],[-89.1910202343235,13.6671852451796],[-89.1911817698443,13.6669516032896],[-89.1912270314205,13.6668456724556],[-89.1912452516113,13.6668324316136],[-89.1912657432166,13.6668434115418],[-89.1912971904787,13.6668012999924],[-89.1913334480232,13.6667955148883],[-89.1913626567676,13.6667594222912],[-89.1913893259023,13.6667773393043],[-89.1914418538517,13.6667363601781],[-89.1915513747252,13.6667218722571],[-89.1916012435215,13.6667174929124],[-89.1916524295411,13.6666904627674],[-89.1917946601516,13.6664876112794],[-89.1917939876288,13.6664745053479],[-89.191790476554,13.6664060146504],[-89.1918323680446,13.6664037701491],[-89.1918723100913,13.6664015352968],[-89.1919559700542,13.6663969532543],[-89.1920364032595,13.6663925499623],[-89.1920683376909,13.666761546784],[-89.1920583869108,13.6668394520982],[-89.1924574405289,13.6671213609888],[-89.1924782394944,13.6671373391064]]]]}},{"type":"Feature","properties":{"text_1":"ALTOS DE CALI FORNIA","zona":5},"geometry":{"type":"MultiPolygon","coordinates":[[[[-89.1931098906542,13.6709985956861],[-89.193096926783,13.6710035483541],[-89.1930694427153,13.671192843389],[-89.1930175330964,13.6713415890506],[-89.1928983977627,13.6712581663972],[-89.1927492397836,13.6711541918944],[-89.1924203959077,13.6709663428786],[-89.1924444980027,13.6708999032251],[-89.1925387641371,13.6705750045201],[-89.1925762473017,13.6705864989079],[-89.1927429718247,13.6706085633977],[-89.1928904350456,13.6705975350769],[-89.1930697157789,13.6709489881186],[-89.1931098906542,13.6709985956861]]]]}},{"type":"Feature","properties":{"text_1":"LOTIFICACION SANTA ROSA","zona":2},"geometry":{"type":"MultiPolygon","coordinates":[[[[-89.1666152351693,13.6621492957101],[-89.1664697120148,13.6622353717194],[-89.1662484989369,13.6623921399162],[-89.1660026423675,13.6625403818506],[-89.1658405501923,13.662646294672],[-89.1656649371841,13.6627594367969],[-89.1652331946858,13.6630463347469],[-89.1649568085376,13.6632179852916],[-89.1647517511249,13.6633473253008],[-89.1646856130966,13.6632471377455],[-89.164606892292,13.6631947004459],[-89.1643539600016,13.6633523405313],[-89.1643256937461,13.6632662888667],[-89.1642592861861,13.6630366574885],[-89.1642562924043,13.6629508393115],[-89.164213605174,13.6628706662454],[-89.1641838418339,13.6627822925558],[-89.1641672755382,13.6627526197497],[-89.1641314944322,13.6627762641807],[-89.1639069542587,13.6624526717927],[-89.1638517036193,13.6624081873316],[-89.1637612053138,13.6622838953526],[-89.1636627219718,13.6621093765739],[-89.1635506882324,13.6619536749852],[-89.1634217732803,13.6617908664009],[-89.1633265577336,13.6616733339986],[-89.1632889449845,13.6615802633548],[-89.163263846605,13.6614896375643],[-89.1632662668226,13.6613769366899],[-89.16325137207,13.6612582581108],[-89.1632619102381,13.661099679243],[-89.1632699231794,13.6609438327131],[-89.1632680974575,13.6609049692092],[-89.163261430206,13.6607637194602],[-89.1632811193709,13.6607385582583],[-89.1633186192967,13.6606148011593],[-89.1634210293039,13.6604609003639],[-89.1634927348766,13.6603906282982],[-89.1636772032825,13.6603135896599],[-89.1638958470323,13.6602331864134],[-89.1640359099799,13.6601896175473],[-89.164050164958,13.6601777697426],[-89.1640774205465,13.6602533541316],[-89.1641319348389,13.6603559368043],[-89.1641411960074,13.6604028029341],[-89.164166952103,13.6605123936977],[-89.1641601270917,13.660593461247],[-89.1640769656,13.6606730611981],[-89.1641732211649,13.6607617240646],[-89.1644684751133,13.6606389886236],[-89.1645618402528,13.6605741531426],[-89.1646114422578,13.6605397159439],[-89.1646656220477,13.6605020912524],[-89.1648069242048,13.660403977461],[-89.1649233036573,13.6603190048398],[-89.1649442676932,13.6603036996099],[-89.1650058699557,13.6602545840872],[-89.1649597644686,13.6601726074553],[-89.1652058340593,13.6601801895432],[-89.1652252757001,13.660180667296],[-89.1652472629793,13.660181216552],[-89.1652435015428,13.6602030634785],[-89.1653558559812,13.6602215828578],[-89.1654175877961,13.6601820276284],[-89.1654774499313,13.6602557938906],[-89.1655397423966,13.660354854871],[-89.165563888781,13.660436613878],[-89.1656667303423,13.660561610061],[-89.1657456220087,13.660723617808],[-89.1657372517765,13.6608134614419],[-89.1658309407128,13.660952597004],[-89.165917268108,13.6610808157493],[-89.1659516644055,13.6611479346656],[-89.1660504762411,13.6612897051508],[-89.1661452521818,13.6614256843639],[-89.1661684524043,13.6614813241323],[-89.1663642975685,13.6617925405989],[-89.1663903661102,13.6618351641445],[-89.1664930023169,13.6619767375232],[-89.1665922374879,13.6621136291855],[-89.1666152351693,13.6621492957101]]]]}},{"type":"Feature","properties":{"text_1":"COLONIA BELLO SAN JUAN ETAPA II","zona":5},"geometry":{"type":"MultiPolygon","coordinates":[[[[-89.1935775712569,13.665569484597],[-89.1935242247364,13.6655809762025],[-89.1933295282449,13.6656216888498],[-89.1933559052939,13.6657789898825],[-89.1932858375115,13.6657839973957],[-89.1933093328362,13.6660519824619],[-89.1932375129021,13.6660328420147],[-89.1931823653823,13.6660181500688],[-89.1931366575126,13.6660059680407],[-89.193071167187,13.6659954122742],[-89.1930130527472,13.6659978739996],[-89.1930244368516,13.6660753920139],[-89.1930348691408,13.6661813725743],[-89.1930007865856,13.6661836120559],[-89.1929655114566,13.6661867771517],[-89.192724283828,13.6662040526135],[-89.1927105218005,13.6662047666272],[-89.1927081156362,13.6661561571183],[-89.1924725484859,13.6661753992893],[-89.1924221953503,13.6661785119311],[-89.192414302815,13.6660875791853],[-89.1923613196724,13.6660915073766],[-89.1923544003091,13.6660918743463],[-89.1921389887454,13.6661033902201],[-89.1921010440982,13.6661054192756],[-89.1920235169273,13.6661095618062],[-89.191832326551,13.666120613782],[-89.1918323680446,13.6664037701491],[-89.191790476554,13.6664060146504],[-89.1917659440221,13.6664078849554],[-89.1916718171168,13.6662519038293],[-89.1915860113777,13.6662026560676],[-89.1915898103252,13.6662649078711],[-89.1915158674488,13.6662539696012],[-89.1913828012684,13.666238273133],[-89.1913667979676,13.6661723094937],[-89.1912635221701,13.6660560252944],[-89.1912031533276,13.6659995101958],[-89.1911822651526,13.6659429264295],[-89.1911123853211,13.6659461552186],[-89.1910865001611,13.6659373551399],[-89.1910585549205,13.6659562121859],[-89.1909833832026,13.6660288740162],[-89.1909408706953,13.6661052209513],[-89.1908512287341,13.6662741730985],[-89.1908328441739,13.666304676598],[-89.1907701057938,13.6663489871321],[-89.1907522701017,13.6663564797821],[-89.1906639797836,13.666383510489],[-89.1905234130878,13.6664563891853],[-89.1903099892724,13.6664803412991],[-89.1903051426118,13.6664445617132],[-89.1902076194012,13.6658459676852],[-89.1904201909859,13.6657759313065],[-89.1905547744777,13.6656192076174],[-89.190574764638,13.6656183967008],[-89.1905848303047,13.6655653710238],[-89.1905955563364,13.6655094017571],[-89.1906411574873,13.6655179280909],[-89.1906319389548,13.6654597253956],[-89.1906286502731,13.6654074413179],[-89.1906250254919,13.6653499004555],[-89.1906215252409,13.6652943218494],[-89.1906198949058,13.6652683506353],[-89.1906220420086,13.6652430806264],[-89.1906116603572,13.6651867761038],[-89.1906085659877,13.6651643791155],[-89.1905882926034,13.6651658202682],[-89.1906008599944,13.6650689013865],[-89.1906101727395,13.6649970409563],[-89.1906332216501,13.6649986989092],[-89.1906357388065,13.664974964328],[-89.190664385773,13.6648173057904],[-89.190673542375,13.6647638089802],[-89.1906621538593,13.6647619015555],[-89.1906713297506,13.6647082564917],[-89.1906827182565,13.664710154877],[-89.1906918748574,13.6646566671049],[-89.1906661586054,13.664599485946],[-89.1906243262352,13.6645921787595],[-89.1906327972832,13.6645459018799],[-89.1904592758637,13.6644586695885],[-89.1904653091034,13.6643925595612],[-89.190471463206,13.6643250339425],[-89.1904769714818,13.6643012319653],[-89.1905209689026,13.6641993833073],[-89.1905513030375,13.6641504248126],[-89.1906026858394,13.6641568821808],[-89.1906452975291,13.6640971397463],[-89.19066651522,13.6640463362262],[-89.1906773426757,13.6640106836903],[-89.1906838492598,13.6639459056285],[-89.1906904249665,13.663907099992],[-89.1907109564803,13.6638627761092],[-89.1907462698219,13.6637908774273],[-89.190763665475,13.6637653262273],[-89.1907930121556,13.6637241518957],[-89.1908160378974,13.6636734861587],[-89.1908430277877,13.663621280724],[-89.1908689421726,13.6635730279438],[-89.1909111268627,13.6635238007877],[-89.1909412795979,13.663473628455],[-89.1909703744748,13.6634252348985],[-89.1909920337466,13.6633708678571],[-89.1906909941551,13.6630336788759],[-89.1906811655372,13.6629935807354],[-89.1906786285394,13.6629586137684],[-89.1903700111184,13.6627650535455],[-89.1903925636487,13.6627384254567],[-89.1903139576126,13.6626941973192],[-89.1903286664144,13.6626712035353],[-89.1903531699803,13.6626328739403],[-89.1903776726293,13.6625945633252],[-89.1904021650953,13.6625562436766],[-89.1904266686453,13.6625179240168],[-89.190451171263,13.6624796043553],[-89.1904756738727,13.6624412846912],[-89.1904857869874,13.662424153496],[-89.190603294067,13.6624895847979],[-89.1906119652511,13.6624793405771],[-89.1906456758891,13.6624978451702],[-89.1906706201311,13.662455896915],[-89.1907370041002,13.6624960623778],[-89.1908659232532,13.6625707866723],[-89.1909420120702,13.6626146188748],[-89.1910187716357,13.6626580247989],[-89.191094877417,13.6626999135694],[-89.1911118848391,13.6626870063098],[-89.1912001337397,13.6626346791003],[-89.1912747751501,13.6625864814867],[-89.1913510269245,13.6625408089801],[-89.1915063078842,13.6624652066569],[-89.19156481542,13.6624346076737],[-89.1916890747543,13.6623533827738],[-89.1918079511625,13.6622421364685],[-89.1918435998988,13.6622104353224],[-89.1918719707523,13.6622153737571],[-89.1918702163307,13.6620601178249],[-89.1918701952052,13.6620580162886],[-89.1918702297473,13.6619836637735],[-89.1918702588494,13.6619264346247],[-89.1918701692722,13.661909542729],[-89.1918697769627,13.6618354219433],[-89.1918693763345,13.6617613011638],[-89.1918689961497,13.6616895783981],[-89.1918689562964,13.6616871813031],[-89.1918676553869,13.6616130793034],[-89.1918663553952,13.6615389682637],[-89.191864529163,13.6614350354688],[-89.1918049468223,13.6613782514371],[-89.1918307199777,13.6613432443195],[-89.19203427775,13.6615405500717],[-89.1920403854646,13.661556085947],[-89.1920391399222,13.6615724880712],[-89.1920441545186,13.6615929953115],[-89.1920852039493,13.6616382058439],[-89.19216180179,13.6617157190647],[-89.1922345635598,13.6617885250701],[-89.1922786847437,13.661828244726],[-89.1923229081118,13.6618663065529],[-89.192340941865,13.6618810747266],[-89.1923451723728,13.6619034888856],[-89.192493733612,13.6620717734646],[-89.1925673537094,13.6621528900012],[-89.1926001462148,13.6622409062787],[-89.1926124308525,13.6622852416819],[-89.1926468790981,13.6623712762247],[-89.1926945297289,13.6625025701253],[-89.1927424370681,13.6626346140465],[-89.1927903444528,13.6627666480148],[-89.1928390835253,13.6628972287637],[-89.1928888271547,13.6630286321616],[-89.1929273348348,13.6631603037809],[-89.1929722999614,13.6632930902509],[-89.1932181013764,13.6632695541957],[-89.1932763080105,13.6632754967518],[-89.1933023426961,13.6634327248601],[-89.1932374758574,13.663442142889],[-89.1926666591426,13.6634896474608],[-89.192611238316,13.6634406898955],[-89.1926139419108,13.6634597644533],[-89.1926259579673,13.6639051106685],[-89.1926731216481,13.6643769658482],[-89.1926766239983,13.664411968192],[-89.1926930573667,13.664806200261],[-89.1926981102217,13.6648619629208],[-89.1927284372673,13.6651972972338],[-89.1927882245016,13.6651913642166],[-89.1928020239119,13.6651900942745],[-89.1928958552616,13.6651814409356],[-89.1930486439147,13.6651467688084],[-89.1930730970817,13.6651407242569],[-89.193071842392,13.6651346619238],[-89.1930545956132,13.6650407473619],[-89.1930824266371,13.6650328390408],[-89.1931848356453,13.665003722841],[-89.193242485254,13.6649882019853],[-89.1933807141651,13.6649509866886],[-89.1934349215116,13.6649388562878],[-89.1935197512612,13.6653208156521],[-89.1935775712569,13.665569484597]]]]}},{"type":"Feature","properties":{"text_1":"COLONIA FLORIDA","zona":5},"geometry":{"type":"MultiPolygon","coordinates":[[[[-89.1950357203314,13.6557451314302],[-89.195027945176,13.6558310870648],[-89.195026588253,13.6559870776391],[-89.1950208903132,13.6562718024216],[-89.195000198856,13.6564302325687],[-89.194987506837,13.6565457747387],[-89.1949321030186,13.6565382476473],[-89.1946817858301,13.6564955073656],[-89.1946147421106,13.6564565935657],[-89.1945898645873,13.6564401560556],[-89.1945490100284,13.6564132351672],[-89.1945231192965,13.6563965860369],[-89.1945127065222,13.6563949464748],[-89.1945053323487,13.6563937862843],[-89.1945064433067,13.6563981819457],[-89.194309918349,13.6564270305183],[-89.1942176528166,13.6563105625531],[-89.1941508702697,13.65626652063],[-89.1940509065456,13.6561805750425],[-89.1939933556876,13.6561069530935],[-89.1938863088915,13.6559714019032],[-89.1938336522099,13.6558976187799],[-89.1938253052616,13.6558993102173],[-89.1937427490763,13.6558950157926],[-89.1937140521657,13.6558389752818],[-89.1935075435961,13.6557772997724],[-89.1934763488999,13.6557679843812],[-89.193338233867,13.6557403814262],[-89.1931242028638,13.6555890398053],[-89.1934232813964,13.6554024010223],[-89.193487831864,13.6553560527927],[-89.1935648597299,13.6553010028805],[-89.1936866336145,13.6551511281523],[-89.1937186209228,13.6551117474126],[-89.193766724907,13.6549552111182],[-89.1938586988325,13.6549475856919],[-89.1938457302155,13.6552439691911],[-89.1941131880825,13.6554502103097],[-89.1941431385975,13.6554773803161],[-89.1942509123671,13.6555195947329],[-89.1943862266412,13.6555593893034],[-89.1944940398754,13.6555911075657],[-89.1945707990523,13.6556136776374],[-89.1946662313673,13.6556444149522],[-89.1947650327814,13.6556762414654],[-89.1948756405222,13.6557115756346],[-89.1949592666214,13.6557388141788],[-89.1950357203314,13.6557451314302]]]]}},{"type":"Feature","properties":{"text_1":"COLONIA SANTA MONICA","zona":5},"geometry":{"type":"MultiPolygon","coordinates":[[[[-89.1962108157354,13.6551894922816],[-89.1961602481899,13.6552163556775],[-89.1960207984008,13.6552341361942],[-89.1958199786348,13.655195514618],[-89.1957601106723,13.6551812708159],[-89.1955096031999,13.6551582472623],[-89.1953382427253,13.6551816062849],[-89.1952930322786,13.6552083829926],[-89.1952636152056,13.6551514176453],[-89.195251987221,13.6551344327673],[-89.1951403172822,13.6549816702231],[-89.1951301976,13.6549678125195],[-89.1950596986238,13.6548713759593],[-89.1950286567232,13.654828897677],[-89.1949539072508,13.654753993404],[-89.1949487366703,13.6547506106123],[-89.1948338842529,13.654675358456],[-89.1947403588067,13.6546140753094],[-89.194622798698,13.6545370481427],[-89.194538581505,13.6544818669716],[-89.1945090728933,13.6544625270966],[-89.1944436586599,13.6544239265134],[-89.194343111269,13.6543646011785],[-89.1943320053348,13.6543595752656],[-89.1944066114466,13.6541932431862],[-89.1944517239987,13.6541856826004],[-89.1944685375177,13.6541672777733],[-89.1945424957169,13.6541441817287],[-89.1945868399855,13.6541576327423],[-89.19471794146,13.6541973843668],[-89.1948409579854,13.6542336252759],[-89.1950149926933,13.6542848854478],[-89.1951093015958,13.6542756288846],[-89.195219152882,13.6542778366895],[-89.1953126761232,13.6542797157423],[-89.1954380494565,13.6542822356186],[-89.1955643220654,13.6543524708395],[-89.1956679148443,13.6544100984509],[-89.1958052479731,13.6545094247104],[-89.1957866836309,13.6545508134316],[-89.1957529423199,13.654620055976],[-89.1957360756615,13.6548244018705],[-89.1958574886582,13.6548446871062],[-89.1959459087752,13.6548662007524],[-89.1959983160441,13.6549352083537],[-89.1960381421632,13.6549781332658],[-89.1960580174344,13.6549991645922],[-89.1960705694598,13.6550124463456],[-89.1960892596629,13.6550322294327],[-89.1961730362173,13.6551380131202],[-89.1962108157354,13.6551894922816]]]]}},{"type":"Feature","properties":{"text_1":"COLONIASAN LUIS","zona":5},"geometry":{"type":"MultiPolygon","coordinates":[[[[-89.1965933198135,13.6549176281103],[-89.1965023403928,13.6549936640774],[-89.1964093923445,13.655068831133],[-89.1963717138127,13.6551040055258],[-89.1962108157354,13.6551894922816],[-89.1961730362173,13.6551380131202],[-89.1960892596629,13.6550322294327],[-89.1960705694598,13.6550124463456],[-89.1960580174344,13.6549991645922],[-89.1960381421632,13.6549781332658],[-89.1959983160441,13.6549352083537],[-89.1959459087752,13.6548662007524],[-89.196125294853,13.6547166964984],[-89.1961491573865,13.654696526957],[-89.1962387482069,13.6546245651741],[-89.1963217752996,13.6545578936667],[-89.1963788457067,13.6546335329509],[-89.1964370237547,13.6547106257022],[-89.1965235529615,13.6548253013899],[-89.1965319091887,13.654834781983],[-89.1965580983738,13.6548690448466],[-89.1965933198135,13.6549176281103]]]]}},{"type":"Feature","properties":{"text_1":"LOTIFICACION QUINTA SAN EMILIO","zona":5},"geometry":{"type":"MultiPolygon","coordinates":[[[[-89.1929919038452,13.6504233385543],[-89.1929704432243,13.6506028913699],[-89.19292773768,13.6509602758079],[-89.1926517622168,13.6509436282178],[-89.1926157868334,13.651302182386],[-89.192351893966,13.6512818316835],[-89.1921735956922,13.6512680782332],[-89.1921120431536,13.6512403858175],[-89.1920713455837,13.6511722296444],[-89.1918667668301,13.6508828286762],[-89.1918452190151,13.6508523571388],[-89.1918454077691,13.6508514684636],[-89.1918456621622,13.6508505978152],[-89.191846040448,13.6508497740724],[-89.1918464843803,13.6508489773954],[-89.191846956981,13.6508481996777],[-89.1918474480822,13.6508474400235],[-89.1918480631063,13.6508467643348],[-89.1918486781371,13.6508460967811],[-89.1918493588232,13.6508454671397],[-89.1918500774655,13.6508449115881],[-89.1918508155326,13.6508443740991],[-89.1918515249166,13.650843799573],[-89.1918522907351,13.6508432900831],[-89.1918530954187,13.6508428357004],[-89.1918539186256,13.6508424274019],[-89.1918547510909,13.650842038078],[-89.1918556020721,13.6508416857993],[-89.1918564826909,13.6508414076167],[-89.19185734296,13.6508411104682],[-89.1918582143057,13.6508407952332],[-89.1918590847419,13.6508404980768],[-89.191859973717,13.6508402659863],[-89.1918608728975,13.6508400808903],[-89.191861790608,13.6508399500136],[-89.1918626990314,13.6508397649105],[-89.1918645261272,13.6508394950284],[-89.1918654531182,13.6508394102429],[-89.1918663708744,13.6508393354075],[-89.1918672988435,13.6508393166056],[-89.1918682257976,13.6508391866255],[-89.1915484609565,13.6508150370984],[-89.191497846436,13.6512956417696],[-89.1914648771302,13.6512912058205],[-89.1914652723894,13.6512885218511],[-89.1913149012956,13.6512699047755],[-89.1912574916142,13.6512627851685],[-89.1911670852142,13.6512516001769],[-89.1911322896255,13.6512472867248],[-89.1910492376114,13.6512370025793],[-89.1909277451871,13.6512219549043],[-89.1909238120618,13.6512500771998],[-89.1909204530241,13.6512749133945],[-89.1909069405067,13.6512665285166],[-89.1908518058721,13.651240488545],[-89.190685647976,13.6512229752405],[-89.1905680619267,13.6507007114051],[-89.1905129350843,13.650567700904],[-89.1903977113463,13.6499347623437],[-89.1903717046327,13.6497393352523],[-89.1904004332781,13.6497314455152],[-89.1905747399864,13.6497381502584],[-89.1908581319243,13.6497522029584],[-89.1908602052629,13.6497524146682],[-89.1908615779573,13.6497525799193],[-89.1908629405748,13.6497528563573],[-89.1908642847221,13.6497531517912],[-89.1908656390365,13.6497534472174],[-89.1908669831984,13.6497537607292],[-89.1908683080407,13.6497541854351],[-89.1908696245644,13.6497546101474],[-89.1908709217083,13.6497550719343],[-89.1908735151246,13.6497560605893],[-89.1908748122831,13.6497565404541],[-89.1908760439233,13.6497571505306],[-89.190877255274,13.6497578157603],[-89.1908784675343,13.6497584629114],[-89.1908796604147,13.6497591471373],[-89.190880834847,13.6497598774761],[-89.1908819714211,13.6497606539427],[-89.1908830701451,13.6497614864803],[-89.1908841208431,13.6497623642498],[-89.1908862517948,13.649764093553],[-89.1908872655597,13.6497650183537],[-89.1908882506872,13.6497659621584],[-89.190889226594,13.6497669330871],[-89.1908901830981,13.6497679130697],[-89.1908910832591,13.6497689400986],[-89.1908919732604,13.6497699761743],[-89.1908928069179,13.6497710583924],[-89.1908936313399,13.6497721496565],[-89.190894361538,13.6497733060742],[-89.1908951286853,13.6497744353464],[-89.1908958588834,13.6497755917641],[-89.1908965317979,13.649776775343],[-89.1908971760678,13.6497779688871],[-89.1908978489831,13.6497791533699],[-89.1908984461373,13.6497803749713],[-89.1908989675297,13.6497816327871],[-89.1908994898471,13.6497828915062],[-89.1908999825875,13.6497841502483],[-89.1909004282114,13.6497854361438],[-89.1909008645926,13.6497867220464],[-89.1909012732461,13.6497880088744],[-89.1909015765606,13.64978933194],[-89.1909019186804,13.6497906368976],[-89.1909022035167,13.6497919690165],[-89.1909024412152,13.6497933020758],[-89.1909026410256,13.6497946442036],[-89.1909028223576,13.6497959953845],[-89.1909029463768,13.6497973375711],[-89.1909030325151,13.6497986978649],[-89.1909030807504,13.6498000491492],[-89.1909031105001,13.6498014004479],[-89.1909031208472,13.6498027608006],[-89.1909030461529,13.6498041121804],[-89.1909029622232,13.6498054726062],[-89.1909028311403,13.6498068149908],[-89.1909027093077,13.6498081664072],[-89.190902501502,13.6498094998124],[-89.1908734765606,13.6500581628363],[-89.1908534184963,13.6502299300434],[-89.1908497533382,13.6502613667108],[-89.1913051901567,13.6503045425563],[-89.1917459370928,13.6503449811752],[-89.1923461414521,13.6504051935593],[-89.1925718487576,13.6504317206544],[-89.1926219064795,13.6504072085148],[-89.1929919038452,13.6504233385543]]]]}},{"type":"Feature","properties":{"text_1":"COLONIA MARABU SUR","zona":5},"geometry":{"type":"MultiPolygon","coordinates":[[[[-89.1810197622759,13.6494446738713],[-89.1809351363469,13.6494535852764],[-89.1807569603404,13.6494723663598],[-89.1805446662681,13.6494947364205],[-89.1804249526159,13.6495252113985],[-89.1802462378119,13.6495707242722],[-89.1800668039678,13.6496163948201],[-89.1800508867649,13.6496198403688],[-89.1800142169056,13.6493797052541],[-89.1800170923506,13.6492529247638],[-89.1800716412843,13.6491101129357],[-89.1801515417839,13.6490246418389],[-89.1801640417904,13.6489836754288],[-89.1801543969012,13.6488846997571],[-89.180152823386,13.6488685031265],[-89.1801514722238,13.6488590258821],[-89.1801513193416,13.6488452623977],[-89.180112456906,13.6486833039917],[-89.1800595088571,13.6486666451306],[-89.180050864773,13.6486639307384],[-89.1800286897316,13.648664261529],[-89.1798763685155,13.6486665667482],[-89.1798543466654,13.6485336408127],[-89.1798320016201,13.6483986596555],[-89.1798101174276,13.6483224077793],[-89.1798253704243,13.6483171115563],[-89.1797844428561,13.6482148080062],[-89.1797451049005,13.6481606437876],[-89.1797477135732,13.6481562823992],[-89.179691272129,13.6481387094633],[-89.179628008481,13.6480858769702],[-89.1795506711695,13.6480212815153],[-89.1795060880502,13.6479526072588],[-89.1794698147163,13.6478967278791],[-89.1794306801732,13.6478364359624],[-89.1793658649561,13.6478710544893],[-89.1793034047442,13.6479044211963],[-89.1792807068881,13.6479135734042],[-89.1792895003113,13.6479521912959],[-89.1792647545943,13.6479581515373],[-89.1791351790724,13.6480377723826],[-89.1787124988186,13.648297522871],[-89.1786324373878,13.6483467104033],[-89.1786050499776,13.6483635580947],[-89.1785338528108,13.6484072977133],[-89.178527977141,13.6484109021897],[-89.1784614629373,13.6484517784662],[-89.1784084858501,13.6484843417317],[-89.1784021859445,13.6485269513541],[-89.1783711252995,13.6485412093157],[-89.1782672186408,13.6485860274254],[-89.1782574824704,13.6485655323559],[-89.178237395412,13.6485232202639],[-89.1782075722059,13.6484604221376],[-89.1780499985333,13.6484140255023],[-89.178026135076,13.6484598223079],[-89.1779994898898,13.6484071752987],[-89.1779723522861,13.6483535849773],[-89.1779349224397,13.648381278457],[-89.1779029395873,13.6484043942858],[-89.1778433410724,13.6483662849267],[-89.1777089137827,13.6481395119026],[-89.177694610463,13.6481234256912],[-89.1777300476007,13.6481129131009],[-89.1778340187157,13.648078915688],[-89.1778914430755,13.6480581315892],[-89.1779017381026,13.6480171668879],[-89.1778714658976,13.647898213714],[-89.1778674922325,13.6478759464432],[-89.1778482736638,13.6477682505036],[-89.1780304344014,13.6476998285793],[-89.1781007452503,13.647673416495],[-89.1782966911702,13.647599820441],[-89.1783267418683,13.6475885343208],[-89.1783599163982,13.6475769675318],[-89.1784295568351,13.6475526763753],[-89.1784988572155,13.6475285047601],[-89.1784794901568,13.6474751592308],[-89.1784340124585,13.6473378717223],[-89.1785019323504,13.6473154971453],[-89.1785720191219,13.6472924267854],[-89.1786427674908,13.6472691344706],[-89.1787969355752,13.6472183835574],[-89.1787561978631,13.647079259563],[-89.1790183916442,13.6470256531959],[-89.1796506972964,13.6468742842095],[-89.1796824922251,13.6470158026804],[-89.1798082769293,13.6469922745674],[-89.1799223886037,13.6469513450244],[-89.1801121451521,13.6468798987982],[-89.1802177580163,13.6468401413663],[-89.1802806099478,13.6468251747132],[-89.1803462368046,13.646825024451],[-89.1804109366183,13.6468248757552],[-89.1805039532921,13.6468246682948],[-89.1806333173759,13.6468274332232],[-89.1806956993249,13.646828757695],[-89.18076038091,13.6468301446371],[-89.1807665408093,13.6469511146018],[-89.1807834538886,13.6470001863367],[-89.1807839063733,13.6471583683981],[-89.1807635558752,13.6472920295429],[-89.1807180542856,13.6473586863182],[-89.1807359208081,13.6474288515343],[-89.1807548852362,13.6475000337267],[-89.1807571095432,13.6474994861396],[-89.1807784955793,13.6475682594797],[-89.1808005830615,13.6476393191544],[-89.18082758596,13.6477261472624],[-89.1808365501337,13.6478134143675],[-89.1808546842537,13.6478997401014],[-89.1808701494793,13.6479733680832],[-89.1809322640592,13.6479595497524],[-89.1809631560713,13.6481180248679],[-89.1810070793387,13.6484972430398],[-89.1810138780459,13.6486854098209],[-89.1809873102374,13.6487462216828],[-89.1809074663999,13.648795493857],[-89.1807859797985,13.648833625396],[-89.1808303768317,13.648967312143],[-89.1808932808219,13.6492524580426],[-89.1809258883671,13.6492426322255],[-89.1810197622759,13.6494446738713]]]]}},{"type":"Feature","properties":{"text_1":"LOT MALENA 2","zona":5},"geometry":{"type":"MultiPolygon","coordinates":[[[[-89.1790190864668,13.6489948313802],[-89.1789835255593,13.649054131933],[-89.1789598939217,13.6491068335068],[-89.1788720362344,13.6490846833276],[-89.1788119969628,13.6490775627278],[-89.1787373326646,13.6490811991416],[-89.1785697932046,13.6491228710674],[-89.1785008364038,13.6490267612568],[-89.1784417058304,13.6489198897636],[-89.178381129,13.6488534767036],[-89.1783264692929,13.6488014981429],[-89.1782964665609,13.6487884785136],[-89.1782843699768,13.6488133669708],[-89.178213379431,13.6488921855744],[-89.1781211829237,13.6489903185626],[-89.1780129978,13.6490965529433],[-89.1778922607523,13.6492136620679],[-89.1778872278355,13.649217053504],[-89.1778767140148,13.6492058889778],[-89.1778144942033,13.6491190959623],[-89.1777906324508,13.6490804970497],[-89.1777693109681,13.6490460162479],[-89.1777334738959,13.6489775857289],[-89.1776709078642,13.6488581189606],[-89.1775890859855,13.6488837709239],[-89.1775286619836,13.6489056119612],[-89.1774672344828,13.6489278243045],[-89.1773495628124,13.6489808340091],[-89.1772871540715,13.6486810907632],[-89.1773122497165,13.6486376902686],[-89.1773055672863,13.6486366022789],[-89.177286341121,13.6486068490982],[-89.1772830977764,13.6485614144846],[-89.1773102974188,13.6485331924718],[-89.17730454093,13.6485183691425],[-89.1772950579124,13.6484939491439],[-89.177328971772,13.6484844744765],[-89.1774905290668,13.648455044632],[-89.1775122475333,13.6484510861686],[-89.1775594977406,13.6484415557433],[-89.177583678849,13.6484282926166],[-89.1776199509592,13.6484083852672],[-89.1776507452959,13.6483914891258],[-89.1777106531901,13.6483620213717],[-89.1777298936658,13.6484106658975],[-89.1777899668926,13.6483871682257],[-89.1778433410724,13.6483662849267],[-89.1779029395873,13.6484043942858],[-89.1779349224397,13.648381278457],[-89.1779723522861,13.6483535849773],[-89.1779994898898,13.6484071752987],[-89.178026135076,13.6484598223079],[-89.1780499985333,13.6484140255023],[-89.1782075722059,13.6484604221376],[-89.178237395412,13.6485232202639],[-89.1782574824704,13.6485655323559],[-89.1782672186408,13.6485860274254],[-89.1783711345354,13.64854120027],[-89.1784021859514,13.648526960393],[-89.1784084858501,13.6484843417317],[-89.1784614629373,13.6484517784662],[-89.178527977141,13.6484109021897],[-89.1785338528108,13.6484072977133],[-89.1786050499776,13.6483635580947],[-89.1786324373878,13.6483467104033],[-89.1787087859593,13.6485054673285],[-89.1787178223846,13.64852825878],[-89.1786913266342,13.6485472055791],[-89.1786975442069,13.6485593078193],[-89.1787470488064,13.6487019235134],[-89.1787543793515,13.6487202816987],[-89.1787311911086,13.648733747595],[-89.1786721668202,13.6487668151656],[-89.1786800799837,13.6487929021287],[-89.1787087615391,13.6488479627888],[-89.1787314901382,13.6488778986108],[-89.1787561893621,13.6488981785047],[-89.1787838442914,13.6489097562658],[-89.1788448522124,13.6489327404144],[-89.1788918961812,13.6489521525741],[-89.1789104485614,13.6489670415799],[-89.1789362933301,13.6489877644342],[-89.1789694176666,13.6489974689414],[-89.1789859715125,13.648997456893],[-89.1790190864668,13.6489948313802]]]]}},{"type":"Feature","properties":{"text_1":"LOTIFICACION LAS COLINAS","zona":5},"geometry":{"type":"MultiPolygon","coordinates":[[[[-89.1778433410724,13.6483662849267],[-89.1777899668926,13.6483871682257],[-89.1777298936658,13.6484106658975],[-89.1777106531901,13.6483620213717],[-89.1776507452959,13.6483914891258],[-89.1776199509592,13.6484083852672],[-89.177583678849,13.6484282926166],[-89.1775594977406,13.6484415557433],[-89.1775122475333,13.6484510861686],[-89.1774905290668,13.648455044632],[-89.177328971772,13.6484844744765],[-89.1772950579124,13.6484939491439],[-89.17730454093,13.6485183691425],[-89.1772710261085,13.6485299721897],[-89.1772156632759,13.648549041778],[-89.1771446306032,13.6485735288335],[-89.1770861312062,13.6486005702869],[-89.1770744366901,13.6486059839954],[-89.1770657322633,13.648609007462],[-89.1769107232649,13.6486629332713],[-89.1769057906467,13.6486362430175],[-89.1768910038963,13.6485561803824],[-89.1768665765645,13.6485579659698],[-89.1768421501497,13.6485597425153],[-89.1766476723227,13.6485739324275],[-89.1764679396035,13.6485870477215],[-89.1764400196692,13.6485879373022],[-89.176426898972,13.6483949806777],[-89.176416638551,13.6482298538046],[-89.1763858956299,13.6480381129002],[-89.176410740414,13.6480248774333],[-89.1764438359011,13.6478831095218],[-89.1765846972174,13.6479087766247],[-89.1766846472858,13.6479269851861],[-89.1767355672801,13.6479279383585],[-89.1768378999101,13.6479298461252],[-89.1769903891699,13.6478615855077],[-89.1770240344555,13.6478465946091],[-89.1771683991083,13.6477732670755],[-89.1772239341972,13.6478824464006],[-89.1772577351171,13.6479488790503],[-89.1774233386458,13.647988208275],[-89.1774718052735,13.6479997151259],[-89.1776385667674,13.6479433010897],[-89.1776785069732,13.6481053142489],[-89.1776946104699,13.6481234347301],[-89.1777089137827,13.6481395119026],[-89.1778433410724,13.6483662849267]]]]}},{"type":"Feature","properties":{"text_1":"COLONIA GUADALUPE","zona":5},"geometry":{"type":"MultiPolygon","coordinates":[[[[-89.1801543969012,13.6488846997571],[-89.1801640417904,13.6489836754288],[-89.1801515417839,13.6490246418389],[-89.1800716412843,13.6491101129357],[-89.1800170923506,13.6492529247638],[-89.1800142169056,13.6493797052541],[-89.1800508867649,13.6496198403688],[-89.1798731230188,13.6496582530903],[-89.179196776888,13.6498043967715],[-89.1791448333412,13.649654258032],[-89.1790730542493,13.649456096272],[-89.1790408803397,13.649364273208],[-89.1790037081587,13.64920958794],[-89.1789796721397,13.6491268765235],[-89.1789598939217,13.6491068335068],[-89.1789835255593,13.649054131933],[-89.1790190864668,13.6489948313802],[-89.1789859715125,13.648997456893],[-89.1789694176666,13.6489974689414],[-89.1789362933301,13.6489877644342],[-89.1789104485614,13.6489670415799],[-89.1788918961812,13.6489521525741],[-89.1788448522124,13.6489327404144],[-89.1787838442914,13.6489097562658],[-89.1787561893621,13.6488981785047],[-89.1787314901382,13.6488778986108],[-89.1787087615391,13.6488479627888],[-89.1786800799837,13.6487929021287],[-89.1786721668202,13.6487668151656],[-89.1787311911086,13.648733747595],[-89.1787543793515,13.6487202816987],[-89.1787470488064,13.6487019235134],[-89.1786975442069,13.6485593078193],[-89.1786913266342,13.6485472055791],[-89.1787178223846,13.64852825878],[-89.1787087859593,13.6485054673285],[-89.1786324373878,13.6483467104033],[-89.1787124988186,13.648297522871],[-89.1791351790724,13.6480377723826],[-89.1792647545943,13.6479581515373],[-89.1792894910685,13.6479521913027],[-89.1792806967211,13.6479135734117],[-89.1793034047442,13.6479044211963],[-89.1793658649561,13.6478710544893],[-89.1794306801732,13.6478364359624],[-89.1794698147163,13.6478967278791],[-89.1795060880502,13.6479526072588],[-89.1795506711695,13.6480212815153],[-89.179628008481,13.6480858769702],[-89.179691272129,13.6481387094633],[-89.1797477135732,13.6481562823992],[-89.1797450956509,13.6481606347554],[-89.1797844428561,13.6482148080062],[-89.1798253704243,13.6483171115563],[-89.1798101174276,13.6483224077793],[-89.1798320016201,13.6483986596555],[-89.1798543466654,13.6485336408127],[-89.1798763685155,13.6486665667482],[-89.1800286897316,13.648664261529],[-89.180050864773,13.6486639307384],[-89.1800595088571,13.6486666451306],[-89.180112456906,13.6486833039917],[-89.1801513193416,13.6488452623977],[-89.1801514722238,13.6488590258821],[-89.180152823386,13.6488685031265],[-89.1801543969012,13.6488846997571]]]]}},{"type":"Feature","properties":{"text_1":"COMUNIDAD 10 DE OCTUBRE III ETAPA","zona":5},"geometry":{"type":"MultiPolygon","coordinates":[[[[-89.166605716344,13.6497963297759],[-89.1666141889949,13.6498781653181],[-89.1666090624995,13.6498971433363],[-89.1665852919681,13.6499300358762],[-89.1665574393626,13.6499597106041],[-89.1665496262217,13.650059965885],[-89.1665420617865,13.6501498921994],[-89.1660403107696,13.650110051602],[-89.1655704348109,13.6500531763308],[-89.1654046162599,13.6500424773483],[-89.1653383117177,13.6500765182981],[-89.1652046443391,13.6501328565592],[-89.1651760501427,13.6501176216512],[-89.1651043276472,13.6501191142396],[-89.1650419983021,13.6501662037669],[-89.1650202224161,13.6502245303955],[-89.1650228466141,13.6502550450023],[-89.1650436595477,13.6502957107871],[-89.1650735621379,13.6503274842858],[-89.1651294466643,13.6503477916128],[-89.1651879122079,13.6503515658746],[-89.1652086898975,13.6503420086028],[-89.1653444833509,13.6504540896847],[-89.1652901212776,13.6504722023045],[-89.1652616527486,13.6504740825563],[-89.165147758288,13.6504658007641],[-89.1649531864118,13.6504427085124],[-89.1647301412188,13.6504159228895],[-89.164471516821,13.6503854413394],[-89.1642651875588,13.6503601527131],[-89.1642690075672,13.6503415371747],[-89.1642717627411,13.650328132393],[-89.1642768777075,13.6502672254975],[-89.1642820028314,13.6502063086521],[-89.1642675282665,13.6501199150872],[-89.1642530527943,13.6500335305605],[-89.1642177618133,13.6499554802793],[-89.1641987725319,13.6498828533196],[-89.1641949758384,13.64977334999],[-89.1641889585349,13.6495996020622],[-89.1642079847443,13.6493452380779],[-89.1642704665942,13.6493537950913],[-89.1643033880217,13.6493582988946],[-89.164687053829,13.6495171140505],[-89.1649141952001,13.6495302807052],[-89.1652308384925,13.6495486540186],[-89.1652455192746,13.6495505513703],[-89.1652740882403,13.6495562800333],[-89.1653026562767,13.6495619996546],[-89.1653749330982,13.6495682909714],[-89.1653846826109,13.6495435800849],[-89.1654132980978,13.6495352865913],[-89.1655088877787,13.6495306404334],[-89.1655327565439,13.6495294764216],[-89.1655816167765,13.6495345993383],[-89.1656256684091,13.6495390312933],[-89.1658343622765,13.6496297735789],[-89.1662751956294,13.6496409815626],[-89.1664421480715,13.6496621842477],[-89.1665943836621,13.6496710044023],[-89.1665950021377,13.6497951429906],[-89.166605716344,13.6497963297759]]]]}},{"type":"Feature","properties":{"text_1":"COLONIA 10 DE OCTUBRE II ETAPA","zona":5},"geometry":{"type":"MultiPolygon","coordinates":[[[[-89.1677442691718,13.6500640412217],[-89.1677182137906,13.6501848391292],[-89.1677110655207,13.6502342978575],[-89.1676994435659,13.6503146655827],[-89.1676741910857,13.6503534372612],[-89.1676653974783,13.650431284807],[-89.1676538410483,13.6504985830803],[-89.1676321877135,13.6505412489877],[-89.1676120929461,13.6506322197376],[-89.1675891783135,13.6507104294229],[-89.167577608513,13.6507577163905],[-89.1675693868492,13.6507886640946],[-89.1675612592235,13.6508192791013],[-89.1675480062833,13.6508691586784],[-89.167527465468,13.650945182028],[-89.1675187714201,13.6509773430778],[-89.1675060013621,13.6510148380709],[-89.1675033007113,13.6510227905626],[-89.1674793664379,13.6510931054165],[-89.1674749843083,13.651105973525],[-89.1674444881806,13.6511706561608],[-89.1674327784867,13.6511954877761],[-89.1674302444925,13.6512388999168],[-89.1673856181577,13.6513443360931],[-89.1673853535919,13.651345326941],[-89.1673739690461,13.6513880780313],[-89.1673564497205,13.6514538346877],[-89.1673441027749,13.6515001965843],[-89.167319959942,13.6515828027142],[-89.1672940707609,13.6516714182131],[-89.1672831473014,13.6517088278752],[-89.1672402936684,13.6518598489042],[-89.1672257721756,13.6519223079136],[-89.1672177802356,13.6519566803026],[-89.167223295206,13.6522461630718],[-89.167224484823,13.6523086303775],[-89.1672424676677,13.6524409220169],[-89.1671788662052,13.652456663191],[-89.1667595833436,13.6525593726266],[-89.1651385574492,13.6529713071608],[-89.1650532963507,13.6529944769712],[-89.1650485316382,13.6527732647729],[-89.1650032069227,13.652331845116],[-89.1650190872453,13.6520184028872],[-89.1650397413226,13.6518864837733],[-89.1650399105929,13.6518853447533],[-89.1650423232751,13.6518699416839],[-89.1649730546613,13.651862814861],[-89.164894254995,13.6518547037422],[-89.1648173481003,13.6518463328157],[-89.1647380656024,13.651837704039],[-89.1646606475468,13.6518292773645],[-89.1645825667286,13.6518207769899],[-89.1645901839761,13.6517496959935],[-89.164515397696,13.6517429984689],[-89.1644325668237,13.6517355940324],[-89.1643962025914,13.6516524908281],[-89.1643205629141,13.6516030134146],[-89.1643233410614,13.6515007712012],[-89.1642814730175,13.6513717258197],[-89.1642690784308,13.6513229554583],[-89.1642611995194,13.6512087618452],[-89.1642437103778,13.6511297099155],[-89.1642081401227,13.6510993465607],[-89.1641755563967,13.6510506547552],[-89.1641563530735,13.6510104786382],[-89.1641467088121,13.6510114567622],[-89.1641451662979,13.650997065087],[-89.1641782932263,13.6508626664678],[-89.1641836328711,13.6508243251406],[-89.1641678632922,13.6508225486703],[-89.1641788896968,13.6507280572636],[-89.1641956816784,13.6507300454656],[-89.1642087096151,13.6506004825352],[-89.1642396061837,13.6504846613218],[-89.164261367544,13.6503787601165],[-89.1642651875588,13.6503601527131],[-89.1644715260701,13.6503854503721],[-89.1647301412188,13.6504159228895],[-89.1649531956547,13.6504427085062],[-89.165147758288,13.6504658007641],[-89.1652616527416,13.6504740726133],[-89.1652901212776,13.6504722023045],[-89.165344474108,13.6504540896908],[-89.1652086806546,13.650342008609],[-89.1651879029581,13.650351555938],[-89.1651294374151,13.65034778258],[-89.1650735621379,13.6503274842858],[-89.1650436595477,13.6502957107871],[-89.1650228466141,13.6502550450023],[-89.1650202224161,13.6502245303955],[-89.1650419983021,13.6501662037669],[-89.1651043276472,13.6501191142396],[-89.1651760501427,13.6501176216512],[-89.1652046443391,13.6501328565592],[-89.1653383117177,13.6500765182981],[-89.1654046162536,13.6500424683093],[-89.1655704348109,13.6500531763308],[-89.1660403107696,13.650110051602],[-89.1665420617865,13.6501498921994],[-89.1665496354646,13.6500599658788],[-89.1665574393626,13.6499597106041],[-89.1665852919681,13.6499300358762],[-89.1666090717423,13.6498971433301],[-89.1666141889949,13.6498781653181],[-89.166605716344,13.6497963297759],[-89.1666164314817,13.6497975265029],[-89.1667140481353,13.6498084372323],[-89.166792099854,13.6498171403262],[-89.1668702458751,13.6498258713522],[-89.1669482227447,13.6498345834863],[-89.167025791048,13.6498432407357],[-89.1670338749278,13.6497770096362],[-89.1671114248542,13.6497858422266],[-89.167103407683,13.6498522685244],[-89.1671812424676,13.6498613142181],[-89.1672604961573,13.6498705342777],[-89.1672633377896,13.6498463839102],[-89.1673397809705,13.6498559393927],[-89.1673370434407,13.6498795988757],[-89.1674177743978,13.6498891703979],[-89.1674959596684,13.6498984381114],[-89.1675742290613,13.6499077147816],[-89.1676524041765,13.6499169815484],[-89.1677071051269,13.6499234604212],[-89.1676912503981,13.6500277670531],[-89.1677442691718,13.6500640412217]]]]}},{"type":"Feature","properties":{"text_1":"COLONIA LAS CAMPANITAS SUR","zona":5},"geometry":{"type":"MultiPolygon","coordinates":[[[[-89.1825350215042,13.6486372837908],[-89.1825438336274,13.6486742636953],[-89.1825317872504,13.648726336942],[-89.1825071796002,13.6488232644128],[-89.1824832862667,13.6489152578961],[-89.1824621392397,13.6489849891375],[-89.182462036158,13.6489855532439],[-89.1824598107918,13.6489966619467],[-89.1824421241993,13.6490853832425],[-89.1824403518394,13.6490942517593],[-89.182423720329,13.6491776501419],[-89.1824146983925,13.6492228904099],[-89.1823981880891,13.6494137309829],[-89.1818813487602,13.6493964354378],[-89.1815748656938,13.6493861659143],[-89.1813694903885,13.649407809367],[-89.181019762269,13.6494446648324],[-89.1809258883671,13.6492426322255],[-89.1808932900717,13.6492524670747],[-89.1808303768317,13.648967312143],[-89.1807859705557,13.6488336254028],[-89.1809074756427,13.6487954938503],[-89.1809873009946,13.6487462216896],[-89.1810138780459,13.6486854098209],[-89.181007079331,13.6484972330969],[-89.1809631560713,13.6481180248679],[-89.1809322640523,13.6479595407134],[-89.1809943795491,13.6479457223662],[-89.1812765593637,13.6479124527719],[-89.1814186652325,13.6478936970199],[-89.1815366556007,13.6478758755387],[-89.1815522038687,13.647873615171],[-89.1818247254377,13.6478339461798],[-89.1819189937113,13.647823834194],[-89.1820254053077,13.6478127875959],[-89.1820891252866,13.6478061871873],[-89.1821429831139,13.6478006118522],[-89.1821422020701,13.6477934111056],[-89.1822120099318,13.6477780600754],[-89.1822369379706,13.6478858445453],[-89.1823417848444,13.64813952608],[-89.1823587485103,13.6481805909724],[-89.1823850723189,13.6482442797202],[-89.1824789568005,13.6484826691067],[-89.1825006348158,13.6485374570274],[-89.1825013080732,13.6485391413864],[-89.1825268844491,13.6486031262464],[-89.1825350215042,13.6486372837908]]]]}},{"type":"Feature","properties":{"text_1":"URBANIZACION LOMAS DORADAS","zona":5},"geometry":{"type":"MultiPolygon","coordinates":[[[[-89.1940432892488,13.6723575108671],[-89.1940367143605,13.6724081268475],[-89.1940184473526,13.6725352521558],[-89.1939726663598,13.6725290224806],[-89.1939268853611,13.6725227828541],[-89.1938811237767,13.6725165432039],[-89.1938353427911,13.6725103135031],[-89.1937895627241,13.6725040738504],[-89.1937437817352,13.6724978341898],[-89.193737325818,13.6725425919358],[-89.1937308597221,13.6725873397466],[-89.1937244028674,13.6726320875499],[-89.1937165157917,13.6726866753578],[-89.1937100496886,13.6727314240717],[-89.1937036029941,13.6727761718662],[-89.1936971276491,13.6728209287219],[-89.1936906707897,13.6728656864667],[-89.193684204676,13.6729104342756],[-89.1936777478036,13.6729551820771],[-89.1936712816924,13.6729999389244],[-89.1936635362139,13.673053638091],[-89.1936570700906,13.6730983868028],[-89.1936506132079,13.6731431346031],[-89.1936441480108,13.6731878914486],[-89.1936376911231,13.6732326392484],[-89.1936312249974,13.673277396998],[-89.1936247681048,13.6733221447972],[-89.1936183028904,13.6733668926028],[-89.1934334554775,13.6733410755354],[-89.1933826178732,13.6733324336211],[-89.1934177300755,13.6731186506223],[-89.1935335239157,13.6722798577516],[-89.1935897383477,13.6719100786668],[-89.1935998976268,13.6718219275138],[-89.1936495596752,13.67182900567],[-89.1937871476664,13.6718482794765],[-89.1938068390204,13.6718510407196],[-89.1939244047245,13.6718675155033],[-89.1939796613591,13.6718749326607],[-89.1939023963208,13.6723371298291],[-89.194008131194,13.6723535497238],[-89.1940432892488,13.6723575108671]]]]}},{"type":"Feature","properties":{"text_1":"URBANIZACION LOMAS DORADAS II","zona":5},"geometry":{"type":"MultiPolygon","coordinates":[[[[-89.1943504754117,13.6724490125646],[-89.1943293214704,13.6725880986853],[-89.1942960544634,13.6727539713077],[-89.1942710919645,13.6728784182633],[-89.1942604215111,13.6729316379846],[-89.1942373876364,13.6730644227314],[-89.1942267052712,13.6731155508512],[-89.1942168803215,13.6731617177271],[-89.1942070553529,13.6732078665245],[-89.194202707994,13.6732503728259],[-89.1942010086988,13.6732903126909],[-89.1942032405671,13.6733344805758],[-89.1942190597542,13.6733707132986],[-89.1939516986394,13.6746739098652],[-89.1931882524445,13.6741518968906],[-89.1933017344519,13.6735049428645],[-89.1933147554331,13.6733972590595],[-89.1933189489188,13.6733506618745],[-89.1933592867819,13.6733573497052],[-89.1933788321207,13.6733555111846],[-89.1933826178732,13.6733324336211],[-89.1934334554775,13.6733410755354],[-89.1936183028904,13.6733668926028],[-89.1936247681048,13.6733221447972],[-89.1936312249974,13.673277396998],[-89.1936376911231,13.6732326392484],[-89.1936441480108,13.6731878914486],[-89.1936506132079,13.6731431346031],[-89.1936570700906,13.6730983868028],[-89.1936635362139,13.673053638091],[-89.1936712816924,13.6729999389244],[-89.1936777478036,13.6729551820771],[-89.193684204676,13.6729104342756],[-89.1936906707897,13.6728656864667],[-89.1936971276491,13.6728209287219],[-89.1937036029941,13.6727761718662],[-89.1937100496886,13.6727314240717],[-89.1937165157917,13.6726866753578],[-89.1937244028674,13.6726320875499],[-89.1937308597221,13.6725873397466],[-89.193737325818,13.6725425919358],[-89.1937437817352,13.6724978341898],[-89.1937895627241,13.6725040738504],[-89.1938353427911,13.6725103135031],[-89.1938811237767,13.6725165432039],[-89.1939268853611,13.6725227828541],[-89.1939726663598,13.6725290224806],[-89.1940184473526,13.6725352521558],[-89.1940367143605,13.6724081268475],[-89.1940432892488,13.6723575108671],[-89.1943498321078,13.672392043391],[-89.1943504754117,13.6724490125646]]]]}},{"type":"Feature","properties":{"text_1":"URBANIZACION LOS NOGALES","zona":5},"geometry":{"type":"MultiPolygon","coordinates":[[[[-89.1926920474548,13.6686330954761],[-89.1926916225625,13.6686346044072],[-89.1926813775801,13.6686770692128],[-89.1926515558701,13.6686701877341],[-89.1926403670818,13.6687148750475],[-89.1926293091303,13.6687590524617],[-89.1926181958576,13.668803406178],[-89.1926071857748,13.6688473521569],[-89.1925961941374,13.6688912520223],[-89.1925852024884,13.6689351428481],[-89.1925742117671,13.6689790427115],[-89.1925689656325,13.6690000017807],[-89.1925632201173,13.6690229425751],[-89.1925522192125,13.6690668334064],[-89.1925412284788,13.6691107332682],[-89.1925302368168,13.6691546331299],[-89.1925192460675,13.6691985239516],[-89.192508245161,13.6692424328584],[-89.1924972534866,13.6692863327186],[-89.1924863659204,13.6693298167056],[-89.1923535583488,13.6692979878714],[-89.1923015897254,13.6692819319798],[-89.1922880077828,13.6693414486144],[-89.1922596111662,13.6693637219598],[-89.1922511406723,13.6694692915805],[-89.1921275361187,13.6700542297958],[-89.1920404661386,13.6704168964351],[-89.1919923912498,13.670417350666],[-89.1919851584765,13.6704166802002],[-89.1918941604328,13.6703975082356],[-89.191814646818,13.6703807433872],[-89.191825699482,13.6703422677765],[-89.1916896062975,13.6703093763613],[-89.1916532913889,13.6703611173076],[-89.1915317819934,13.6703714585057],[-89.1915162131462,13.6703853444896],[-89.1914601227895,13.6704353698506],[-89.1914438925647,13.6704498402599],[-89.191401479313,13.6704876650543],[-89.1913534019519,13.6705305388773],[-89.1913444541217,13.670538515467],[-89.1913108852172,13.6705684559335],[-89.1913005755057,13.6705783498349],[-89.1912422552776,13.6706326622387],[-89.1912015326492,13.6706409591034],[-89.1908086389973,13.6707120165033],[-89.1907810860402,13.6705383421179],[-89.1907627332565,13.6704227041037],[-89.1907409217611,13.6702549394321],[-89.1910726451678,13.6701568752394],[-89.191119499188,13.6701692601346],[-89.1911303866175,13.6701252492402],[-89.191140859495,13.6700829795661],[-89.1911181758867,13.6700776099908],[-89.1911296866623,13.6700328673621],[-89.19113517852,13.6700115284986],[-89.1911408592985,13.6699894853551],[-89.191152191319,13.6699454560359],[-89.1911522383263,13.6699452896831],[-89.1911652375001,13.669901915294],[-89.1911717412341,13.6698802149895],[-89.191178018483,13.6698584958791],[-89.1911905997455,13.6698150106345],[-89.1912031819212,13.6697715172534],[-89.1912095347663,13.6697495576477],[-89.1912155560653,13.6697279679919],[-89.1912277120102,13.6696843628581],[-89.1912401998718,13.6696408505664],[-89.1912465046358,13.669618881958],[-89.1912526868043,13.6695973382747],[-89.1912651839002,13.6695538259744],[-89.1912776809915,13.6695103136734],[-89.1912901771464,13.6694667923334],[-89.1913026649849,13.6694232800381],[-89.1913027120066,13.669423131763],[-89.1913151518943,13.6693797677428],[-89.1913276489671,13.6693362554389],[-89.1913401460353,13.6692927431343],[-89.1913401746,13.6692926319332],[-89.1913523959241,13.669247639265],[-89.1913529617704,13.6692455372725],[-89.1913638510047,13.6692038502744],[-89.1913752876012,13.6691600703365],[-89.1913816753313,13.6691355834126],[-89.1913865152354,13.6691162254804],[-89.1913974784541,13.6690723256919],[-89.1914083946994,13.6690286383543],[-89.1914193579025,13.6689847295257],[-89.1914195937774,13.6689837947163],[-89.1914271348057,13.6689566783712],[-89.1914309361991,13.6689413110319],[-89.1914420594103,13.6688963924285],[-89.191453079421,13.668851881561],[-89.1914640985033,13.6688073706935],[-89.1914749664696,13.6687634528972],[-89.1914858445917,13.6687195251496],[-89.1914967319533,13.6686755973942],[-89.1915074303683,13.6686323458976],[-89.191523393289,13.6685678939996],[-89.191662684708,13.6686008661744],[-89.1917396413638,13.6686272224718],[-89.1918880998255,13.6686648794822],[-89.1918966759806,13.6686308574726],[-89.1919098848418,13.6685785054082],[-89.1920329366111,13.6686039461508],[-89.1921125269072,13.668621377943],[-89.192248224943,13.6686469289163],[-89.1923856555258,13.668672811996],[-89.192452881515,13.6686878001834],[-89.1924614767263,13.6686647369433],[-89.1925110050679,13.6685906421882],[-89.192563133397,13.6685242085958],[-89.1926257509819,13.6684935040114],[-89.1926521510103,13.6684725563907],[-89.1926919035422,13.6685037177053],[-89.1927257775662,13.6685127987918],[-89.1926920474548,13.6686330954761]]]]}},{"type":"Feature","properties":{"text_1":"CONDOMINIO SANTORINI","zona":5},"geometry":{"type":"MultiPolygon","coordinates":[[[[-89.1903010723582,13.659017265164],[-89.1903126510506,13.659149439827],[-89.190234213066,13.659487423023],[-89.1901815441816,13.6595044018263],[-89.1901394427317,13.6597027504879],[-89.1900250778147,13.6598441120617],[-89.1899496777751,13.6599479192413],[-89.1898848711033,13.6600663142945],[-89.1898590982798,13.6601145117316],[-89.1898551420968,13.6601499085543],[-89.189859717934,13.6601893726391],[-89.1898630069723,13.6602069092545],[-89.1896234362471,13.6602071781628],[-89.1893963799008,13.6602682195361],[-89.1893288526375,13.6598516741257],[-89.1892389616176,13.6593569608942],[-89.1894948499777,13.659321804852],[-89.1895236760058,13.659316275213],[-89.1895447638451,13.6593041431675],[-89.189583993894,13.6592778168486],[-89.1895841638792,13.6592777055386],[-89.1896914191057,13.6592041868808],[-89.1897397216655,13.6591714114875],[-89.1898076722888,13.6591258018981],[-89.1898102050796,13.6591214124427],[-89.1898475761265,13.659101788985],[-89.1899677370947,13.6590575644799],[-89.189971810363,13.6590618837535],[-89.1900307660001,13.6590364216128],[-89.1902323887788,13.6589644857113],[-89.1903010723582,13.659017265164]]]]}},{"type":"Feature","properties":{"text_1":"LOTIFICACION EL NARANJALITO","zona":2},"geometry":{"type":"MultiPolygon","coordinates":[[[[-89.1649322847663,13.6578879440601],[-89.1646348999131,13.6582597105644],[-89.164557473048,13.6583090779281],[-89.1644678127213,13.6583662368785],[-89.164390385786,13.6584156041893],[-89.1643219373317,13.6584592456366],[-89.1642425802964,13.6585098443898],[-89.164196526063,13.6585136425734],[-89.1642077767851,13.6585770838836],[-89.1641095498082,13.658646328059],[-89.1640527026445,13.6586864157133],[-89.1640355131518,13.658698413715],[-89.1639798482509,13.6587372974813],[-89.1639633017665,13.6587488512373],[-89.1639096472504,13.6587798010755],[-89.1638856819211,13.6587936366795],[-89.1638084277735,13.6588340063325],[-89.1637166412104,13.6588819846711],[-89.163693792046,13.6588939312791],[-89.1636798260429,13.6589012250549],[-89.1636622266454,13.6589086685826],[-89.1636385998757,13.6589189308451],[-89.1635715231959,13.658949816325],[-89.1635449737275,13.6589627461051],[-89.1635302116029,13.6589404026298],[-89.1635274308418,13.6589025946036],[-89.1634963633924,13.6588983660562],[-89.1634182142967,13.658862764816],[-89.1632909628603,13.6588021772852],[-89.1630459366336,13.6586854935182],[-89.1630475052551,13.6586682398581],[-89.1630482029851,13.6586373895017],[-89.1630482848005,13.6586327425296],[-89.1630496839355,13.6585483468498],[-89.1630491775071,13.6585404887332],[-89.1630474929825,13.6585145553304],[-89.1630432932447,13.6584497480283],[-89.1630278794702,13.6584152801236],[-89.1630049671251,13.6583640644214],[-89.1629845131131,13.6583376707221],[-89.1629407741312,13.6582811837492],[-89.1628825841202,13.6582402921807],[-89.1628113301299,13.6581704394526],[-89.1627153997181,13.6580017215729],[-89.1627042726357,13.6579386787285],[-89.1626824453498,13.6578150160945],[-89.1626075680773,13.6577195357948],[-89.1632220879369,13.6577550593668],[-89.1634431799796,13.6577679819215],[-89.1635399725754,13.6577736383147],[-89.1636322404775,13.6577790373591],[-89.1637292787396,13.6577830637938],[-89.163803164109,13.6577861339276],[-89.163908900431,13.657790525094],[-89.1640047139593,13.6578024658264],[-89.1641745678616,13.6578236599777],[-89.1643304412419,13.657843113416],[-89.1644165554467,13.6578318186484],[-89.164461687746,13.6578633415936],[-89.1646970620443,13.6578756523796],[-89.1649322847663,13.6578879440601]]]]}},{"type":"Feature","properties":{"text_1":"COLONIA LA MARTINA","zona":2},"geometry":{"type":"MultiPolygon","coordinates":[[[[-89.1649783031108,13.6557685497168],[-89.1648748211414,13.6558999594173],[-89.1648563448505,13.6559258792101],[-89.1649552201054,13.6560013684897],[-89.1647709734342,13.6562535753524],[-89.1649551617879,13.65637680536],[-89.1649397592042,13.6563993533805],[-89.1649392746039,13.6565175884435],[-89.1646946265805,13.6565058119746],[-89.1645328970354,13.6565026806803],[-89.1644569004657,13.6564989369691],[-89.1642073496207,13.6565012513836],[-89.1641632489975,13.656537045195],[-89.1641444007296,13.656558596663],[-89.1640588501556,13.6564947602084],[-89.1640321619215,13.6564726289971],[-89.1640095467107,13.6564538819567],[-89.1639816253119,13.6564540768363],[-89.1638386982161,13.6564444624746],[-89.1637669265264,13.6564457874837],[-89.1637157879174,13.6564467191009],[-89.1636603337749,13.6564477466806],[-89.1635285237874,13.6564719737563],[-89.1633039979768,13.6565012879984],[-89.1631804804303,13.65648764346],[-89.1631268304209,13.6564698614992],[-89.1629510548217,13.6564116109004],[-89.1627970068905,13.6563344535077],[-89.1623784178677,13.6562888404749],[-89.1621708080955,13.6562662165226],[-89.162078944339,13.656256206805],[-89.1618846623044,13.6562350372307],[-89.1618031504309,13.6562083320032],[-89.1610493067813,13.6561381767024],[-89.1610893954317,13.6561172976139],[-89.1613054981355,13.6559373506812],[-89.1613681297723,13.6558991291139],[-89.1614307613888,13.6558609075306],[-89.161418245252,13.6558419140899],[-89.1617077695718,13.6556536994891],[-89.1617608528863,13.6556045813321],[-89.1618317138312,13.6555588473941],[-89.1619776866821,13.655456880641],[-89.1619927388246,13.6554754195321],[-89.1621031358574,13.6554859169192],[-89.1622794023256,13.6555027025744],[-89.1623487747169,13.6555087653001],[-89.1624157992363,13.6555146261808],[-89.1624774855706,13.6555200187377],[-89.162594344687,13.6555281606066],[-89.1626415691573,13.6555332851885],[-89.1626875050457,13.6555382623752],[-89.1627320599213,13.6555430922286],[-89.1628080407767,13.655551326124],[-89.1629112629731,13.655562512146],[-89.163125113029,13.6555490424673],[-89.1631691855105,13.6555686448991],[-89.1632110713425,13.6555872770883],[-89.163379294729,13.6555522795977],[-89.163474731327,13.6555964220068],[-89.1637506675192,13.6556182030396],[-89.1637811650016,13.6556208663907],[-89.1638146537252,13.6556237971057],[-89.1638832166408,13.6556088398858],[-89.1640399124795,13.6556288578946],[-89.1641837255342,13.6556477925015],[-89.1642501374857,13.6556565312893],[-89.1643944146205,13.6556755296393],[-89.1643960221353,13.6556730943784],[-89.1644360067133,13.6555726513629],[-89.1644570530292,13.6554587990863],[-89.1644718570984,13.6553787439589],[-89.1644801638408,13.6553338293393],[-89.1647166529436,13.6553868362787],[-89.1648328549419,13.655442525054],[-89.1648002762792,13.6554825604633],[-89.1648336650272,13.6555327602369],[-89.1649306881929,13.6556786604861],[-89.1649783031108,13.6557685497168]]]]}},{"type":"Feature","properties":{"text_1":"LOTIFICACION SANTA TERESA","zona":2},"geometry":{"type":"MultiPolygon","coordinates":[[[[-89.1639069542587,13.6624526717927],[-89.1638716250323,13.6624867287393],[-89.1635395149014,13.6626687354782],[-89.1634630152932,13.6626515888598],[-89.163454968865,13.6626647377249],[-89.1633775422923,13.6626890297941],[-89.1634718705207,13.662891096698],[-89.1635362489043,13.663035121878],[-89.1635005622771,13.6630445777365],[-89.1633032964314,13.6630968101397],[-89.163400223121,13.6633056039257],[-89.1634407280889,13.6633928506451],[-89.16350207947,13.6635250305098],[-89.1633156874144,13.6635896580154],[-89.1632528540696,13.6636114419906],[-89.1629270252594,13.663750375906],[-89.1628889389898,13.6637666079472],[-89.1628600250023,13.66370153953],[-89.1628268327101,13.6637185366302],[-89.1626381775529,13.6637818517626],[-89.1626487628945,13.6639366211657],[-89.1625134335927,13.6639571937648],[-89.1622881305116,13.6642824829976],[-89.1621355329025,13.6638317857315],[-89.1623165799668,13.663674668126],[-89.1623334298466,13.663486050574],[-89.1621688192746,13.6631964775608],[-89.1621007296215,13.6630766869535],[-89.1620742328253,13.6629750471223],[-89.1620535540476,13.6629247183968],[-89.1620736671689,13.6624842278516],[-89.1620275044573,13.6624820175186],[-89.1620537437203,13.6623482068018],[-89.1620812760712,13.6622210686756],[-89.1621173323936,13.6621312078265],[-89.1621242262856,13.6620671804969],[-89.1621467254244,13.6620671656632],[-89.1621822851797,13.6620253335188],[-89.1622188813572,13.6619476983631],[-89.1622668938174,13.6618458060109],[-89.162334126065,13.6616839963157],[-89.1623457680758,13.6616559896212],[-89.1624666981321,13.6615235327274],[-89.1625590793082,13.6612935654258],[-89.1626161358541,13.6612127973457],[-89.1626230864638,13.6612029538669],[-89.1627814314205,13.6611124190636],[-89.1627938734957,13.6611053116466],[-89.1629430311634,13.6610330640697],[-89.1630762393945,13.6609460347592],[-89.1631027076433,13.6609235907001],[-89.1632025908083,13.6608389344484],[-89.163261430206,13.6607637194602],[-89.1632680974575,13.6609049692092],[-89.1632699231794,13.6609438327131],[-89.1632619102381,13.661099679243],[-89.16325137207,13.6612582581108],[-89.1632662668226,13.6613769366899],[-89.163263846605,13.6614896375643],[-89.1632889449845,13.6615802633548],[-89.1633265577336,13.6616733339986],[-89.1634217732803,13.6617908664009],[-89.1635506882324,13.6619536749852],[-89.1636627219718,13.6621093765739],[-89.1637612053138,13.6622838953526],[-89.1638517036193,13.6624081873316],[-89.1639069542587,13.6624526717927]]]]}},{"type":"Feature","properties":{"text_1":"LOT SANTA FE 2","zona":2},"geometry":{"type":"MultiPolygon","coordinates":[[[[-89.1666950682787,13.6565870456405],[-89.1666949210943,13.6565932563949],[-89.1666938875078,13.6566177390602],[-89.1666897356827,13.656715789047],[-89.1666598252251,13.6567004539711],[-89.1666257465096,13.6567600102242],[-89.1665866097301,13.6568283919026],[-89.1665473409211,13.656897013196],[-89.1665233876377,13.6569260651989],[-89.1665105041575,13.6569515646326],[-89.1665039259464,13.6569647776872],[-89.1664797257438,13.6570067229945],[-89.1664676709182,13.6570250666413],[-89.1664302303887,13.6570820156007],[-89.1663820313888,13.6571175170097],[-89.1663139411853,13.6571059751504],[-89.1662473330879,13.6570871929846],[-89.1662207414211,13.6571079164559],[-89.1662117626869,13.6572060447182],[-89.1662067371939,13.6572609632798],[-89.1660009481013,13.6572044190996],[-89.1660352441403,13.657130302866],[-89.1660383141301,13.6570810503306],[-89.1659929559266,13.6570778965338],[-89.1659468591607,13.6570746880895],[-89.1659495056853,13.6570422536893],[-89.1658524739117,13.6570339427658],[-89.1658085625163,13.6570285200895],[-89.1657751281508,13.6570230361094],[-89.1657616114515,13.6570210268259],[-89.1657590798236,13.6570420955858],[-89.1657132001678,13.6570374145083],[-89.1657059276175,13.6571002852242],[-89.165670101025,13.6570972831263],[-89.165636289882,13.657228776354],[-89.1654255538793,13.6572298248111],[-89.1654625008248,13.6570490058245],[-89.1653956444277,13.6569333334083],[-89.1652759191362,13.656862041543],[-89.1656991698819,13.6568443468178],[-89.1657054639355,13.65684494457],[-89.1659200774738,13.656865421296],[-89.1659468089609,13.6566145139666],[-89.1659686699056,13.6563828248941],[-89.1659680326,13.6563245503838],[-89.1659972142566,13.6561521301087],[-89.1660640373679,13.6561799827724],[-89.1660737611819,13.6561840392087],[-89.1661577911036,13.6562378698859],[-89.1662399680713,13.6563090475101],[-89.1663053448636,13.6563802464115],[-89.1663307191817,13.6564314791274],[-89.1664117709664,13.6564903093609],[-89.1665423270153,13.6565792255968],[-89.1665871567811,13.6565985403683],[-89.1666464706717,13.656594631515],[-89.1666873252205,13.65658557935],[-89.1666950682787,13.6565870456405]]]]}},{"type":"Feature","properties":{"text_1":"COLONIA BUENOS AIRES","zona":2},"geometry":{"type":"MultiPolygon","coordinates":[[[[-89.1663336491481,13.6557426458478],[-89.1663223067883,13.6557920332417],[-89.1662800765986,13.6558488932235],[-89.1662358347149,13.6559117518936],[-89.16616789259,13.6560007002938],[-89.1660868586767,13.6561278289548],[-89.1660762940686,13.6561255401994],[-89.1660689060502,13.6561582281828],[-89.1660640373679,13.6561799827724],[-89.1659972142566,13.6561521301087],[-89.1659680326,13.6563245503838],[-89.1659686699056,13.6563828248941],[-89.1659468089609,13.6566145139666],[-89.1659200774738,13.656865421296],[-89.1657054639355,13.65684494457],[-89.1657094020021,13.6568049934246],[-89.1657179561334,13.6567349575817],[-89.1657244212597,13.6566818892334],[-89.1657317481676,13.6566305973593],[-89.1657394516171,13.6565745570767],[-89.1657468134406,13.656519044898],[-89.1657536934074,13.656450009888],[-89.1657616159943,13.6563836026981],[-89.1657763869853,13.6562702824158],[-89.165777660397,13.6562515203366],[-89.1657793467004,13.6561864777097],[-89.1657808763694,13.6561273873294],[-89.1657851024679,13.6560673044633],[-89.1658059026464,13.6559814611982],[-89.1658184081357,13.6559848405603],[-89.1658297608658,13.6559237802978],[-89.1658413951461,13.655872698833],[-89.1658180122289,13.655866429827],[-89.1658359235373,13.6557774230702],[-89.1658505253436,13.6557060959963],[-89.1658627966849,13.6556461658833],[-89.1658753766806,13.6555809125302],[-89.165884536623,13.655524667882],[-89.1658968826886,13.6554488355113],[-89.1659015018718,13.6554232395436],[-89.1659415813569,13.655201525294],[-89.1659974551776,13.6548971907992],[-89.1660130509,13.6548002349381],[-89.1660995940394,13.6548221221385],[-89.1662864170395,13.6548693671509],[-89.1662156818384,13.6551856512919],[-89.166132633186,13.6555141887776],[-89.1661048726052,13.6555142075305],[-89.1660872720369,13.6556006696368],[-89.1661150378583,13.6556080555811],[-89.1661076462984,13.6556356989371],[-89.1661487394563,13.6556440565998],[-89.1663336491481,13.6557426458478]]]]}},{"type":"Feature","properties":{"text_1":"LOTIFICACION SANTA FE NO 2","zona":2},"geometry":{"type":"MultiPolygon","coordinates":[[[[-89.1757447460959,13.6599188191005],[-89.1757267142899,13.6599050593573],[-89.1756157691627,13.6598722061467],[-89.1755957160096,13.6598512004174],[-89.1755422161717,13.6598721944853],[-89.1755420553673,13.6598722316597],[-89.175526291432,13.6600064991525],[-89.1755318715654,13.6600510715929],[-89.1755485765381,13.660113786278],[-89.1755736219012,13.6602151572536],[-89.1755768746247,13.6602362400603],[-89.1755796706946,13.6602547959061],[-89.1755904092485,13.6603881649885],[-89.1755944991326,13.6604150601375],[-89.1755870503135,13.6604154821512],[-89.1754219278163,13.6604226801939],[-89.1753837428775,13.6602923388383],[-89.1750904688577,13.6603696400124],[-89.175052450799,13.6603104936755],[-89.1748706301613,13.6602775432358],[-89.1749455729637,13.6599314685668],[-89.1749050699895,13.6598145579328],[-89.1748743206395,13.6596655141643],[-89.1747256310767,13.6596998575415],[-89.1746558780399,13.6594758408704],[-89.1746358112219,13.6594113785722],[-89.1746251848498,13.6593772596095],[-89.1746017890363,13.6593021183597],[-89.1745886768012,13.6592600233938],[-89.1745751281641,13.6592165114316],[-89.1745510106135,13.6591390476819],[-89.1745438856089,13.6591161634373],[-89.1744679291841,13.6589000186018],[-89.1744693711098,13.658853904534],[-89.1744744094672,13.6586918029763],[-89.1744747456719,13.6586727821009],[-89.1744749537118,13.6586728741504],[-89.174619762102,13.6587402379995],[-89.1747461919966,13.6588121026562],[-89.1747898698879,13.6588334342406],[-89.1748714751579,13.6588806001549],[-89.1749495613634,13.6589187802258],[-89.1750408920441,13.658922028909],[-89.1752468835856,13.65892776926],[-89.1754825471206,13.658932830232],[-89.1755412088288,13.6589412298288],[-89.1755783944408,13.659000996759],[-89.1755939063121,13.6590888143295],[-89.1756527937333,13.6592483709892],[-89.1756933043577,13.6593627822315],[-89.1757265964777,13.6594814460214],[-89.1757324456711,13.6595817568744],[-89.1757155869816,13.6596436259859],[-89.1757447460959,13.6599188191005]]]]}},{"type":"Feature","properties":{"text_1":"LOTIFICACION LOS ALPES NO 2","zona":2},"geometry":{"type":"MultiPolygon","coordinates":[[[[-89.1700549028987,13.6599524753723],[-89.1700516107664,13.6600334294666],[-89.1691254109655,13.6602646876301],[-89.1693581374082,13.6605779688776],[-89.1693741768172,13.6606389995801],[-89.1694426232769,13.6609073085216],[-89.169206018424,13.6608208178575],[-89.1691175013122,13.6608350771086],[-89.1690217517785,13.660833235721],[-89.1689971751409,13.6608400562193],[-89.1689593750126,13.6608442012365],[-89.1688804705249,13.6608528261554],[-89.1687590896347,13.6608925153914],[-89.1686695095905,13.6609146427011],[-89.1686063109828,13.660928079032],[-89.1684752462818,13.6609000125695],[-89.1682498622992,13.6611108211025],[-89.1680857325229,13.6612366839313],[-89.1679568459999,13.6611175285312],[-89.1677991708944,13.6609237717658],[-89.1677988425365,13.6608755302803],[-89.16782461183,13.6607628324054],[-89.1678183377036,13.6606724437029],[-89.1677413549328,13.6606007632219],[-89.1677212816768,13.660511790387],[-89.1676542270404,13.6604529040495],[-89.1675788184175,13.6603992442765],[-89.1675302514681,13.6603172887854],[-89.1674295706019,13.660303362367],[-89.1672802396373,13.660155388125],[-89.1672363646442,13.6600564452207],[-89.1672277365978,13.6599427801265],[-89.167148782232,13.6598938979022],[-89.1670827965417,13.6597935346138],[-89.1670029637571,13.6597480036733],[-89.1669043908554,13.6597161748969],[-89.1669454322555,13.6596232367066],[-89.1669476936579,13.6594898484778],[-89.166901347707,13.6593758573578],[-89.1668236236478,13.6592992987746],[-89.1667963514226,13.6592808425898],[-89.166846761968,13.6592143423745],[-89.1669552812221,13.6590976908357],[-89.1670743154259,13.6589810420477],[-89.1672353789266,13.6588574959342],[-89.1672572722447,13.6588443655463],[-89.1674069830367,13.6587545187767],[-89.1675610235325,13.658658624628],[-89.1676990230994,13.6585909717318],[-89.1677445348302,13.6585575273545],[-89.1678676669605,13.6584670132802],[-89.1679443246243,13.658414424826],[-89.1679867929533,13.6583997156804],[-89.1680095033545,13.658391860695],[-89.1681267687677,13.6582769336155],[-89.1682432760591,13.6581890433652],[-89.1683851148493,13.6581176390082],[-89.1685077980494,13.6580875294291],[-89.1685596344425,13.6580305702886],[-89.1686342446311,13.6579485856837],[-89.1686650287861,13.657834948737],[-89.1688356346098,13.6577286946469],[-89.1690065044649,13.6577932662427],[-89.1690576311526,13.6578280888609],[-89.1690870756167,13.657865953518],[-89.1691305005993,13.6579568526602],[-89.1691398218319,13.6579947311499],[-89.1691724229106,13.6581174593096],[-89.1692230292927,13.6582588820608],[-89.1692626814356,13.6583550516674],[-89.1693029605646,13.6584028028615],[-89.1693381202063,13.6584509552875],[-89.1693819330272,13.6585153826831],[-89.1694418068747,13.6586440351196],[-89.1694581513447,13.658707834238],[-89.1694755869775,13.6587748341949],[-89.1694978627839,13.6588334553347],[-89.1694812156819,13.6588371320973],[-89.1695396122954,13.6589512536265],[-89.1695995092114,13.6589937061784],[-89.1696614113714,13.6589815847466],[-89.1696674407214,13.6589418906119],[-89.1697027171154,13.6590734849524],[-89.1697949163109,13.6590877959324],[-89.1698144911648,13.659102619832],[-89.1698290355384,13.6591502585473],[-89.1698703146046,13.6592844311416],[-89.1699882585736,13.65955902668],[-89.1700204653247,13.6596340330186],[-89.1700400321067,13.659728373341],[-89.1700451934585,13.659811376141],[-89.1700549028987,13.6599524753723]]]]}},{"type":"Feature","properties":{"text_1":"COLONIA EL CAFETALITO NO 1","zona":2},"geometry":{"type":"MultiPolygon","coordinates":[[[[-89.1685596344425,13.6580305702886],[-89.1685077980494,13.6580875294291],[-89.1683851148493,13.6581176390082],[-89.1682432760591,13.6581890433652],[-89.1681267687677,13.6582769336155],[-89.1680095033545,13.658391860695],[-89.1679867929533,13.6583997156804],[-89.1679443246243,13.658414424826],[-89.1678676669605,13.6584670132802],[-89.1677445348302,13.6585575273545],[-89.1677233986519,13.6585292833401],[-89.1676140217955,13.6583716284513],[-89.1675070558649,13.6582219876007],[-89.167492077487,13.6582027548082],[-89.1674353566172,13.65824660155],[-89.1674234671435,13.6582310319394],[-89.1673430650549,13.6580628521465],[-89.1672708264451,13.6578996092648],[-89.1672498570809,13.6578536216604],[-89.1671905351674,13.6577673699697],[-89.1670510479115,13.6575645387972],[-89.1670050941456,13.657509043813],[-89.1669440500179,13.6574769211043],[-89.1668956077382,13.6574222982385],[-89.1668313527526,13.6573865033526],[-89.1667669765445,13.6573661280565],[-89.1666929160044,13.6573426960121],[-89.166627186847,13.6573095866366],[-89.1665573578129,13.6572743685244],[-89.1665367155296,13.6573023263818],[-89.1664575891782,13.6572362284857],[-89.1663894538701,13.6571479271109],[-89.1663820313888,13.6571175170097],[-89.1664302303887,13.6570820156007],[-89.1664676709182,13.6570250666413],[-89.1664797257438,13.6570067229945],[-89.1665039259464,13.6569647776872],[-89.1665105041575,13.6569515646326],[-89.1665233876377,13.6569260651989],[-89.1665473409211,13.656897013196],[-89.1665866097301,13.6568283919026],[-89.1666257465096,13.6567600102242],[-89.1666598252251,13.6567004539711],[-89.1666897356827,13.656715789047],[-89.1666938875078,13.6566177390602],[-89.1666949210943,13.6565932563949],[-89.1666950682787,13.6565870456405],[-89.1667413769055,13.6565958624621],[-89.166834027418,13.6566069437304],[-89.1668251545559,13.6566272114341],[-89.1668873878401,13.656643431162],[-89.1669268671903,13.6566580655246],[-89.1670037673847,13.6566676949195],[-89.1671327620991,13.6567168948066],[-89.1671996308156,13.6567421737446],[-89.1673533831523,13.6568002979995],[-89.1674116334281,13.6568447516213],[-89.1674876604863,13.6568910804527],[-89.1675301954055,13.656916995944],[-89.1675832767076,13.6568935977363],[-89.1676513920048,13.6569273723039],[-89.1676727373053,13.6569431858357],[-89.1677050017277,13.6569670989432],[-89.1677265189632,13.6569855128557],[-89.167845537632,13.6570874225099],[-89.1678689111252,13.6571074359387],[-89.1679868396354,13.6571801532095],[-89.1681165206739,13.6572616735463],[-89.1681279216451,13.6572688390533],[-89.1681607605934,13.6572894850357],[-89.1681860167252,13.6573337287324],[-89.1682349673382,13.6574757638557],[-89.1682445582209,13.6575199821068],[-89.1682716082352,13.657558708103],[-89.1682836977171,13.6575760365135],[-89.1683181546993,13.6576076121552],[-89.1683443419842,13.6576316224388],[-89.1683658141329,13.6577056827401],[-89.168371754567,13.6577261527714],[-89.1683902166072,13.6577865256595],[-89.1684270739659,13.6579069930777],[-89.168474700207,13.657944390696],[-89.1685087526441,13.657980150712],[-89.1685109511018,13.6579846289032],[-89.1685596344425,13.6580305702886]]]]}},{"type":"Feature","properties":{"text_1":"LOT EL CAFETALITO NO2","zona":2},"geometry":{"type":"MultiPolygon","coordinates":[[[[-89.1670050941456,13.657509043813],[-89.1669236358371,13.6576386813352],[-89.1669091229437,13.6576617847687],[-89.1668416845762,13.6577680326297],[-89.1667759718589,13.6577583024965],[-89.1667238541798,13.6577397519721],[-89.1666673533268,13.6577197789669],[-89.1666363935932,13.6577200223056],[-89.1664330748901,13.6576245840714],[-89.1663431057602,13.6576453314588],[-89.1663271904459,13.6576511922245],[-89.1663271136766,13.6576498129345],[-89.1663277855929,13.6576235905208],[-89.1663485698354,13.6576093871373],[-89.1664214373732,13.6574842542991],[-89.1664804886343,13.6573897583302],[-89.1664737654483,13.6573313767647],[-89.1665160824775,13.6573302742884],[-89.1665367155296,13.6573023263818],[-89.1665573578129,13.6572743685244],[-89.166627186847,13.6573095866366],[-89.1666929160044,13.6573426960121],[-89.1667669765445,13.6573661280565],[-89.1668313527526,13.6573865033526],[-89.1668956077382,13.6574222982385],[-89.1669440500179,13.6574769211043],[-89.1670050941456,13.657509043813]]]]}},{"type":"Feature","properties":{"text_1":"COLONIA SAN FRANCISCO 2","zona":2},"geometry":{"type":"MultiPolygon","coordinates":[[[[-89.1762823646622,13.6573083894626],[-89.1762793087948,13.657347729113],[-89.1762689865829,13.6574803639509],[-89.1762504158624,13.657719169741],[-89.17626055695,13.6577999109233],[-89.1761872000244,13.6578090521436],[-89.1761549957705,13.6578531978874],[-89.1760691697297,13.6579708649762],[-89.1760271428506,13.6579423130365],[-89.1759538512974,13.6579116538878],[-89.1759346417214,13.6579036247844],[-89.1758643699446,13.6578742225727],[-89.175785431775,13.657836117519],[-89.1757781150529,13.6578350859828],[-89.1756877333753,13.6578222664678],[-89.1756020706433,13.6577776771056],[-89.1755166159974,13.6577331987438],[-89.1755202532524,13.6577246344655],[-89.1754276460775,13.6576835769924],[-89.1754232624562,13.6576816358439],[-89.1753328742668,13.6576599770255],[-89.175328292548,13.6576588793494],[-89.1752455814891,13.6576244963352],[-89.1751791730081,13.6575968971541],[-89.1751616942741,13.6575882638601],[-89.1750889767472,13.6575523759227],[-89.1750400785201,13.657537221701],[-89.1750008758017,13.6575250596899],[-89.1749286221867,13.6575026556628],[-89.1748582165414,13.6574445419749],[-89.1747828215613,13.6574101545064],[-89.1747177429094,13.6573758338048],[-89.1746287373692,13.6573288683332],[-89.1745555160682,13.6572902399892],[-89.1744823040344,13.6572516116169],[-89.1744115636847,13.6572142957314],[-89.1743354178023,13.6571754931367],[-89.1741912331521,13.6571039924564],[-89.1741635468235,13.6570897025228],[-89.1741640950759,13.6570886373476],[-89.1741935093457,13.6570335901682],[-89.1742299288482,13.6569933664006],[-89.1743102643425,13.6569258798926],[-89.174457960948,13.6568561066346],[-89.1745458434113,13.6568186230672],[-89.1746271512989,13.6567986652155],[-89.1746962883999,13.6568055760933],[-89.1747857590408,13.6568293924892],[-89.1748487807363,13.6568223877051],[-89.1748934970078,13.6568024557799],[-89.1749483610694,13.6567586366557],[-89.1749749088517,13.6567309513844],[-89.175004538758,13.6566989424002],[-89.1750341589403,13.6566414607865],[-89.1750369615674,13.656630443941],[-89.1750562285727,13.6566375764112],[-89.1751740630218,13.6566582811563],[-89.1754542076031,13.6568243626571],[-89.1754982151461,13.656844425719],[-89.1755881445972,13.6568735365058],[-89.1755876515891,13.6568594496721],[-89.1755860751832,13.6568142723749],[-89.1755845080353,13.6567691140529],[-89.1758511094968,13.6567478293817],[-89.1758755483843,13.6567479881637],[-89.1758934713384,13.6571479212579],[-89.1761069791522,13.6572455010689],[-89.1762823646622,13.6573083894626]]]]}},{"type":"Feature","properties":{"text_1":"COLONIA SAN FRANCISCO 1","zona":2},"geometry":{"type":"MultiPolygon","coordinates":[[[[-89.1764424883976,13.6569369107432],[-89.1763776037223,13.6570221113213],[-89.176377332999,13.6570271742249],[-89.1763753178507,13.6570651807911],[-89.1763635212017,13.6571247965315],[-89.17629523549,13.6571428673303],[-89.1762854205285,13.6572690498121],[-89.1762823646622,13.6573083894626],[-89.1761069791522,13.6572455010689],[-89.1758934713384,13.6571479212579],[-89.1758755483843,13.6567479881637],[-89.1758747107581,13.6567291805393],[-89.1758725145099,13.6565634468427],[-89.1758833188039,13.6564188992545],[-89.175887441368,13.6560075558941],[-89.1758740294205,13.6558428479987],[-89.1761136932476,13.6557963320293],[-89.1761218055279,13.6559624691484],[-89.1761219406319,13.6559651445775],[-89.176127743181,13.6561178433513],[-89.176122808706,13.6562911721528],[-89.1761075610273,13.6562907943983],[-89.176107787607,13.6563403321401],[-89.1761079912686,13.65638518592],[-89.1761082062251,13.6564327793941],[-89.1761136872413,13.6565473819806],[-89.176113088577,13.6565564068857],[-89.17617494191,13.6565692466844],[-89.1761771252456,13.6565780381997],[-89.1761913182757,13.6566351270068],[-89.1761998577946,13.6566632591043],[-89.1762927120312,13.6566039269466],[-89.1763571185114,13.6565627752883],[-89.1763712304344,13.656626279078],[-89.1763849157386,13.6566878578787],[-89.1763995033956,13.6567534249148],[-89.1764126090909,13.6568124316476],[-89.1764242020362,13.6568608033457],[-89.1764424883976,13.6569369107432]]]]}},{"type":"Feature","properties":{"text_1":"RES SAN IGNACIO","zona":2},"geometry":{"type":"MultiPolygon","coordinates":[[[[-89.1763917744347,13.6562545018315],[-89.1763870751489,13.6563233783002],[-89.1763328483033,13.6563967799284],[-89.1763428757949,13.6564653583973],[-89.1763571185114,13.6565627752883],[-89.1762927120312,13.6566039269466],[-89.1761998577946,13.6566632591043],[-89.1761913182757,13.6566351270068],[-89.1761771252456,13.6565780381997],[-89.17617494191,13.6565692466844],[-89.176113088577,13.6565564068857],[-89.1761136872413,13.6565473819806],[-89.1761082062251,13.6564327793941],[-89.1761079912686,13.65638518592],[-89.176107787607,13.6563403321401],[-89.1761075610273,13.6562907943983],[-89.176122808706,13.6562911721528],[-89.176127743181,13.6561178433513],[-89.1761219406319,13.6559651445775],[-89.1761218055279,13.6559624691484],[-89.1761485253012,13.6559623297925],[-89.1762840091348,13.6559669718232],[-89.176282645166,13.6560154739393],[-89.1762812710008,13.6560639380991],[-89.1762657856785,13.6560634122862],[-89.1762636297981,13.65614181126],[-89.1762652781099,13.6561939665633],[-89.1762652193299,13.6562043333644],[-89.1762646912536,13.6562446338517],[-89.1762645836617,13.6562527698776],[-89.1763917744347,13.6562545018315]]]]}},{"type":"Feature","properties":{"text_1":"COL SAN  IGNACIO","zona":2},"geometry":{"type":"MultiPolygon","coordinates":[[[[-89.1772664563091,13.6572715751096],[-89.1770289295643,13.657631762611],[-89.1769403640644,13.6575536883453],[-89.1768991641325,13.6575173886851],[-89.1768558137449,13.6574791743095],[-89.1768041895469,13.6574381059549],[-89.1767658334927,13.657407589148],[-89.1767310576118,13.6573799305862],[-89.1766821516451,13.6573410350208],[-89.176646512886,13.6573126919154],[-89.1766128172616,13.657285874086],[-89.1766923999899,13.6571743758457],[-89.1767108963289,13.6571521394211],[-89.1767791342379,13.6571971657551],[-89.1767843186427,13.6571688023586],[-89.1767973458586,13.6570089167685],[-89.1768644874511,13.6570059344492],[-89.1769141215481,13.6570310649593],[-89.1769817945611,13.6570157160539],[-89.1769907939698,13.6570136740079],[-89.1770338458232,13.6571084786577],[-89.1770500903523,13.6571118267362],[-89.1770880485999,13.6571676672756],[-89.1771605584175,13.6572416900536],[-89.1771804273389,13.6572562817596],[-89.177216613589,13.657271453756],[-89.1772394452781,13.6572742321412],[-89.1772664563091,13.6572715751096]]]]}},{"type":"Feature","properties":{"text_1":"COMUNIDAD EL PEPETO","zona":2},"geometry":{"type":"MultiPolygon","coordinates":[[[[-89.1698011438126,13.655534610325],[-89.169753153347,13.6555953616256],[-89.169745649219,13.6556098797258],[-89.1697226152725,13.6556543708191],[-89.1697059234055,13.655686638696],[-89.1696892222778,13.6557188885002],[-89.1696657913918,13.6557641192471],[-89.1696585020881,13.6557753425031],[-89.1696425396257,13.6558090913544],[-89.1696208229068,13.6558550431255],[-89.169605399434,13.6558876897558],[-89.1695874871796,13.6559208659755],[-89.1695770896844,13.6559401441631],[-89.1695641407865,13.6559641162225],[-89.1695481607385,13.6560119712472],[-89.169539338198,13.6560375792199],[-89.1695337333895,13.6560609261431],[-89.1695218712146,13.6561101938248],[-89.1695129912211,13.6561471493196],[-89.1695043001678,13.6561833553559],[-89.1694925892602,13.6562321971976],[-89.1694908908772,13.6562392975506],[-89.1695405422621,13.6562499816978],[-89.1697433032802,13.6562936409052],[-89.1696728117884,13.6562987432229],[-89.1695934496039,13.656326778906],[-89.1695212933005,13.6564368623686],[-89.1695273972982,13.6564623118117],[-89.1694597609749,13.6565418567977],[-89.1694378404916,13.6565681309224],[-89.1694144338989,13.656607493548],[-89.1694019493049,13.656646071299],[-89.1694017133288,13.6566469699321],[-89.1693833061208,13.6567155773077],[-89.1693824746198,13.6567186691973],[-89.1693627785886,13.6567842611651],[-89.1693613894769,13.6567882880649],[-89.169351263174,13.6568158592814],[-89.1693380473914,13.656851818048],[-89.1693368111103,13.6568562895583],[-89.1693241606974,13.6569020958582],[-89.1693180351074,13.6569249532238],[-89.1693092774454,13.6569483212935],[-89.1693059406262,13.6569546635022],[-89.1692949536113,13.6569832901529],[-89.1692902401489,13.656995576411],[-89.1692898526645,13.6569965854233],[-89.1692855705922,13.6570303352473],[-89.1692822425038,13.6570757744734],[-89.1692764024124,13.6570753717413],[-89.1692743905663,13.6570810369249],[-89.1692603823409,13.6571204581458],[-89.169242113114,13.6571702680385],[-89.1692225623982,13.6572156904069],[-89.1692003082198,13.6572651875794],[-89.1691786478296,13.6573113706665],[-89.169168932496,13.6573320918847],[-89.1691798734779,13.6573704871908],[-89.1691227672317,13.6574034218788],[-89.1690959675395,13.65735820675],[-89.1690861790225,13.6573427189327],[-89.169087185434,13.6573334903887],[-89.1690887159473,13.6573307125745],[-89.1690820026918,13.6573268946234],[-89.1690679805121,13.6573199713986],[-89.1690851993445,13.6572708573359],[-89.1690979887085,13.6572343800416],[-89.1691018237578,13.6572229187425],[-89.1691176343457,13.657175675802],[-89.1691334541631,13.6571284229112],[-89.169133907021,13.6571270613356],[-89.1691552459942,13.6571339144435],[-89.1691564829596,13.6571303875029],[-89.1691707022945,13.6570940204],[-89.1691851855912,13.6570969444754],[-89.169194434327,13.6570996136381],[-89.1692013231568,13.6570841053113],[-89.1691886663863,13.657081300198],[-89.1691762851941,13.6570786801927],[-89.1691813791972,13.6570557214005],[-89.1691923604764,13.6570062509672],[-89.1691949549257,13.6569945591232],[-89.1692052549956,13.6569579542789],[-89.169213836536,13.6569274500921],[-89.169227403093,13.6568792541762],[-89.1692370420874,13.6568449637535],[-89.1692319023559,13.6568441809029],[-89.1692339046222,13.6568252049855],[-89.1692394341741,13.6567884090852],[-89.1692420062223,13.6567712839502],[-89.1692473507358,13.65675479596],[-89.1692477483074,13.6567536757618],[-89.1692704834872,13.6566893498743],[-89.1693026324361,13.6566977692076],[-89.1693118623909,13.6567000488005],[-89.16931442044,13.6566904485906],[-89.1693004991026,13.6566797587838],[-89.1693054489529,13.6566389093169],[-89.169310391774,13.6566165435801],[-89.1693252990371,13.6566165333161],[-89.169328330649,13.6566060903508],[-89.1693204349624,13.6566044850485],[-89.1692955228469,13.6566030406038],[-89.1693140865492,13.6565283878847],[-89.1693159648533,13.6565208336544],[-89.1693209850242,13.6565006344976],[-89.1693333866101,13.6564507454798],[-89.1693357736456,13.6564411273094],[-89.1693429845696,13.656412142603],[-89.1693553382487,13.6563624850138],[-89.1693792289659,13.656363912982],[-89.1693893570692,13.656365821357],[-89.1693906973072,13.656360674566],[-89.1693857142183,13.656341231626],[-89.1693856988048,13.6563198319495],[-89.169400381478,13.6562967743499],[-89.1694085539115,13.6562758227877],[-89.1694004311601,13.6562733571374],[-89.1693750041585,13.6562679503847],[-89.169380661478,13.6562507490036],[-89.169393070928,13.6562130968921],[-89.1693948371108,13.6562077274498],[-89.1694087203528,13.6561655666035],[-89.1694207331751,13.6561290717478],[-89.1694220363812,13.6561251280649],[-89.1694330863428,13.6560915769504],[-89.1694497600224,13.6560468037334],[-89.1694604631128,13.6560180389746],[-89.1694731210512,13.655984061016],[-89.1694907393849,13.6559367607617],[-89.1694946620688,13.6559161357193],[-89.1695078950003,13.655918181149],[-89.1695201633583,13.6558938579468],[-89.1695371766773,13.6558612472854],[-89.1695530724849,13.6558286093726],[-89.1695753485997,13.6557829066964],[-89.1695968208236,13.6557388523711],[-89.1696190969214,13.6556931496908],[-89.1696350028736,13.6556605117655],[-89.1696509088149,13.6556278648001],[-89.1696730621463,13.6555824216169],[-89.1696843492206,13.6555765367108],[-89.1697386940446,13.6555077463249],[-89.1697516374784,13.6555146792956],[-89.1698011438126,13.655534610325]]]]}},{"type":"Feature","properties":{"text_1":"RESIDENCIAL SANTORINI","zona":0},"geometry":{"type":"MultiPolygon","coordinates":[[[[-89.1924502084916,13.6618930679732],[-89.1923451723728,13.6619034888856],[-89.192340941865,13.6618810747266],[-89.1923229081118,13.6618663065529],[-89.1922786847437,13.661828244726],[-89.1922345635598,13.6617885250701],[-89.19216180179,13.6617157190647],[-89.1920852039493,13.6616382058439],[-89.1920441545186,13.6615929953115],[-89.1920391399222,13.6615724880712],[-89.1920403854646,13.661556085947],[-89.19203427775,13.6615405500717],[-89.1918307199777,13.6613432443195],[-89.1918049468223,13.6613782514371],[-89.191864529163,13.6614350354688],[-89.1918663553952,13.6615389682637],[-89.1918676553869,13.6616130793034],[-89.1918689562964,13.6616871813031],[-89.1918689961497,13.6616895783981],[-89.1918693763345,13.6617613011638],[-89.1918697769627,13.6618354219433],[-89.1918701692722,13.661909542729],[-89.1918702588494,13.6619264346247],[-89.1918702297473,13.6619836637735],[-89.1918701952052,13.6620580162886],[-89.1918702163307,13.6620601178249],[-89.1918719707523,13.6622153737571],[-89.1918435998988,13.6622104353224],[-89.1918079511625,13.6622421364685],[-89.1916890747543,13.6623533827738],[-89.19156481542,13.6624346076737],[-89.1915063078842,13.6624652066569],[-89.1913510269245,13.6625408089801],[-89.1912747751501,13.6625864814867],[-89.1912001337397,13.6626346791003],[-89.1911118848391,13.6626870063098],[-89.191094877417,13.6626999135694],[-89.1910187716357,13.6626580247989],[-89.1909420120702,13.6626146188748],[-89.1908659232532,13.6625707866723],[-89.1907370041002,13.6624960623778],[-89.1906706201311,13.662455896915],[-89.1906456758891,13.6624978451702],[-89.1906119652511,13.6624793405771],[-89.190603294067,13.6624895847979],[-89.1904857869874,13.662424153496],[-89.1904295862492,13.6623928662591],[-89.1903472865315,13.6623461598037],[-89.190275829624,13.6623056094865],[-89.1901455017037,13.6622326539874],[-89.190105977713,13.6622126271433],[-89.1896477141119,13.6620496980009],[-89.1895818053609,13.6614119171292],[-89.1893963799008,13.6602682195361],[-89.1896234362471,13.6602071781628],[-89.1898630069723,13.6602069092545],[-89.1898865092956,13.6602086220648],[-89.1898920663479,13.6602212334191],[-89.1899002871353,13.6602393600838],[-89.1899131990759,13.6602646094241],[-89.1899293523404,13.6602837839019],[-89.1899895779004,13.6603173088988],[-89.1900387519415,13.6603332924203],[-89.1900730859705,13.6603378567619],[-89.1901510455223,13.6603323451103],[-89.1901704453138,13.6603404289972],[-89.1903514107484,13.6604366422555],[-89.1903531468485,13.6604300596612],[-89.1905002736959,13.6604553993817],[-89.1905029999118,13.6604558700062],[-89.1905120411696,13.6604575469563],[-89.1905754381649,13.660469336131],[-89.190721998749,13.6604961847564],[-89.1907580752555,13.6605031357383],[-89.1908678024348,13.6605242839668],[-89.1909491129114,13.660542926926],[-89.1910671199266,13.6605614211316],[-89.1910983189227,13.6605639883529],[-89.1911473762755,13.6605749921926],[-89.1911641668338,13.6605513405114],[-89.1912185449264,13.6604592945045],[-89.1912555633094,13.6604139399645],[-89.1912566039842,13.6604126619533],[-89.1913260938153,13.6603274629145],[-89.1914110035645,13.6602325241493],[-89.1914228426269,13.6602192882565],[-89.1914547131396,13.6601861366434],[-89.1915205051649,13.6601163698944],[-89.1915904006149,13.660042545967],[-89.1916535188569,13.65994373735],[-89.1916586079192,13.6599286736095],[-89.1917188151546,13.659928191906],[-89.1918758113058,13.6599269215155],[-89.1918732975727,13.6599784228251],[-89.1923081385527,13.6599745380911],[-89.1923252911045,13.6600116964051],[-89.1923453339785,13.6599945573654],[-89.1924009051606,13.6600667928563],[-89.192374540784,13.6602352803001],[-89.1923628416944,13.6603969707382],[-89.1923734808018,13.6604434550956],[-89.1923670679148,13.660483102181],[-89.1923591454155,13.6604829700824],[-89.1923528283894,13.6605482840596],[-89.1923525731876,13.6606182402128],[-89.192352465705,13.6606484330601],[-89.1923543051224,13.6607444983536],[-89.1923539051114,13.66075381058],[-89.1923511656205,13.6608173537418],[-89.1923469314834,13.660860545097],[-89.1923550922982,13.6608853261921],[-89.1923608527865,13.6609046387995],[-89.1923998344533,13.660990539675],[-89.1924013874907,13.6610031721829],[-89.19238887457,13.6610378273156],[-89.1923828403598,13.6610545296654],[-89.1923704706436,13.6611026698759],[-89.1923664995692,13.6611544498234],[-89.1923657135985,13.6611766925514],[-89.192365139893,13.661192881737],[-89.1923677311015,13.6612599377784],[-89.1923656832079,13.66130112801],[-89.1923589187444,13.6613630003077],[-89.1923887123164,13.6613603575172],[-89.192404298478,13.6615186849068],[-89.1924294825787,13.6616766170138],[-89.1924089634373,13.6616789470369],[-89.1924502084916,13.6618930679732]]]]}},{"type":"Feature","properties":{"text_1":"URBANIZACION BOSQUES DE SANTORINI","zona":0},"geometry":{"type":"MultiPolygon","coordinates":[[[[-89.1943630628841,13.6609715208843],[-89.1942971140587,13.6610230633059],[-89.1942089120903,13.6611989294641],[-89.1941353745414,13.6613099468116],[-89.1940913115145,13.6614439883578],[-89.1940656668083,13.6616342538211],[-89.1940696546786,13.6617186363842],[-89.1940777041488,13.6619756097268],[-89.1940347377685,13.6621540044575],[-89.1939840620447,13.662487737584],[-89.1939804095624,13.6628099279452],[-89.1939922006456,13.6633581898098],[-89.1939175433534,13.6633632101634],[-89.1935348660297,13.6633989614258],[-89.193356345252,13.6634248890352],[-89.1933542916201,13.6634251862231],[-89.1933023528638,13.6634327248521],[-89.1932763080186,13.6632755066946],[-89.1932181013764,13.6632695541957],[-89.1929722999614,13.6632930902509],[-89.1929273348348,13.6631603037809],[-89.1928888271547,13.6630286321616],[-89.1928390835253,13.6628972287637],[-89.1927903444528,13.6627666480148],[-89.1927424370681,13.6626346140465],[-89.1926945297289,13.6625025701253],[-89.1926468790981,13.6623712762247],[-89.1926124308525,13.6622852416819],[-89.1926001462148,13.6622409062787],[-89.1925673537094,13.6621528900012],[-89.192493733612,13.6620717734646],[-89.1923451723728,13.6619034888856],[-89.1924502084916,13.6618930679732],[-89.1924089634373,13.6616789470369],[-89.1924294825787,13.6616766170138],[-89.192404298478,13.6615186849068],[-89.1923887123164,13.6613603575172],[-89.1923589187444,13.6613630003077],[-89.1923656832079,13.66130112801],[-89.1923677311015,13.6612599377784],[-89.192365139893,13.661192881737],[-89.1923657135985,13.6611766925514],[-89.1923664995692,13.6611544498234],[-89.1923704706436,13.6611026698759],[-89.1923828403598,13.6610545296654],[-89.19238887457,13.6610378273156],[-89.1924013874907,13.6610031721829],[-89.1923998344533,13.660990539675],[-89.1923608527865,13.6609046387995],[-89.1923550922982,13.6608853261921],[-89.1923469314834,13.660860545097],[-89.1923511656205,13.6608173537418],[-89.1923539051114,13.66075381058],[-89.1923543051224,13.6607444983536],[-89.192352465705,13.6606484330601],[-89.1923525731876,13.6606182402128],[-89.1923528283894,13.6605482840596],[-89.1923591454155,13.6604829700824],[-89.1923670679148,13.660483102181],[-89.1923734808018,13.6604434550956],[-89.1923628416944,13.6603969707382],[-89.192374540784,13.6602352803001],[-89.1924009051606,13.6600667928563],[-89.1924056564297,13.6600309416154],[-89.1924114428242,13.6599542796641],[-89.1924204882232,13.6599508576759],[-89.1938396689571,13.6604296872243],[-89.1937411688087,13.6606749351825],[-89.1939366888239,13.6607658673467],[-89.194319639878,13.6609301722325],[-89.1943630628841,13.6609715208843]]]]}},{"type":"Feature","properties":{"text_1":"URBANIZACION LOS HEROES","zona":0},"geometry":{"type":"MultiPolygon","coordinates":[[[[-89.1904857869874,13.662424153496],[-89.1904756738727,13.6624412846912],[-89.190451171263,13.6624796043553],[-89.1904266686453,13.6625179240168],[-89.1904021650953,13.6625562436766],[-89.1903776726293,13.6625945633252],[-89.1903531699803,13.6626328739403],[-89.1903286664144,13.6626712035353],[-89.1903139576126,13.6626941973192],[-89.1902066869875,13.6626338387489],[-89.1901822566426,13.6626210106026],[-89.1901415391014,13.6625996333664],[-89.1901008215603,13.6625782470845],[-89.1900601132773,13.6625568698278],[-89.1900193957503,13.6625354826285],[-89.1899786782387,13.6625141053654],[-89.1899549673561,13.6625016562759],[-89.1899379607346,13.6624927280954],[-89.1899358403356,13.6624916098089],[-89.1896780384775,13.6625170500174],[-89.1896477141119,13.6620496980009],[-89.190105968477,13.6622126361893],[-89.190145510947,13.6622326539802],[-89.1902758388674,13.6623056094794],[-89.1903472865315,13.6623461598037],[-89.1904295954925,13.6623928662519],[-89.1904857869874,13.662424153496]]]]}},{"type":"Feature","properties":{"text_1":"BARRIO EL CENTRO","zona":0},"geometry":{"type":"MultiPolygon","coordinates":[[[[-89.1818528014999,13.6562612243375],[-89.1818119003119,13.6563298773011],[-89.1817864007553,13.6563780637541],[-89.1817818259568,13.6563859255894],[-89.181740708099,13.6564565320156],[-89.1817781936309,13.6565476285637],[-89.1817585785607,13.6567756701793],[-89.1817159977019,13.6567664647562],[-89.1816152763356,13.6567961669962],[-89.1816159380331,13.6568199633215],[-89.1815280266106,13.6568184735339],[-89.1815288049412,13.656832921703],[-89.1814787814282,13.6568319679566],[-89.1813785652624,13.6568300705008],[-89.1812918256399,13.6568510713558],[-89.1812635590162,13.6568579129759],[-89.1812131263001,13.6568657073619],[-89.1812088239385,13.6568948936498],[-89.1812093988893,13.6570268825203],[-89.1812094110277,13.6570306399982],[-89.1812094407617,13.6570812236847],[-89.1808776882282,13.6571852629588],[-89.1807720793907,13.6571988818485],[-89.1807556684072,13.6572003193524],[-89.1801042577952,13.6572574343842],[-89.1797951006921,13.6572399072331],[-89.1797138562028,13.6571198996874],[-89.1795722289582,13.6568929197007],[-89.179514577003,13.6567925446075],[-89.1794699552604,13.6567250834215],[-89.1794105180929,13.6566289588113],[-89.1793132859427,13.6565194859265],[-89.1792287453283,13.6564327366845],[-89.1791177998159,13.6563614641366],[-89.179145496476,13.6563138042342],[-89.1792050887593,13.6561916203451],[-89.17924173669,13.6561164728222],[-89.1792690770004,13.656062176776],[-89.1792692665254,13.6560622317754],[-89.1795895497081,13.6562115916178],[-89.1797445399765,13.6562882930908],[-89.179891239235,13.656340749962],[-89.1800337743769,13.6563446896743],[-89.1802605834079,13.6563088612928],[-89.1804309469349,13.6561673339042],[-89.1805075990144,13.6561361873169],[-89.1807513394877,13.6560261137669],[-89.1808902909555,13.6559724287648],[-89.1809101040631,13.6559647690552],[-89.1810599756687,13.6559332719419],[-89.1811528001864,13.6559477165005],[-89.1812276669626,13.6559593613409],[-89.1814455121206,13.6560465204684],[-89.1815720024355,13.6561096165206],[-89.1818528014999,13.6562612243375]]]]}},{"type":"Feature","properties":{"text_1":"COLONIA GALVEZ","zona":0},"geometry":{"type":"MultiPolygon","coordinates":[[[[-89.1677445348238,13.6585575183155],[-89.1676990323426,13.6585909717255],[-89.1675610235325,13.658658624628],[-89.1674069728692,13.6587545187836],[-89.1672572722382,13.6588443565073],[-89.1672353890941,13.6588574959273],[-89.1670743154188,13.6589810321049],[-89.1669552812221,13.6590976908357],[-89.166846761968,13.6592143423745],[-89.1667963606594,13.6592808335446],[-89.1668236236478,13.6592992987746],[-89.166901347707,13.6593758573578],[-89.1669476936579,13.6594898484778],[-89.1669454322555,13.6596232367066],[-89.1669043908554,13.6597161748969],[-89.1670029637571,13.6597480036733],[-89.1670827965417,13.6597935346138],[-89.1668484981217,13.6597540968188],[-89.1667217196369,13.6596415576442],[-89.1666579912721,13.6595214598065],[-89.16664923364,13.6595049443718],[-89.1666203591128,13.659468903097],[-89.1666052116745,13.6594785109033],[-89.1665351503707,13.6595025594491],[-89.1664580899769,13.6595094703681],[-89.1663354874727,13.6595335535119],[-89.1663078159193,13.6595398850209],[-89.1662381986125,13.6596036864278],[-89.1659208556192,13.6599806237603],[-89.1658485934174,13.6600664646725],[-89.1656720474803,13.6600754327925],[-89.1655885784087,13.6600795339349],[-89.1655261023752,13.6601109347795],[-89.1655070560235,13.6601204999474],[-89.1654175877961,13.6601820276284],[-89.1653558559812,13.6602215828578],[-89.1652435015428,13.6602030634785],[-89.1652472629793,13.660181216552],[-89.1652252757001,13.660180667296],[-89.1652058340593,13.6601801895432],[-89.1649597644686,13.6601726074553],[-89.1650058699557,13.6602545840872],[-89.1649442676932,13.6603036996099],[-89.1649233036573,13.6603190048398],[-89.1648069242048,13.660403977461],[-89.1646656220477,13.6605020912524],[-89.1646114422578,13.6605397159439],[-89.1645618402528,13.6605741531426],[-89.1644684751133,13.6606389886236],[-89.1641732211649,13.6607617240646],[-89.1640769656,13.6606730611981],[-89.1641601270917,13.660593461247],[-89.164166952103,13.6605123936977],[-89.1641411960074,13.6604028029341],[-89.1641319348389,13.6603559368043],[-89.1640774205465,13.6602533541316],[-89.1640501649517,13.6601777607036],[-89.1640359192231,13.6601896175412],[-89.1638958470323,13.6602331864134],[-89.1636772125257,13.6603135896537],[-89.1634927348703,13.6603906192593],[-89.1634210191364,13.6604609003706],[-89.1633186192898,13.6606147912165],[-89.1632811193709,13.6607385582583],[-89.1632614403736,13.6607637194535],[-89.1632025908083,13.6608389344484],[-89.1631027076433,13.6609235907001],[-89.1630762301512,13.6609460347654],[-89.1629430219264,13.6610330731147],[-89.1627938734894,13.6611053026077],[-89.1627814314205,13.6611124190636],[-89.16262308647,13.6612029629059],[-89.1626161358541,13.6612127973457],[-89.1625590793145,13.6612935744647],[-89.1624666981383,13.6615235417663],[-89.1623457680695,13.6616559805823],[-89.162334126065,13.6616839963157],[-89.1622668938111,13.661845796972],[-89.1622188711895,13.6619476983699],[-89.1621822851797,13.6620253335188],[-89.1621467161811,13.6620671656692],[-89.1621242262856,13.6620671804969],[-89.1620541749429,13.6620672266688],[-89.1619331340296,13.6620394366497],[-89.1618548581082,13.6620812787979],[-89.1618050572897,13.6621300892849],[-89.1617623747207,13.6621788869445],[-89.1616841079721,13.662220738071],[-89.161584430834,13.6622208035852],[-89.1615416808746,13.6621581321867],[-89.1614917651448,13.6620397268864],[-89.1613990574845,13.6617959416546],[-89.1612979081513,13.6616788841943],[-89.1611474240709,13.6616270207173],[-89.1610500670135,13.6616010939372],[-89.1609438680719,13.661601163463],[-89.160784611572,13.661661893592],[-89.160643076056,13.6617399387791],[-89.1605811147283,13.6617226525097],[-89.1605368508165,13.6616880369744],[-89.1604652297071,13.661634714223],[-89.1603613534851,13.6615573652998],[-89.1604084659407,13.6614805849651],[-89.1606668917513,13.6607730833249],[-89.160618958635,13.6607698931596],[-89.1605878042472,13.6607631659397],[-89.160523811103,13.6607493428947],[-89.1604384032227,13.660701711912],[-89.16042904826,13.6606964980291],[-89.1604027765778,13.6606740967958],[-89.1603111771954,13.6605960185333],[-89.1602728554596,13.6605578630432],[-89.1603088238147,13.6605186594236],[-89.1603165417375,13.66051024095],[-89.1603242790705,13.6605018224634],[-89.16038246361,13.6604233871134],[-89.1604200571784,13.660364282294],[-89.1604622116388,13.6602907076745],[-89.1605599074742,13.6601489920169],[-89.1606065746959,13.66009885962],[-89.1606159092582,13.6600742332671],[-89.1605862798758,13.6600550005854],[-89.1605980067672,13.6600265772213],[-89.1606846087966,13.6598566103283],[-89.1608105712839,13.659608507693],[-89.1608221766366,13.659568681778],[-89.1608337718173,13.659528854965],[-89.1608744194772,13.6594662680856],[-89.1609077895007,13.6593908850183],[-89.160939702384,13.6593041273975],[-89.1609800388263,13.6592015361752],[-89.1609801811644,13.6591880228708],[-89.1609966925556,13.6591951573415],[-89.1609988370492,13.6591885105108],[-89.1610092296525,13.6591743514426],[-89.1610258425322,13.6591083183593],[-89.161070000015,13.6589328165503],[-89.1610775035418,13.6589029894695],[-89.1611443346869,13.6586374223785],[-89.1611487989976,13.6586196760188],[-89.1611532642257,13.6586019206194],[-89.1613269343835,13.6586667451875],[-89.1613491070576,13.6586750247697],[-89.1613626479145,13.6586825218186],[-89.161402312425,13.6587191396413],[-89.1614183086471,13.6587339114203],[-89.1614556965047,13.6587906161515],[-89.1614562079319,13.658791022568],[-89.1615016931955,13.6588267109655],[-89.1615316436908,13.6588452590794],[-89.1615601451605,13.6588629006323],[-89.161572515108,13.658874702781],[-89.1615824721997,13.6588886351841],[-89.1616068162915,13.6589442285379],[-89.1616468885412,13.6590091325034],[-89.1616567571062,13.6590179742322],[-89.1616652163726,13.6590272344859],[-89.1616796288767,13.6590373965269],[-89.1618931808654,13.6586829323973],[-89.1622657791031,13.6586535959069],[-89.1623141308991,13.6586466121507],[-89.1626396856719,13.6585996088039],[-89.1630491775071,13.6585404887332],[-89.1630496839355,13.6585483468498],[-89.1630482848005,13.6586327425296],[-89.1630482029851,13.6586373895017],[-89.1630475052551,13.6586682398581],[-89.1630459366336,13.6586854935182],[-89.1632909628603,13.6588021772852],[-89.1634182142967,13.658862764816],[-89.1634963633924,13.6588983660562],[-89.163527430848,13.6589026036426],[-89.1635302208461,13.6589404026237],[-89.1635449644906,13.6589627551502],[-89.1635715231959,13.658949816325],[-89.1636385998757,13.6589189308451],[-89.1636622266454,13.6589086685826],[-89.1636798260429,13.6589012250549],[-89.163693792046,13.6588939312791],[-89.1637166412104,13.6588819846711],[-89.1638084277735,13.6588340063325],[-89.1638856819211,13.6587936366795],[-89.1639096472504,13.6587798010755],[-89.1639633017665,13.6587488512373],[-89.1639798482509,13.6587372974813],[-89.1640355131518,13.658698413715],[-89.1640527026445,13.6586864157133],[-89.1641095498082,13.658646328059],[-89.1642077767851,13.6585770838836],[-89.164196526063,13.6585136425734],[-89.1642425802964,13.6585098443898],[-89.1643219373317,13.6584592456366],[-89.164390385786,13.6584156041893],[-89.1644678127213,13.6583662368785],[-89.164557473048,13.6583090779281],[-89.1646348999131,13.6582597105644],[-89.1649322847663,13.6578879440601],[-89.1651622619491,13.6577211370035],[-89.1651238410459,13.6576646278635],[-89.165058571966,13.6575585717229],[-89.1649210020068,13.6574007772755],[-89.1647998652208,13.6572596142309],[-89.1646735769863,13.6570201940863],[-89.1644408957432,13.6568250047749],[-89.1642788663962,13.6566774909369],[-89.1641530177974,13.6565648286824],[-89.1641444007296,13.656558596663],[-89.1641632489975,13.656537045195],[-89.1642073496207,13.6565012513836],[-89.1644569004657,13.6564989369691],[-89.1645328970354,13.6565026806803],[-89.1646946265805,13.6565058119746],[-89.1649392746039,13.6565175884435],[-89.1649392666134,13.656519374543],[-89.165156193918,13.656790750523],[-89.1652759283793,13.6568620415367],[-89.1653956444277,13.6569333334083],[-89.1654625008248,13.6570490058245],[-89.1654255538793,13.6572298248111],[-89.165636289882,13.657228776354],[-89.165670101025,13.6570972831263],[-89.1657059276175,13.6571002852242],[-89.1657132001678,13.6570374145083],[-89.1657590798236,13.6570420955858],[-89.1657616114515,13.6570210268259],[-89.1657751281508,13.6570230361094],[-89.1658085625163,13.6570285200895],[-89.1658524739117,13.6570339427658],[-89.1659495056853,13.6570422536893],[-89.1659468591607,13.6570746880895],[-89.1659929559266,13.6570778965338],[-89.1660383141301,13.6570810503306],[-89.1660352441403,13.657130302866],[-89.1660009481013,13.6572044190996],[-89.1662067371939,13.6572609632798],[-89.1662117626869,13.6572060447182],[-89.1662207414211,13.6571079164559],[-89.1662473330815,13.6570871839456],[-89.1663139411783,13.6571059652075],[-89.1663820221393,13.657117507977],[-89.1663894538701,13.6571479271109],[-89.1664575891782,13.6572362284857],[-89.1665367155296,13.6573023263818],[-89.1665160824775,13.6573302742884],[-89.1664737654483,13.6573313767647],[-89.1664804886343,13.6573897583302],[-89.1664214373732,13.6574842542991],[-89.1663485698354,13.6576093871373],[-89.1663277855865,13.6576235814819],[-89.1663271229197,13.6576498129283],[-89.1663271904459,13.6576511922245],[-89.1663431057602,13.6576453314588],[-89.1664330748901,13.6576245840714],[-89.1666363935932,13.6577200223056],[-89.1666673533268,13.6577197789669],[-89.1667238541798,13.6577397519721],[-89.1667759718589,13.6577583024965],[-89.1668416845762,13.6577680326297],[-89.1669091229437,13.6576617847687],[-89.1669236358371,13.6576386813352],[-89.1670050941456,13.657509043813],[-89.1670510479115,13.6575645387972],[-89.1671905351674,13.6577673699697],[-89.1672498570809,13.6578536216604],[-89.1672708264451,13.6578996092648],[-89.1673430650549,13.6580628521465],[-89.1674234671435,13.6582310319394],[-89.1674353566172,13.65824660155],[-89.1674920774806,13.6582027457692],[-89.1675070558649,13.6582219876007],[-89.1676140217955,13.6583716284513],[-89.1677233986519,13.6585292833401],[-89.1677445348238,13.6585575183155]]]]}},{"type":"Feature","properties":{"text_1":"COL LAS MERCEDITAS","zona":0},"geometry":{"type":"MultiPolygon","coordinates":[[[[-89.1814811439668,13.6550245535144],[-89.1814752756393,13.6551348500796],[-89.1814710763224,13.6552124452418],[-89.1814657610197,13.6552656333793],[-89.1814612830021,13.6552887022491],[-89.1814576528616,13.6553073558751],[-89.1814466401664,13.6553617793196],[-89.1814349142677,13.6553999033704],[-89.1814263978378,13.6554276130987],[-89.1814107427431,13.6554885461947],[-89.1814077997706,13.6555017479286],[-89.1813885357327,13.6555836766216],[-89.181387300287,13.6555889255409],[-89.1813699792206,13.6556625866891],[-89.1813333192582,13.6556720087979],[-89.1813064059936,13.655738837249],[-89.1812693216721,13.655787717342],[-89.1812244410088,13.6557780868909],[-89.1811627566148,13.6558862507074],[-89.1811528001864,13.6559477165005],[-89.1810599756687,13.6559332719419],[-89.1809101040631,13.6559647690552],[-89.1808902909555,13.6559724287648],[-89.1808718810476,13.6558852798169],[-89.1808483135894,13.6557994209013],[-89.180878929766,13.6557962889887],[-89.1808785520665,13.6557606812698],[-89.1808756156911,13.6557332312676],[-89.1808714059569,13.6556990057092],[-89.180860852661,13.6556130359857],[-89.1808606135982,13.6555233283056],[-89.1808622053498,13.6555138398643],[-89.1808759330505,13.6554320074818],[-89.1808796098359,13.6553886133496],[-89.180880357736,13.6553767745007],[-89.180882630288,13.6553403142675],[-89.1808872950782,13.655252361053],[-89.1808896738999,13.6552074592761],[-89.1808890264471,13.6551660306777],[-89.1808889768082,13.6551627812156],[-89.1808747554483,13.6551315160421],[-89.1808683000421,13.6550941737005],[-89.1808656289261,13.6550787091359],[-89.1808560835718,13.6550353527484],[-89.1809323111172,13.6550200145402],[-89.1810270112303,13.6550015542193],[-89.1810980822835,13.6549877012377],[-89.181196441995,13.6549648407124],[-89.1812379064843,13.6549747412391],[-89.1813061819732,13.6549950728149],[-89.1813900822214,13.6550110234238],[-89.1814811439668,13.6550245535144]]]]}},{"type":"Feature","properties":{"text_1":"LOTIFICACION EL GUAJE","zona":0},"geometry":{"type":"MultiPolygon","coordinates":[[[[-89.1630491775071,13.6585404887332],[-89.1626396856719,13.6585996088039],[-89.1623141308991,13.6586466121507],[-89.1622657791031,13.6586535959069],[-89.1618931808654,13.6586829323973],[-89.1616796288767,13.6590373965269],[-89.1616652163726,13.6590272344859],[-89.1616567571062,13.6590179742322],[-89.1616468885412,13.6590091325034],[-89.1616068162915,13.6589442285379],[-89.1615824721997,13.6588886351841],[-89.161572515108,13.658874702781],[-89.1615601451605,13.6588629006323],[-89.1615316436908,13.6588452590794],[-89.1615016931955,13.6588267109655],[-89.1614562079319,13.658791022568],[-89.1614556965047,13.6587906161515],[-89.1614183086471,13.6587339114203],[-89.161402312425,13.6587191396413],[-89.1613626479145,13.6586825218186],[-89.1613491070576,13.6586750247697],[-89.1613269343835,13.6586667451875],[-89.1611532642257,13.6586019206194],[-89.1611487989976,13.6586196760188],[-89.1610686091578,13.658589035938],[-89.1610448297744,13.6585979187094],[-89.1609202560977,13.6586456589603],[-89.160894199424,13.658646786895],[-89.160864743584,13.6586323944832],[-89.1607854107771,13.658580354065],[-89.1607514134459,13.6585681773408],[-89.1606354290022,13.6585124774629],[-89.1606829926699,13.6580026882703],[-89.160693401946,13.6575706446464],[-89.160750960823,13.6575747260718],[-89.1619491655978,13.6576651192855],[-89.1624408779296,13.6577017913457],[-89.1626075680773,13.6577195357948],[-89.1626824453498,13.6578150160945],[-89.1627042726357,13.6579386787285],[-89.1627153997181,13.6580017215729],[-89.1628113301299,13.6581704394526],[-89.1628825841202,13.6582402921807],[-89.1629407741312,13.6582811837492],[-89.1629845131131,13.6583376707221],[-89.1630049671251,13.6583640644214],[-89.1630278794702,13.6584152801236],[-89.1630432932447,13.6584497480283],[-89.1630474929825,13.6585145553304],[-89.1630491775071,13.6585404887332]]]]}},{"type":"Feature","properties":{"text_1":"PARCELACION LOS ANGELES","zona":0},"geometry":{"type":"MultiPolygon","coordinates":[[[[-89.1651622619491,13.6577211370035],[-89.1649322847663,13.6578879440601],[-89.1646970620443,13.6578756523796],[-89.164461687746,13.6578633415936],[-89.1644165554467,13.6578318186484],[-89.1643304412419,13.657843113416],[-89.1641745678616,13.6578236599777],[-89.1640047139593,13.6578024658264],[-89.163908900431,13.657790525094],[-89.163803164109,13.6577861339276],[-89.1637292787396,13.6577830637938],[-89.1636322404775,13.6577790373591],[-89.1635399725754,13.6577736383147],[-89.1634431799796,13.6577679819215],[-89.1632220879369,13.6577550593668],[-89.1626075680773,13.6577195357948],[-89.1624408779296,13.6577017913457],[-89.1619491655978,13.6576651192855],[-89.160750960823,13.6575747260718],[-89.160693401946,13.6575706446464],[-89.1606990159977,13.6573376524097],[-89.1607687911976,13.6569627719852],[-89.160805393051,13.6562856158798],[-89.1609942276426,13.6561333263176],[-89.1610493067813,13.6561381767024],[-89.1618031504309,13.6562083320032],[-89.1618846623044,13.6562350372307],[-89.162078944339,13.656256206805],[-89.1621708080955,13.6562662165226],[-89.1623784178677,13.6562888404749],[-89.1627970068905,13.6563344535077],[-89.1629510548217,13.6564116109004],[-89.1631268304209,13.6564698614992],[-89.1631804804303,13.65648764346],[-89.1633039979768,13.6565012879984],[-89.1635285237874,13.6564719737563],[-89.1636603337749,13.6564477466806],[-89.1637157879174,13.6564467191009],[-89.1637669265264,13.6564457874837],[-89.1638386982161,13.6564444624746],[-89.1639816253119,13.6564540768363],[-89.1640095467107,13.6564538819567],[-89.1640321619215,13.6564726289971],[-89.1640588501556,13.6564947602084],[-89.1641444007296,13.656558596663],[-89.1641530177974,13.6565648286824],[-89.1642788756393,13.6566774909307],[-89.1644408957432,13.6568250047749],[-89.1646735769863,13.6570201940863],[-89.1647998744639,13.6572596142247],[-89.1649209927637,13.6574007772817],[-89.165058571966,13.6575585717229],[-89.1651238318027,13.6576646278697],[-89.1651622619491,13.6577211370035]]]]}},{"type":"Feature","properties":{"text_1":"COLONIA SAN ANTONIO 2","zona":0},"geometry":{"type":"MultiPolygon","coordinates":[[[[-89.1890945453735,13.6585932130158],[-89.1889247836009,13.658631523969],[-89.1888961316165,13.6586188932735],[-89.1888299953145,13.6586839665723],[-89.1887199593704,13.6586303669783],[-89.1885867343889,13.6585654837347],[-89.188480260637,13.6585150467376],[-89.1883557621639,13.6584500364623],[-89.1882996718815,13.6584016243808],[-89.1883003706662,13.6583531416921],[-89.1882484706562,13.6583247476388],[-89.1881615678674,13.6582711300848],[-89.1879477247699,13.6584958687476],[-89.1877519371306,13.6587046921376],[-89.1877148623118,13.6587516478961],[-89.1876928689346,13.6587086149324],[-89.1875888455944,13.6586580744435],[-89.1875586788429,13.6586432781141],[-89.1874722761169,13.6586000547149],[-89.187484782571,13.6585565425785],[-89.1875300716485,13.6585082202302],[-89.1875950411645,13.6584389089088],[-89.1875551769278,13.6584176878679],[-89.1873606392056,13.6583069600243],[-89.187275966286,13.6582605688976],[-89.1872061314092,13.6581990334559],[-89.1870965113367,13.6581550502487],[-89.1869184949906,13.6581091005947],[-89.1869446222019,13.6580667070948],[-89.1869761201171,13.6580167294549],[-89.1870545367718,13.6578848848089],[-89.1869752772213,13.6578494211525],[-89.1869789592846,13.6578256585992],[-89.1867912867646,13.657729503083],[-89.1867889103075,13.6577282828236],[-89.1867520654623,13.657707550173],[-89.1867263935975,13.6577041077538],[-89.1867264175629,13.6577342905592],[-89.1867075339311,13.6577693569969],[-89.1866588442251,13.6578502255705],[-89.1865942155725,13.6579194161697],[-89.186526224575,13.6579983740672],[-89.1863137689001,13.657872460913],[-89.1861520186685,13.6577852076046],[-89.1860599929736,13.6577279468774],[-89.1860497869618,13.6577609982466],[-89.1860415303924,13.6577929643718],[-89.1860352312926,13.6578339914556],[-89.1860228859182,13.6579143325524],[-89.1860134785955,13.6579755486478],[-89.1860195928064,13.6579987487856],[-89.1860329875926,13.6580496640319],[-89.186038865246,13.6580846285264],[-89.1860493166608,13.6581467741675],[-89.1860544987551,13.6581776291824],[-89.1860659968245,13.658246020841],[-89.1860704187158,13.6582728414487],[-89.1860834289186,13.6583516728396],[-89.1860878424507,13.6583784374116],[-89.1860768144119,13.6583772517127],[-89.186083016157,13.6584281172606],[-89.1860886467272,13.6584743742859],[-89.1860977941192,13.6585028472503],[-89.1861175862916,13.6585644489057],[-89.1861190770988,13.6585701405007],[-89.1861382549359,13.6586438303912],[-89.186153387656,13.6587019456361],[-89.1861576097579,13.658714558086],[-89.1861806075434,13.6587832194315],[-89.1861930551783,13.6588203726974],[-89.1862037471002,13.6588523064013],[-89.1862128137672,13.6588511696687],[-89.1862184341257,13.6588961585349],[-89.1862221371688,13.6589232851995],[-89.1862284304846,13.6589695037552],[-89.1862318099974,13.6589942696939],[-89.1862355356281,13.6590137322255],[-89.1862455438645,13.6590658811261],[-89.1862850568992,13.6590614917178],[-89.1862872618353,13.6590737079801],[-89.186295278887,13.6591325878762],[-89.1862955169062,13.6591343466732],[-89.1863051795767,13.659205304055],[-89.1862915302798,13.659263820729],[-89.1862741925209,13.6593381492983],[-89.1862650011991,13.6593371375719],[-89.1862632532501,13.6593534017529],[-89.1860837220473,13.6593552496436],[-89.1860799021007,13.659216581668],[-89.1860729001839,13.6591485843241],[-89.1860624498214,13.6591111981447],[-89.1860189665625,13.6590381376686],[-89.1859650316451,13.6589259880657],[-89.1859258056532,13.6588386328881],[-89.1858338210963,13.6589297986418],[-89.1858132616272,13.6588329050106],[-89.1857904361355,13.6586581155204],[-89.1857719367809,13.6585679498178],[-89.1857633766219,13.6585152258304],[-89.1857320780368,13.6583744399874],[-89.1856993942452,13.6582773521252],[-89.1856709795771,13.6581927374815],[-89.1856289000431,13.658062706157],[-89.1856063159041,13.6580259772074],[-89.1855325826996,13.6579163136931],[-89.1855150301765,13.6578873001921],[-89.1854796419609,13.6578288395308],[-89.1854116260702,13.6576843970629],[-89.1853568843319,13.6575446466262],[-89.1853384025917,13.6575128669935],[-89.1852785727817,13.6574507865492],[-89.1851745987687,13.6573523548954],[-89.185104201276,13.657284275087],[-89.1850664589751,13.6572410142083],[-89.1850316326554,13.6572232960744],[-89.1849719735014,13.6571852626191],[-89.1848994557463,13.6571289394863],[-89.1848649948517,13.6571057145325],[-89.1848358659258,13.6570749335329],[-89.18479545831,13.6570120791004],[-89.1848421026125,13.6569777792354],[-89.1848912732182,13.6569295927482],[-89.1849760670695,13.6569029644438],[-89.1853209221042,13.6568902003348],[-89.1854580044179,13.656880304205],[-89.1855683266567,13.6568430402089],[-89.1856949147615,13.6567880665425],[-89.1857780996312,13.6567490549262],[-89.185791494601,13.6567395204765],[-89.1858703124785,13.6566834818632],[-89.1859900107072,13.6566660176175],[-89.1859827473819,13.6566133016917],[-89.1859922922949,13.6565110731121],[-89.1859254079959,13.6565036349288],[-89.1859273484763,13.656467841071],[-89.1859282992595,13.65643819444],[-89.185928458085,13.6563748657054],[-89.1859314634255,13.656357850342],[-89.1859227681963,13.656325961212],[-89.1859363287082,13.6563224248691],[-89.1859410957944,13.6562703569756],[-89.1859416117667,13.6562647750406],[-89.1859445776376,13.6562562942732],[-89.1859614845504,13.6561878160444],[-89.1859991322729,13.6561115007337],[-89.1860348807707,13.6560390094211],[-89.1860539947656,13.6559727133234],[-89.1860696766337,13.6558992013241],[-89.1860754712713,13.6558783712235],[-89.1860883098189,13.6558350532391],[-89.1861106719734,13.6557596380043],[-89.1861313453268,13.6556899619641],[-89.1861511870994,13.65562300908],[-89.1861724079792,13.6555514543299],[-89.1861805746816,13.655513508103],[-89.1861888444936,13.6554750438664],[-89.1862025182697,13.655411500616],[-89.186207827319,13.6553867841356],[-89.1862205593827,13.6553409579182],[-89.1862379470449,13.6552704699475],[-89.186254194038,13.6552045655816],[-89.1861794061122,13.6551851197988],[-89.1861953139002,13.6551227228019],[-89.1861563116225,13.6551141174309],[-89.1860519861949,13.6551092529874],[-89.1859520796283,13.6549357537984],[-89.185999352802,13.6547752398094],[-89.1860351666993,13.6546536453071],[-89.1860566599781,13.6545806468394],[-89.1860678269625,13.6545427173264],[-89.1860725524579,13.6545222767081],[-89.1860855038229,13.6544662688684],[-89.1861028315629,13.6543913383111],[-89.186105010092,13.6543819325494],[-89.1861178559778,13.6543246385464],[-89.1861228452736,13.6543023465524],[-89.1861348991092,13.6542486623964],[-89.186116433915,13.6542259163218],[-89.1861179008157,13.6542259613102],[-89.1861393287691,13.6541055446047],[-89.1861561212486,13.6539523200538],[-89.1861678879017,13.6539550598877],[-89.1861697449301,13.6539213396202],[-89.1861711137733,13.6538804183988],[-89.1861736941533,13.653804193776],[-89.1861715526841,13.6537658296163],[-89.1861686049479,13.6537131013835],[-89.1861090955596,13.6537080837181],[-89.1861007094713,13.6537070071996],[-89.1860236391287,13.6536970503674],[-89.1859993969265,13.6536939222496],[-89.1859533362802,13.6536879769215],[-89.1859425930072,13.6536866156457],[-89.1858717033386,13.6536776727809],[-89.1858625315329,13.6536765127861],[-89.1858315783689,13.6536726765515],[-89.1858565871637,13.6534598837136],[-89.1858796369816,13.6533203249413],[-89.1859249564214,13.6531429114221],[-89.1859422332194,13.6530643987785],[-89.1859535613664,13.6530024129107],[-89.1860389916565,13.6526932951733],[-89.1860865613946,13.6525367607734],[-89.1861116979426,13.6523912392138],[-89.1861028782618,13.6522860253894],[-89.186102839273,13.6522367559617],[-89.1860864932449,13.6521048721104],[-89.1861607868772,13.6520382476967],[-89.1862574092977,13.6519270118312],[-89.1865322412026,13.6524575908955],[-89.1866001835808,13.6525942949032],[-89.1868939382946,13.6531853369319],[-89.1869126232486,13.6532229292414],[-89.1871995104727,13.6537934839297],[-89.1873778760411,13.6541622778428],[-89.187880536139,13.6551244862603],[-89.1880663273106,13.6554972818476],[-89.1883148702213,13.6560708545879],[-89.1888999214749,13.6577272813402],[-89.1889023361033,13.6578703658832],[-89.1889411891836,13.6581055924871],[-89.1890536825726,13.6584257962935],[-89.1890945453735,13.6585932130158]]]]}},{"type":"Feature","properties":{"text_1":"COLONIA LOS ANGELES","zona":0},"geometry":{"type":"MultiPolygon","coordinates":[[[[-89.1652759191362,13.656862041543],[-89.165156193918,13.656790750523],[-89.1649392666134,13.656519374543],[-89.1649392746039,13.6565175884435],[-89.1649397592042,13.6563993533805],[-89.1649551617879,13.65637680536],[-89.1647709734342,13.6562535753524],[-89.1649552201054,13.6560013684897],[-89.1648563448505,13.6559258792101],[-89.1648748211414,13.6558999594173],[-89.1649783031108,13.6557685497168],[-89.1649306881929,13.6556786604861],[-89.1648336650272,13.6555327602369],[-89.1648002762792,13.6554825604633],[-89.1648328549419,13.655442525054],[-89.1647166529436,13.6553868362787],[-89.1644801638408,13.6553338293393],[-89.1644718570984,13.6553787439589],[-89.1644570530292,13.6554587990863],[-89.1644360067133,13.6555726513629],[-89.1643960221353,13.6556730943784],[-89.1643944146205,13.6556755296393],[-89.1642501374857,13.6556565312893],[-89.1641837255342,13.6556477925015],[-89.1640399124795,13.6556288578946],[-89.1638832166408,13.6556088398858],[-89.1638146537252,13.6556237971057],[-89.1637811650016,13.6556208663907],[-89.1637506675192,13.6556182030396],[-89.163474731327,13.6555964220068],[-89.163379294729,13.6555522795977],[-89.1632110713425,13.6555872770883],[-89.1631691855105,13.6555686448991],[-89.163125113029,13.6555490424673],[-89.1629112629731,13.655562512146],[-89.1628080407767,13.655551326124],[-89.1627320599213,13.6555430922286],[-89.1626875050457,13.6555382623752],[-89.1626415691573,13.6555332851885],[-89.162594344687,13.6555281606066],[-89.1624774855706,13.6555200187377],[-89.1624157992363,13.6555146261808],[-89.1623487747169,13.6555087653001],[-89.1622794023256,13.6555027025744],[-89.1621031358574,13.6554859169192],[-89.1619927388246,13.6554754195321],[-89.1619776866821,13.655456880641],[-89.1618317138312,13.6555588473941],[-89.1617608528863,13.6556045813321],[-89.1617077695718,13.6556536994891],[-89.1616028025079,13.6555002321749],[-89.1615033519857,13.6553846732129],[-89.1614683102956,13.6551876012601],[-89.1614647599798,13.6551309674085],[-89.1614909909434,13.655081366181],[-89.161546090924,13.6550482773028],[-89.1616024774688,13.6550272202021],[-89.1617340571128,13.654998228076],[-89.1617904343789,13.6549771609955],[-89.161839679047,13.6549752774168],[-89.1618602645955,13.6549744955583],[-89.1619784075041,13.654950760153],[-89.1620294437779,13.6549533550544],[-89.1621153963389,13.6549690704504],[-89.1621986528617,13.654974272597],[-89.1622628469731,13.654966687253],[-89.1623490108797,13.6549189807129],[-89.1624751601632,13.6548111595726],[-89.1623059938163,13.6548506919041],[-89.1621958861258,13.6548612696073],[-89.1620938330323,13.6548560888893],[-89.1619192537289,13.6548430603808],[-89.1619065506705,13.6548411904532],[-89.1618306160891,13.6548299761106],[-89.1617419822844,13.6548090143705],[-89.1616721322496,13.6547827822992],[-89.1615794639878,13.6547027618217],[-89.1613537082157,13.6544690320256],[-89.1612623416722,13.6543823741845],[-89.1611602302509,13.6542930939238],[-89.161103793434,13.6542405667609],[-89.1610486328528,13.6541714803164],[-89.1610367530776,13.6541286606984],[-89.1608570224127,13.6539576558449],[-89.1609141712747,13.6539446602324],[-89.1620057869307,13.6536971542432],[-89.1627471819852,13.6535015230314],[-89.1634624867281,13.6534217626299],[-89.1636835375226,13.6535445984999],[-89.1637724824058,13.653714060974],[-89.1640659110543,13.654148511818],[-89.1643726004034,13.6545003727896],[-89.1643858456264,13.654587618623],[-89.1645476660711,13.6546010154757],[-89.1646343502833,13.6546081858968],[-89.1651878425507,13.6547119713179],[-89.1659280322254,13.654778735353],[-89.1660130509,13.6548002349381],[-89.1659974551776,13.6548971907992],[-89.1659415813569,13.655201525294],[-89.1659015018718,13.6554232395436],[-89.1658968826886,13.6554488355113],[-89.165884536623,13.655524667882],[-89.1658753766806,13.6555809125302],[-89.1658627966849,13.6556461658833],[-89.1658505253436,13.6557060959963],[-89.1658359235373,13.6557774230702],[-89.1658180122289,13.655866429827],[-89.1658413951461,13.655872698833],[-89.1658297608658,13.6559237802978],[-89.1658184081357,13.6559848405603],[-89.1658059026464,13.6559814611982],[-89.1657851024679,13.6560673044633],[-89.1657808763694,13.6561273873294],[-89.1657793467004,13.6561864777097],[-89.165777660397,13.6562515203366],[-89.1657763869853,13.6562702824158],[-89.1657616159943,13.6563836026981],[-89.1657536934074,13.656450009888],[-89.1657468134406,13.656519044898],[-89.1657394516171,13.6565745570767],[-89.1657317481676,13.6566305973593],[-89.1657244212597,13.6566818892334],[-89.1657179561334,13.6567349575817],[-89.1657094020021,13.6568049934246],[-89.1657054639355,13.65684494457],[-89.1656991698819,13.6568443468178],[-89.1652759191362,13.656862041543]]]]}},{"type":"Feature","properties":{"text_1":"COLONIA LOMA LARGA","zona":0},"geometry":{"type":"MultiPolygon","coordinates":[[[[-89.1833443791087,13.6435749668606],[-89.1832753645533,13.6436115320251],[-89.1832706607682,13.6436242813452],[-89.1831522750571,13.6439457057998],[-89.1831056075908,13.6440576535208],[-89.1830167138951,13.6442961787746],[-89.1828342394229,13.6442708418712],[-89.182737606709,13.6442574285018],[-89.1826436047394,13.6442443828333],[-89.1825608014062,13.6442328835133],[-89.1824772872531,13.6442212924957],[-89.1823880466888,13.6442089003273],[-89.1822891798374,13.6441820484339],[-89.1821992957177,13.6441573456333],[-89.1821827259366,13.6441482782915],[-89.1821609356781,13.6441436574565],[-89.1820823085693,13.6441242593646],[-89.1819828215363,13.6440793959049],[-89.1817982415926,13.6439879272654],[-89.1817845024938,13.6439795971894],[-89.1817527581588,13.6439536861183],[-89.1817409719885,13.6439130150647],[-89.1815492271724,13.643833213578],[-89.181449042218,13.6437915158553],[-89.1813934209117,13.6437683710979],[-89.1814363400139,13.6441579838787],[-89.1814333329198,13.6443826083578],[-89.1814103392892,13.6445481663361],[-89.1813637541077,13.6446086414008],[-89.1811926205033,13.6446975688496],[-89.1810015999518,13.6447968305794],[-89.1808388762975,13.6448814011475],[-89.1806431158582,13.6449831183488],[-89.1803399097857,13.6451406727435],[-89.1800805613563,13.6450988037029],[-89.1799368355192,13.6453236233637],[-89.1796673829413,13.6453253750841],[-89.1794864699444,13.6453265539106],[-89.1792809447814,13.6453205944183],[-89.1790843281084,13.6453188123933],[-89.1788882965447,13.6453146606785],[-89.1787274823977,13.6453106676074],[-89.1785343670184,13.6453078828907],[-89.1784787944373,13.6443381757111],[-89.1784752556545,13.6442897421986],[-89.178501495058,13.6442831518409],[-89.1787823582224,13.6442034765067],[-89.1788815312669,13.6441594950043],[-89.1789582693821,13.6441236097016],[-89.1791211699662,13.6440102358461],[-89.1793194469823,13.6438321100212],[-89.1794985571119,13.6436415767109],[-89.1795840371628,13.6435628483735],[-89.1796911629685,13.6434861225855],[-89.1797540092511,13.6434528015898],[-89.1798652917021,13.6434285166375],[-89.1799539176667,13.6434173537804],[-89.1802582790952,13.643387817561],[-89.1805338450578,13.6433629201036],[-89.1809200063989,13.6433075638141],[-89.1810675109804,13.643309353422],[-89.1812460679142,13.643324419957],[-89.1814589368066,13.6434039005776],[-89.1816191954756,13.6434753481001],[-89.1819205578316,13.6436301802739],[-89.1820559216585,13.6436965741766],[-89.1821571752395,13.6437252945533],[-89.1822737265096,13.6437447928661],[-89.1823879039367,13.6437435611635],[-89.1824561598907,13.6437296818479],[-89.1825444280735,13.643708883713],[-89.1826491560056,13.6436661918464],[-89.1828131066415,13.6436031942176],[-89.1829057742818,13.6435931752378],[-89.1833443791087,13.6435749668606]]]]}},{"type":"Feature","properties":{"text_1":"BARRIO SAN JOSE","zona":0},"geometry":{"type":"MultiPolygon","coordinates":[[[[-89.1858734133028,13.659624356865],[-89.1858202522216,13.6596423628332],[-89.1857612953295,13.6596436014189],[-89.1857232150694,13.6596400299722],[-89.1856912657744,13.6596340377821],[-89.1856802194346,13.6596448657315],[-89.1856630196378,13.659643675635],[-89.1856359904625,13.6596352825968],[-89.1856114135387,13.6596280907873],[-89.185525408051,13.6596197422436],[-89.1854578298368,13.6596113797736],[-89.1853927415223,13.6596390753463],[-89.1853105635031,13.6597196823556],[-89.1852528239597,13.6596564343124],[-89.1852012365163,13.6595800010434],[-89.1849874892214,13.6598117810884],[-89.1849070172507,13.6598840925495],[-89.1848473982525,13.6599344336349],[-89.1848208014073,13.6599104344565],[-89.1847986736655,13.6598876078825],[-89.1848914251196,13.6597598161681],[-89.1849362196706,13.6597069779153],[-89.1849177097962,13.6596995130175],[-89.1850049945899,13.659552815912],[-89.1850363086499,13.6594974704372],[-89.185013130233,13.6594867234054],[-89.184979003201,13.6594677094596],[-89.1849662475235,13.6594606008905],[-89.1849195473893,13.6594362561885],[-89.1848728370902,13.6594119024463],[-89.1848442312923,13.6593967258795],[-89.1848156162691,13.6593815673942],[-89.1848502184098,13.6593077258048],[-89.1848634288636,13.6592795876037],[-89.1848768275401,13.6592510226223],[-89.1848848823994,13.6592385121],[-89.1848866577233,13.6592099197007],[-89.1848882933285,13.659183493136],[-89.1848631696725,13.6591662214392],[-89.1848361695582,13.6591476558704],[-89.1848091611221,13.6591290812659],[-89.1847781079371,13.6591070667662],[-89.1847470547572,13.6590850513586],[-89.1847079893661,13.6590568783134],[-89.1846617546015,13.6590235367576],[-89.1846438932172,13.6590096193581],[-89.1846114612444,13.6590527024961],[-89.1845853335513,13.6590350988915],[-89.1845232581872,13.6589939749229],[-89.1844930467742,13.6589715430605],[-89.1844683128146,13.6589560950885],[-89.1844437101695,13.6589407211348],[-89.1843840892105,13.6589035019191],[-89.1843376971219,13.6588745379777],[-89.184319479531,13.6588648600835],[-89.184258072728,13.6588322330523],[-89.1841894514119,13.6587957798036],[-89.1841263690847,13.6587622645628],[-89.1840563367063,13.6587250530626],[-89.184011756794,13.6587013727704],[-89.1840036236266,13.658709524747],[-89.1839816864729,13.6587008583563],[-89.1839916149409,13.658676517203],[-89.184020379033,13.6586402034399],[-89.1840110295105,13.6586425063263],[-89.1838780112317,13.6585625235436],[-89.183767151704,13.6584825431128],[-89.1836955432294,13.6584508952498],[-89.1836358614926,13.658432595299],[-89.1836267458597,13.6584313890803],[-89.1834602674862,13.6584093643203],[-89.1833794318222,13.6583910150073],[-89.1833420998926,13.6586557978604],[-89.1833404683083,13.6586638880225],[-89.1833377888209,13.6586628442151],[-89.1833190526211,13.6586565643702],[-89.1832987052602,13.6586466294743],[-89.1832638985282,13.658630420579],[-89.1831584265093,13.6585770745138],[-89.183127893163,13.6585540588077],[-89.1830772220665,13.6585113071069],[-89.1829674216118,13.6584176270164],[-89.182952721296,13.6584045866305],[-89.182946327644,13.6584222146048],[-89.1829118747874,13.6583368276908],[-89.1828568409993,13.6583677736523],[-89.182799082582,13.6584002582463],[-89.1827781649891,13.6584129545207],[-89.1827652140201,13.6584208126562],[-89.1827572473869,13.6584256417543],[-89.1827203980328,13.6584463737286],[-89.1826576746184,13.658497318586],[-89.1827332243026,13.6586194309383],[-89.1824867206688,13.6587694108817],[-89.1823792587574,13.6588233970208],[-89.1823480812917,13.6588851289706],[-89.1823407467611,13.6589959174404],[-89.1823092369863,13.6590558825189],[-89.1822739733375,13.6590595459275],[-89.1821978749466,13.6590486986493],[-89.182086516044,13.659032426075],[-89.1820106636186,13.659020486653],[-89.1819284819613,13.6585109565452],[-89.1818677314412,13.6583463301061],[-89.1818412864974,13.6582240889842],[-89.1817879222027,13.6582362812909],[-89.1817413538003,13.6582716172843],[-89.1817052398229,13.6583015131426],[-89.181702331692,13.6582988216878],[-89.1816756180726,13.6582701762398],[-89.1816533577671,13.6582474507157],[-89.1816689949667,13.6582361838784],[-89.1816381769873,13.6581878636899],[-89.1816039775506,13.6581475047797],[-89.1815833150437,13.6581231130967],[-89.1815537397958,13.6581268183006],[-89.1815441098708,13.6580963641881],[-89.1815329232837,13.6580609687328],[-89.1815167112557,13.6580136745125],[-89.1815055175689,13.6579810458802],[-89.1814828161276,13.6579148370454],[-89.1814813366616,13.6579105157169],[-89.1814595837314,13.6578468976434],[-89.1814435706528,13.6577998527458],[-89.1814417472669,13.6577918383607],[-89.181427720113,13.6577298533432],[-89.1814095276875,13.6576674537985],[-89.181404260884,13.6576493996926],[-89.1813975182752,13.6576209799166],[-89.1813973383727,13.6576202207785],[-89.1813991200843,13.6575993756722],[-89.181399721015,13.657592350166],[-89.181423487437,13.6575066877877],[-89.1814237494304,13.6575024302544],[-89.1814294514097,13.6574100336341],[-89.1814235372572,13.6573747725787],[-89.1814042016153,13.6573281188031],[-89.181399471065,13.657317440979],[-89.1814118363804,13.6573112682052],[-89.1814280464906,13.6573070441011],[-89.1814665896745,13.6572966127476],[-89.1814657173733,13.6572825623614],[-89.1814699382998,13.6572820322766],[-89.1814453515079,13.6572004685748],[-89.1814590259206,13.6571970526129],[-89.1815283142723,13.6571791649381],[-89.1815665501199,13.6571873196613],[-89.1816707591931,13.6572115945028],[-89.181726688893,13.6572253818502],[-89.1817668334564,13.6569740272036],[-89.1815498306614,13.6569855259497],[-89.1813155833897,13.6570479255401],[-89.1812094407548,13.6570812146458],[-89.1812094110277,13.6570306399982],[-89.1812093988893,13.6570268825203],[-89.1812088239385,13.6568948936498],[-89.1812131263001,13.6568657073619],[-89.1812635590162,13.6568579129759],[-89.1812918256399,13.6568510713558],[-89.1813785652624,13.6568300705008],[-89.1814787814282,13.6568319679566],[-89.1815288049412,13.656832921703],[-89.1815280266106,13.6568184735339],[-89.1816159380331,13.6568199633215],[-89.1816152763356,13.6567961669962],[-89.1817159977019,13.6567664647562],[-89.1817585785607,13.6567756701793],[-89.1817781936309,13.6565476285637],[-89.181740708099,13.6564565320156],[-89.1817818259568,13.6563859255894],[-89.1817864007553,13.6563780637541],[-89.1818119003119,13.6563298773011],[-89.1818528014999,13.6562612243375],[-89.1818893417332,13.6562809492028],[-89.1822044885839,13.6564672127144],[-89.1823787767032,13.6566512012787],[-89.1824841393545,13.6568698853196],[-89.1825449439135,13.6571159722998],[-89.1825766885004,13.6570421801471],[-89.1826241057714,13.6569292133417],[-89.1826359107814,13.6568229102705],[-89.1826443073401,13.6567016710756],[-89.1826494798217,13.6565981858466],[-89.1826804043781,13.6566016528102],[-89.1826955597495,13.6566045294923],[-89.1828147883613,13.6566271548348],[-89.1829007821911,13.6566458150529],[-89.1829253123343,13.656630210061],[-89.1829512153355,13.6566137525772],[-89.1829837109351,13.6565930879826],[-89.1830273038207,13.6565653340198],[-89.1830636265083,13.6565488217663],[-89.1830639488463,13.6565366316134],[-89.1830780923199,13.6565291061104],[-89.1831424496687,13.6566448027053],[-89.1830922106461,13.6567184143657],[-89.1830810937962,13.6567371938067],[-89.183045193655,13.6567978555407],[-89.1830173798977,13.6568508850987],[-89.1830157853618,13.6568578833278],[-89.1831775750236,13.6568889002027],[-89.1831606600608,13.6569600158056],[-89.1831318706329,13.6570491620864],[-89.1831041950779,13.6571348736412],[-89.1830996146728,13.6572447164262],[-89.1831051567046,13.6573359386916],[-89.1831029906192,13.6573745745356],[-89.183112474333,13.657373725045],[-89.1831690974551,13.6573424994417],[-89.183252221907,13.6572488881134],[-89.1833406460858,13.6571431479733],[-89.1834184494178,13.6570356757271],[-89.1834780615531,13.6570019675379],[-89.1836347879041,13.6570210293736],[-89.1838993018693,13.6571262646001],[-89.1840756683109,13.6572187844798],[-89.1842357371186,13.6573368894085],[-89.1843598567326,13.6574160362438],[-89.1845002897403,13.6574894229163],[-89.1846472991807,13.6575979389248],[-89.1847877876099,13.6577416049458],[-89.1849184911566,13.6578884717008],[-89.1850058915794,13.6580094545227],[-89.185036145948,13.6580513326628],[-89.1850985726362,13.6581538315343],[-89.1852054107813,13.6583312514378],[-89.1853442475099,13.6585044901713],[-89.1854590408757,13.6586387900392],[-89.185598381265,13.658765767866],[-89.1857048610721,13.6588713336847],[-89.1857941059799,13.65896619501],[-89.1857237409911,13.659036083901],[-89.18558433423,13.6591965841962],[-89.1855118851686,13.6592751836152],[-89.1855301275523,13.6592915809487],[-89.1855416731436,13.6593020031723],[-89.1855748635972,13.6593335683122],[-89.1856063205909,13.6593634969004],[-89.185637724153,13.6593971549907],[-89.1856652716782,13.6594264104099],[-89.1856833554815,13.659445630712],[-89.1856977907337,13.6594586711343],[-89.1857324766199,13.6594900308435],[-89.1857759904612,13.6595304372792],[-89.185823776886,13.659574801341],[-89.1858734133028,13.659624356865]]],[[[-89.183760034954,13.657562876226],[-89.1837443096886,13.6575582510008],[-89.1836916532953,13.6575427496924],[-89.1836800181043,13.6575392874308],[-89.1836106054382,13.6575186337707],[-89.1835811712288,13.6575098717053],[-89.1835467676842,13.6574996327673],[-89.1835442677312,13.6575095105775],[-89.1835010616966,13.657500129671],[-89.1834248178725,13.6574835630403],[-89.1834161565199,13.6574816903052],[-89.1833981790414,13.6574774834327],[-89.1833420798894,13.6574646962985],[-89.183296327686,13.6574545118848],[-89.1833045794979,13.657440881342],[-89.1833065421317,13.6574199429857],[-89.1833065980674,13.6574193689714],[-89.1833034309182,13.6573879565012],[-89.1833016284717,13.6573701222111],[-89.1833000180043,13.6573566743748],[-89.1833424808599,13.6573233776184],[-89.1833592461108,13.6573151640894],[-89.183426307655,13.6573055346106],[-89.1834710242445,13.6572986705267],[-89.1836372893419,13.6572793956248],[-89.1837560877293,13.6573080281105],[-89.1838189830675,13.6573216515956],[-89.183760034954,13.657562876226]]]]}},{"type":"Feature","properties":{"text_1":"COLONIA EL CAMPO","zona":0},"geometry":{"type":"MultiPolygon","coordinates":[[[[-89.184126033365,13.6559405016142],[-89.1840615052349,13.6559813399414],[-89.1840544978282,13.6559881298139],[-89.1840253501539,13.6560429285028],[-89.1839943466282,13.656035333684],[-89.1839757982454,13.6560621245146],[-89.1838751360253,13.6561312582011],[-89.1838194978442,13.6561638806527],[-89.1837637919021,13.6561937905565],[-89.1837045899978,13.6562317097516],[-89.1836698767003,13.6562613363985],[-89.1836495899802,13.6562802799918],[-89.1835872048793,13.6563385364367],[-89.1834539794209,13.6562695593846],[-89.1834401850679,13.6562767059173],[-89.183440201489,13.6562740583999],[-89.1833600560489,13.6562295697607],[-89.1833156711055,13.6562122300107],[-89.1831989188232,13.6561610580964],[-89.1831797470227,13.6561541946495],[-89.1831124314362,13.6561279857615],[-89.1830501493285,13.6561120567094],[-89.1830036505457,13.6560911634617],[-89.1829849395575,13.6560683061578],[-89.1829463579889,13.6560397437953],[-89.1828738891695,13.6560214992693],[-89.1826576787977,13.6559679108123],[-89.1826481869962,13.6559082915967],[-89.18263199852,13.6557093204134],[-89.182621268182,13.6555913991502],[-89.1826009791164,13.6554859343149],[-89.1825519516939,13.6552436891778],[-89.1831695946798,13.6554780976972],[-89.1833346004215,13.6555559003357],[-89.1838331144568,13.6557354618187],[-89.1840199009945,13.6558038526401],[-89.1840793637218,13.6558702660326],[-89.184126033365,13.6559405016142]]]]}},{"type":"Feature","properties":{"text_1":"COLONIAES CALANTE","zona":0},"geometry":{"type":"MultiPolygon","coordinates":[[[[-89.1827960473647,13.6543253811849],[-89.1827644411844,13.6544672880094],[-89.1827139253031,13.654586216529],[-89.1825922152859,13.6548162602645],[-89.1825650799184,13.6548654847825],[-89.1825429843508,13.6550058659725],[-89.1825277184106,13.6551295363228],[-89.1825519516939,13.6552436891778],[-89.1826009791164,13.6554859343149],[-89.182621268182,13.6555913991502],[-89.18263199852,13.6557093204134],[-89.1826481869962,13.6559082915967],[-89.1826576787977,13.6559679108123],[-89.182672687446,13.6561103750369],[-89.1826693693781,13.6562010669847],[-89.1826615772511,13.6563566916655],[-89.1826494798217,13.6565981858466],[-89.1826442971649,13.6567016611404],[-89.1826359107814,13.6568229102705],[-89.1826241150145,13.6569292133348],[-89.1825766792573,13.657042180154],[-89.1825449439065,13.6571159632608],[-89.1824841393545,13.6568698853196],[-89.1823787767032,13.6566512012787],[-89.1822044793408,13.6564672127212],[-89.1818893417402,13.6562809582417],[-89.1818528014999,13.6562612243375],[-89.1815720024355,13.6561096165206],[-89.1814455121206,13.6560465204684],[-89.1812276669626,13.6559593613409],[-89.1811528001864,13.6559477165005],[-89.1811627566148,13.6558862507074],[-89.1812244410088,13.6557780868909],[-89.1812693216721,13.655787717342],[-89.1813064059936,13.655738837249],[-89.1813333192582,13.6556720087979],[-89.1813699792206,13.6556625866891],[-89.181387300287,13.6555889255409],[-89.1813885357327,13.6555836766216],[-89.1814077997706,13.6555017479286],[-89.1814107427431,13.6554885461947],[-89.1814263978378,13.6554276130987],[-89.1814349142677,13.6553999033704],[-89.1814466401664,13.6553617793196],[-89.1814576528616,13.6553073558751],[-89.1814612830021,13.6552887022491],[-89.1814657610197,13.6552656333793],[-89.1814710763224,13.6552124452418],[-89.1814752756393,13.6551348500796],[-89.1814811439668,13.6550245535144],[-89.1815108110431,13.6550289552754],[-89.1816090275359,13.6550408973193],[-89.1817150167372,13.6550555262805],[-89.1819364059304,13.6550506695694],[-89.1819306876033,13.6549387988466],[-89.1819297847472,13.6549211202529],[-89.1819310942819,13.654840806499],[-89.1819575705804,13.6548439243257],[-89.181996276626,13.654849809861],[-89.1819879255957,13.6547722339196],[-89.1819831628924,13.6547331123945],[-89.1819809386421,13.6547087342128],[-89.1819747431332,13.6546407641642],[-89.182001283373,13.6546417342869],[-89.181996555644,13.6545379237569],[-89.1819905527726,13.6543999786144],[-89.1820542348286,13.6543910371607],[-89.1821242097612,13.6543812106372],[-89.1821929014108,13.6543757083693],[-89.1821941509861,13.6543756053036],[-89.1822298845887,13.6543805312612],[-89.1822760112241,13.654386893029],[-89.1822817000432,13.6543865643143],[-89.1823993991051,13.6543799238105],[-89.1824048087172,13.6542770223162],[-89.1825892390898,13.6542746645782],[-89.1827393923242,13.6543146588191],[-89.1827960473647,13.6543253811849]]]]}},{"type":"Feature","properties":{"text_1":"COLONIAAZUCENA","zona":0},"geometry":{"type":"MultiPolygon","coordinates":[[[[-89.1829854168834,13.659807151472],[-89.1829506622446,13.6598699780609],[-89.1828026109718,13.660102207172],[-89.1827187756825,13.6603174594608],[-89.1826818436461,13.6604891553016],[-89.1826696119419,13.6605949217623],[-89.1825481845797,13.6605596733001],[-89.1824829799141,13.6603893675532],[-89.1824237177778,13.660265475035],[-89.1823900908849,13.6601951924103],[-89.1822379981193,13.6598554203258],[-89.1820709911195,13.6594573752107],[-89.1820415200234,13.6592901522748],[-89.1820106636186,13.659020486653],[-89.182086516051,13.6590324351139],[-89.1821978851141,13.6590486986418],[-89.1822739825736,13.6590595368818],[-89.1823092369863,13.6590558825189],[-89.1823407467611,13.6589959174404],[-89.1823480812847,13.6588851199317],[-89.1823792587504,13.6588233879819],[-89.1824867206688,13.6587694108817],[-89.1827332243026,13.6586194309383],[-89.1829854440281,13.6590271308927],[-89.1830923349964,13.659285809007],[-89.1831110036595,13.6594355919999],[-89.1830925470478,13.6595581719302],[-89.1829854168834,13.659807151472]]]]}},{"type":"Feature","properties":{"text_1":"JARDINES DE SAN MARCOS","zona":0},"geometry":{"type":"MultiPolygon","coordinates":[[[[-89.1903661034487,13.6668945079734],[-89.1901461144978,13.666924194807],[-89.1901141997142,13.6669268109438],[-89.190008270613,13.6669354915492],[-89.1893385091074,13.6669903402478],[-89.1892625998351,13.6669941100657],[-89.1892639066371,13.6670179429236],[-89.1892596364357,13.6670872269344],[-89.1892407860298,13.6672111399288],[-89.1892335172817,13.6672586749532],[-89.189206697823,13.6673478936051],[-89.1891569649513,13.6675099836931],[-89.1890967788371,13.6676092720585],[-89.1890712328617,13.6676580233085],[-89.1889451042856,13.6678080382077],[-89.1888845395726,13.6678723389027],[-89.188801552932,13.6679506698574],[-89.1886397497866,13.6679720273844],[-89.1885897510633,13.6679093102167],[-89.188515481846,13.6677869402139],[-89.1884832468142,13.6677326888311],[-89.1884062609195,13.6676574788064],[-89.1883239092005,13.6675822638276],[-89.1880858865177,13.6674563998481],[-89.1879999555358,13.6673564741462],[-89.1878619684977,13.6671774505028],[-89.1878298086227,13.6669438845854],[-89.1877709341171,13.6666951879973],[-89.1877783259913,13.6666706913588],[-89.1877807469249,13.6665851088732],[-89.1876681112474,13.6663267716978],[-89.1876480700673,13.6662509900959],[-89.1876305258317,13.6661859719588],[-89.1876004751378,13.666093084573],[-89.1875353958843,13.6659439854499],[-89.1874703303634,13.6658120087534],[-89.1874078023899,13.665728929842],[-89.1873102883365,13.6656312064683],[-89.1872871780328,13.6655884897904],[-89.1870816697897,13.665364885557],[-89.1869905125667,13.6651541895059],[-89.186950854094,13.6650722491658],[-89.1868293720035,13.6648636315576],[-89.1866922225345,13.6646282289528],[-89.1866373859747,13.6645746516086],[-89.1865982553853,13.6645612693298],[-89.1865454124819,13.6645517389945],[-89.1864729943622,13.6645288205575],[-89.1864044986292,13.6644982359164],[-89.186332583939,13.6644410242376],[-89.1862708186271,13.6643640809883],[-89.1862298792822,13.6642773192272],[-89.1861991789181,13.6642361357725],[-89.1861132285414,13.6641325622024],[-89.1858746287078,13.6640365747067],[-89.1857530101536,13.6639774561449],[-89.1857762105713,13.6639429053645],[-89.1860519647279,13.6636354670732],[-89.1862695994974,13.6638402086808],[-89.1864618646892,13.663814609333],[-89.1888290856859,13.6637511954899],[-89.1889610636317,13.6636983266139],[-89.1889840300517,13.6637619891758],[-89.1889954896511,13.6637937648845],[-89.1890176355108,13.6640486178435],[-89.1890053584112,13.6640830873196],[-89.1890071354922,13.6641044115157],[-89.1891552500343,13.6641426353789],[-89.1895690609476,13.6642008691607],[-89.1895700446474,13.6642125864791],[-89.1897347022744,13.664235931806],[-89.1899449229441,13.6642335025606],[-89.1902076194012,13.6658459676852],[-89.1903051426118,13.6664445617132],[-89.1903099892724,13.6664803412991],[-89.1903661034487,13.6668945079734]]]]}},{"type":"Feature","properties":{"text_1":"LOTIFICACION SAN RAFAEL","zona":0},"geometry":{"type":"MultiPolygon","coordinates":[[[[-89.1606668917513,13.6607730833249],[-89.1604084659407,13.6614805849651],[-89.1603613534851,13.6615573652998],[-89.1604652297071,13.661634714223],[-89.1604256517829,13.6616984292939],[-89.1603224062364,13.6618791253032],[-89.1602039401527,13.6620864598891],[-89.1599464014416,13.6619456418172],[-89.1595384327901,13.6618305419759],[-89.1593409909708,13.6618042907542],[-89.1591578138186,13.6617799364541],[-89.1584724339928,13.6617098681402],[-89.1582721737274,13.661700898515],[-89.1582073703331,13.661693323102],[-89.158336135149,13.6607805643582],[-89.1583686254639,13.6605503407025],[-89.1584242817855,13.6602579675621],[-89.1584418059634,13.6601796420197],[-89.1584963497026,13.6599359831178],[-89.1584989919313,13.6599244025366],[-89.1586845079989,13.659967998812],[-89.1587165608871,13.6599736798884],[-89.1588142373632,13.6599839736419],[-89.1590550022141,13.6598745436169],[-89.1592847656691,13.6599986359947],[-89.1594974484472,13.6600022935941],[-89.159574231611,13.6601039191676],[-89.1597147978334,13.6602164530683],[-89.1597555887765,13.6602240256068],[-89.1598274793935,13.6602572358543],[-89.1599382151949,13.6603046743194],[-89.160100408635,13.6603188222791],[-89.1601208203925,13.6603539722615],[-89.160316551905,13.6605102409433],[-89.1603088238147,13.6605186594236],[-89.1602728554596,13.6605578630432],[-89.1603111771954,13.6605960185333],[-89.1604027765778,13.6606740967958],[-89.16042904826,13.6606964980291],[-89.1604384032227,13.660701711912],[-89.160523811103,13.6607493428947],[-89.1605878042472,13.6607631659397],[-89.160618958635,13.6607698931596],[-89.1606668917513,13.6607730833249]]]]}},{"type":"Feature","properties":{"text_1":"LOTIFICACION SANTA FE","zona":0},"geometry":{"type":"MultiPolygon","coordinates":[[[[-89.1761101000484,13.6618425388596],[-89.1761294499038,13.6621497367627],[-89.1761295113657,13.6622317994154],[-89.1761517527789,13.6624578020906],[-89.1761327772917,13.6626751993895],[-89.1760769992623,13.662865271217],[-89.1760181564523,13.66289410868],[-89.1759195609577,13.6628984926106],[-89.1757900090295,13.6628194104976],[-89.1757017158733,13.6628295529137],[-89.1756389791142,13.6629540991325],[-89.1755602095839,13.6630042111985],[-89.1753903154676,13.6630123382114],[-89.1752699127376,13.6629543624466],[-89.1751440235511,13.6629514439789],[-89.1750038139231,13.6629625577396],[-89.1747889682369,13.6630698381992],[-89.1745116579227,13.6630081600089],[-89.1744164147781,13.6629251190791],[-89.1743937395697,13.6625719025712],[-89.1737875380398,13.6621558175229],[-89.173615781137,13.6622692681218],[-89.173459232204,13.6623264504376],[-89.1730476307269,13.6623918180459],[-89.1722064912833,13.6622384835452],[-89.1719190030577,13.6626624553341],[-89.171477565038,13.6621803753968],[-89.1714140690276,13.6619547065746],[-89.1711832615321,13.6618375862421],[-89.171040630875,13.6616672933966],[-89.1707601243007,13.661645358305],[-89.1704707148139,13.6618225866654],[-89.1699440307413,13.6620110397144],[-89.169299476656,13.6621619563699],[-89.1688965028361,13.6627882918749],[-89.168692861759,13.662580711475],[-89.1686783117679,13.6625239271078],[-89.1685599956205,13.662337419281],[-89.1681804245949,13.6621145665727],[-89.1680973009318,13.6618347255098],[-89.1679747230362,13.6616566156736],[-89.1679839232184,13.6613646327569],[-89.1680857325229,13.6612366839313],[-89.1682498622992,13.6611108211025],[-89.1684752462818,13.6609000125695],[-89.1686063109828,13.660928079032],[-89.1686695095905,13.6609146427011],[-89.1687590896347,13.6608925153914],[-89.1688804705249,13.6608528261554],[-89.1689593750126,13.6608442012365],[-89.1689971751409,13.6608400562193],[-89.1690217517785,13.660833235721],[-89.1691175013122,13.6608350771086],[-89.169206018424,13.6608208178575],[-89.1694426232769,13.6609073085216],[-89.1693741768172,13.6606389995801],[-89.1693581374082,13.6605779688776],[-89.1691254109655,13.6602646876301],[-89.1700516107664,13.6600334294666],[-89.1700512293379,13.6600428157626],[-89.1703559405486,13.6599938913226],[-89.1704391399161,13.6599570596611],[-89.170593885096,13.6598660875419],[-89.1707630221211,13.6598607682441],[-89.1708340065516,13.6598825994982],[-89.1709835484571,13.6599644380545],[-89.1710763695554,13.6599741201856],[-89.1710476522201,13.6597523598926],[-89.1709405850174,13.6596897999276],[-89.1709583102174,13.6596598361832],[-89.1709427818428,13.6595088370665],[-89.1709369314472,13.6594027872803],[-89.1709450040205,13.6592839178333],[-89.1709595681888,13.6591893495758],[-89.1713006879597,13.6593193054352],[-89.171324413539,13.6593283504422],[-89.1713704847269,13.6592171086774],[-89.1713963628846,13.6591536508592],[-89.1714068162628,13.6591590588008],[-89.171513510226,13.6592549860624],[-89.1715294440031,13.6592998107907],[-89.1715528608761,13.6593392792467],[-89.1715508790471,13.6594379948654],[-89.171605866393,13.6594575601478],[-89.1716227726754,13.6592922569155],[-89.1716703479712,13.6593233610405],[-89.1717044989266,13.659272836654],[-89.1717776193737,13.6593541450653],[-89.1718518837503,13.6593703560353],[-89.1718607651019,13.6593216823814],[-89.1719401956715,13.6593608811557],[-89.1720257996101,13.6593644305359],[-89.1721071538488,13.6593280072555],[-89.1721341523245,13.6592042471117],[-89.1722224876155,13.6592141624432],[-89.1722910051885,13.659227452305],[-89.172283951649,13.6592765874878],[-89.1723778863693,13.6593594539129],[-89.1724380036432,13.6594040903299],[-89.1724240535844,13.6594454089596],[-89.1723736009201,13.6595948615808],[-89.1725225140116,13.6596708035443],[-89.1725955174802,13.6597609328924],[-89.1727549006651,13.6597879585801],[-89.1727590456918,13.6596450175281],[-89.1726391520396,13.6595809858306],[-89.1726413942725,13.65954172092],[-89.1727227249269,13.6595764293711],[-89.1728006558148,13.6596096957619],[-89.1728055303989,13.6596344608329],[-89.172928591083,13.6596686400354],[-89.1730431557904,13.6595651250781],[-89.1731087035948,13.6595682714984],[-89.1731150384026,13.6595462572264],[-89.1733752527354,13.6595604295493],[-89.1733558289494,13.6594035652514],[-89.1737895755808,13.6594695958671],[-89.1738716460568,13.6594820983617],[-89.1738787453694,13.6595340645211],[-89.1738970649911,13.6596684840684],[-89.1739039972272,13.6597119908032],[-89.1735947656245,13.6596999551993],[-89.173614714238,13.6598112429759],[-89.1736204548339,13.6598432918989],[-89.1736587761894,13.6600571495986],[-89.1738795662104,13.6600679243717],[-89.1739474805568,13.6600712361154],[-89.1739613006174,13.660071911491],[-89.174142449625,13.6600807616563],[-89.1741646173536,13.659966750496],[-89.1742106027611,13.6597301282575],[-89.1742625715047,13.6597371445197],[-89.1742914428295,13.6597410487657],[-89.1744822494388,13.6597668018799],[-89.174689555059,13.6597947929179],[-89.1747256310767,13.6596998575415],[-89.1748743206395,13.6596655141643],[-89.1749050699895,13.6598145579328],[-89.1749455729637,13.6599314685668],[-89.1748706301613,13.6602775432358],[-89.175052450799,13.6603104936755],[-89.1750904688577,13.6603696400124],[-89.1753837428775,13.6602923388383],[-89.1754219278163,13.6604226801939],[-89.1755870503135,13.6604154821512],[-89.1755944991259,13.6604150510986],[-89.1756057901953,13.6604144039832],[-89.1756397983573,13.6605535513078],[-89.1756458658677,13.6605662457769],[-89.1757055320415,13.660691249617],[-89.175709741547,13.660700076747],[-89.1757338583684,13.6608141842295],[-89.1757627254717,13.6609507437453],[-89.1757651567235,13.6609622377276],[-89.1758105801303,13.6611268485905],[-89.175800302557,13.6612554754903],[-89.1757957993435,13.6614608849332],[-89.1757605184833,13.6617092730158],[-89.1758513192303,13.6617366241018],[-89.1758910725323,13.6617486002836],[-89.1759883959313,13.6617779180458],[-89.1761101000484,13.6618425388596]]]]}},{"type":"Feature","properties":{"text_1":"COLONIA SAN JUAN","zona":0},"geometry":{"type":"MultiPolygon","coordinates":[[[[-89.1943110531571,13.6685564884077],[-89.1942204315471,13.6685570878666],[-89.1937859837891,13.6684482845505],[-89.1937012988447,13.6684168352135],[-89.1937016539593,13.6684114206121],[-89.1931774983566,13.6682625820135],[-89.1927988870774,13.6681298169695],[-89.1927588693765,13.668108892473],[-89.192754805126,13.6681158285215],[-89.1927481591975,13.6682074017531],[-89.192740427169,13.6683350927061],[-89.1927222185995,13.6683963900479],[-89.1926805103183,13.6684500516315],[-89.1926521510103,13.6684725563907],[-89.1926257509819,13.6684935040114],[-89.192563133397,13.6685242085958],[-89.1925110050679,13.6685906421882],[-89.1924614767263,13.6686647369433],[-89.192452881515,13.6686878001834],[-89.1923856555258,13.668672811996],[-89.192248224943,13.6686469289163],[-89.1921125269072,13.668621377943],[-89.1920329366111,13.6686039461508],[-89.1919098848418,13.6685785054082],[-89.1918966759806,13.6686308574726],[-89.1918880998255,13.6686648794822],[-89.1917396413638,13.6686272224718],[-89.191662684708,13.6686008661744],[-89.191523393289,13.6685678939996],[-89.1916321150867,13.6681287385441],[-89.1916734317932,13.6681285861277],[-89.191820346558,13.6679456401454],[-89.1920085976208,13.6676951960983],[-89.1921195246143,13.6675469134188],[-89.1921968698196,13.6674711030944],[-89.1922742228138,13.6674150545625],[-89.1924782394944,13.6671373391064],[-89.1924574303611,13.6671213609968],[-89.1920583869108,13.6668394520982],[-89.1920683376909,13.666761546784],[-89.1920364032595,13.6663925499623],[-89.1919559700542,13.6663969532543],[-89.1918723100913,13.6664015352968],[-89.1918323680446,13.6664037701491],[-89.191832326551,13.666120613782],[-89.1920235169273,13.6661095618062],[-89.1921010440982,13.6661054192756],[-89.1921389887454,13.6661033902201],[-89.1923544003091,13.6660918743463],[-89.1923613196724,13.6660915073766],[-89.192414302815,13.6660875791853],[-89.1924221953503,13.6661785119311],[-89.1924725484859,13.6661753992893],[-89.1927081156362,13.6661561571183],[-89.1927105218005,13.6662047666272],[-89.192724283828,13.6662040526135],[-89.1929655114566,13.6661867771517],[-89.1930007865856,13.6661836120559],[-89.1930348691408,13.6661813725743],[-89.1930244368516,13.6660753920139],[-89.1930130527472,13.6659978739996],[-89.193071167187,13.6659954122742],[-89.1931366575126,13.6660059680407],[-89.1931823653823,13.6660181500688],[-89.1932375129021,13.6660328420147],[-89.1933093328362,13.6660519824619],[-89.1932858375115,13.6657839973957],[-89.1933559052939,13.6657789898825],[-89.1933295282449,13.6656216888498],[-89.1935242247364,13.6655809762025],[-89.1935775712569,13.665569484597],[-89.1935197512612,13.6653208156521],[-89.1934349215116,13.6649388562878],[-89.1933807141651,13.6649509866886],[-89.193242485254,13.6649882019853],[-89.1931848356453,13.665003722841],[-89.1930824266371,13.6650328390408],[-89.1930545956132,13.6650407473619],[-89.193071842392,13.6651346619238],[-89.1930730970817,13.6651407242569],[-89.1930486439147,13.6651467688084],[-89.1928958552616,13.6651814409356],[-89.1928020239119,13.6651900942745],[-89.1927882245016,13.6651913642166],[-89.1927284372673,13.6651972972338],[-89.1926981102217,13.6648619629208],[-89.1926930573667,13.664806200261],[-89.1926766239983,13.664411968192],[-89.1926731216481,13.6643769658482],[-89.1926259579673,13.6639051106685],[-89.1926139419108,13.6634597644533],[-89.192611238316,13.6634406898955],[-89.1926666591426,13.6634896474608],[-89.1932374758574,13.663442142889],[-89.1933023426961,13.6634327248601],[-89.1933542916201,13.6634251862231],[-89.193356345252,13.6634248890352],[-89.1935348660297,13.6633989614258],[-89.1939175433534,13.6633632101634],[-89.1939921914023,13.6633581898171],[-89.1939926344719,13.6633787376821],[-89.1940243435918,13.6637929589897],[-89.1940678787042,13.6643145580351],[-89.1940797579073,13.6644641322068],[-89.1940600366583,13.6649855777753],[-89.1940725545149,13.6653355229523],[-89.194083518921,13.6656724370118],[-89.1941219353548,13.6659206682873],[-89.1941810923959,13.6660916789187],[-89.194208694505,13.666230680469],[-89.1942179645419,13.6663602092272],[-89.1942061766608,13.666504998779],[-89.1941645833656,13.6668112987679],[-89.1941546553355,13.6670883346011],[-89.1941351211949,13.6674233293372],[-89.1941494458169,13.6676337317781],[-89.194200574992,13.6678939205325],[-89.1942379754953,13.6680586725827],[-89.1943110531571,13.6685564884077]]]]}},{"type":"Feature","properties":{"text_1":"COLONIA JILTEPEQUE","zona":0},"geometry":{"type":"MultiPolygon","coordinates":[[[[-89.1705212063505,13.6517521248231],[-89.170462036584,13.6515743698894],[-89.1704017622683,13.6514398308799],[-89.1703444030507,13.6513956457963],[-89.1702860499936,13.6513000551252],[-89.170327833935,13.6512841980985],[-89.1702897168526,13.651227578361],[-89.1702541104255,13.6512402747064],[-89.1702138553472,13.6511732435778],[-89.1702133301554,13.6511142286985],[-89.170211556036,13.6510957832566],[-89.1702051859975,13.6510295891768],[-89.1702358185558,13.6509310019408],[-89.170242267998,13.650910245876],[-89.1703047045943,13.6507648112827],[-89.1703215139593,13.6507256384302],[-89.1703753963195,13.6506990365612],[-89.17041998736,13.6506770139198],[-89.1705944920866,13.6505908413021],[-89.1706271923619,13.6505780357445],[-89.1706269973877,13.6505832007305],[-89.1706471328528,13.6506403698093],[-89.1706800080861,13.650672502121],[-89.1707092347774,13.6506849953431],[-89.1707512349002,13.6506921024268],[-89.1708096442309,13.6506831395236],[-89.1708698913976,13.6506759424425],[-89.1709191666987,13.6506526853518],[-89.1709721024081,13.6506526485529],[-89.1710268930103,13.6506651149232],[-89.1710488608064,13.6507430162167],[-89.1710673560821,13.6510699852213],[-89.1710620501308,13.6513094105617],[-89.1710310359366,13.6513505285812],[-89.1710000179782,13.6513737729984],[-89.1709453197325,13.6514631582432],[-89.170934598378,13.6516481069363],[-89.171142461883,13.6515958058656],[-89.1712358592174,13.6519710846522],[-89.1712734733511,13.6520118123271],[-89.1713578266555,13.6520684268127],[-89.1714431920941,13.6521250324286],[-89.1715183973005,13.6521746842137],[-89.1716648799491,13.6522732492636],[-89.1717573305294,13.6523492311194],[-89.1718231842897,13.6524108379174],[-89.1718347728015,13.6524547310481],[-89.1718048594637,13.6524870453702],[-89.1717390385514,13.6526008093483],[-89.1715665480479,13.6528660825375],[-89.1714474340254,13.6530485153782],[-89.1713567380656,13.6531330294094],[-89.1713572832125,13.6531289660261],[-89.1713579623889,13.6531249115883],[-89.171358801502,13.6531209031377],[-89.1713598393657,13.6531169316081],[-89.1713610769239,13.653113024116],[-89.1713625409958,13.6531092005281],[-89.1713642796849,13.6531055159484],[-89.1713662458581,13.653101978545],[-89.171368307254,13.6530984690959],[-89.1713703963722,13.6530949505886],[-89.1713724855035,13.6530914501591],[-89.1713745265647,13.6530879407242],[-89.1713764076352,13.6530843111828],[-89.1713779955491,13.6530804694306],[-89.1713789760315,13.653076395801],[-89.1713780369009,13.6530725277892],[-89.1713756488794,13.6530692157781],[-89.1713755544998,13.6530690766442],[-89.1713728643819,13.6530659682197],[-89.1713699091671,13.6530631013196],[-89.171366821852,13.6530603357477],[-89.1713636015266,13.6530576913903],[-89.1713602205418,13.6530552776376],[-89.1713567075113,13.6530530402364],[-89.1713531095398,13.653050932151],[-89.1713494829627,13.653048889166],[-89.1713458471631,13.653046874208],[-89.1713422584684,13.6530448122146],[-89.171338745506,13.6530426679141],[-89.1713353267467,13.6530404205039],[-89.1713319652201,13.6530380718178],[-89.1713286036804,13.6530357050537],[-89.1713252134738,13.6530333193277],[-89.1713218324831,13.6530308965357],[-89.1713184801187,13.653028436664],[-89.1713151471376,13.6530259397191],[-89.1713118797348,13.653023378552],[-89.1713086695976,13.6530207613035],[-89.1713055065658,13.6530180979236],[-89.1713020962213,13.6530147125047],[-89.1712986396825,13.6530113551385],[-89.1712951258441,13.6530080068511],[-89.1712915639964,13.6530047327165],[-89.1712878987087,13.6530015698328],[-89.1712841586407,13.6529985272191],[-89.1712803797861,13.6529955307309],[-89.1712765916819,13.6529925252101],[-89.1712727841611,13.6529895106639],[-89.1712689683284,13.6529865051624],[-89.1712651321816,13.6529835276957],[-89.1712612590829,13.6529805773714],[-89.1712573481224,13.6529776740759],[-89.1712533993126,13.6529748349832],[-89.1712494126608,13.6529720700361],[-89.1712454444686,13.6529692689204],[-89.171241571377,13.6529663276348],[-89.1712378589857,13.6529632117856],[-89.1712343359329,13.6529599005635],[-89.1712309541894,13.6529564410042],[-89.1712276768374,13.652952907253],[-89.1712243994789,13.6529493644628],[-89.1712210935016,13.6529458686949],[-89.1712176933193,13.6529424733249],[-89.1712141887733,13.6529391901103],[-89.1712106278863,13.6529359629763],[-89.1712070669988,13.6529327349383],[-89.171203553203,13.6529294417872],[-89.1712000957221,13.6529260563996],[-89.171195435715,13.652921376569],[-89.1711932666465,13.6529191843283],[-89.171189799923,13.6529157989471],[-89.1711862482257,13.652912497687],[-89.1711826309634,13.6529092787269],[-89.1711790598896,13.6529060235788],[-89.1711756125833,13.6529026472227],[-89.1711723915951,13.6528990863147],[-89.1711694551142,13.6528952838689],[-89.1711667828336,13.652891277863],[-89.1711642907097,13.6528871605527],[-89.1711619029977,13.6528829970712],[-89.1711594857287,13.6528788616308],[-89.1711569751731,13.6528748184526],[-89.1711543980888,13.6528708033414],[-89.171151886596,13.6528667420859],[-89.1711494887237,13.6528625876501],[-89.1711472146464,13.6528583499701],[-89.1711450532859,13.6528540471311],[-89.1711430055808,13.6528496990183],[-89.1711410336534,13.6528453309672],[-89.1711391190193,13.6528409447982],[-89.1711389764424,13.6528406213033],[-89.1711372320877,13.6528365224542],[-89.1711354209273,13.6528320711328],[-89.1711337520755,13.6528275745177],[-89.1711321488276,13.6528230489322],[-89.171130479989,13.652818570395],[-89.1711286596202,13.6528141660825],[-89.1711266692483,13.6528098540854],[-89.1711245643113,13.6528056072484],[-89.1711224418397,13.6528013974833],[-89.1711203092208,13.652797214842],[-89.1711181479494,13.6527930331245],[-89.1711159774279,13.6527888414706],[-89.1711137689908,13.6527846227263],[-89.1711115420605,13.652780394052],[-89.171109295707,13.6527761473133],[-89.1711070207005,13.6527719005945],[-89.1711047364505,13.6527676529782],[-89.1711024429654,13.6527634162151],[-89.171100130994,13.6527591785608],[-89.1710978088751,13.6527549680305],[-89.1710954775205,13.6527507674494],[-89.1710931267632,13.6527465768246],[-89.1710908046583,13.652742385276],[-89.1710890804019,13.6527392300777],[-89.1710884927076,13.6527381756423],[-89.1710861992429,13.6527339659958],[-89.171083943654,13.6527297283022],[-89.1710817259473,13.6527254716005],[-89.1710795738526,13.6527211967752],[-89.1710774790509,13.6527169038322],[-89.1710754507578,13.6527125548014],[-89.1710734686597,13.6527081786217],[-89.1710714874853,13.6527038015374],[-89.1710694684156,13.6526994253834],[-89.1710673828369,13.6526951044131],[-89.1710652122495,13.6526908196578],[-89.1710629853079,13.6526865729051],[-89.1710607389627,13.6526823352048],[-89.1710585120147,13.6526780794132],[-89.1710563414283,13.6526737955617],[-89.1710542271969,13.6526694746113],[-89.171052208141,13.6526651165349],[-89.1710502362169,13.6526607484829],[-89.1710482365851,13.6526564093748],[-89.1710461694792,13.6526520694097],[-89.1710440367762,13.6526477674539],[-89.1710418282943,13.6526434836285],[-89.1710395920902,13.6526392088614],[-89.1710379333588,13.6526359144176],[-89.1710363217606,13.6526326118058],[-89.1710347295718,13.6526293082768],[-89.1710331558625,13.6526259956959],[-89.1710316006456,13.6526226921411],[-89.1710300463603,13.6526193985285],[-89.1710285484366,13.652616076856],[-89.1710271549443,13.652612736129],[-89.1710258843496,13.652609349218],[-89.1710246608808,13.6526059441963],[-89.1710234180215,13.6526025663048],[-89.171022080912,13.6525992264425],[-89.1710206310583,13.6525959137755],[-89.1710190379596,13.6525926292286],[-89.1710173413532,13.6525893628317],[-89.1710155883919,13.6525861335337],[-89.1710137975418,13.6525829142048],[-89.1710120159478,13.6525797129473],[-89.1710102057073,13.6525765207487],[-89.17100842412,13.6525733285301],[-89.1710066416085,13.6525701363122],[-89.1710048979173,13.6525669440672],[-89.1710031828662,13.6525637337244],[-89.17100149553,13.6525605043806],[-89.1709998460972,13.6525572849532],[-89.1709982354644,13.6525540374782],[-89.170996689525,13.6525507800153],[-89.1709952396924,13.6525474953687],[-89.1709943479219,13.6525451910591],[-89.1709939497357,13.6525441735513],[-89.1709927549543,13.6525408146081],[-89.1709916452144,13.6525374646448],[-89.170990582607,13.6525341056096],[-89.1709895107495,13.652530736638],[-89.170988372337,13.6525273595777],[-89.1709871303964,13.6525239726465],[-89.1709858209758,13.6525205767233],[-89.1709844939938,13.6525171808123],[-89.1709831475943,13.652513774972],[-89.1709817818058,13.6525103980697],[-89.170980416941,13.652507020263],[-89.1709790326667,13.6525036433735],[-89.1709776576347,13.6525002655737],[-89.1709762539634,13.6524969067757],[-89.1709748512093,13.6524935380342],[-89.1709734382952,13.6524901792425],[-89.1709720161316,13.6524868114183],[-89.170970565342,13.6524834806736],[-89.1709690582105,13.6524802051057],[-89.170967494717,13.6524769566938],[-89.1709658452852,13.6524737372662],[-89.1709641108317,13.6524705359755],[-89.1709623190786,13.6524673437637],[-89.1709604524644,13.6524641606429],[-89.1709598555692,13.6524631622549],[-89.170958538725,13.6524609965365],[-89.1709565861858,13.6524578604778],[-89.1709545967019,13.6524547615044],[-89.1709525693417,13.6524516896742],[-89.1709504652987,13.6524486639959],[-89.1709482301081,13.6524457785122],[-89.1709457954107,13.6524430866006],[-89.170943096547,13.6524406443474],[-89.170940226831,13.6524383974539],[-89.1709372527573,13.6524362708509],[-89.1709339865059,13.6524340052512],[-89.170931835762,13.6524315815986],[-89.1708840374475,13.6523777083877],[-89.1708506007249,13.6523160697791],[-89.1708239981639,13.6522670502023],[-89.1708625733163,13.6522502236284],[-89.170842282434,13.65217404398],[-89.1708392306014,13.6521284880338],[-89.1708150550879,13.6520995992011],[-89.170807206126,13.6520832306129],[-89.170766531194,13.6519984844495],[-89.1707314965165,13.6519254705233],[-89.1705212063505,13.6517521248231]]],[[[-89.1759430682548,13.6525189030363],[-89.1759689855601,13.652496809592],[-89.1759961105855,13.6525842021552],[-89.1760164758355,13.6526438509113],[-89.1760433664036,13.6526698782721],[-89.1761535151172,13.652944550632],[-89.1763384314959,13.6534412823027],[-89.1764610381607,13.6537436860891],[-89.1760934756697,13.6538876560576],[-89.1760783430625,13.6539148415616],[-89.1761011159679,13.6539790523442],[-89.1761896437025,13.6542235564251],[-89.1762282962019,13.6543211321016],[-89.1763047724602,13.6545363595139],[-89.1763055402191,13.6545383773586],[-89.1763691943448,13.6547063068446],[-89.1763488673777,13.6547103943684],[-89.1762015271207,13.6547227640183],[-89.1761742365555,13.6547183499713],[-89.1760842635048,13.6547053079505],[-89.1760191609852,13.6546877494161],[-89.1758279146099,13.6546767611059],[-89.1758416584646,13.6546142560516],[-89.1758385792653,13.6545841206216],[-89.1758328864874,13.6545284873082],[-89.1758450267137,13.6544474996726],[-89.1758450829156,13.6544472582928],[-89.1758633941658,13.6543668031562],[-89.1758695647379,13.6543284049437],[-89.1758771677229,13.654281019193],[-89.1758809149263,13.6542551832237],[-89.1758775036108,13.6542370164911],[-89.1758709945432,13.6542022185174],[-89.1758581612217,13.65416592641],[-89.1758415626184,13.6541189276587],[-89.1758265659217,13.6540745192248],[-89.1758204446276,13.6540527261986],[-89.1757933405156,13.6539563552274],[-89.1757894212284,13.6539424091375],[-89.1756905072497,13.6538321957233],[-89.1756850472465,13.6538208340613],[-89.1756770891016,13.6538110279777],[-89.1756691318823,13.6538012227969],[-89.174912046886,13.6528677886935],[-89.1751551143735,13.65282067014],[-89.1753781071055,13.6527352649631],[-89.1759430682548,13.6525189030363]]]]}},{"type":"Feature","properties":{"text_1":"COLONIA SAN LUIS 1","zona":0},"geometry":{"type":"MultiPolygon","coordinates":[[[[-89.1708392306014,13.6521284880338],[-89.1707929600016,13.6521328525389],[-89.1707914775958,13.6522679803006],[-89.1707899433021,13.6523316616033],[-89.1707471227133,13.6523813955673],[-89.170672554808,13.6524264956019],[-89.1706428117217,13.6524465365916],[-89.1706370741695,13.6524178744784],[-89.1706335317639,13.6524146193024],[-89.1704687194065,13.6523716106332],[-89.1704562520256,13.6523683516986],[-89.1703585535658,13.652363606165],[-89.170309845467,13.6523742380609],[-89.1702421646469,13.6523890482263],[-89.1702071690517,13.6523967085477],[-89.1701694675529,13.6524049627872],[-89.1700984838079,13.652420488371],[-89.1700757146715,13.6524254737288],[-89.1699915109893,13.6524438963659],[-89.1699648414999,13.6524337703981],[-89.1698718184309,13.6524550761842],[-89.16983214679,13.6524614254205],[-89.1697428265908,13.6524868114897],[-89.169623313636,13.6525112557075],[-89.1695984122492,13.6525112728828],[-89.1695784807827,13.6524869248771],[-89.1694340183895,13.651998258231],[-89.1693911866334,13.6520071368613],[-89.1692802835133,13.6520262338723],[-89.1687128189646,13.652123921716],[-89.1686204066904,13.6521398312666],[-89.1684970887127,13.6521633049566],[-89.1682455869286,13.6522111548546],[-89.1679209519977,13.6522729283147],[-89.1672424676677,13.6524409220169],[-89.167224484823,13.6523086303775],[-89.167223295206,13.6522461630718],[-89.1672177802356,13.6519566803026],[-89.1672257721756,13.6519223079136],[-89.1672402936684,13.6518598489042],[-89.1672831473014,13.6517088278752],[-89.1672940707609,13.6516714182131],[-89.167319959942,13.6515828027142],[-89.1673441027749,13.6515001965843],[-89.1673564497205,13.6514538346877],[-89.1673739690461,13.6513880780313],[-89.1673853535919,13.651345326941],[-89.1673856181577,13.6513443360931],[-89.1674302444925,13.6512388999168],[-89.1674327784867,13.6511954877761],[-89.1674444881806,13.6511706561608],[-89.1674749843083,13.651105973525],[-89.1674793664379,13.6510931054165],[-89.1675033007113,13.6510227905626],[-89.1675060013621,13.6510148380709],[-89.1675187714201,13.6509773430778],[-89.167527465468,13.650945182028],[-89.1675480062833,13.6508691586784],[-89.1675612592235,13.6508192791013],[-89.1675693868492,13.6507886640946],[-89.167577608513,13.6507577163905],[-89.1675891783135,13.6507104294229],[-89.1676120929461,13.6506322197376],[-89.1676321877135,13.6505412489877],[-89.1676538410483,13.6504985830803],[-89.1676653974783,13.650431284807],[-89.1676741910857,13.6503534372612],[-89.1676994435659,13.6503146655827],[-89.1677110655207,13.6502342978575],[-89.1688120197273,13.650358795326],[-89.1688339946408,13.6505661208859],[-89.1688366255831,13.6505396747546],[-89.1690409543173,13.6505866842069],[-89.1691621608114,13.6506011237236],[-89.1691670154567,13.6505616988518],[-89.1691821832218,13.650463086228],[-89.1692191807183,13.6502796552391],[-89.1693806180677,13.6502640866015],[-89.169507833353,13.6502518180661],[-89.1696097401441,13.6502783955004],[-89.1696367103093,13.6502854299823],[-89.1698437577787,13.6501257624134],[-89.1698444174449,13.650095948819],[-89.1700231325152,13.6500743234853],[-89.1700620814429,13.6500635320778],[-89.1700657912837,13.650063205918],[-89.1701289547102,13.6500576728781],[-89.1701315211259,13.6500866146953],[-89.1702866657527,13.6506084464851],[-89.1703215139593,13.6507256384302],[-89.1703047045943,13.6507648112827],[-89.170242267998,13.650910245876],[-89.1702358185558,13.6509310019408],[-89.1702051859975,13.6510295891768],[-89.170211556036,13.6510957832566],[-89.1702133301554,13.6511142286985],[-89.1702138553472,13.6511732435778],[-89.1702541104255,13.6512402747064],[-89.1702897168526,13.651227578361],[-89.170327833935,13.6512841980985],[-89.1702860499936,13.6513000551252],[-89.1703444030507,13.6513956457963],[-89.1704017622683,13.6514398308799],[-89.170462036584,13.6515743698894],[-89.1705212063505,13.6517521248231],[-89.1707314965165,13.6519254705233],[-89.170766531194,13.6519984844495],[-89.170807206126,13.6520832306129],[-89.1708150550879,13.6520995992011],[-89.1708392306014,13.6521284880338]]]]}},{"type":"Feature","properties":{"text_1":"COLONIA SAN ANTONIO 4","zona":0},"geometry":{"type":"MultiPolygon","coordinates":[[[[-89.1853105635031,13.6597196823556],[-89.1851956512722,13.659856376194],[-89.1851791972506,13.6598996136884],[-89.1852472843038,13.6599777004089],[-89.1852059247939,13.6600414027416],[-89.1851645312077,13.6600501158121],[-89.1851113436596,13.6601051451348],[-89.1850345220961,13.6601978267502],[-89.1849724668089,13.6602673286302],[-89.1849103729432,13.6602760581311],[-89.1848365076468,13.6603716154586],[-89.1847508398784,13.6604816674318],[-89.1847627051936,13.660536647797],[-89.1847420390405,13.6605800728199],[-89.1847036122064,13.6606061573253],[-89.1846355933163,13.6606148903027],[-89.1845769198044,13.6606760140631],[-89.1845712944819,13.6607315254954],[-89.1845713641921,13.6608203447526],[-89.1845091044195,13.6609924584903],[-89.1844525044495,13.6611507293531],[-89.1843278601489,13.6613339968721],[-89.1842372565674,13.6615228013878],[-89.1842316867502,13.6616504715063],[-89.1842601230754,13.6617392604684],[-89.1843112344353,13.6618224879496],[-89.1844190256745,13.6618501657139],[-89.1844304132353,13.6619112088651],[-89.1843794245977,13.661983405836],[-89.18445323589,13.6620832677957],[-89.1845384005428,13.6621886747364],[-89.184646271346,13.6623162597086],[-89.1847368181975,13.6624529752226],[-89.1849792418208,13.6626477303152],[-89.1850899255659,13.6627644192484],[-89.1851365537577,13.6628526755776],[-89.1851890283783,13.6629608556383],[-89.1852448243792,13.6631267811422],[-89.1849898813341,13.663249899874],[-89.1847573370781,13.6633301659945],[-89.1845376896397,13.6633935673131],[-89.1841371247684,13.6634444503596],[-89.1838417617003,13.6634674783837],[-89.1837969250107,13.6632370126962],[-89.1837212874228,13.6629446487769],[-89.1836345702184,13.6627424818052],[-89.1834394484566,13.6624789182641],[-89.18325212963,13.6622085089877],[-89.1831355996315,13.6619718027691],[-89.1830451966757,13.661835642451],[-89.1829613115878,13.661696319949],[-89.1829053241586,13.6615242023886],[-89.1828393165162,13.6613073594689],[-89.1826696119419,13.6605949217623],[-89.1826818436461,13.6604891553016],[-89.182718765515,13.6603174594683],[-89.1828026109718,13.660102207172],[-89.1829506622446,13.6598699780609],[-89.1829854168834,13.659807151472],[-89.1830925470478,13.6595581719302],[-89.1831110036595,13.6594355919999],[-89.1830923349887,13.6592857990643],[-89.1829854440281,13.6590271308927],[-89.1827332243026,13.6586194309383],[-89.1826576746184,13.658497318586],[-89.1827203980328,13.6584463737286],[-89.1827572473869,13.6584256417543],[-89.1827652140201,13.6584208126562],[-89.1827781649891,13.6584129545207],[-89.182799082582,13.6584002582463],[-89.1828568409993,13.6583677736523],[-89.1829118747874,13.6583368276908],[-89.182946327644,13.6584222146048],[-89.182952721296,13.6584045866305],[-89.1829674216118,13.6584176270164],[-89.1830772220665,13.6585113071069],[-89.183127893163,13.6585540588077],[-89.1831584265093,13.6585770745138],[-89.1832638985282,13.658630420579],[-89.1832987052602,13.6586466294743],[-89.1833190526211,13.6586565643702],[-89.1833377888209,13.6586628442151],[-89.1833404683083,13.6586638880225],[-89.1833420998926,13.6586557978604],[-89.1833794318222,13.6583910150073],[-89.1834602674862,13.6584093643203],[-89.1836267458597,13.6584313890803],[-89.1836258097675,13.6584565568948],[-89.1836208212352,13.6585903360004],[-89.1836091805862,13.6586273031021],[-89.1835618590899,13.658680439479],[-89.1835315978025,13.658776325427],[-89.1835274487933,13.6587837603383],[-89.1835542982727,13.6588049176269],[-89.1835629028866,13.6588417963986],[-89.1835712015658,13.6588751384618],[-89.1835989953543,13.6589538486704],[-89.183656398659,13.6590359146156],[-89.1836023749827,13.6590761990192],[-89.1835975901614,13.6590944467838],[-89.1836617989562,13.6591524423779],[-89.183702317027,13.659089193782],[-89.1837488254575,13.6590009326737],[-89.1838098359514,13.6589510997048],[-89.1837986160046,13.6589219981911],[-89.1837999174273,13.6589042348014],[-89.1838008265714,13.6588919149532],[-89.1837925248125,13.6588913381464],[-89.1837691787468,13.6587877359198],[-89.1838062530208,13.6587745466143],[-89.1838292177878,13.6587663654797],[-89.1838979297929,13.6587368435522],[-89.1839816864729,13.6587008583563],[-89.1840036236266,13.658709524747],[-89.184011756794,13.6587013727704],[-89.1840563367063,13.6587250530626],[-89.1841263690847,13.6587622645628],[-89.1841894514119,13.6587957798036],[-89.184258072728,13.6588322330523],[-89.184319479531,13.6588648600835],[-89.1843376971219,13.6588745379777],[-89.1843840892105,13.6589035019191],[-89.1844437101695,13.6589407211348],[-89.1844683128146,13.6589560950885],[-89.1844930467742,13.6589715430605],[-89.1845232581872,13.6589939749229],[-89.1845853335513,13.6590350988915],[-89.1846114612444,13.6590527024961],[-89.1846438932172,13.6590096193581],[-89.1846617546015,13.6590235367576],[-89.1847079893661,13.6590568783134],[-89.1847470547572,13.6590850513586],[-89.1847781079371,13.6591070667662],[-89.1848091611221,13.6591290812659],[-89.1848361695582,13.6591476558704],[-89.1848631696725,13.6591662214392],[-89.1848882933285,13.659183493136],[-89.1848866577233,13.6592099197007],[-89.1848848823994,13.6592385121],[-89.1848768275401,13.6592510226223],[-89.1848634288636,13.6592795876037],[-89.1848502184098,13.6593077258048],[-89.1848156162691,13.6593815673942],[-89.1848442312923,13.6593967258795],[-89.1848728370902,13.6594119024463],[-89.1849195473893,13.6594362561885],[-89.1849662475235,13.6594606008905],[-89.184979003201,13.6594677094596],[-89.185013130233,13.6594867234054],[-89.1850363086499,13.6594974704372],[-89.1850049945899,13.659552815912],[-89.1849177097962,13.6596995130175],[-89.1849362196706,13.6597069779153],[-89.1848914251196,13.6597598161681],[-89.1847986736655,13.6598876078825],[-89.1848208014073,13.6599104344565],[-89.1848473982525,13.6599344336349],[-89.1849070172507,13.6598840925495],[-89.1849874892214,13.6598117810884],[-89.1852012365163,13.6595800010434],[-89.1852528239597,13.6596564343124],[-89.1853105635031,13.6597196823556]]]]}},{"type":"Feature","properties":{"text_1":"COLONIA SAN ANTONIO 7","zona":0},"geometry":{"type":"MultiPolygon","coordinates":[[[[-89.1862574092977,13.6519270118312],[-89.1861607868772,13.6520382476967],[-89.1860864932449,13.6521048721104],[-89.186102839273,13.6522367559617],[-89.1861028782618,13.6522860253894],[-89.1861116979426,13.6523912392138],[-89.1860865613946,13.6525367607734],[-89.1860389916565,13.6526932951733],[-89.1859535613664,13.6530024129107],[-89.1859422332194,13.6530643987785],[-89.1859249564214,13.6531429114221],[-89.1858796369816,13.6533203249413],[-89.1858565871637,13.6534598837136],[-89.1858315783689,13.6536726765515],[-89.1858243205327,13.6537343637629],[-89.1857903869267,13.6539475149529],[-89.18577994626,13.6540296967477],[-89.1857882761421,13.6541503223384],[-89.1857546154232,13.6541462097404],[-89.1855860425268,13.6541533159835],[-89.1854915775599,13.6541573029256],[-89.185449604447,13.6541611851709],[-89.1854083023231,13.6541650018227],[-89.1854056947124,13.654122593083],[-89.1853885072744,13.6541119437074],[-89.1853936991213,13.6541542203384],[-89.1852040562314,13.6541946633513],[-89.1852538308357,13.6540258263691],[-89.1852517480541,13.6540254022039],[-89.1847832882446,13.6539434144388],[-89.1848521779394,13.6537079859557],[-89.184878977205,13.653605891771],[-89.1849015944741,13.6535290880663],[-89.184914385876,13.6534856499566],[-89.184927176356,13.6534422208857],[-89.1849393894806,13.6533992179824],[-89.1849510366258,13.6533581778579],[-89.1849630950121,13.6533100011803],[-89.1849768708875,13.6532549653661],[-89.1849913091049,13.6532006313785],[-89.1850172159178,13.6531062670457],[-89.1849225700025,13.6530853181815],[-89.1849150527651,13.6530830469252],[-89.1848821834415,13.6530730935534],[-89.1848612339795,13.6530680185718],[-89.1848473373219,13.6530646602051],[-89.1848076053716,13.6530550446147],[-89.1847621185885,13.6530440368255],[-89.1847425798756,13.6530393033497],[-89.1847858201564,13.6528897423838],[-89.1847944727519,13.6528559700164],[-89.1847383877888,13.6528481726833],[-89.1847450297996,13.6528082011149],[-89.1847523350201,13.6527700332205],[-89.1847829676711,13.6527284419253],[-89.1848047087518,13.6526811654878],[-89.1848269111155,13.6526422090462],[-89.1848473929826,13.6526063000187],[-89.184854842257,13.6525820989833],[-89.1848874873814,13.6525844254696],[-89.1848941346856,13.6525512285786],[-89.1849234958984,13.6524455512297],[-89.1849273678999,13.6524339694352],[-89.184963813306,13.6523335528402],[-89.1849761849318,13.6522994260534],[-89.1849888919279,13.6522698157722],[-89.1849964212879,13.6522522799867],[-89.1850072244914,13.6522206446063],[-89.1850348923795,13.6521397270787],[-89.1850616989914,13.6521424375705],[-89.1850750163274,13.6521437788697],[-89.1851200819416,13.6521483358264],[-89.1851301815636,13.6521493559507],[-89.1851853467945,13.6521549230765],[-89.1852304022387,13.6521594709818],[-89.1852432073512,13.6520502971464],[-89.1852445422893,13.6520388935172],[-89.1852545943949,13.6520030655268],[-89.1852609908786,13.6519894733724],[-89.1852659894373,13.6519788994694],[-89.1852765557109,13.6519234665322],[-89.1852425643332,13.6519063317113],[-89.1852414130972,13.6518751961395],[-89.1852452368104,13.6518504527746],[-89.1852431952249,13.6517227693319],[-89.1852302754961,13.6517333401624],[-89.1852241675473,13.6517177851306],[-89.1852246404325,13.6516938677371],[-89.1851660514753,13.6516668384255],[-89.1851584683353,13.6516641595699],[-89.1851765387169,13.651607278371],[-89.1851815412026,13.6515653086097],[-89.1851915644715,13.6514811367718],[-89.1852114540282,13.6513658219666],[-89.1852210483516,13.6513390838804],[-89.1852549724241,13.651293176662],[-89.1852713195395,13.6512710614242],[-89.1853247382266,13.6511987602625],[-89.1853617433175,13.6511486765242],[-89.1854928118009,13.6509936809756],[-89.1855196421511,13.6510160971948],[-89.1858021577602,13.6513197631475],[-89.1861931419991,13.6518413044544],[-89.1862574092977,13.6519270118312]]]]}},{"type":"Feature","properties":{"text_1":"URBANIZACION EL CARMEN","zona":0},"geometry":{"type":"MultiPolygon","coordinates":[[[[-89.1850172159178,13.6531062670457],[-89.1849913091049,13.6532006313785],[-89.1849768708875,13.6532549653661],[-89.1849630950121,13.6533100011803],[-89.1849510366258,13.6533581778579],[-89.1849393894806,13.6533992179824],[-89.184927176356,13.6534422208857],[-89.184914385876,13.6534856499566],[-89.1849015944741,13.6535290880663],[-89.184878977205,13.653605891771],[-89.1848521779394,13.6537079859557],[-89.1847832882446,13.6539434144388],[-89.1847755292412,13.6539699197292],[-89.1846189952723,13.6539403073205],[-89.1846071408055,13.6539340043283],[-89.1845935111584,13.6539823765038],[-89.184378135955,13.6539299269317],[-89.1842613278153,13.6539018681289],[-89.1842544316407,13.6539313899543],[-89.1842514403079,13.6539428047612],[-89.1842178083567,13.6540709216788],[-89.1840811181971,13.6540366019479],[-89.184050219387,13.6540290160963],[-89.1839606078782,13.6540069250918],[-89.183901516885,13.653992085771],[-89.1838846560268,13.6539864517539],[-89.1838151471489,13.6539631886791],[-89.1838122692416,13.653962468619],[-89.1837401146448,13.6539458068307],[-89.1836630185006,13.6539264542039],[-89.1836463565886,13.6539222743873],[-89.183646752859,13.6539207654923],[-89.1835886751334,13.6539061748143],[-89.183576936083,13.6539032314602],[-89.1835198006518,13.6538832627972],[-89.1834547788188,13.6538605512628],[-89.1833767198994,13.6538332766336],[-89.1833364834392,13.6538192095042],[-89.1833045620546,13.6538111714702],[-89.1833013806998,13.6538100909766],[-89.1832247711714,13.6537840743432],[-89.1831918085225,13.6537765649446],[-89.1831568418852,13.6537712869406],[-89.1830946033533,13.6537618550562],[-89.1830583066085,13.653750580692],[-89.1830657910239,13.6537356183864],[-89.1831271788245,13.6536128211628],[-89.183203211418,13.6533480094571],[-89.1832624002758,13.6530877921168],[-89.183323720193,13.6528415030817],[-89.1833353846275,13.6527013790603],[-89.1833724403654,13.6525933071691],[-89.1836675130733,13.6526893200377],[-89.184124650932,13.6527959115568],[-89.184330458273,13.6528385287344],[-89.1844505061475,13.652846139896],[-89.1845525831016,13.6528339104544],[-89.1847319419774,13.6528472799589],[-89.1847383877888,13.6528481726833],[-89.1847944727519,13.6528559700164],[-89.1847858201564,13.6528897423838],[-89.1847425798756,13.6530393033497],[-89.1847621185885,13.6530440368255],[-89.1848076053716,13.6530550446147],[-89.1848473373219,13.6530646602051],[-89.1848612339795,13.6530680185718],[-89.1848821834415,13.6530730935534],[-89.1849150527651,13.6530830469252],[-89.1849225700025,13.6530853181815],[-89.1850172159178,13.6531062670457]]]]}},{"type":"Feature","properties":{"text_1":"URBANIZACION VALLE DE SAN MARCOS","zona":0},"geometry":{"type":"MultiPolygon","coordinates":[[[[-89.1854928118009,13.6509936809756],[-89.1853617433175,13.6511486765242],[-89.1853247382266,13.6511987602625],[-89.1852713195395,13.6512710614242],[-89.1852549724241,13.651293176662],[-89.1852210483516,13.6513390838804],[-89.1852114540282,13.6513658219666],[-89.1851915644715,13.6514811367718],[-89.1851815412026,13.6515653086097],[-89.1851765387169,13.651607278371],[-89.1851584683353,13.6516641595699],[-89.1851660514753,13.6516668384255],[-89.1852246404254,13.6516938586981],[-89.1852241675473,13.6517177851306],[-89.1852302754961,13.6517333401624],[-89.1852431952249,13.6517227693319],[-89.1852452368104,13.6518504527746],[-89.1852414130972,13.6518751961395],[-89.1852425643332,13.6519063317113],[-89.1852765557109,13.6519234665322],[-89.1852659894373,13.6519788994694],[-89.1852609908857,13.6519894824113],[-89.1852545943949,13.6520030655268],[-89.1852445422893,13.6520388935172],[-89.1852432073512,13.6520502971464],[-89.1852304022387,13.6521594709818],[-89.1851853467945,13.6521549230765],[-89.1851301815636,13.6521493559507],[-89.1851200819416,13.6521483358264],[-89.1850750163274,13.6521437788697],[-89.1850616989914,13.6521424375705],[-89.1850348923795,13.6521397270787],[-89.1850072244914,13.6522206446063],[-89.1849964212879,13.6522522799867],[-89.1849888919279,13.6522698157722],[-89.1849761849318,13.6522994260534],[-89.184963813306,13.6523335528402],[-89.1849273678999,13.6524339694352],[-89.1849234958984,13.6524455512297],[-89.1848941346856,13.6525512285786],[-89.1848874873814,13.6525844254696],[-89.1848548515071,13.6525821080153],[-89.1848473929826,13.6526063000187],[-89.1848269111155,13.6526422090462],[-89.1848047087518,13.6526811654878],[-89.1847829676711,13.6527284419253],[-89.1847523350201,13.6527700332205],[-89.1847450297996,13.6528082011149],[-89.1847383877888,13.6528481726833],[-89.1847319419774,13.6528472799589],[-89.1845525831016,13.6528339104544],[-89.1844505061475,13.652846139896],[-89.184330458273,13.6528385287344],[-89.184124650932,13.6527959115568],[-89.1836675130733,13.6526893200377],[-89.1833724403654,13.6525933071691],[-89.1834380498189,13.6524348806339],[-89.1835369382092,13.6521448114236],[-89.183605193792,13.6519936393272],[-89.1836976726439,13.6517980869001],[-89.183817127034,13.6514598065728],[-89.1838906484172,13.6512525402128],[-89.1838401029467,13.651236231985],[-89.1836988161224,13.6511900392108],[-89.1837249845165,13.6511154176661],[-89.1835689029149,13.651044624642],[-89.1835584293425,13.6510617928896],[-89.1835439374912,13.6510476613796],[-89.1834674711551,13.6509730414232],[-89.18337697806,13.6510811992894],[-89.183317577215,13.651020034582],[-89.1833191072965,13.6510039278563],[-89.183325650529,13.6509354114214],[-89.1832929685865,13.6508250495247],[-89.1834758646398,13.6506188406407],[-89.1833458219488,13.6505984083905],[-89.1833602564813,13.6503932597626],[-89.1834011441879,13.6503566315024],[-89.1834112645098,13.6503475624157],[-89.1834820046137,13.6502526920542],[-89.1835341951821,13.6501826790472],[-89.183534781503,13.6501819102995],[-89.1835387204122,13.6501837766127],[-89.1835426593223,13.6501856438298],[-89.1836286966576,13.6502262683913],[-89.1837122809991,13.6502657468098],[-89.1838622850177,13.6503354424421],[-89.1839274466665,13.6503691225218],[-89.1839518761627,13.6503817479194],[-89.1840387163701,13.6504323959224],[-89.1840995639956,13.6504678833578],[-89.1841579188497,13.6504986615487],[-89.184413681296,13.6501103431638],[-89.1846851686968,13.6502576133594],[-89.1848803763511,13.6504134652413],[-89.1848935223985,13.6504239613186],[-89.1851170422238,13.6506550689286],[-89.1852412158796,13.6507834567371],[-89.1854928118009,13.6509936809756]]]]}},{"type":"Feature","properties":{"text_1":"COLONIA MONTECRISTO","zona":0},"geometry":{"type":"MultiPolygon","coordinates":[[[[-89.183605193792,13.6519936393272],[-89.1835369382162,13.6521448204625],[-89.1834380590696,13.6524348905698],[-89.1833724403654,13.6525933071691],[-89.1833353846275,13.6527013790603],[-89.183323720193,13.6528415030817],[-89.1832624002758,13.6530877921168],[-89.183203211425,13.653348018496],[-89.1831271788245,13.6536128211628],[-89.1830657910239,13.6537356183864],[-89.1830583066162,13.6537505906348],[-89.1830044031585,13.6538584146902],[-89.182922676531,13.653994944507],[-89.1828546816059,13.6541545667118],[-89.1827978681333,13.6541349863162],[-89.1826445624881,13.654094152023],[-89.1826310059251,13.6541383778732],[-89.1826170713493,13.654183834203],[-89.1826031644326,13.6542292073531],[-89.1825892390898,13.6542746645782],[-89.1824048087172,13.6542770223162],[-89.1823993991051,13.6543799238105],[-89.1822817000432,13.6543865643143],[-89.1822760112241,13.654386893029],[-89.1822298845887,13.6543805312612],[-89.1821941509861,13.6543756053036],[-89.1821929014108,13.6543757083693],[-89.1821242097612,13.6543812106372],[-89.1820542348286,13.6543910371607],[-89.1819905527726,13.6543999786144],[-89.1819677973208,13.6543974871481],[-89.1819751059358,13.6543391697323],[-89.1819824338932,13.6542807691434],[-89.1819835344006,13.6542719752484],[-89.1819937312649,13.6541907293275],[-89.1819931147706,13.6541035573448],[-89.1819939568998,13.6540785938815],[-89.1819960756886,13.6540156713496],[-89.1819992871257,13.6539206660997],[-89.1819996386629,13.6539103090223],[-89.181999233129,13.6538270064527],[-89.1819991543092,13.6538111513066],[-89.1819988271799,13.6537431669701],[-89.1820018914951,13.6536658781502],[-89.1820062993837,13.6536382925626],[-89.1820063085477,13.6536381904158],[-89.182019086918,13.6535533324283],[-89.1820512917817,13.6534632021075],[-89.1820595007571,13.653442083778],[-89.1820291220221,13.6533980947641],[-89.1820691372209,13.6532734073104],[-89.1820540259283,13.6532042028143],[-89.1820281333006,13.6531357375482],[-89.1819997637168,13.6530817879387],[-89.1820312529826,13.6530810424199],[-89.182113735997,13.6531022138197],[-89.1821293837503,13.6531062381177],[-89.182125358079,13.6530651916564],[-89.1821190561075,13.653030421713],[-89.1821158824854,13.6529772398432],[-89.1821194076915,13.6529341974148],[-89.1820980916055,13.6529198946153],[-89.1820643807703,13.6527767120303],[-89.1818779488428,13.652576182802],[-89.1818514823849,13.6525842642064],[-89.1818302187277,13.6525886954524],[-89.1818290505466,13.6525840774177],[-89.1817731162158,13.6524648201235],[-89.1817241140162,13.6523753057502],[-89.181753690743,13.6523612979391],[-89.1817661670293,13.6523519587231],[-89.1817709599292,13.652173150476],[-89.1817718520537,13.6521399027857],[-89.1817739688317,13.6520611702413],[-89.1817750819713,13.6520196942399],[-89.181776663618,13.6519601409148],[-89.1817787885759,13.6518812330084],[-89.1817793221794,13.6518612764408],[-89.1817806473684,13.6518119327884],[-89.1817821924468,13.6517541005041],[-89.1817841338972,13.6516817278867],[-89.1817847222648,13.6516596796677],[-89.1817869974349,13.6515909621509],[-89.1817877471383,13.6515683778033],[-89.1817889492205,13.6515319635421],[-89.1817907337183,13.6514777602148],[-89.1817912889841,13.6514607195932],[-89.1817933789067,13.6513974816187],[-89.1818067161361,13.6512895305353],[-89.1818120684406,13.6512461622596],[-89.181819920654,13.6511689440135],[-89.1818338165158,13.6511212659803],[-89.1818500903666,13.6510781119853],[-89.1818514889174,13.6510746589796],[-89.1818690215267,13.6510313558137],[-89.1818824818991,13.6510086047869],[-89.181902236779,13.6509752410022],[-89.1819106870807,13.6509603051324],[-89.1819250539712,13.6509349059267],[-89.1819428517573,13.6509034598419],[-89.1819482015343,13.650893903531],[-89.1819765910067,13.6508520738062],[-89.1819970877391,13.6508218749018],[-89.1821806348254,13.650844915738],[-89.182215014269,13.6508492407079],[-89.1822470929273,13.6508532618619],[-89.182254949573,13.6508535244957],[-89.1824056307959,13.6508585586409],[-89.1824301733623,13.650858513318],[-89.1824298739028,13.6509002291567],[-89.1824206501494,13.6509546703095],[-89.182419339878,13.6509611033919],[-89.1824330267466,13.6509623153031],[-89.1824505936849,13.6509622191118],[-89.1825402233557,13.6509617548815],[-89.1828383034006,13.6509594038581],[-89.1828349116701,13.6508826476931],[-89.1827488771507,13.6508695681216],[-89.1827141049446,13.6507737314716],[-89.183035123279,13.6507173925517],[-89.18306311735,13.6507152710635],[-89.1830733212898,13.6508254544855],[-89.1830747715987,13.6508410211739],[-89.1830619715388,13.6508842748045],[-89.1830814341868,13.6510337797649],[-89.183132165755,13.6511443867612],[-89.183212760293,13.6512325440791],[-89.1832729051386,13.6513007242828],[-89.1833306468452,13.6513712482528],[-89.1833877384433,13.6514199653454],[-89.1834177626445,13.6515687501309],[-89.1834777223601,13.6517394663574],[-89.1835302131875,13.651919944775],[-89.183605193792,13.6519936393272]]]]}},{"type":"Feature","properties":{"text_1":"COLONIA ABARCA","zona":0},"geometry":{"type":"MultiPolygon","coordinates":[[[[-89.1838906484172,13.6512525402128],[-89.183817127034,13.6514598065728],[-89.1836976726439,13.6517980869001],[-89.183605193792,13.6519936393272],[-89.1835302131875,13.651919944775],[-89.1834777223601,13.6517394663574],[-89.1834177626445,13.6515687501309],[-89.1833877384433,13.6514199653454],[-89.1833306468452,13.6513712482528],[-89.1832729051315,13.6513007152439],[-89.183212760293,13.6512325440791],[-89.1831321565121,13.6511443867681],[-89.1830814341939,13.6510337888038],[-89.1830619715458,13.6508842838435],[-89.1830747715987,13.6508410211739],[-89.1830733212898,13.6508254544855],[-89.183105414375,13.6508230605804],[-89.1832929685865,13.6508250495247],[-89.183325650529,13.6509354114214],[-89.1833191072965,13.6510039278563],[-89.183317577215,13.651020034582],[-89.18337697806,13.6510811992894],[-89.1834674711551,13.6509730414232],[-89.1835439374912,13.6510476613796],[-89.1835584293425,13.6510617928896],[-89.1835689029149,13.651044624642],[-89.1837249845165,13.6511154176661],[-89.1836988161224,13.6511900392108],[-89.1838401029467,13.651236231985],[-89.1838906484172,13.6512525402128]]]]}},{"type":"Feature","properties":{"text_1":"COLONIA SANTA PAULA","zona":0},"geometry":{"type":"MultiPolygon","coordinates":[[[[-89.1819364059304,13.6550506695694],[-89.1817150167442,13.6550555353194],[-89.181609036779,13.6550408973124],[-89.1815108110431,13.6550289552754],[-89.1814811541342,13.6550245535068],[-89.1813900822214,13.6550110234238],[-89.1813061727232,13.6549950637828],[-89.1812379157273,13.6549747412323],[-89.181196441995,13.6549648407124],[-89.1810980822835,13.6549877012377],[-89.1810270112303,13.6550015542193],[-89.1810179232704,13.6549616585111],[-89.1810025553726,13.6549166676553],[-89.1809480120288,13.654846723807],[-89.1809003105111,13.6548117628403],[-89.1809094874489,13.6547943362452],[-89.1809114015482,13.6547725374344],[-89.1809176352011,13.6546934412238],[-89.1809189111837,13.6546543712768],[-89.1809237147373,13.6546362907675],[-89.1809243105134,13.6546357723979],[-89.1809390578832,13.6546371408896],[-89.1809862511356,13.6546386427805],[-89.1810104326779,13.6546373748968],[-89.181006665704,13.6545875631699],[-89.1810009419811,13.6544680924871],[-89.1809764292797,13.6544702021389],[-89.1809698804089,13.6544711506237],[-89.180929621398,13.6544769841507],[-89.1809258200581,13.6544689802548],[-89.1809097673952,13.6544685663308],[-89.1809069777029,13.6544467429594],[-89.1809041307702,13.6544129891338],[-89.1809028219717,13.6543973843673],[-89.1809025912047,13.6543797613164],[-89.1809026279889,13.6543170346638],[-89.1809123288194,13.6543162131188],[-89.1809501744126,13.6543103262329],[-89.1809802496906,13.6543060097004],[-89.1809771466968,13.6542830386149],[-89.1809681969913,13.6542269730428],[-89.180936320853,13.6541671849308],[-89.1808891730388,13.6541260960564],[-89.1808076473688,13.6540700838534],[-89.1806392113989,13.6539836191158],[-89.1805612446186,13.6539399423694],[-89.1804947400235,13.6538973671672],[-89.1804353062673,13.6538306021715],[-89.1804348703901,13.6538299083007],[-89.1804783783556,13.6538025805828],[-89.1805731870261,13.6537768259312],[-89.1806155131136,13.6537643644973],[-89.1806087170543,13.653726254087],[-89.1805612087314,13.653610294067],[-89.1805366221742,13.6535642460651],[-89.1804679276766,13.6534176270327],[-89.1804582000215,13.6534087398545],[-89.1804383417877,13.6531730071196],[-89.1804589221804,13.6530790638718],[-89.1804834624779,13.6530155409803],[-89.1804913009031,13.6529799281303],[-89.1804893444179,13.652909196244],[-89.1804892760283,13.6529067982633],[-89.1804646184497,13.6528186731346],[-89.1804616415315,13.6527744134368],[-89.1803956476092,13.652619925808],[-89.1803738101209,13.6523450143216],[-89.1802872731418,13.6522449019162],[-89.1802359418416,13.6522029825906],[-89.1802415120549,13.6521360026709],[-89.1801833214116,13.6520479762068],[-89.1801514171464,13.6520002947655],[-89.1801260507955,13.6519241557541],[-89.180107253724,13.6518749931662],[-89.1800969098296,13.6518144488792],[-89.180095939469,13.6517832571098],[-89.1800984227354,13.6517756191941],[-89.1801780253325,13.6516705157376],[-89.1802158450493,13.6516193312356],[-89.1802200277985,13.6515317209496],[-89.1802116732233,13.6514486004543],[-89.1801976530738,13.6513333190395],[-89.180182201726,13.6512404199933],[-89.1801596252027,13.6510765334209],[-89.1801302237878,13.6509971397291],[-89.1800990784486,13.6509143685546],[-89.1800955842767,13.6508619922589],[-89.180112777294,13.6507707261346],[-89.1801023514906,13.6506767866338],[-89.180064336168,13.650632886124],[-89.1800384068131,13.6505889677209],[-89.1800143462708,13.6504145021369],[-89.180011947321,13.6503583955701],[-89.1800177619322,13.6502025400829],[-89.1800080898253,13.6501162921633],[-89.1800031736703,13.649975152695],[-89.1799089743199,13.6498301176988],[-89.1798731230188,13.6496582530903],[-89.1800508867649,13.6496198403688],[-89.1800668039678,13.6496163948201],[-89.1802462378119,13.6495707242722],[-89.1804249526159,13.6495252113985],[-89.1804228916694,13.6497507697496],[-89.1804306318598,13.6498342151923],[-89.1804407480528,13.649870240605],[-89.18045027667,13.6499042028582],[-89.1804584771411,13.6499334079869],[-89.180474705307,13.6499906903104],[-89.1804783965585,13.6500516742416],[-89.1804808118539,13.6500916028957],[-89.18048084143,13.650092805957],[-89.180481396724,13.6501142233206],[-89.1804836500171,13.650200792126],[-89.1804807724165,13.6502377345827],[-89.1804784201546,13.6502679010636],[-89.1804864246972,13.6503019286098],[-89.180500696936,13.6503626001615],[-89.1805136301448,13.6504175799699],[-89.1805145222266,13.6504213829015],[-89.1805287564557,13.6504818872586],[-89.1805435507871,13.650544770253],[-89.1805692651635,13.6506540728445],[-89.1805738609632,13.6506736550472],[-89.1806030129423,13.6507975972907],[-89.1806089570177,13.6508228522456],[-89.1804673951982,13.6508868958366],[-89.1804373910925,13.6508978857051],[-89.1804469982486,13.6509353748941],[-89.1804841804611,13.6510894949929],[-89.1805144167871,13.6510847888199],[-89.1807282471971,13.6511016629322],[-89.1807665023403,13.6512240247843],[-89.1807382923994,13.6512544516127],[-89.1807373036947,13.6512728619501],[-89.1807371420885,13.6512971036041],[-89.1807329667635,13.6513568341856],[-89.18059400846,13.6513475601821],[-89.1805603598292,13.651345307982],[-89.1805394898242,13.6513446851559],[-89.1805441870459,13.6513735593152],[-89.1805527999419,13.6514354380992],[-89.1805904883272,13.6514348554335],[-89.1808136602745,13.6514509723789],[-89.1808164875997,13.6515458430216],[-89.180818527342,13.6516141497003],[-89.1808195671077,13.6516489325872],[-89.1809671673044,13.6516588753127],[-89.1809597555247,13.6517683224523],[-89.1809581086919,13.6517926763779],[-89.1809819518695,13.6518805706634],[-89.1809997292863,13.6519460989371],[-89.1810186848492,13.6520159939581],[-89.1810321622928,13.6520656701888],[-89.1810282552316,13.6521172004492],[-89.1810276742051,13.6521248640906],[-89.1810271971162,13.6521438760454],[-89.1810259480086,13.6521938035525],[-89.1810247911456,13.6522398894421],[-89.1810232851626,13.652299525864],[-89.1810225774623,13.6523275443886],[-89.1810206493521,13.6524043505883],[-89.181020364119,13.6524156431465],[-89.1809972973914,13.6524143639414],[-89.1809913098746,13.6525045118927],[-89.1809884938271,13.6525469056915],[-89.180985886725,13.6525785628833],[-89.1809822101473,13.6525981231443],[-89.1809795995849,13.6526120739582],[-89.1809813742057,13.6526312596108],[-89.1809845442637,13.6526417162354],[-89.1809828353085,13.6526718271072],[-89.180982394899,13.6526784547824],[-89.180981637442,13.6526898679058],[-89.1809764258982,13.6527686578562],[-89.1810007143078,13.6527707867284],[-89.1810295763164,13.6527755606407],[-89.18102065106,13.6528616739633],[-89.1810335813554,13.6528633032046],[-89.1810247146503,13.6529642448652],[-89.1810244603231,13.6529664568812],[-89.1810139023562,13.653058061657],[-89.1810526686622,13.6530561909821],[-89.1810717312193,13.6530572317908],[-89.1810870668492,13.6530976688514],[-89.1811100030698,13.6531502341865],[-89.1811129544157,13.6531599235644],[-89.1811148901878,13.6531663081499],[-89.1811215967057,13.6531864808363],[-89.1811233148419,13.653192311495],[-89.1811369514813,13.6532385528032],[-89.1811552867696,13.6533033674788],[-89.1811696070244,13.6533527185805],[-89.1811794526567,13.6533923353281],[-89.1811856919285,13.653407075954],[-89.1811885087733,13.6534137373851],[-89.1811973085792,13.6534359730209],[-89.1812108345226,13.6534488751798],[-89.1812682755257,13.6534723521668],[-89.1812904168168,13.653599113305],[-89.1812922708516,13.6536097652328],[-89.1812897471702,13.6536512802328],[-89.1812875784438,13.6536868328862],[-89.1812760316578,13.6536862493477],[-89.1812767126791,13.6537603518827],[-89.1812899745004,13.6538850279543],[-89.1812973649775,13.653956681413],[-89.1812974080613,13.654012568242],[-89.1813106014025,13.6540483879683],[-89.1813120907743,13.654065593396],[-89.1813165128673,13.6541042704704],[-89.1813209064342,13.6541071461332],[-89.1814194727416,13.6541189578342],[-89.1814172089918,13.6541415432952],[-89.1814116699868,13.6541994806579],[-89.181408215141,13.6542356733134],[-89.181404703445,13.6542724589651],[-89.1814046465734,13.654273023037],[-89.1813971207699,13.6543686976299],[-89.1813900158692,13.6544588364652],[-89.181425851732,13.6544621327434],[-89.1815593257246,13.6544744094465],[-89.1815697756768,13.6544753463001],[-89.1815400162516,13.6547188158387],[-89.1815349475023,13.654760887709],[-89.1816676063217,13.6548340404048],[-89.1818402446564,13.6549306095742],[-89.1819306968463,13.6549387988397],[-89.1819364059304,13.6550506695694]]]]}},{"type":"Feature","properties":{"text_1":"COLONIA LAS CAMPANITAS","zona":0},"geometry":{"type":"MultiPolygon","coordinates":[[[[-89.1824723704299,13.6496072539183],[-89.1824656883507,13.6496555277277],[-89.1823163620209,13.6498472821195],[-89.1822746156534,13.6498386953402],[-89.1822650159085,13.6499327327546],[-89.1822629309378,13.6499532825253],[-89.1822481412149,13.6500197414559],[-89.1822400496152,13.6500561789055],[-89.1822289294674,13.6501061688759],[-89.1822168468089,13.6501605100014],[-89.1821970451355,13.6502562118091],[-89.1821850107616,13.6502619405673],[-89.1821784527204,13.6502628249149],[-89.1821369475247,13.6502602081543],[-89.1821344741191,13.6503043417127],[-89.1821285456782,13.6504104650806],[-89.1821279758919,13.6504206560048],[-89.1821257844612,13.6504624943669],[-89.1819877968463,13.6504719635804],[-89.1818186542455,13.650484926707],[-89.1818220932394,13.6504403386834],[-89.1817687303663,13.6504520862742],[-89.1817597287215,13.6505238078865],[-89.1816732886952,13.6505383295487],[-89.1816565982085,13.6505446637143],[-89.181649270492,13.6505542675789],[-89.1813074411105,13.6505258636923],[-89.1812726375115,13.650523973095],[-89.181271326744,13.6505417916219],[-89.1812437074977,13.6506260955858],[-89.1812460742137,13.6506891639563],[-89.1811638004347,13.6506804405396],[-89.1810695331973,13.6506322031571],[-89.1810478571283,13.6505437423464],[-89.1810762941153,13.6505382609839],[-89.1811430742525,13.6505220691558],[-89.1812312124314,13.6505018265864],[-89.1812033658769,13.6503643042525],[-89.1811817273485,13.6502874132697],[-89.1811704049674,13.6502479639217],[-89.1811582795082,13.6502218711044],[-89.1811511886655,13.6502066231148],[-89.1811214474015,13.6501530992387],[-89.181086388765,13.6500900007085],[-89.1810778981093,13.6500393491187],[-89.1810707761583,13.6499968885131],[-89.181125662498,13.6499975513216],[-89.1811269251665,13.6499052691284],[-89.1811278035887,13.6498409220661],[-89.1811287977611,13.6497672539619],[-89.1811299622039,13.6496818486669],[-89.181019762269,13.6494446648324],[-89.1813694903885,13.649407809367],[-89.1815748656938,13.6493861659143],[-89.1818813487602,13.6493964354378],[-89.1823981880891,13.6494137309829],[-89.1824723704299,13.6496072539183]]]]}},{"type":"Feature","properties":{"text_1":"COLONIA SANTA LEONOR","zona":0},"geometry":{"type":"MultiPolygon","coordinates":[[[[-89.1837778614755,13.646994930495],[-89.1837536498462,13.6471021685231],[-89.1837331731833,13.6471928453193],[-89.183726900595,13.6472206357147],[-89.183707086343,13.6472991311347],[-89.1836867654718,13.6473100409521],[-89.1836532456785,13.6473028185647],[-89.1836506258383,13.6473176299244],[-89.1836356127252,13.6474476581857],[-89.1836534475514,13.6474524391214],[-89.183641197364,13.6474964136852],[-89.1836322403587,13.6475285474865],[-89.1836298145727,13.6475373893834],[-89.1836113355275,13.647604831883],[-89.1836052187511,13.6476250511405],[-89.1835968265588,13.6476525656192],[-89.1835844682455,13.6476930331509],[-89.1835626796522,13.6477644209037],[-89.1835384511666,13.6478502872453],[-89.1835151240139,13.6479020363285],[-89.1835145486025,13.6479049337388],[-89.1835121254072,13.6479171064827],[-89.1834986063079,13.6479849899872],[-89.1834808356047,13.6480742944363],[-89.1834757921496,13.6480995855435],[-89.1834590817188,13.648190259503],[-89.1834566454763,13.6482094112231],[-89.1834146810638,13.6481994282832],[-89.1834204994943,13.6482208977577],[-89.1834053010136,13.6482592468622],[-89.1833922749269,13.6482921149389],[-89.1833728635711,13.6483411204801],[-89.1833675169624,13.6483545915866],[-89.1833613331311,13.6483991075632],[-89.1833593101489,13.6484136689993],[-89.1833624689555,13.6484226721417],[-89.1833924813056,13.648508174421],[-89.1832893297164,13.6485492917399],[-89.1832844209776,13.6486134664622],[-89.1832801895485,13.6486370811399],[-89.1832836723559,13.6486491021444],[-89.1831776750458,13.6487913609683],[-89.1831639453169,13.6488809308379],[-89.1831500748406,13.6489713712612],[-89.1832026906475,13.6489740627317],[-89.1831916822414,13.649046145646],[-89.1831813955013,13.6491322239192],[-89.1831813486446,13.6491325855117],[-89.1831778600282,13.6491617621985],[-89.1831686303062,13.6492212841768],[-89.1831611013017,13.6493117198759],[-89.1831546879353,13.6493535424119],[-89.1831188928224,13.6495476188743],[-89.1828584113414,13.6494925829687],[-89.1829008533567,13.6496790573072],[-89.1829297080228,13.6497354316072],[-89.1829701200858,13.6498181304524],[-89.1829881961684,13.649877364551],[-89.1829818862529,13.6499298493397],[-89.1829799540418,13.6499767782492],[-89.1829727738687,13.650017926141],[-89.182963636208,13.6500972830939],[-89.1829518863881,13.650201430382],[-89.1829519458994,13.6502779296089],[-89.1829552690536,13.6503152100573],[-89.182965820791,13.650350976528],[-89.1829814715847,13.650394763072],[-89.1830043195085,13.6504548080259],[-89.1830343539583,13.6505685398426],[-89.1830537820172,13.6506617882714],[-89.1830627547406,13.6507113375862],[-89.18306311735,13.6507152710635],[-89.183035123279,13.6507173925517],[-89.1827141049446,13.6507737314716],[-89.1827488771507,13.6508695681216],[-89.1828349116701,13.6508826476931],[-89.1828383034006,13.6509594038581],[-89.1825402233557,13.6509617548815],[-89.1824505936849,13.6509622191118],[-89.1824330267466,13.6509623153031],[-89.182419339878,13.6509611033919],[-89.1824206501494,13.6509546703095],[-89.1824298739028,13.6509002291567],[-89.1824301733623,13.650858513318],[-89.1824056307959,13.6508585586409],[-89.182254949573,13.6508535244957],[-89.1822470929273,13.6508532618619],[-89.182215014269,13.6508492407079],[-89.1821806348254,13.650844915738],[-89.1819970877391,13.6508218749018],[-89.1819765910067,13.6508520738062],[-89.1819482015343,13.650893903531],[-89.1819428517573,13.6509034598419],[-89.1819250539712,13.6509349059267],[-89.1819106870807,13.6509603051324],[-89.181902236779,13.6509752410022],[-89.1818824818991,13.6510086047869],[-89.1818690215267,13.6510313558137],[-89.1818514889174,13.6510746589796],[-89.1818500903666,13.6510781119853],[-89.1818338165158,13.6511212659803],[-89.181819920654,13.6511689440135],[-89.1818120684406,13.6512461622596],[-89.1818067161361,13.6512895305353],[-89.1817933789067,13.6513974816187],[-89.1817912889841,13.6514607195932],[-89.1817907337183,13.6514777602148],[-89.1817889492205,13.6515319635421],[-89.1817877471383,13.6515683778033],[-89.1817869974349,13.6515909621509],[-89.1817847222648,13.6516596796677],[-89.1817841338972,13.6516817278867],[-89.1817821924468,13.6517541005041],[-89.1817806473684,13.6518119327884],[-89.1817793221794,13.6518612764408],[-89.1817787885759,13.6518812330084],[-89.181776663618,13.6519601409148],[-89.1817750819713,13.6520196942399],[-89.1817739688317,13.6520611702413],[-89.1817718520537,13.6521399027857],[-89.1817709599292,13.652173150476],[-89.1817661670293,13.6523519587231],[-89.181753690743,13.6523612979391],[-89.1817241140162,13.6523753057502],[-89.1817731162158,13.6524648201235],[-89.1818290505466,13.6525840774177],[-89.1818302187277,13.6525886954524],[-89.1818514823849,13.6525842642064],[-89.1818779488428,13.652576182802],[-89.1820643807703,13.6527767120303],[-89.1820980916055,13.6529198946153],[-89.1821194076915,13.6529341974148],[-89.1821158824854,13.6529772398432],[-89.1821190561075,13.653030421713],[-89.182125358079,13.6530651916564],[-89.1821293837503,13.6531062381177],[-89.182113735997,13.6531022138197],[-89.1820312529826,13.6530810424199],[-89.1819997637168,13.6530817879387],[-89.1820281333006,13.6531357375482],[-89.1820540259283,13.6532042028143],[-89.1820691372209,13.6532734073104],[-89.1820291220221,13.6533980947641],[-89.1820595007571,13.653442083778],[-89.1820512917817,13.6534632021075],[-89.182019086918,13.6535533324283],[-89.1820063085477,13.6536381904158],[-89.1820062993837,13.6536382925626],[-89.1820018914951,13.6536658781502],[-89.1819988271799,13.6537431669701],[-89.1819991543092,13.6538111513066],[-89.181999233129,13.6538270064527],[-89.1819996386629,13.6539103090223],[-89.1819992871257,13.6539206660997],[-89.1819960756886,13.6540156713496],[-89.1819939568998,13.6540785938815],[-89.1819931147706,13.6541035573448],[-89.1819937312649,13.6541907293275],[-89.1819835344006,13.6542719752484],[-89.1819824338932,13.6542807691434],[-89.1819751059358,13.6543391697323],[-89.1819677973208,13.6543974871481],[-89.1819905527726,13.6543999786144],[-89.181996555644,13.6545379237569],[-89.182001283373,13.6546417342869],[-89.1819747431332,13.6546407641642],[-89.1819809386421,13.6547087342128],[-89.1819831628924,13.6547331123945],[-89.1819879255957,13.6547722339196],[-89.181996276626,13.654849809861],[-89.1819575705804,13.6548439243257],[-89.1819310942742,13.6548407965561],[-89.1819297847472,13.6549211202529],[-89.1819306968463,13.6549387988397],[-89.1818402446564,13.6549306095742],[-89.1816676063217,13.6548340404048],[-89.1815349475023,13.654760887709],[-89.1815400162516,13.6547188158387],[-89.1815697756768,13.6544753463001],[-89.1815593257246,13.6544744094465],[-89.181425851732,13.6544621327434],[-89.1813900158692,13.6544588364652],[-89.1813971207699,13.6543686976299],[-89.1814046465734,13.654273023037],[-89.181404703445,13.6542724589651],[-89.181408215141,13.6542356733134],[-89.1814116699868,13.6541994806579],[-89.1814172089918,13.6541415432952],[-89.1814194727416,13.6541189578342],[-89.1813209064342,13.6541071461332],[-89.1813165128673,13.6541042704704],[-89.1813120907743,13.654065593396],[-89.1813106014025,13.6540483879683],[-89.1812974080613,13.654012568242],[-89.1812973649775,13.653956681413],[-89.1812899745004,13.6538850279543],[-89.1812767126791,13.6537603518827],[-89.1812760316578,13.6536862493477],[-89.1812875784438,13.6536868328862],[-89.1812897471702,13.6536512802328],[-89.1812922708516,13.6536097652328],[-89.1812904168168,13.653599113305],[-89.1812682755257,13.6534723521668],[-89.1812108345226,13.6534488751798],[-89.1811973085792,13.6534359730209],[-89.1811885087733,13.6534137373851],[-89.1811856919285,13.653407075954],[-89.1811794526567,13.6533923353281],[-89.1811696070244,13.6533527185805],[-89.1811552867696,13.6533033674788],[-89.1811369514813,13.6532385528032],[-89.1811233148419,13.653192311495],[-89.1811215967057,13.6531864808363],[-89.1811148901878,13.6531663081499],[-89.1811129544157,13.6531599235644],[-89.1811100030698,13.6531502341865],[-89.1810870668492,13.6530976688514],[-89.1810717312193,13.6530572317908],[-89.1810526686622,13.6530561909821],[-89.1810139023562,13.653058061657],[-89.1810244603231,13.6529664568812],[-89.1810247146503,13.6529642448652],[-89.1810335813554,13.6528633032046],[-89.18102065106,13.6528616739633],[-89.1810295763164,13.6527755606407],[-89.1810007143078,13.6527707867284],[-89.1809764258982,13.6527686578562],[-89.180981637442,13.6526898679058],[-89.180982394899,13.6526784547824],[-89.1809828353085,13.6526718271072],[-89.1809845442637,13.6526417162354],[-89.1809813742057,13.6526312596108],[-89.1809795995849,13.6526120739582],[-89.1809822101473,13.6525981231443],[-89.180985886725,13.6525785628833],[-89.1809884938271,13.6525469056915],[-89.1809913098746,13.6525045118927],[-89.1809972973914,13.6524143639414],[-89.181020364119,13.6524156431465],[-89.1810206493521,13.6524043505883],[-89.1810225774623,13.6523275443886],[-89.1810232851626,13.652299525864],[-89.1810247911456,13.6522398894421],[-89.1810259480086,13.6521938035525],[-89.1810271971162,13.6521438760454],[-89.1810276742051,13.6521248640906],[-89.1810282552316,13.6521172004492],[-89.1810321622928,13.6520656701888],[-89.1810186848492,13.6520159939581],[-89.1809997292863,13.6519460989371],[-89.1809819518695,13.6518805706634],[-89.1809581086919,13.6517926763779],[-89.1809597555247,13.6517683224523],[-89.1809671673044,13.6516588753127],[-89.1808195671077,13.6516489325872],[-89.180818527342,13.6516141497003],[-89.1808164875997,13.6515458430216],[-89.1808136602745,13.6514509723789],[-89.1805904883272,13.6514348554335],[-89.1805527999419,13.6514354380992],[-89.1805441870459,13.6513735593152],[-89.1805394898242,13.6513446851559],[-89.1805603598292,13.651345307982],[-89.18059400846,13.6513475601821],[-89.1807329667635,13.6513568341856],[-89.1807371420885,13.6512971036041],[-89.1807373036947,13.6512728619501],[-89.1807382923994,13.6512544516127],[-89.1807665023403,13.6512240247843],[-89.1807282471971,13.6511016629322],[-89.1805144167871,13.6510847888199],[-89.1804841804611,13.6510894949929],[-89.1804469982486,13.6509353748941],[-89.1804373910925,13.6508978857051],[-89.1804673951982,13.6508868958366],[-89.1806089570177,13.6508228522456],[-89.1806030129423,13.6507975972907],[-89.1807269883187,13.6507576779222],[-89.1807241593235,13.650745971861],[-89.1808176563569,13.6507157474148],[-89.1809169329434,13.6506807334656],[-89.1809379211125,13.6506740355344],[-89.1810209534365,13.6506475671593],[-89.1810695331973,13.6506322031571],[-89.1811638004347,13.6506804405396],[-89.1812460742137,13.6506891639563],[-89.1812436973306,13.6506260955933],[-89.1812713165768,13.6505417916294],[-89.1812726375115,13.650523973095],[-89.1813074411105,13.6505258636923],[-89.181649270492,13.6505542675789],[-89.1816565982085,13.6505446637143],[-89.1816732886952,13.6505383295487],[-89.1817597287215,13.6505238078865],[-89.1817687303663,13.6504520862742],[-89.1818220830793,13.6504403477299],[-89.1818186440784,13.6504849267146],[-89.1819877875965,13.6504719545483],[-89.1821257844682,13.6504625034058],[-89.1821279758919,13.6504206560048],[-89.1821285456782,13.6504104650806],[-89.1821344741191,13.6503043417127],[-89.1821369475247,13.6502602081543],[-89.1821784527204,13.6502628249149],[-89.1821850107616,13.6502619405673],[-89.1821970451355,13.6502562118091],[-89.1822168468089,13.6501605100014],[-89.1822289294674,13.6501061688759],[-89.1822400496152,13.6500561789055],[-89.1822481412149,13.6500197414559],[-89.1822629309378,13.6499532825253],[-89.1822650159085,13.6499327327546],[-89.1822746156534,13.6498386953402],[-89.1823163620209,13.6498472821195],[-89.1824656883507,13.6496555277277],[-89.1824723704299,13.6496072539183],[-89.1823981880891,13.6494137309829],[-89.1824146983925,13.6492228904099],[-89.182423720329,13.6491776501419],[-89.1824403518394,13.6490942517593],[-89.1824421241993,13.6490853832425],[-89.1824598107918,13.6489966619467],[-89.182462036158,13.6489855532439],[-89.1824621392397,13.6489849891375],[-89.1824832862667,13.6489152578961],[-89.1825071796002,13.6488232644128],[-89.1825317872504,13.648726336942],[-89.1825438336274,13.6486742636953],[-89.1825350215042,13.6486372837908],[-89.1825268844491,13.6486031262464],[-89.1825013080732,13.6485391413864],[-89.1825006348158,13.6485374570274],[-89.1824789568005,13.6484826691067],[-89.1823850723189,13.6482442797202],[-89.1823587485103,13.6481805909724],[-89.1823417848444,13.64813952608],[-89.1822369379706,13.6478858445453],[-89.1822120099318,13.6477780600754],[-89.1821910432162,13.6477380990814],[-89.1822084027694,13.6476424270946],[-89.1822190928387,13.6475623838601],[-89.1821336978907,13.6474688886495],[-89.1820978691788,13.6472788913095],[-89.1821020047693,13.6469487499178],[-89.1822347021235,13.6469542331609],[-89.1822419113257,13.6468658152109],[-89.1825227169963,13.6468681062098],[-89.1825146874303,13.6469735640872],[-89.1825627830007,13.6469689935476],[-89.1828423275382,13.6470050500871],[-89.1828323881661,13.6470767073657],[-89.1829706540785,13.6470865916518],[-89.1830565286009,13.6471143694901],[-89.1831271770422,13.6470357901719],[-89.1832983231252,13.6470458251408],[-89.1833484664176,13.6469481843547],[-89.1837778614755,13.646994930495]]]]}},{"type":"Feature","properties":{"text_1":"CANTON CERRO AMATEPEC","zona":0},"geometry":{"type":"MultiPolygon","coordinates":[[[[-89.1872538184572,13.6697315533551],[-89.1872084327514,13.6697692685115],[-89.1869284750819,13.6699263223311],[-89.1867312323145,13.6699850706782],[-89.1865393029356,13.6700825882461],[-89.1864336625862,13.6701473021513],[-89.186257576709,13.6702310249214],[-89.1861513416141,13.6702744226384],[-89.1861423307101,13.6702741610025],[-89.1861551651304,13.6702012983877],[-89.1861475379897,13.6702045256368],[-89.1860635312749,13.6702400209242],[-89.1859384265841,13.6703002967629],[-89.1858686689116,13.6703276543047],[-89.185725270317,13.6703800953542],[-89.1855221674992,13.6704378944517],[-89.1854345655453,13.6704508536554],[-89.1853260204338,13.6704699009666],[-89.185289805692,13.6707467708967],[-89.1850459710531,13.6711755843147],[-89.1849872493138,13.6714676791297],[-89.1848978735495,13.6716693299118],[-89.1846662469153,13.6715303513829],[-89.1844076701182,13.6714249363253],[-89.1843174116491,13.6713949594788],[-89.1840532703141,13.6713507652961],[-89.1838388524128,13.6713334416648],[-89.1836208479983,13.6713161205243],[-89.1831917992396,13.6712606458736],[-89.1832062395099,13.6712188634957],[-89.1832206696071,13.6711770811243],[-89.1832940891297,13.6709645581576],[-89.183301540263,13.6709429766707],[-89.1833377598838,13.6708507245332],[-89.1833670816181,13.6708233608033],[-89.1833819370394,13.670792462788],[-89.1834001301714,13.6707198647797],[-89.1834392955578,13.6706440576723],[-89.183436398311,13.6705939208705],[-89.183443527475,13.6704511347543],[-89.1835029151574,13.6704038114038],[-89.1835077472457,13.6703486983253],[-89.1835563165117,13.6701822507951],[-89.1835644154201,13.6701533662615],[-89.1835671674045,13.6700765956414],[-89.183569927707,13.6699998259186],[-89.1835601758839,13.6699846902722],[-89.1836066989582,13.6699608958024],[-89.1836359930352,13.6699219712638],[-89.1836249325917,13.6698195919062],[-89.1837350279498,13.6697381683137],[-89.1837779570306,13.6697048991742],[-89.1837959201596,13.6696540616338],[-89.1838548474219,13.6695998797974],[-89.1838484964563,13.6695754586347],[-89.1839113299041,13.6695412020017],[-89.1839572988438,13.6694992748743],[-89.1839719898655,13.6693907758899],[-89.1839818424268,13.6693905280836],[-89.1839958783671,13.6695210623837],[-89.1839918936198,13.6695945292989],[-89.1840472915942,13.6696619725254],[-89.1841104790445,13.669657204194],[-89.1841761826032,13.6696500748003],[-89.1842428233794,13.6696428425471],[-89.184305240344,13.6696339186411],[-89.1843692673522,13.6696247539806],[-89.1844287137472,13.6696162589078],[-89.1844950208955,13.6696067770458],[-89.1845590377281,13.6695976213823],[-89.1846230739672,13.6695884656876],[-89.1846902711645,13.6695788628869],[-89.1847542694947,13.6695697071865],[-89.184818296475,13.6695605514479],[-89.1848849065497,13.6695507736798],[-89.1849489046827,13.6695413865322],[-89.1849575362925,13.6695401209172],[-89.1849969688863,13.669793109994],[-89.1850025153064,13.6698286758334],[-89.1850361034867,13.6698223468116],[-89.1851361505678,13.6697949576661],[-89.1852842985045,13.6697638850351],[-89.1853812050154,13.6697382571324],[-89.1855942049065,13.6696764147963],[-89.1856430567487,13.6696650494288],[-89.1856844663503,13.6697107877113],[-89.1857556587813,13.669750525142],[-89.1858715792182,13.6697703376734],[-89.1859752746992,13.6697722496519],[-89.1861086465221,13.6697761285999],[-89.1861960639649,13.6697581526869],[-89.1862631291518,13.6697242809233],[-89.1863932155953,13.6696684618557],[-89.1867530004474,13.6695408465975],[-89.186821131434,13.6695153131923],[-89.1868324563891,13.6695440068194],[-89.1869658398078,13.6698846605991],[-89.1870340754597,13.6698604602984],[-89.1869002371683,13.6695186408785],[-89.1868907862271,13.6694892145806],[-89.1869339068215,13.6694730581574],[-89.1870131993428,13.6694729978729],[-89.187084419509,13.6695346244846],[-89.1871943248325,13.6696678533748],[-89.1872538184572,13.6697315533551]]]]}},{"type":"Feature","properties":{"text_1":"COLONIA LAS MERCEDES","zona":0},"geometry":{"type":"MultiPolygon","coordinates":[[[[-89.1810270112303,13.6550015542193],[-89.1809323203602,13.6550200145334],[-89.1808560835718,13.6550353527484],[-89.1808656289261,13.6550787091359],[-89.1808683000421,13.6550941737005],[-89.1808747554483,13.6551315160421],[-89.1808889768082,13.6551627812156],[-89.1808890264471,13.6551660306777],[-89.1808896738999,13.6552074592761],[-89.1808872950782,13.655252361053],[-89.180882630288,13.6553403142675],[-89.180880357736,13.6553767745007],[-89.1808796098359,13.6553886133496],[-89.1808759330505,13.6554320074818],[-89.1808622053498,13.6555138398643],[-89.1808606135982,13.6555233283056],[-89.180860852661,13.6556130359857],[-89.1808714059569,13.6556990057092],[-89.1808756156911,13.6557332312676],[-89.1808785520665,13.6557606812698],[-89.180878929766,13.6557962889887],[-89.1808483135894,13.6557994209013],[-89.1808718810476,13.6558852798169],[-89.1808902909555,13.6559724287648],[-89.1807513394877,13.6560261137669],[-89.1805075990144,13.6561361873169],[-89.1804309469349,13.6561673339042],[-89.1803541337624,13.6560981284778],[-89.1803298543753,13.6560828930737],[-89.1801842806756,13.6560541583343],[-89.1800854913824,13.6560237143369],[-89.180048053676,13.6560061926501],[-89.1800387619145,13.6560476375649],[-89.1800295194477,13.6561281243323],[-89.1798620494345,13.6561435931882],[-89.1798621347818,13.6561186203453],[-89.1798708300415,13.6560283692187],[-89.1797418981053,13.6560268165962],[-89.1797401166278,13.6559247899704],[-89.1797366917397,13.6557284386965],[-89.1797352153718,13.6556797352599],[-89.1797311276939,13.6555449721844],[-89.1797186309383,13.6555036634228],[-89.1797285778875,13.6554535171574],[-89.1797385155825,13.6554033618594],[-89.1797566655409,13.6553118537382],[-89.1797765172572,13.65531603239],[-89.1797830898175,13.6552843723158],[-89.1797630022017,13.6552799262843],[-89.1797741045026,13.6552551587057],[-89.1797909138634,13.655217623068],[-89.1796673175775,13.6551763024039],[-89.1796361603974,13.6551898664009],[-89.1796101804415,13.6551915883138],[-89.1795651478066,13.6551678985044],[-89.179551286765,13.6551628269337],[-89.1795529786083,13.655122145952],[-89.179449062503,13.6550951113138],[-89.1792654550402,13.6550477907973],[-89.1792647257297,13.6550477452304],[-89.1792701317681,13.6550123005121],[-89.1792719091397,13.6549843282186],[-89.1792431429329,13.6549685211009],[-89.179261789338,13.654870867078],[-89.1792906330906,13.6548016954519],[-89.1793048428231,13.6547683088074],[-89.1793208286708,13.6547307738016],[-89.1793486530263,13.6546654254791],[-89.1793623239097,13.6546332974445],[-89.1793001062285,13.6546137301259],[-89.179234035137,13.6545929426316],[-89.1791565276998,13.654568555107],[-89.1790868206668,13.6545456505906],[-89.1789353406082,13.6545020087775],[-89.1788732803476,13.6544778684367],[-89.1788115030458,13.6544660289674],[-89.1787969089028,13.654466788907],[-89.1787366486759,13.6544699240309],[-89.1787133355014,13.6544802896564],[-89.1786251619487,13.6545194869045],[-89.178618195304,13.6545180294644],[-89.1785430700074,13.6545023309565],[-89.1784622843261,13.6544854515286],[-89.1784033048456,13.6545308011044],[-89.1782991933223,13.6546575618694],[-89.1782674536452,13.6547025960871],[-89.178102234322,13.6546888229532],[-89.1779918186248,13.6546785460805],[-89.1778542803719,13.654696592407],[-89.1778550796814,13.6547024228487],[-89.177810348482,13.6547029740315],[-89.1777812143256,13.6547003385514],[-89.1777598504256,13.6546984567221],[-89.1777299387023,13.6546942942172],[-89.1777004136895,13.6546893730621],[-89.1776443947034,13.6546810832496],[-89.1776379224039,13.6546586144099],[-89.1776132775283,13.6546485528899],[-89.1775569808134,13.6546237509234],[-89.1774847946794,13.6545882510771],[-89.1774359016706,13.6545549001335],[-89.1774246978295,13.6545445974991],[-89.1774202266495,13.6545404816803],[-89.1774156069502,13.6545269528169],[-89.1774201946613,13.6544980809421],[-89.1774266125504,13.6544484642844],[-89.1774404015452,13.6543961405687],[-89.1774403759362,13.6543621993692],[-89.1774568983848,13.6542710812631],[-89.1774688234352,13.6542070218274],[-89.1775000923509,13.6541027043584],[-89.1775506868137,13.6539718734728],[-89.1776139227368,13.6538482248263],[-89.1776651312112,13.6537533982811],[-89.1776702746976,13.6537212765003],[-89.1776959191752,13.6537259229676],[-89.1778633249572,13.6536911665331],[-89.1778316973485,13.6536582108349],[-89.1778671191834,13.6535640437546],[-89.1778950858672,13.6534873290237],[-89.1778962293981,13.6534838943032],[-89.1779197713847,13.6534131999925],[-89.1779447306701,13.6533637552014],[-89.177950050944,13.6533283566706],[-89.1780359356105,13.6533538783217],[-89.1781155923705,13.653380606633],[-89.1781790877972,13.653425617942],[-89.1782413446743,13.6534840240337],[-89.1782766224017,13.6535121457198],[-89.17828877016,13.6534812870109],[-89.1783495023776,13.6533269193424],[-89.1783887875323,13.6532352115907],[-89.1785070773685,13.652959051214],[-89.1785366684555,13.6528893422153],[-89.1785893534662,13.652920005623],[-89.1787451300328,13.6530142192061],[-89.1788019989774,13.6530577175335],[-89.1789132727573,13.6531398566073],[-89.178980028934,13.6531906041608],[-89.17910643065,13.6531900122763],[-89.179063179769,13.6529699293131],[-89.1790207404804,13.6527218937308],[-89.1790047880585,13.6525797906057],[-89.1790025376483,13.6524586794831],[-89.1790441430553,13.6524686263764],[-89.1793257643294,13.6526760212224],[-89.1792865082819,13.6527931836645],[-89.179296573605,13.6528971196183],[-89.1793066854902,13.6530014993493],[-89.1794181251719,13.653127650481],[-89.1794863925905,13.6531371060124],[-89.1795508265575,13.6531460373537],[-89.1795563240725,13.6530828249356],[-89.1796996022295,13.6530819429275],[-89.1797345614567,13.6530777612737],[-89.1797106181905,13.6529697164358],[-89.1796959134299,13.6528751780599],[-89.1797260769894,13.6528741102109],[-89.1799609537637,13.6529217544298],[-89.1799434409122,13.6530048107001],[-89.1800799574707,13.6530373006654],[-89.1801417624859,13.6530374596779],[-89.1801187587675,13.6529700839984],[-89.180106144446,13.6528367254832],[-89.1801417606867,13.6528372182302],[-89.1802781900441,13.652841653087],[-89.1803789508554,13.6528774176918],[-89.1804658989683,13.6529082878636],[-89.1804893444179,13.652909196244],[-89.1804913009031,13.6529799281303],[-89.1804834624779,13.6530155409803],[-89.1804589221804,13.6530790638718],[-89.1804383417877,13.6531730071196],[-89.1804582000215,13.6534087398545],[-89.1804679276766,13.6534176270327],[-89.1805366221742,13.6535642460651],[-89.1805612087314,13.653610294067],[-89.1806087170543,13.653726254087],[-89.1806155131136,13.6537643644973],[-89.1805731870261,13.6537768259312],[-89.1804783783556,13.6538025805828],[-89.1804348703901,13.6538299083007],[-89.1804353062673,13.6538306021715],[-89.1804947400235,13.6538973671672],[-89.1805612446186,13.6539399423694],[-89.1806392113989,13.6539836191158],[-89.1808076473688,13.6540700838534],[-89.1808891730388,13.6541260960564],[-89.180936320853,13.6541671849308],[-89.1809681969913,13.6542269730428],[-89.1809771466968,13.6542830386149],[-89.1809802496906,13.6543060097004],[-89.1809501744126,13.6543103262329],[-89.1809123288194,13.6543162131188],[-89.1809026279889,13.6543170346638],[-89.1809025912047,13.6543797613164],[-89.1809028219717,13.6543973843673],[-89.1809041307702,13.6544129891338],[-89.1809069777029,13.6544467429594],[-89.1809097673952,13.6544685663308],[-89.1809258200581,13.6544689802548],[-89.180929621398,13.6544769841507],[-89.1809698804089,13.6544711506237],[-89.1809764292797,13.6544702021389],[-89.1810009419811,13.6544680924871],[-89.181006665704,13.6545875631699],[-89.1810104326779,13.6546373748968],[-89.1809862511356,13.6546386427805],[-89.1809390578832,13.6546371408896],[-89.1809243105134,13.6546357723979],[-89.1809237147373,13.6546362907675],[-89.1809189111837,13.6546543712768],[-89.1809176352011,13.6546934412238],[-89.1809114015482,13.6547725374344],[-89.1809094874489,13.6547943362452],[-89.1809003105111,13.6548117628403],[-89.1809480120288,13.654846723807],[-89.1810025553726,13.6549166676553],[-89.1810179232704,13.6549616585111],[-89.1810270112303,13.6550015542193]]]]}},{"type":"Feature","properties":{"text_1":"COLONIA MARABU","zona":0},"geometry":{"type":"MultiPolygon","coordinates":[[[[-89.1812312124314,13.6505018265864],[-89.1811430742525,13.6505220691558],[-89.1810762941153,13.6505382609839],[-89.1810478571283,13.6505437423464],[-89.1810695331973,13.6506322031571],[-89.1810209626793,13.6506475671525],[-89.1809379211194,13.6506740445733],[-89.1809169329434,13.6506807334656],[-89.1808176563569,13.6507157474148],[-89.1807241593305,13.6507459809],[-89.1807269883187,13.6507576779222],[-89.1806030129423,13.6507975972907],[-89.1805738609632,13.6506736550472],[-89.1805692651635,13.6506540728445],[-89.1805435507871,13.650544770253],[-89.1805287564557,13.6504818872586],[-89.1805145222266,13.6504213829015],[-89.1805136301448,13.6504175799699],[-89.180500696936,13.6503626001615],[-89.1804864246972,13.6503019286098],[-89.1804784201546,13.6502679010636],[-89.1804807724165,13.6502377345827],[-89.1804836500171,13.650200792126],[-89.180481396724,13.6501142233206],[-89.18048084143,13.650092805957],[-89.1804808118539,13.6500916028957],[-89.1804783965585,13.6500516742416],[-89.180474705307,13.6499906903104],[-89.1804584771411,13.6499334079869],[-89.18045027667,13.6499042028582],[-89.1804407480528,13.649870240605],[-89.1804306318598,13.6498342151923],[-89.1804228916694,13.6497507697496],[-89.1804249618587,13.6495252113917],[-89.1805446570253,13.6494947364272],[-89.1807569695832,13.649472366353],[-89.1809351363469,13.6494535852764],[-89.181019762269,13.6494446648324],[-89.1811299622039,13.6496818486669],[-89.1811287977611,13.6497672539619],[-89.1811278035887,13.6498409220661],[-89.1811269251665,13.6499052691284],[-89.181125662498,13.6499975513216],[-89.1810707761583,13.6499968885131],[-89.1810778981093,13.6500393491187],[-89.181086388765,13.6500900007085],[-89.1811214474015,13.6501530992387],[-89.1811511886655,13.6502066231148],[-89.1811582795082,13.6502218711044],[-89.1811704049674,13.6502479639217],[-89.1811817273485,13.6502874132697],[-89.1812033658769,13.6503643042525],[-89.1812312124314,13.6505018265864]]]]}},{"type":"Feature","properties":{"text_1":"LOTIFICACION ALTOS DE SAN MARCOS","zona":0},"geometry":{"type":"MultiPolygon","coordinates":[[[[-89.1882765186714,13.6726808118549],[-89.1881682146722,13.6727653635695],[-89.1881539223961,13.6727658463368],[-89.1879648145907,13.6727722757142],[-89.187788889682,13.6726924119423],[-89.1876947139594,13.6725943996667],[-89.1874193427022,13.6725959609969],[-89.1871135871983,13.6723360018153],[-89.1869108516056,13.6722027603165],[-89.1867105486647,13.6720805036258],[-89.1866926503456,13.6717245640388],[-89.186707225189,13.6714117787767],[-89.1866943045885,13.6712804854284],[-89.1866681050828,13.67112658042],[-89.1866609299971,13.6711147475752],[-89.1865835802701,13.6711059020187],[-89.1865249598663,13.6711049558192],[-89.1859775665062,13.6709940405525],[-89.1859887527136,13.6709677269896],[-89.1859984931171,13.6709448023118],[-89.1859910902929,13.6709430028355],[-89.1860205419501,13.6708769312672],[-89.1860565193412,13.6707918232842],[-89.186079967375,13.670735308595],[-89.1860980026533,13.6706196517389],[-89.1861180261513,13.6704688680812],[-89.1861227768286,13.6704319612323],[-89.1861167878557,13.6704237647405],[-89.1861322762489,13.6703311853011],[-89.1861423307101,13.6702741610025],[-89.1861513416141,13.6702744226384],[-89.186257576709,13.6702310249214],[-89.1864336625862,13.6701473021513],[-89.1865393029356,13.6700825882461],[-89.1867312323145,13.6699850706782],[-89.1869284750819,13.6699263223311],[-89.1872084327514,13.6697692685115],[-89.18725381845,13.6697315443161],[-89.1873430020506,13.6698270332897],[-89.187381926769,13.6697943495825],[-89.187552445425,13.6697210702194],[-89.1876167212042,13.6696924852783],[-89.1877451223769,13.6696241532808],[-89.187790650921,13.6695999231014],[-89.1878498329597,13.669522174708],[-89.1879575594622,13.6693806538724],[-89.1880287916718,13.669326434513],[-89.1880645796391,13.6693963440914],[-89.1880907166173,13.6695659378892],[-89.1881575121534,13.6700133899414],[-89.1881665375937,13.6704684933411],[-89.188158340905,13.6710491480365],[-89.1881875151558,13.6714053012592],[-89.1882282186044,13.6717388239113],[-89.1882525472844,13.6718002727451],[-89.1881793581781,13.6718218585929],[-89.1881787621227,13.6718220624249],[-89.1881250491256,13.6718397448041],[-89.188139148327,13.671869520014],[-89.188061447738,13.6719077870128],[-89.1881487895624,13.6720648385535],[-89.1880480285858,13.6721122968018],[-89.1881253104743,13.672213801857],[-89.1880607869015,13.6722650549522],[-89.1881337904022,13.6723775510022],[-89.1882020984497,13.6723125404481],[-89.188207680909,13.6723208483785],[-89.1882332316514,13.6723014466402],[-89.1882409096249,13.6723154818414],[-89.1882255192801,13.6723391331417],[-89.1882137227846,13.6723834410752],[-89.1882168386345,13.6724097437924],[-89.1882464257323,13.6724660707569],[-89.1881948869695,13.6724909989026],[-89.1882765186714,13.6726808118549]]]]}},{"type":"Feature","properties":{"text_1":"COLONIA LAS DELICIAS","zona":0},"geometry":{"type":"MultiPolygon","coordinates":[[[[-89.1880287916718,13.669326434513],[-89.1879575594622,13.6693806538724],[-89.1878498329597,13.669522174708],[-89.187790650921,13.6695999231014],[-89.1877451223769,13.6696241532808],[-89.1876167212042,13.6696924852783],[-89.187552445425,13.6697210702194],[-89.187381926769,13.6697943495825],[-89.1873430020506,13.6698270332897],[-89.18725381845,13.6697315443161],[-89.1871943248325,13.6696678533748],[-89.187084419509,13.6695346244846],[-89.1870132085864,13.6694729978659],[-89.1869339068215,13.6694730581574],[-89.1868907862271,13.6694892145806],[-89.1869002371683,13.6695186408785],[-89.1870340754597,13.6698604602984],[-89.1869658398078,13.6698846605991],[-89.1868324563891,13.6695440068194],[-89.1868211406776,13.6695153131853],[-89.1867530004474,13.6695408465975],[-89.1863932155953,13.6696684618557],[-89.1862631291439,13.6697242709805],[-89.1861960547213,13.6697581526939],[-89.1861086465221,13.6697761285999],[-89.1859752746992,13.6697722496519],[-89.1858715699746,13.6697703376804],[-89.1857556587813,13.669750525142],[-89.1856844663432,13.6697107786724],[-89.1856430567487,13.6696650494288],[-89.1856376565422,13.6696590832894],[-89.1856193079173,13.6695934356127],[-89.1856545650069,13.6695432329738],[-89.1856827583545,13.669430114741],[-89.1857060928305,13.6693246724204],[-89.1858484758453,13.6693178543576],[-89.1859958734982,13.6692245460922],[-89.1861030790662,13.6691161713289],[-89.1861911675482,13.6689887063014],[-89.1862939699815,13.6687715412723],[-89.186410422274,13.6686757379485],[-89.1865269141679,13.6686288152874],[-89.1866101388646,13.6686104257111],[-89.1867495581773,13.6686143919194],[-89.1869368018349,13.6685775967824],[-89.1871823117638,13.6685366842175],[-89.1873757867896,13.6684795210919],[-89.1875090666034,13.6686077054857],[-89.1876494713154,13.668742594875],[-89.1878852132262,13.6690459703122],[-89.1880287916718,13.669326434513]]]]}},{"type":"Feature","properties":{"text_1":"COMUNIDAD EL MILAGRO","zona":0},"geometry":{"type":"MultiPolygon","coordinates":[[[[-89.2322716954467,13.6549862951197],[-89.2322716762649,13.6549865265347],[-89.232186428944,13.6554586566925],[-89.2321998868567,13.6556206317485],[-89.2321969965304,13.655684268621],[-89.232179387615,13.6558144505138],[-89.2321647070105,13.6559091798186],[-89.2321381922221,13.6560017726413],[-89.2321206560062,13.656196301774],[-89.2321148432128,13.6563004358563],[-89.232099405305,13.6564052262108],[-89.2320924868661,13.6564052426834],[-89.2320379500139,13.6564054143669],[-89.2320380197647,13.6563037379706],[-89.2320381066981,13.6561998036302],[-89.2320381735532,13.6561139282078],[-89.2320382645441,13.6559860027064],[-89.2320382737535,13.6559756639574],[-89.2320491533181,13.6559030682859],[-89.2320626840317,13.6558129219123],[-89.2320742118855,13.6557360131487],[-89.2320791769523,13.6557029187085],[-89.2320856084338,13.6556599939401],[-89.2320947295447,13.6555991740494],[-89.232113384949,13.655474757114],[-89.2321173151197,13.6554485594576],[-89.2321383423001,13.6553194942652],[-89.232146338973,13.6552703844773],[-89.2321510989739,13.6552411869161],[-89.2321665272293,13.6551651069507],[-89.2321873713361,13.6550622458154],[-89.2322008411955,13.6549957571089],[-89.2322591630174,13.6549855666673],[-89.2322716954467,13.6549862951197]]]]}},{"type":"Feature","properties":{"text_1":"COLONIA SAN CRISTOBAL","zona":0},"geometry":{"type":"MultiPolygon","coordinates":[[[[-89.1936358972958,13.6528000557095],[-89.1934074382515,13.6528021517536],[-89.1932871495153,13.6528470632062],[-89.1930927235678,13.6531470782817],[-89.1930002780588,13.6532358590155],[-89.1929242886559,13.6533088547574],[-89.1928697103092,13.6533612673825],[-89.1927800353607,13.6534474082969],[-89.1926907491645,13.6535331692381],[-89.1925182740808,13.6537215131398],[-89.1922373254437,13.6539016024143],[-89.1920544310184,13.6539756350414],[-89.191876947042,13.654010797676],[-89.191763614828,13.6540106456438],[-89.1914882459827,13.6541507441494],[-89.191205335959,13.654946303317],[-89.1910528939586,13.6548287049748],[-89.1908287834863,13.6547224273939],[-89.1904393401129,13.6544158970592],[-89.1900831966714,13.6541106085301],[-89.1896974710269,13.6536700863154],[-89.1897626298083,13.6532043263398],[-89.189820264901,13.6531042723098],[-89.1897314594775,13.6527205085649],[-89.1897460196181,13.6525597876795],[-89.1897005055471,13.6525391823735],[-89.1896894272422,13.6525452623757],[-89.1896358142004,13.6525747010722],[-89.1895123189544,13.6522118638281],[-89.1895121290419,13.6522113270613],[-89.1894639619904,13.6520698234042],[-89.1894291475235,13.6517598986178],[-89.1893060230756,13.6515398608739],[-89.1895043445668,13.6514541744309],[-89.1895139002383,13.6514500389825],[-89.1895079518477,13.6514321057883],[-89.1894044429639,13.6511939669562],[-89.1893506768734,13.6510559385372],[-89.1892969235532,13.6509233623852],[-89.1892799437724,13.6508640266717],[-89.1892516189647,13.6507031996094],[-89.1892230986202,13.6506048688373],[-89.1892064333613,13.6505837224029],[-89.1891787047297,13.6504699154447],[-89.1890800338648,13.6501266073737],[-89.1890935168475,13.6501214131732],[-89.1891550235054,13.6500698854819],[-89.1890328335197,13.6497736983052],[-89.1889855813926,13.6497920981379],[-89.1889514568213,13.6497276297053],[-89.1889492676887,13.6497236425025],[-89.188947191281,13.6497196082105],[-89.1889450113907,13.6497156200966],[-89.1889426707501,13.6497117252073],[-89.1889401693593,13.6497079235427],[-89.1889376578161,13.6497041399637],[-89.1889347213332,13.6497006432456],[-89.188931879075,13.6496970813746],[-89.1889286017856,13.6496939003773],[-89.1889253522023,13.649690691338],[-89.1889217249144,13.6496878893411],[-89.1889180228345,13.6496851805028],[-89.1889139607305,13.649683026932],[-89.1889096808452,13.6496813083016],[-89.1889051658852,13.6496803581617],[-89.188900546487,13.6496805659904],[-89.1888979168273,13.6496816228549],[-89.1895124165972,13.649009034225],[-89.1895147417099,13.6490051267063],[-89.18958593765,13.6489621712008],[-89.1896867061796,13.6490192666057],[-89.1898649732976,13.649067704303],[-89.1900476981763,13.6490565202771],[-89.1901243891359,13.6490321742618],[-89.1902465223975,13.6489987957073],[-89.1902975979654,13.6492145012666],[-89.1903275988338,13.6493990677015],[-89.1903701720645,13.6497277846714],[-89.1903717046327,13.6497393352523],[-89.1903977113463,13.6499347623437],[-89.1905129350843,13.650567700904],[-89.1905680619267,13.6507007114051],[-89.190685647976,13.6512229752405],[-89.1908518058721,13.651240488545],[-89.1909069405067,13.6512665285166],[-89.1909204530241,13.6512749133945],[-89.1909238120618,13.6512500771998],[-89.1909277451871,13.6512219549043],[-89.1910492376114,13.6512370025793],[-89.1911322896255,13.6512472867248],[-89.1911670852142,13.6512516001769],[-89.1912574916142,13.6512627851685],[-89.1913149012956,13.6512699047755],[-89.1914652723894,13.6512885218511],[-89.1914648771302,13.6512912058205],[-89.191497846436,13.6512956417696],[-89.1915159450701,13.6512980709006],[-89.1916457801153,13.651307336804],[-89.1917937766688,13.6513723090269],[-89.1918450956937,13.651409338597],[-89.1919538247648,13.6514878084731],[-89.1920415860353,13.6515511336607],[-89.1921546231201,13.651632709479],[-89.1924075128716,13.6518419539438],[-89.1929371181291,13.6522760092424],[-89.1930073897415,13.6523170324684],[-89.1934346574491,13.652627526936],[-89.1936358972958,13.6528000557095]]]]}},{"type":"Feature","properties":{"text_1":"LOT MALENA 1","zona":0},"geometry":{"type":"MultiPolygon","coordinates":[[[[-89.179196776888,13.6498043967715],[-89.1792128543217,13.6499371978344],[-89.1791838304545,13.6500676436753],[-89.1791454252686,13.6501571020368],[-89.1790983344144,13.6502136152581],[-89.179063255943,13.6502609388711],[-89.1790555278639,13.6503785212361],[-89.179043579499,13.6505604639332],[-89.1790343769283,13.6507299453531],[-89.1789991092779,13.6507267775695],[-89.1788979924604,13.6507196968311],[-89.1788681220678,13.6506209762652],[-89.1788545629163,13.6505761791932],[-89.1788264292493,13.6505077893329],[-89.1788268500026,13.6503889341835],[-89.1788269531131,13.6503628694181],[-89.1788272264799,13.6502859993527],[-89.1787765046688,13.6501865355695],[-89.1787590971535,13.6501956558613],[-89.1785754710495,13.6499189364525],[-89.1784387142479,13.6497669338464],[-89.1784268934751,13.6497424143527],[-89.1783715703827,13.6496276816273],[-89.1783663174404,13.6496151719272],[-89.1783368193461,13.6495449779215],[-89.1783188585084,13.6495605786007],[-89.1781894389389,13.6494731112865],[-89.1781772793361,13.649464900988],[-89.1781615320779,13.6494547860715],[-89.1780990076732,13.6494151522183],[-89.178073677268,13.6493986672635],[-89.1780459881487,13.6493798049646],[-89.1780239900015,13.6493648261912],[-89.1779709641085,13.6493075983604],[-89.177898130443,13.6492289950975],[-89.1778872278355,13.649217053504],[-89.1778922607523,13.6492136620679],[-89.1780129978,13.6490965529433],[-89.1781211829237,13.6489903185626],[-89.178213379431,13.6488921855744],[-89.1782843699768,13.6488133669708],[-89.1782964665609,13.6487884785136],[-89.1783264692929,13.6488014981429],[-89.178381129,13.6488534767036],[-89.1784417058304,13.6489198897636],[-89.1785008364038,13.6490267612568],[-89.1785697932046,13.6491228710674],[-89.1787373326646,13.6490811991416],[-89.1788119969628,13.6490775627278],[-89.1788720362344,13.6490846833276],[-89.1789598939217,13.6491068335068],[-89.1789796721397,13.6491268765235],[-89.1790037081587,13.64920958794],[-89.1790408803397,13.649364273208],[-89.1790730542493,13.649456096272],[-89.1791448333412,13.649654258032],[-89.179196776888,13.6498043967715]]]]}},{"type":"Feature","properties":{"text_1":"COLONIA SAN ANTONIO GUADALUPE","zona":0},"geometry":{"type":"MultiPolygon","coordinates":[[[[-89.1804893444179,13.652909196244],[-89.1804658989683,13.6529082878636],[-89.1803789508554,13.6528774176918],[-89.1802781900441,13.652841653087],[-89.1801417606867,13.6528372182302],[-89.180106144446,13.6528367254832],[-89.1801000568012,13.6527724477107],[-89.1800814614003,13.6527018672058],[-89.1800193660932,13.6526073264882],[-89.17984051401,13.6523773747428],[-89.179733989978,13.6522187423892],[-89.1796954208311,13.6521434002754],[-89.1796786809382,13.6521106924468],[-89.1796529081515,13.6520855170382],[-89.1795872778702,13.6520213758449],[-89.1794937656523,13.6519466098269],[-89.179398132514,13.6518697726914],[-89.1793173440689,13.6517742186067],[-89.1792726750886,13.6516931791096],[-89.179128023816,13.6513925056361],[-89.1790740407695,13.6513610469567],[-89.1790139454515,13.6513429956562],[-89.1789476832659,13.6513309922646],[-89.1787874344949,13.6513296002264],[-89.178713902913,13.6513542468265],[-89.1785871318901,13.6513784222782],[-89.1785342042543,13.651389309247],[-89.1784738842513,13.6513869369243],[-89.1784344837663,13.6513761359622],[-89.1783913806948,13.6513508618163],[-89.1783137761693,13.6512834523519],[-89.1782644954976,13.6512244538558],[-89.1782262294032,13.6510871430231],[-89.1782243057708,13.6510710388325],[-89.1781659467539,13.6510717481957],[-89.1780500084898,13.6510898250839],[-89.1779496214696,13.6511092700066],[-89.1778266196964,13.6511370434531],[-89.1777262438471,13.6511578676188],[-89.1776848950437,13.6513122301811],[-89.1776551107347,13.6514382337436],[-89.177632170165,13.6515034852542],[-89.177537987367,13.6515800444001],[-89.1774805432695,13.651613822808],[-89.1774001117565,13.6516386312721],[-89.1773380470816,13.6516454236073],[-89.177275980708,13.6516499670396],[-89.1772093158338,13.6516432675203],[-89.177094349431,13.651596108319],[-89.1770393907639,13.6515624651839],[-89.1769641746771,13.6514996444529],[-89.1768979394447,13.6514349199646],[-89.1768624791106,13.6514030127015],[-89.1768307515964,13.6513619761309],[-89.1767971540779,13.6513145548888],[-89.1767940540501,13.6513084576404],[-89.1767515847904,13.65131949308],[-89.176656993098,13.6513183389868],[-89.1765572110624,13.6512981037644],[-89.1764627323576,13.6512836857739],[-89.1764129193921,13.6512451433157],[-89.1763743091584,13.6512033523524],[-89.1763580165375,13.6511722926789],[-89.1763310196979,13.6511300866272],[-89.1763191453791,13.6511227085192],[-89.176228637006,13.6511137959222],[-89.1761462223836,13.6510934450423],[-89.1760771650636,13.6510649865839],[-89.1760253805387,13.6510608033763],[-89.1759790165175,13.6510782555027],[-89.1759563725094,13.6510846034844],[-89.1759504352823,13.6510814323528],[-89.1759309805948,13.6510365923366],[-89.1759289062355,13.6510090666305],[-89.1759165181692,13.6508214686614],[-89.1759134342369,13.6506972197791],[-89.1759056866996,13.6505252323541],[-89.1757540382821,13.6505563018707],[-89.1755375563385,13.6505992839044],[-89.1754015880772,13.6506262781023],[-89.1753671267242,13.6506383262798],[-89.1753502841502,13.6504793496473],[-89.1753393318576,13.6503758769492],[-89.175443844281,13.6502033565863],[-89.1754835161723,13.6501212565021],[-89.1756450002353,13.6501949197597],[-89.1756831337263,13.6501952902324],[-89.1757062868239,13.6498943555905],[-89.1757415782904,13.6494991885366],[-89.1757640957687,13.6492470600991],[-89.175743336235,13.6491664195584],[-89.1756838867989,13.6489354447729],[-89.1756504602557,13.6488377269617],[-89.1755834849916,13.6486419479321],[-89.1755192692644,13.6484542106672],[-89.1760744406482,13.6483742132407],[-89.1760603704507,13.6482903645332],[-89.1761002821684,13.6482132717449],[-89.1761425750472,13.6481315773267],[-89.1761566791106,13.6480459033642],[-89.1762788310657,13.6480490743675],[-89.1763610610025,13.6480513384145],[-89.1763859057969,13.648038112893],[-89.176416638551,13.6482298538046],[-89.176426898972,13.6483949806777],[-89.1764400104264,13.6485879373089],[-89.1764679396035,13.6485870477215],[-89.1766476723227,13.6485739324275],[-89.1768421501497,13.6485597425153],[-89.1768665765645,13.6485579659698],[-89.1768910038963,13.6485561803824],[-89.1769057906467,13.6486362430175],[-89.1769107232649,13.6486629332713],[-89.1770657322633,13.648609007462],[-89.1770744366901,13.6486059839954],[-89.1770861312062,13.6486005702869],[-89.1771446306032,13.6485735288335],[-89.1772156632759,13.648549041778],[-89.1772710261085,13.6485299721897],[-89.1773045409369,13.6485183781815],[-89.1773102872517,13.6485331924792],[-89.1772830977764,13.6485614144846],[-89.1772863318714,13.648606840066],[-89.1773055765291,13.6486366022723],[-89.1773122589518,13.6486376803191],[-89.1772871540715,13.6486810907632],[-89.1773495628124,13.6489808340091],[-89.1774672344828,13.6489278243045],[-89.1775286619836,13.6489056119612],[-89.1775890859855,13.6488837709239],[-89.1776709078642,13.6488581189606],[-89.1777334738959,13.6489775857289],[-89.1777693109681,13.6490460162479],[-89.1777906324508,13.6490804970497],[-89.1778144942033,13.6491190959623],[-89.1778767140148,13.6492058889778],[-89.1778872278355,13.649217053504],[-89.177898130443,13.6492289950975],[-89.1779709641085,13.6493075983604],[-89.1780239900015,13.6493648261912],[-89.1780459881487,13.6493798049646],[-89.178073677268,13.6493986672635],[-89.1780990076732,13.6494151522183],[-89.1781615320779,13.6494547860715],[-89.1781772793361,13.649464900988],[-89.1781894389389,13.6494731112865],[-89.1783188585084,13.6495605786007],[-89.1783368193461,13.6495449779215],[-89.1783663174404,13.6496151719272],[-89.1783715703827,13.6496276816273],[-89.1784268934751,13.6497424143527],[-89.1784387142479,13.6497669338464],[-89.1785754710495,13.6499189364525],[-89.1787590971535,13.6501956558613],[-89.1787765046688,13.6501865355695],[-89.1788272264799,13.6502859993527],[-89.1788269531131,13.6503628694181],[-89.1788268500026,13.6503889341835],[-89.1788264292493,13.6505077893329],[-89.1788545629163,13.6505761791932],[-89.1788681220678,13.6506209762652],[-89.1788979924604,13.6507196968311],[-89.1789991092779,13.6507267775695],[-89.1790343861712,13.6507299453463],[-89.1790435794914,13.6505604539903],[-89.179055527857,13.6503785121972],[-89.179063255943,13.6502609388711],[-89.1790983344144,13.6502136152581],[-89.1791454252686,13.6501571020368],[-89.1791838304545,13.6500676436753],[-89.1792128543217,13.6499371978344],[-89.1791967667209,13.6498043967789],[-89.1798731230188,13.6496582530903],[-89.1799089743199,13.6498301176988],[-89.1800031736703,13.649975152695],[-89.1800080898253,13.6501162921633],[-89.1800177619322,13.6502025400829],[-89.180011947321,13.6503583955701],[-89.1800143462708,13.6504145021369],[-89.1800384068131,13.6505889677209],[-89.180064336168,13.650632886124],[-89.1801023514906,13.6506767866338],[-89.180112777294,13.6507707261346],[-89.1800955842767,13.6508619922589],[-89.1800990784486,13.6509143685546],[-89.1801302237878,13.6509971397291],[-89.1801596252027,13.6510765334209],[-89.180182201726,13.6512404199933],[-89.1801976530738,13.6513333190395],[-89.1802116732233,13.6514486004543],[-89.1802200277985,13.6515317209496],[-89.1802158450493,13.6516193312356],[-89.1801780253325,13.6516705157376],[-89.1800984227354,13.6517756191941],[-89.180095939469,13.6517832571098],[-89.1800969098296,13.6518144488792],[-89.180107253724,13.6518749931662],[-89.1801260507955,13.6519241557541],[-89.1801514171464,13.6520002947655],[-89.1801833214116,13.6520479762068],[-89.1802415120549,13.6521360026709],[-89.1802359418416,13.6522029825906],[-89.1802872731418,13.6522449019162],[-89.1803738101209,13.6523450143216],[-89.1803956476092,13.652619925808],[-89.1804616415315,13.6527744134368],[-89.1804646184497,13.6528186731346],[-89.1804892760283,13.6529067982633],[-89.1804893444179,13.652909196244]]]]}},{"type":"Feature","properties":{"text_1":"COLONIA SANTA MARIA","zona":0},"geometry":{"type":"MultiPolygon","coordinates":[[[[-89.1751298069739,13.6559357986666],[-89.1749840315815,13.656016382439],[-89.1748067538217,13.6560546799591],[-89.1744934821214,13.6560898614478],[-89.1740389491073,13.6561673037781],[-89.1736899649505,13.6561766210903],[-89.1735598723182,13.6561541472304],[-89.1732931089079,13.6561356482592],[-89.1728158955586,13.6560947213292],[-89.1725059879816,13.6560454660984],[-89.1724049806315,13.6560354756907],[-89.1720221823314,13.6559975913087],[-89.1719807611145,13.6559934921969],[-89.1719632109798,13.6559905424099],[-89.171373039465,13.6558912404423],[-89.1712629391501,13.6558727132011],[-89.170933851284,13.6558162499457],[-89.170948612045,13.6557317518198],[-89.1709497911736,13.6557262715954],[-89.1709777968716,13.6555955129132],[-89.1710502889198,13.6552570120849],[-89.1710467875327,13.6552326997744],[-89.1709973024478,13.6551759488624],[-89.1709691862157,13.6551812815],[-89.1709482218747,13.6551428661211],[-89.1707869340069,13.6549525476276],[-89.1706691369186,13.6547994817597],[-89.170589149279,13.6547213061452],[-89.1705329597806,13.6546993253576],[-89.1704387044368,13.6546667086104],[-89.1704254499701,13.6546616451439],[-89.1704538206114,13.6546286378716],[-89.1704647159379,13.6546179580437],[-89.1705445235743,13.6545397927146],[-89.1705774663147,13.6545075225461],[-89.1706104469084,13.6544752053444],[-89.1706594592069,13.6544271989727],[-89.1706690609692,13.6543942498946],[-89.170681127225,13.6543528124453],[-89.1707299070086,13.6542850534264],[-89.1707724743379,13.6542259254756],[-89.1707854190536,13.6542079506899],[-89.1708114962025,13.6541708530406],[-89.1708263122296,13.6541497955783],[-89.1708387266037,13.6541321167314],[-89.1708789290834,13.6540749337767],[-89.1708997302123,13.6540453475271],[-89.170931603157,13.6539999987084],[-89.1709533977888,13.6539689953618],[-89.1709842873643,13.6539250636215],[-89.1710125195362,13.6538849011554],[-89.1710944881094,13.6538504220491],[-89.1711123239892,13.6538296580415],[-89.1711414415242,13.6537957336205],[-89.1711454993289,13.6537667040497],[-89.1711565552374,13.6537672142862],[-89.1712156579334,13.6537345651683],[-89.1712837764626,13.6536832127099],[-89.1713125447956,13.6537155782871],[-89.1713247307777,13.6537092759838],[-89.1714696755153,13.6535925699256],[-89.1714798534666,13.6535843898192],[-89.171420950628,13.6534498410746],[-89.171418912688,13.6534462233037],[-89.1714170078197,13.6534425683804],[-89.1714152258428,13.6534388582339],[-89.1714136231321,13.6534350828821],[-89.1714121442437,13.6534312613454],[-89.1714107217104,13.6534274027097],[-89.1714093370734,13.6534235440475],[-89.1714078764549,13.6534194260208],[-89.1714065770285,13.653415807735],[-89.1714051738991,13.6534119400469],[-89.1714037606156,13.6534080904436],[-89.1714023001996,13.6534042499122],[-89.1714008018948,13.6534004193499],[-89.1713992943536,13.6533965978331],[-89.1713977960554,13.6533927763098],[-89.1713963069864,13.6533889357983],[-89.171394855807,13.6533850862214],[-89.1713934434416,13.6533812275785],[-89.1713920680415,13.6533773598709],[-89.1713907120516,13.6533734921498],[-89.1713893930133,13.6533695963821],[-89.1713881127816,13.6533656816057],[-89.1713868602795,13.6533617677138],[-89.1713856456598,13.6533578348138],[-89.1713844596861,13.6533538919509],[-89.1713832644839,13.6533499689802],[-89.1713820119814,13.6533460541843],[-89.1713807132778,13.6533421584025],[-89.1713793665241,13.653338280732],[-89.1713779624778,13.6533344220833],[-89.1713765778491,13.6533305733637],[-89.1713762647552,13.6533296380517],[-89.1713752689917,13.6533266956669],[-89.1713740072668,13.6533228088982],[-89.1713727455559,13.6533189411112],[-89.1713714459758,13.6533151104103],[-89.1713687618068,13.6533074852235],[-89.1713674344973,13.653303653638],[-89.1713661533697,13.6532997768256],[-89.1713649581609,13.6532958439119],[-89.1713638100708,13.6532918829447],[-89.1713627285235,13.6532879128921],[-89.1713620065069,13.6532851827315],[-89.1713616747051,13.6532839428202],[-89.1713606874296,13.653279963663],[-89.1713597380298,13.6532759564586],[-89.1713588450187,13.653271958254],[-89.1713579815719,13.6532679419508],[-89.171357155097,13.6532639256219],[-89.1713563665045,13.6532598902848],[-89.1713556158153,13.6532558648641],[-89.1713549122515,13.6532518204288],[-89.1713542752305,13.6532477669082],[-89.1713537324738,13.6532436943401],[-89.1713532941633,13.6532396226032],[-89.171353007417,13.6532355227399],[-89.1713528907471,13.6532314308931],[-89.1713528970026,13.6532273308257],[-89.1713529605507,13.6532232117364],[-89.1713531348137,13.6532150114889],[-89.1713532353402,13.6532109014129],[-89.1713535581996,13.6531986000948],[-89.1713543793134,13.6531698882341],[-89.1713546293613,13.6531616779908],[-89.1713547028534,13.6531597897051],[-89.171354796437,13.6531575678685],[-89.1713549829369,13.6531534767143],[-89.1713552258187,13.6531493855209],[-89.171355515833,13.6531452852557],[-89.1713558631603,13.6531411939896],[-89.1713562770434,13.6531371117159],[-89.1713567380656,13.6531330294094],[-89.1714474340254,13.6530485153782],[-89.1715665480479,13.6528660825375],[-89.1717390385514,13.6526008093483],[-89.1718048594637,13.6524870453702],[-89.1718347728015,13.6524547310481],[-89.1718919801081,13.6525622255289],[-89.1719121210093,13.6526388227938],[-89.1719475193928,13.6528470823391],[-89.1719307502706,13.6529145878286],[-89.1719344656209,13.652986217022],[-89.1719509638106,13.653039907636],[-89.1720077186402,13.6530971712073],[-89.1720626313644,13.653132944167],[-89.1720757338294,13.6531375068947],[-89.1720586528863,13.6531931652719],[-89.1720583449639,13.6531993020236],[-89.1720547907497,13.6532696491556],[-89.1720530640806,13.6533036476241],[-89.172054221195,13.653332561479],[-89.17205552266,13.6533654840027],[-89.1720563229124,13.653385439614],[-89.172060517495,13.6534904628317],[-89.1720605657108,13.6534919343373],[-89.1720616217137,13.6535898325467],[-89.1720624699736,13.6536109731292],[-89.1720632744332,13.6536493103251],[-89.1720644931551,13.6536979950092],[-89.1720664325517,13.6537753543209],[-89.1720665306934,13.653779371157],[-89.1720674097328,13.6538299452168],[-89.1720723760949,13.6538780903651],[-89.1720761128054,13.6539144080174],[-89.1720710969003,13.6539539342904],[-89.1720709036013,13.6539739818898],[-89.1720704576876,13.6540239639218],[-89.1720700007599,13.6540727889773],[-89.1720748285254,13.6540729898792],[-89.1720731496503,13.6541205196056],[-89.172070562895,13.6541942818735],[-89.1718789766491,13.6541955077608],[-89.1718572795787,13.654203038803],[-89.1718240075755,13.6542246000381],[-89.1719417282338,13.6542977783599],[-89.1720600381268,13.6543626349652],[-89.172135788857,13.6544063340342],[-89.1721733098466,13.654435241412],[-89.1721871593073,13.6544121480716],[-89.172189604962,13.6544045102631],[-89.1724606214201,13.6544691205018],[-89.1725065875026,13.6544761964829],[-89.1724978064206,13.6545174843826],[-89.1730063921437,13.6548149999245],[-89.1732923715898,13.6549418815293],[-89.1735772166885,13.6550317211251],[-89.1736514097301,13.6550669151841],[-89.1736628378583,13.6550344193586],[-89.1736979107457,13.6549520724488],[-89.1737380614426,13.6548380585421],[-89.1737419529098,13.6548270038817],[-89.1737452248939,13.6548106745339],[-89.1737505818861,13.6547840411299],[-89.1737622462051,13.6547259803004],[-89.1737929606237,13.654573181539],[-89.1737947711238,13.6545641458395],[-89.1737921069702,13.6544811693549],[-89.1738406793442,13.6545816444131],[-89.1738821183321,13.6546863267083],[-89.173909276949,13.6547561061926],[-89.1739368888327,13.6548238488801],[-89.1739815287979,13.6548923387885],[-89.1740311634064,13.6549579001532],[-89.1740837669832,13.6550572795009],[-89.1741286577961,13.6551074147345],[-89.1741927707478,13.655155444734],[-89.174316691114,13.6552013488536],[-89.174410700357,13.6552326319491],[-89.174479052432,13.6552534832967],[-89.1745986957867,13.655288941295],[-89.1747411365321,13.6553708287214],[-89.174785052655,13.6553951863769],[-89.1748479498069,13.6554113954843],[-89.1749322051254,13.6554229515035],[-89.1750295419414,13.6554739748458],[-89.1750699271968,13.6555354877147],[-89.1750759096429,13.6556005059674],[-89.1750676094868,13.655690053414],[-89.1750703611806,13.655775770425],[-89.1750811976717,13.6558377400027],[-89.1751298069739,13.6559357986666]]]]}},{"type":"Feature","properties":{"text_1":"COLONIA EL CENIZAL","zona":0},"geometry":{"type":"MultiPolygon","coordinates":[[[[-89.1685205185827,13.6549971320495],[-89.1684586107897,13.6550000072698],[-89.1680872980144,13.6550172455186],[-89.167733705068,13.6550514100927],[-89.1676886950396,13.6550577065818],[-89.1675662693251,13.6550748121641],[-89.1673732462523,13.6550400668694],[-89.1669248478026,13.6549590130643],[-89.1667377794143,13.654938795131],[-89.1662864170395,13.6548693671509],[-89.1660995940394,13.6548221221385],[-89.1661111148751,13.6547309810609],[-89.1661109466392,13.6547204941974],[-89.1661576066087,13.6547182409034],[-89.1662006388094,13.6547122325654],[-89.1662477412344,13.6547056565346],[-89.166295940699,13.6546989324181],[-89.1663394081927,13.6546928586811],[-89.1663887342648,13.6546859765069],[-89.1664316250547,13.654679995341],[-89.1664792782844,13.6546772423643],[-89.1665238472419,13.6546746668223],[-89.1665502904557,13.6546731493544],[-89.1665726927791,13.6546718569787],[-89.1666187377857,13.6546691972614],[-89.1666895983731,13.6546651133529],[-89.1667180647384,13.6546464431085],[-89.166758534235,13.6546162509207],[-89.1667787491236,13.654601178339],[-89.1668125496046,13.6545759702169],[-89.1668506439519,13.6545475467375],[-89.166888757701,13.6545191241431],[-89.1669268621651,13.6544906554504],[-89.166937220867,13.6544829192217],[-89.1669643236473,13.654462667156],[-89.1670030710715,13.6544337261821],[-89.1670397842268,13.6544062662585],[-89.1670758543961,13.6543792795026],[-89.1671107587252,13.6543492853746],[-89.167145898584,13.6543190687237],[-89.1671803391862,13.6542894825571],[-89.167218034088,13.6542570794471],[-89.1672190649489,13.6542561531588],[-89.1672342932144,13.6542424352516],[-89.1672493894015,13.6542288557292],[-89.1672641264026,13.6542157943813],[-89.1672959836064,13.6541875793549],[-89.1673165668094,13.6541693320026],[-89.1673376414704,13.6541520089977],[-89.1673636739463,13.6541306096706],[-89.1673794138862,13.654117668755],[-89.1674118692542,13.654090989926],[-89.1674440702154,13.6540536209123],[-89.1674741627439,13.6540187146334],[-89.1675286848876,13.6540388460813],[-89.1675305071676,13.6540057921501],[-89.167575617028,13.6539803258387],[-89.1675817253246,13.6539058308724],[-89.167599410844,13.6538863444244],[-89.1676300688682,13.6538486609787],[-89.167656915642,13.6538156641058],[-89.1676872430331,13.6537783794953],[-89.1677158961408,13.6537431695558],[-89.1677226385401,13.6537348898081],[-89.1677403079394,13.6537057958721],[-89.1677637621972,13.6536671826966],[-89.1677647925117,13.6536654971354],[-89.1677659742266,13.6536635529572],[-89.1677917928223,13.6536210414791],[-89.1677938151359,13.6536028338672],[-89.1678061322187,13.6535417927346],[-89.1678222126173,13.6534620330046],[-89.1678878348993,13.6534658198183],[-89.1679415157988,13.6535803797436],[-89.1679465970219,13.6535912338476],[-89.1679302439223,13.6535945306702],[-89.1679708018867,13.653715848022],[-89.1680170311812,13.6538523957203],[-89.168050435764,13.653935758919],[-89.1681445431327,13.6541061599485],[-89.1682576574043,13.6543571761794],[-89.1683717086989,13.6546088398062],[-89.1684312749423,13.6547463689577],[-89.1684873423065,13.6548626119819],[-89.1685205185827,13.6549971320495]]]]}},{"type":"Feature","properties":{"text_1":"URBANIZACION SAN MARCOS","zona":0},"geometry":{"type":"MultiPolygon","coordinates":[[[[-89.1710502889198,13.6552570120849],[-89.1709777968716,13.6555955129132],[-89.1709497911736,13.6557262715954],[-89.170948612045,13.6557317518198],[-89.170933851284,13.6558162499457],[-89.1707558131602,13.6557856999965],[-89.170726347405,13.6557834525852],[-89.1705571150576,13.6557705467145],[-89.1704007492507,13.6557361959684],[-89.1701833242777,13.6556884374454],[-89.1701474424262,13.6556739954531],[-89.1698703713229,13.6555624684302],[-89.1698011438126,13.655534610325],[-89.1697516374784,13.6555146792956],[-89.1697386940446,13.6555077463249],[-89.1696051587945,13.6554361144798],[-89.169373577069,13.6553118937726],[-89.1692541412792,13.655247823944],[-89.1691300817529,13.6551908654591],[-89.168928991263,13.6550985461806],[-89.168868802732,13.6550835096654],[-89.1685205185827,13.6549971320495],[-89.1684873423065,13.6548626119819],[-89.1684312749423,13.6547463689577],[-89.1683717086989,13.6546088398062],[-89.1682576574043,13.6543571761794],[-89.1681445431398,13.6541061698913],[-89.1680504357705,13.6539357679579],[-89.1680170311812,13.6538523957203],[-89.167970812054,13.653715848015],[-89.1679302439223,13.6535945306702],[-89.1679466062648,13.6535912338413],[-89.1679415157988,13.6535803797436],[-89.1678878348993,13.6534658198183],[-89.1678222126173,13.6534620330046],[-89.1678266953963,13.6534166110814],[-89.1678311489134,13.6533716338938],[-89.1678332916956,13.6533499823631],[-89.1678353214765,13.6533292944605],[-89.1678357068872,13.6533253794327],[-89.1678403485534,13.6532785409987],[-89.1678448313589,13.6532331660772],[-89.1678483359512,13.6531977229065],[-89.1678493325758,13.6531876890031],[-89.1678535611704,13.6531448677553],[-89.1678581559685,13.653098418931],[-89.1678611631364,13.6530679466123],[-89.1678624591038,13.6530538485972],[-89.167863332387,13.6530445369893],[-89.1678666012984,13.6530091219995],[-89.1678751201474,13.6529166496376],[-89.1678696686633,13.652917958582],[-89.1678685678385,13.6529127944833],[-89.1678753428206,13.6529113553785],[-89.1679565862285,13.6528941024157],[-89.1680017543087,13.6528845101712],[-89.1680470933403,13.6528748626639],[-89.1680923473589,13.6528652513622],[-89.1681374211635,13.652855678139],[-89.168179863888,13.6528466526589],[-89.1682252029179,13.6528370231967],[-89.1682703994638,13.6528271994864],[-89.168277033941,13.6528257505239],[-89.1683151785892,13.6528153025207],[-89.1683594935357,13.6528031563899],[-89.1683670167462,13.6528010966881],[-89.1684045197209,13.6527929440973],[-89.1684497920364,13.6527831112631],[-89.1684537196777,13.6527822571045],[-89.168562205477,13.652757006606],[-89.1686188393345,13.6527396130144],[-89.1685535675612,13.6524443863259],[-89.1684970887127,13.6521633049566],[-89.1686204066904,13.6521398312666],[-89.1687128189646,13.652123921716],[-89.1692802835133,13.6520262338723],[-89.1693911866334,13.6520071368613],[-89.1694340183895,13.651998258231],[-89.1695784807827,13.6524869248771],[-89.1695984122492,13.6525112728828],[-89.169623313636,13.6525112557075],[-89.1697428265908,13.6524868114897],[-89.16983214679,13.6524614254205],[-89.1698438245327,13.6525116395139],[-89.1698663748621,13.652610634679],[-89.1698762310648,13.65265476863],[-89.169886333582,13.6526995233855],[-89.1698969295472,13.6527453787425],[-89.1699058554178,13.6527849784986],[-89.1699163654385,13.6528308438568],[-89.1699266199041,13.6528748021748],[-89.1699360774251,13.6529171964025],[-89.169946322373,13.6529620432539],[-89.1699560361373,13.653006001944],[-89.1699668119253,13.6530525242469],[-89.169978111147,13.6531019883624],[-89.1699948327566,13.653176385356],[-89.1700034916534,13.6532135872617],[-89.1700110587217,13.6532466256824],[-89.1700137075394,13.6532578330403],[-89.170010171787,13.6532637867227],[-89.1700034595802,13.6532740659259],[-89.1699991227166,13.6532714214186],[-89.169986744715,13.653287016723],[-89.169873440381,13.6534298759187],[-89.1698044979548,13.6533761011676],[-89.1696949232272,13.6535192632211],[-89.1696345560029,13.6535981370795],[-89.1695267184898,13.6537358094141],[-89.169548202952,13.6537474385641],[-89.169628026088,13.6537958286159],[-89.169667218706,13.6538195803162],[-89.1697041341008,13.6538500712072],[-89.1697062617475,13.6538473851739],[-89.1697680437742,13.6538935206638],[-89.1697966511504,13.6539131597021],[-89.1698525513225,13.6539533841499],[-89.1698900326923,13.6539803946303],[-89.1699133746493,13.6539966043034],[-89.1699410150354,13.6540134120933],[-89.1699698957744,13.6540314139707],[-89.1700009539916,13.6540504502018],[-89.170038533461,13.6540699166927],[-89.1701302156997,13.6541171974377],[-89.1701951316773,13.6541511398341],[-89.1702509661647,13.6541796190386],[-89.170284020771,13.6541971823123],[-89.170314918663,13.6542168477248],[-89.1703716013521,13.6542525176946],[-89.1704115620227,13.6542785546915],[-89.1704266107569,13.6542915766054],[-89.1704509503472,13.6543119497754],[-89.1704793213251,13.6543317470793],[-89.1704769771047,13.6543365809214],[-89.1704940098589,13.6543311168248],[-89.1705765097569,13.6543891402213],[-89.1705973557563,13.6543690773931],[-89.1706204128849,13.6543442006976],[-89.17064956842,13.6543751966835],[-89.1706690609692,13.6543942498946],[-89.1706594592069,13.6544271989727],[-89.1706104469084,13.6544752053444],[-89.1705774663147,13.6545075225461],[-89.1705445235743,13.6545397927146],[-89.1704647159379,13.6546179580437],[-89.1704538206114,13.6546286378716],[-89.1704254499701,13.6546616451439],[-89.1704387044368,13.6546667086104],[-89.1705329597806,13.6546993253576],[-89.170589149279,13.6547213061452],[-89.1706691369186,13.6547994817597],[-89.1707869340069,13.6549525476276],[-89.1709482218747,13.6551428661211],[-89.1709691862157,13.6551812815],[-89.1709973024478,13.6551759488624],[-89.1710467875327,13.6552326997744],[-89.1710502889198,13.6552570120849]]]]}},{"type":"Feature","properties":{"text_1":"URBANIZACION 10 DE OCTUBRE 1a ETAPA","zona":0},"geometry":{"type":"MultiPolygon","coordinates":[[[[-89.1686188393345,13.6527396130144],[-89.168562205477,13.652757006606],[-89.1684537196777,13.6527822571045],[-89.1684497920364,13.6527831112631],[-89.1684045197209,13.6527929440973],[-89.1683670167462,13.6528010966881],[-89.1683594935357,13.6528031563899],[-89.1683151785892,13.6528153025207],[-89.168277033941,13.6528257505239],[-89.1682703994638,13.6528271994864],[-89.1682252029179,13.6528370231967],[-89.168179863888,13.6528466526589],[-89.1681374211635,13.652855678139],[-89.1680923473589,13.6528652513622],[-89.1680470933403,13.6528748626639],[-89.1680017543087,13.6528845101712],[-89.1679565862285,13.6528941024157],[-89.1678753428206,13.6529113553785],[-89.1678685678385,13.6529127944833],[-89.1678696686633,13.652917958582],[-89.1678751201474,13.6529166496376],[-89.1678666012984,13.6530091219995],[-89.167863332387,13.6530445369893],[-89.1678624591038,13.6530538485972],[-89.1678611631364,13.6530679466123],[-89.1678581559685,13.653098418931],[-89.1678535611704,13.6531448677553],[-89.1678493325758,13.6531876890031],[-89.1678483359512,13.6531977229065],[-89.1678448313589,13.6532331660772],[-89.1678403485534,13.6532785409987],[-89.1678357068872,13.6533253794327],[-89.1678353214765,13.6533292944605],[-89.1678332916956,13.6533499823631],[-89.1678311489134,13.6533716338938],[-89.1678266953963,13.6534166110814],[-89.1678222126173,13.6534620330046],[-89.1678061322187,13.6535417927346],[-89.1677938151359,13.6536028338672],[-89.1677917928223,13.6536210414791],[-89.1677659742266,13.6536635529572],[-89.1677647925117,13.6536654971354],[-89.1677637621972,13.6536671826966],[-89.1677403079394,13.6537057958721],[-89.1677226385401,13.6537348898081],[-89.1677158961408,13.6537431695558],[-89.1676872430331,13.6537783794953],[-89.167656915642,13.6538156641058],[-89.1676300688682,13.6538486609787],[-89.167599410844,13.6538863444244],[-89.1675817253246,13.6539058308724],[-89.167575617028,13.6539803258387],[-89.1675305071676,13.6540057921501],[-89.1675286848811,13.6540388370424],[-89.1674741627439,13.6540187146334],[-89.1674440702154,13.6540536209123],[-89.1674118692542,13.654090989926],[-89.1673794138862,13.654117668755],[-89.1673636739463,13.6541306096706],[-89.1673376414704,13.6541520089977],[-89.1673165668094,13.6541693320026],[-89.1672959836064,13.6541875793549],[-89.1672641264026,13.6542157943813],[-89.1672493894015,13.6542288557292],[-89.1672342932144,13.6542424352516],[-89.1672190649489,13.6542561531588],[-89.167218034088,13.6542570794471],[-89.1671803391862,13.6542894825571],[-89.167145898584,13.6543190687237],[-89.1671107587252,13.6543492853746],[-89.1670758543961,13.6543792795026],[-89.1670397842268,13.6544062662585],[-89.1670030710715,13.6544337261821],[-89.1669643236473,13.654462667156],[-89.166937220867,13.6544829192217],[-89.1669268621651,13.6544906554504],[-89.166888757701,13.6545191241431],[-89.1668506439519,13.6545475467375],[-89.1668125496046,13.6545759702169],[-89.1667787491236,13.654601178339],[-89.166758534235,13.6546162509207],[-89.1667180647384,13.6546464431085],[-89.1666895983731,13.6546651133529],[-89.1666187377857,13.6546691972614],[-89.1665726927791,13.6546718569787],[-89.1665502904557,13.6546731493544],[-89.1665238472419,13.6546746668223],[-89.1664792782844,13.6546772423643],[-89.1664316250547,13.654679995341],[-89.1663887342648,13.6546859765069],[-89.1663394081927,13.6546928586811],[-89.166295940699,13.6546989324181],[-89.1662477412344,13.6547056565346],[-89.1662006388094,13.6547122325654],[-89.1661576066087,13.6547182409034],[-89.1661109466392,13.6547204941974],[-89.1661111148751,13.6547309810609],[-89.1660995940394,13.6548221221385],[-89.1660130509064,13.654800243977],[-89.1659280322318,13.6547787443919],[-89.1651878425507,13.6547119713179],[-89.1646343502833,13.6546081858968],[-89.1645476660711,13.6546010154757],[-89.1643858456264,13.654587618623],[-89.1643726004034,13.6545003727896],[-89.1640659110543,13.654148511818],[-89.1637724824058,13.653714060974],[-89.1636835375226,13.6535445984999],[-89.1634624867281,13.6534217626299],[-89.1636431766545,13.6533911541116],[-89.1641104318946,13.6532505791758],[-89.1650532963507,13.6529944769712],[-89.1651385574492,13.6529713071608],[-89.1667595833436,13.6525593726266],[-89.1671788662052,13.652456663191],[-89.1672424676677,13.6524409220169],[-89.1679209519977,13.6522729283147],[-89.1682455869286,13.6522111548546],[-89.1684970887127,13.6521633049566],[-89.1685535675612,13.6524443863259],[-89.1686188393345,13.6527396130144]]]]}},{"type":"Feature","properties":{"text_1":"COLONIA SANTA FE","zona":0},"geometry":{"type":"MultiPolygon","coordinates":[[[[-89.1697386940446,13.6555077463249],[-89.1696843492206,13.6555765367108],[-89.1696730621463,13.6555824216169],[-89.1696509088149,13.6556278648001],[-89.1696350028736,13.6556605117655],[-89.1696190969214,13.6556931496908],[-89.1695968208236,13.6557388523711],[-89.1695753485997,13.6557829066964],[-89.1695530724849,13.6558286093726],[-89.1695371766773,13.6558612472854],[-89.1695201633583,13.6558938579468],[-89.1695078950003,13.655918181149],[-89.1694946620688,13.6559161357193],[-89.1694907393849,13.6559367607617],[-89.1694731210512,13.655984061016],[-89.1694604631128,13.6560180389746],[-89.1694497600224,13.6560468037334],[-89.1694330863428,13.6560915769504],[-89.1694220363812,13.6561251280649],[-89.1694207331751,13.6561290717478],[-89.1694087203528,13.6561655666035],[-89.1693948371108,13.6562077274498],[-89.169393070928,13.6562130968921],[-89.169380661478,13.6562507490036],[-89.1693750041585,13.6562679503847],[-89.1694004311601,13.6562733571374],[-89.1694085539115,13.6562758227877],[-89.169400381478,13.6562967743499],[-89.1693856988048,13.6563198319495],[-89.1693857142183,13.656341231626],[-89.1693906973072,13.656360674566],[-89.1693893570692,13.656365821357],[-89.1693792289659,13.656363912982],[-89.1693553382487,13.6563624850138],[-89.1693429845696,13.656412142603],[-89.1693357736456,13.6564411273094],[-89.1693333866101,13.6564507454798],[-89.1693209850242,13.6565006344976],[-89.1693159648533,13.6565208336544],[-89.1693140865492,13.6565283878847],[-89.1692955228469,13.6566030406038],[-89.1693204349624,13.6566044850485],[-89.169328330649,13.6566060903508],[-89.1693252990371,13.6566165333161],[-89.169310391774,13.6566165435801],[-89.1693054489529,13.6566389093169],[-89.1693004991026,13.6566797587838],[-89.16931442044,13.6566904485906],[-89.1693118623909,13.6567000488005],[-89.1693026324361,13.6566977692076],[-89.1692704834872,13.6566893498743],[-89.1692477483074,13.6567536757618],[-89.1692473507358,13.65675479596],[-89.1692420062223,13.6567712839502],[-89.1692394341741,13.6567884090852],[-89.1692339046222,13.6568252049855],[-89.1692319023559,13.6568441809029],[-89.1692370420874,13.6568449637535],[-89.169227403093,13.6568792541762],[-89.169213836536,13.6569274500921],[-89.1692052549956,13.6569579542789],[-89.1691949549257,13.6569945591232],[-89.1691923604764,13.6570062509672],[-89.1691813791972,13.6570557214005],[-89.1691762851941,13.6570786801927],[-89.1691886663863,13.657081300198],[-89.1692013231568,13.6570841053113],[-89.169194434327,13.6570996136381],[-89.1691851855912,13.6570969444754],[-89.1691707022945,13.6570940204],[-89.1691564829596,13.6571303875029],[-89.1691552459942,13.6571339144435],[-89.169133907021,13.6571270613356],[-89.1691334541631,13.6571284229112],[-89.1691176343457,13.657175675802],[-89.1691018237578,13.6572229187425],[-89.1690979887085,13.6572343800416],[-89.1690851993445,13.6572708573359],[-89.1690679805121,13.6573199713986],[-89.1690820026918,13.6573268946234],[-89.1690887159473,13.6573307125745],[-89.169087185434,13.6573334903887],[-89.1690861790225,13.6573427189327],[-89.1690959675395,13.65735820675],[-89.1691227672317,13.6574034218788],[-89.1690399721443,13.657488641873],[-89.1689539098893,13.6575987817244],[-89.1688356346098,13.6577286946469],[-89.1686650287861,13.657834948737],[-89.1686342547986,13.6579485856767],[-89.1685596344425,13.6580305702886],[-89.1685109511018,13.6579846289032],[-89.1685087526441,13.657980150712],[-89.168474700207,13.657944390696],[-89.1684270739659,13.6579069930777],[-89.1683902166072,13.6577865256595],[-89.168371754567,13.6577261527714],[-89.1683658141329,13.6577056827401],[-89.1683443419842,13.6576316224388],[-89.1683181546993,13.6576076121552],[-89.1682836977171,13.6575760365135],[-89.1682716082352,13.657558708103],[-89.1682445582209,13.6575199821068],[-89.1682349673382,13.6574757638557],[-89.1681860167252,13.6573337287324],[-89.1681607605934,13.6572894850357],[-89.1681279216451,13.6572688390533],[-89.1681165206739,13.6572616735463],[-89.1679868396354,13.6571801532095],[-89.1678689111252,13.6571074359387],[-89.167845537632,13.6570874225099],[-89.1677265189632,13.6569855128557],[-89.1677050017277,13.6569670989432],[-89.1676727373053,13.6569431858357],[-89.1676513920048,13.6569273723039],[-89.1675832767076,13.6568935977363],[-89.1675301954055,13.656916995944],[-89.1674876604863,13.6568910804527],[-89.1674116334281,13.6568447516213],[-89.1673533831523,13.6568002979995],[-89.1671996308156,13.6567421737446],[-89.1671327620991,13.6567168948066],[-89.1670037673847,13.6566676949195],[-89.1669268671903,13.6566580655246],[-89.1668873878401,13.656643431162],[-89.1668251545559,13.6566272114341],[-89.1668340181749,13.6566069437367],[-89.1667413676561,13.6565958534295],[-89.1666950682787,13.6565870456405],[-89.1666873252205,13.65658557935],[-89.1666464706781,13.6565946405539],[-89.1665871567875,13.6565985494072],[-89.1665423270153,13.6565792255968],[-89.1664117802095,13.6564903093546],[-89.1663307191817,13.6564314791274],[-89.1663053356205,13.6563802464177],[-89.1662399680783,13.6563090574529],[-89.1661577911036,13.6562378698859],[-89.1660737611819,13.6561840392087],[-89.1660640373679,13.6561799827724],[-89.1660689060502,13.6561582281828],[-89.1660762940686,13.6561255401994],[-89.1660868586767,13.6561278289548],[-89.16616789259,13.6560007002938],[-89.1662358347149,13.6559117518936],[-89.1662800765986,13.6558488932235],[-89.1663223067883,13.6557920332417],[-89.1663336491481,13.6557426458478],[-89.1661487394563,13.6556440565998],[-89.1661076370553,13.6556356989433],[-89.1661150378583,13.6556080555811],[-89.1660872720369,13.6556006696368],[-89.1661048726052,13.6555142075305],[-89.166132633186,13.6555141887776],[-89.1662156818384,13.6551856512919],[-89.1662864170395,13.6548693671509],[-89.166737769247,13.6549387951379],[-89.1669248478026,13.6549590130643],[-89.1673732462523,13.6550400668694],[-89.1675662693251,13.6550748121641],[-89.1676886848658,13.6550576975498],[-89.167733705068,13.6550514100927],[-89.1680872980144,13.6550172455186],[-89.1684586107832,13.6549999982309],[-89.1685205185827,13.6549971320495],[-89.168868802732,13.6550835096654],[-89.168928991263,13.6550985461806],[-89.1691300817529,13.6551908654591],[-89.1692541412792,13.655247823944],[-89.169373577069,13.6553118937726],[-89.1696051587945,13.6554361144798],[-89.1697386940446,13.6555077463249]]]]}},{"type":"Feature","properties":{"text_1":"LOTIFICACION SANTA FE NO 1","zona":0},"geometry":{"type":"MultiPolygon","coordinates":[[[[-89.1764767394231,13.6601624555718],[-89.1764713784885,13.6602833597245],[-89.1764668476448,13.6603501354131],[-89.1764474883473,13.660635618826],[-89.1764048479875,13.6609013941667],[-89.1763669820024,13.6609950448279],[-89.176309331272,13.6610967805349],[-89.1762780619454,13.6611642686725],[-89.1762272697347,13.6613006538232],[-89.176203754186,13.6614466079241],[-89.1762014835052,13.661460705773],[-89.1761740858619,13.6616302651231],[-89.1761595682732,13.661707913662],[-89.1761304110466,13.6618533258427],[-89.1761101000484,13.6618425388596],[-89.1759883959313,13.6617779180458],[-89.1758910725323,13.6617486002836],[-89.1758513192303,13.6617366241018],[-89.1757605184833,13.6617092730158],[-89.1757957993435,13.6614608849332],[-89.175800302557,13.6612554754903],[-89.1758105801303,13.6611268485905],[-89.1757651567235,13.6609622377276],[-89.1757627254717,13.6609507437453],[-89.1757338583684,13.6608141842295],[-89.175709741547,13.660700076747],[-89.1757055320415,13.660691249617],[-89.1756458658677,13.6605662457769],[-89.1756397983573,13.6605535513078],[-89.1756057901953,13.6604144039832],[-89.1755944991326,13.6604150601375],[-89.1755904092485,13.6603881649885],[-89.1755796706946,13.6602547959061],[-89.1755768746247,13.6602362400603],[-89.1755736219012,13.6602151572536],[-89.1755485765381,13.660113786278],[-89.1755318715654,13.6600510715929],[-89.175526291432,13.6600064991525],[-89.1755420553673,13.6598722316597],[-89.1755422161717,13.6598721944853],[-89.1755957160096,13.6598512004174],[-89.1756157691627,13.6598722061467],[-89.1757267142899,13.6599050593573],[-89.1757447460959,13.6599188191005],[-89.1759359002804,13.6599021981077],[-89.176084017355,13.6598872266597],[-89.1761289168151,13.6598965064195],[-89.1761507899441,13.6598581900633],[-89.1763410817964,13.6598281944575],[-89.1763730578569,13.6598196279225],[-89.1764064336729,13.6599359595126],[-89.1764467745465,13.6600255181911],[-89.1764593791426,13.6601346172557],[-89.1764767394231,13.6601624555718]]]]}},{"type":"Feature","properties":{"text_1":"COLONIA EL TRANSITO NO 2","zona":0},"geometry":{"type":"MultiPolygon","coordinates":[[[[-89.1781542456588,13.6597510075258],[-89.1781228085947,13.6597840368825],[-89.1779466030131,13.6599035462154],[-89.1778568410213,13.659947447286],[-89.1777611872869,13.6600108170305],[-89.1777143496261,13.6600421545306],[-89.1777007928749,13.6600511146829],[-89.1776774292318,13.6600456340828],[-89.1776409277945,13.6600653382193],[-89.1775722037201,13.660080428645],[-89.1774490265896,13.6601074798042],[-89.1773807194095,13.660122634956],[-89.1773051409655,13.6601358691338],[-89.1772519540757,13.660145182329],[-89.1771959020644,13.6601573294764],[-89.1771185343996,13.6601819964301],[-89.1770900036675,13.6601910875508],[-89.1770508651671,13.6602035650605],[-89.1770109134523,13.6602163016628],[-89.1769933028394,13.6602219239028],[-89.176930663564,13.6602469227721],[-89.1769274552873,13.6602482212639],[-89.1768684679787,13.660271958366],[-89.1768357911883,13.6602804603887],[-89.1767781791378,13.6602954314226],[-89.1767540007682,13.6603017245362],[-89.1766940608011,13.6603173172947],[-89.1765621642828,13.6603418939897],[-89.1765054196201,13.6603524768368],[-89.1764668476448,13.6603501354131],[-89.1764713784885,13.6602833597245],[-89.1764767394231,13.6601624555718],[-89.1764593791426,13.6601346172557],[-89.1764467745465,13.6600255181911],[-89.1764064336729,13.6599359595126],[-89.1763730578569,13.6598196279225],[-89.1763493239319,13.6597369160683],[-89.1763574381248,13.6597030612364],[-89.1765445118481,13.659597410066],[-89.1766898793032,13.6595264702213],[-89.1767588630304,13.6594794380576],[-89.1768278087781,13.6593942254291],[-89.1769387009585,13.6592179605015],[-89.1773630570985,13.6589554542057],[-89.1774391931291,13.6588535937253],[-89.1775665910668,13.6588903309214],[-89.1776650608432,13.6589469239978],[-89.177733155654,13.659038943605],[-89.1778041560536,13.6591437150335],[-89.1778615534694,13.6592829373442],[-89.1778223384068,13.6593687117782],[-89.1777951726514,13.6594042092505],[-89.1777891423369,13.6594286024718],[-89.1777850792932,13.6594998756244],[-89.1778024287435,13.6595633679449],[-89.1778890054678,13.6596381016376],[-89.1780174076532,13.6597113895284],[-89.1781428966821,13.6597508123712],[-89.1781542456588,13.6597510075258]]]]}},{"type":"Feature","properties":{"text_1":"COLONIA BELLA VISTA","zona":0},"geometry":{"type":"MultiPolygon","coordinates":[[[[-89.1774391829616,13.6588535937327],[-89.1773630663417,13.658955454199],[-89.1769387009585,13.6592179605015],[-89.1768278180213,13.6593942254225],[-89.1767588630304,13.6594794380576],[-89.1766898885396,13.6595264611758],[-89.1765445118549,13.6595974191049],[-89.1763574381248,13.6597030612364],[-89.1763493331684,13.6597369070228],[-89.1763730671001,13.6598196279158],[-89.1763410817964,13.6598281944575],[-89.1761507899441,13.6598581900633],[-89.1761289168151,13.6598965064195],[-89.1760840265915,13.6598872176141],[-89.1759359002804,13.6599021981077],[-89.1757447460959,13.6599188191005],[-89.1757155869816,13.6596436259859],[-89.1757324456711,13.6595817568744],[-89.1757265964777,13.6594814460214],[-89.1756932951145,13.6593627822381],[-89.1756527937265,13.6592483619503],[-89.1755939063053,13.6590888052906],[-89.1755783944408,13.659000996759],[-89.1755412088288,13.6589412298288],[-89.1754825471206,13.658932830232],[-89.1752468835856,13.65892776926],[-89.1750408920441,13.658922028909],[-89.1749495613634,13.6589187802258],[-89.1748714659147,13.6588806001614],[-89.1747898606447,13.6588334342472],[-89.1747461919966,13.6588121026562],[-89.174619762102,13.6587402379995],[-89.1744749537185,13.6586728831893],[-89.1744747456719,13.6586727821009],[-89.1744744094672,13.6586918029763],[-89.1744693711098,13.658853904534],[-89.1744679291841,13.6589000186018],[-89.1745438856089,13.6591161634373],[-89.1745510106135,13.6591390476819],[-89.1745751281641,13.6592165114316],[-89.1745886768012,13.6592600233938],[-89.1746017890363,13.6593021183597],[-89.1746251848498,13.6593772596095],[-89.1746358112219,13.6594113785722],[-89.1746558780399,13.6594758408704],[-89.1747256310767,13.6596998575415],[-89.174689555059,13.6597947929179],[-89.1744822494388,13.6597668018799],[-89.1742914428295,13.6597410487657],[-89.1742625715047,13.6597371445197],[-89.1742106027611,13.6597301282575],[-89.1742097616842,13.6597052491782],[-89.1742351472611,13.6597064903175],[-89.1742241421342,13.6594293127696],[-89.1742236421804,13.6591375027743],[-89.1742235478183,13.6590101324588],[-89.1742007538847,13.6589050212414],[-89.1741676437143,13.6588262025591],[-89.1741304167013,13.6587736647872],[-89.1740539477956,13.6587211547871],[-89.1740126186082,13.658700969355],[-89.1739299673734,13.6586727232961],[-89.1739224996683,13.6586725342406],[-89.1739239094687,13.6586465797414],[-89.1739296151462,13.6585164195204],[-89.1739562049987,13.6585189370386],[-89.1739500697622,13.6584532246844],[-89.173943839585,13.6583866148306],[-89.1739362774447,13.6583099717935],[-89.1739350248464,13.6583060208557],[-89.1739166012718,13.658248397098],[-89.1739005174197,13.658179887899],[-89.1739014230845,13.6581246665784],[-89.1739036525068,13.6581196294095],[-89.1739102485272,13.6581047692502],[-89.1739299435728,13.6580893999733],[-89.1739215456202,13.6580099256266],[-89.1739397146226,13.6579658271634],[-89.1739466299629,13.6579490595613],[-89.1739535511024,13.6579263877204],[-89.1739638618511,13.657892669707],[-89.1739802066914,13.6578391874015],[-89.173975411843,13.6577548972721],[-89.1739708651478,13.6577124256143],[-89.1739670342156,13.6576766639577],[-89.1739510848103,13.6575986945124],[-89.1739509528341,13.6575352358359],[-89.1739507658865,13.6574486935576],[-89.1739507344058,13.6574323755846],[-89.1739325440046,13.6573437544299],[-89.1739899149069,13.6572984152059],[-89.1739899432798,13.6572980355504],[-89.1739936637745,13.6572607409701],[-89.1739940399283,13.6572569371187],[-89.1739874322431,13.6572172617583],[-89.1739753579191,13.657144750898],[-89.1739677397905,13.6571210796922],[-89.174008783914,13.6570499467476],[-89.1740276504299,13.6570155013687],[-89.174084912805,13.6570009940178],[-89.1741159255495,13.6569326638997],[-89.1741378928586,13.6568928941897],[-89.174215068895,13.6566991784612],[-89.1743774288617,13.6566970178736],[-89.1744516542631,13.6566864972344],[-89.174492157208,13.656689791212],[-89.1745008351237,13.6566879619004],[-89.1745109618377,13.6566866775122],[-89.1745205542677,13.6566803669491],[-89.174523050156,13.6566769683447],[-89.1745359558136,13.6566576330307],[-89.1745463748247,13.6566416963141],[-89.1745724060825,13.6565955096493],[-89.1746048390266,13.6565392662327],[-89.1746055530609,13.6565324259608],[-89.1748203858731,13.6565425750081],[-89.1749439830362,13.656395152411],[-89.174980136551,13.6562387485288],[-89.1750813534728,13.6562506259639],[-89.1750895703702,13.6562515917996],[-89.1751062581299,13.6562532277159],[-89.1751064360807,13.6562513944924],[-89.1751298069739,13.6559357986666],[-89.1753420576327,13.6558851477704],[-89.1754030362105,13.6558680550369],[-89.1754224075777,13.6560151635081],[-89.1754235307103,13.6560487523076],[-89.1754212213698,13.6561386462018],[-89.1754206793306,13.6561852043545],[-89.1754129936011,13.6561850615984],[-89.1754242994055,13.6562676341822],[-89.1754186170598,13.6562630844184],[-89.1753458248846,13.6563807139442],[-89.1751740630218,13.6566582811563],[-89.1750562285727,13.6566375764112],[-89.1750369523242,13.6566304439476],[-89.1750341496972,13.6566414607931],[-89.175004538758,13.6566989424002],[-89.1749749088517,13.6567309513844],[-89.1749483610761,13.6567586456946],[-89.1748934970078,13.6568024557799],[-89.1748487899727,13.6568223786596],[-89.1747857682839,13.6568293924826],[-89.1746962883999,13.6568055760933],[-89.1746271512989,13.6567986652155],[-89.1745458434113,13.6568186230672],[-89.174457960948,13.6568561066346],[-89.1743102643425,13.6569258798926],[-89.1742299288482,13.6569933664006],[-89.1741935093457,13.6570335901682],[-89.174164104319,13.657088637341],[-89.1741635468235,13.6570897025228],[-89.1741912331521,13.6571039924564],[-89.1743354178023,13.6571754931367],[-89.1744115636847,13.6572142957314],[-89.1744823040344,13.6572516116169],[-89.1745555160682,13.6572902399892],[-89.1746287373692,13.6573288683332],[-89.1747177429094,13.6573758338048],[-89.1747828215613,13.6574101545064],[-89.1748582165414,13.6574445419749],[-89.1749286221867,13.6575026556628],[-89.1750008758017,13.6575250596899],[-89.1750400785201,13.657537221701],[-89.1750889767472,13.6575523759227],[-89.1751616942741,13.6575882638601],[-89.1751791730081,13.6575968971541],[-89.1752455814891,13.6576244963352],[-89.175328292548,13.6576588793494],[-89.1753328742668,13.6576599770255],[-89.1754232624562,13.6576816358439],[-89.1754276460775,13.6576835769924],[-89.1755202532524,13.6577246344655],[-89.1755166159974,13.6577331987438],[-89.1756020706433,13.6577776771056],[-89.1756877333753,13.6578222664678],[-89.1757781150529,13.6578350859828],[-89.175785431775,13.657836117519],[-89.1758643699446,13.6578742225727],[-89.1759346417214,13.6579036247844],[-89.1759538512974,13.6579116538878],[-89.1760271428506,13.6579423130365],[-89.1760691697297,13.6579708649762],[-89.1761549957705,13.6578531978874],[-89.1761872000244,13.6578090521436],[-89.17626055695,13.6577999109233],[-89.1762504158624,13.657719169741],[-89.1762689865829,13.6574803639509],[-89.1762793087948,13.657347729113],[-89.1762823646622,13.6573083894626],[-89.1762854205285,13.6572690498121],[-89.17629523549,13.6571428673303],[-89.1763635212017,13.6571247965315],[-89.176390821501,13.6571294880456],[-89.1764155995689,13.6571270731449],[-89.176598739065,13.6570803296969],[-89.1766331194945,13.6570725848474],[-89.1766374778806,13.6571036910315],[-89.1767108963289,13.6571521394211],[-89.1766923999899,13.6571743758457],[-89.1766128172616,13.657285874086],[-89.176646512886,13.6573126919154],[-89.1766821516451,13.6573410350208],[-89.1767310576118,13.6573799305862],[-89.1767658334927,13.657407589148],[-89.1768041895469,13.6574381059549],[-89.1768558137449,13.6574791743095],[-89.1768991641325,13.6575173886851],[-89.1769403640644,13.6575536883453],[-89.1770289295643,13.657631762611],[-89.1768431452227,13.6582659976816],[-89.1767609446173,13.65843294902],[-89.1767401662967,13.6584678217147],[-89.1767784820701,13.6584949417204],[-89.1768128621802,13.6585492030571],[-89.1768419704805,13.6586163983807],[-89.1768935256477,13.6586783937243],[-89.1769568331074,13.6587115491002],[-89.1770937915493,13.6587353584999],[-89.1772241009625,13.6587794424332],[-89.1773403378205,13.6588126897208],[-89.1773751386531,13.658822809022],[-89.1774391829616,13.6588535937327]]]]}},{"type":"Feature","properties":{"text_1":"COLONIA SANTO DOMINGO","zona":0},"geometry":{"type":"MultiPolygon","coordinates":[[[[-89.177017056087,13.6557520976512],[-89.176863681318,13.6557447752886],[-89.1767060165893,13.6557469440873],[-89.1766512418792,13.6557453076215],[-89.1765042202421,13.6557409244533],[-89.1763823049067,13.6557554046304],[-89.1762989188702,13.6557681080933],[-89.1761136932476,13.6557963320293],[-89.1758740294205,13.6558428479987],[-89.1756380644806,13.6558620092634],[-89.1755358202401,13.6558308165781],[-89.1754030362105,13.6558680550369],[-89.1753420576327,13.6558851477704],[-89.1751298069739,13.6559357986666],[-89.1750811976717,13.6558377400027],[-89.1750703611806,13.655775770425],[-89.1750676094868,13.655690053414],[-89.1750759096429,13.6556005059674],[-89.1750699271968,13.6555354877147],[-89.1750295419414,13.6554739748458],[-89.1749322051254,13.6554229515035],[-89.1748479498069,13.6554113954843],[-89.174785052655,13.6553951863769],[-89.1747411365321,13.6553708287214],[-89.1745986957867,13.655288941295],[-89.174479052432,13.6552534832967],[-89.174410700357,13.6552326319491],[-89.174316691114,13.6552013488536],[-89.1741927707478,13.655155444734],[-89.1741286577961,13.6551074147345],[-89.1740837669832,13.6550572795009],[-89.1740311634064,13.6549579001532],[-89.1739815287979,13.6548923387885],[-89.1739368888327,13.6548238488801],[-89.173909276949,13.6547561061926],[-89.1738821183321,13.6546863267083],[-89.1738406793442,13.6545816444131],[-89.1737921069702,13.6544811693549],[-89.1738248740889,13.6544294985993],[-89.1738789713326,13.6542828749692],[-89.1738846552621,13.6542521692883],[-89.1738817864676,13.6542499866052],[-89.1739257430165,13.6542269270138],[-89.1739350552946,13.6542006153055],[-89.1739506489143,13.6541565367337],[-89.1740167481554,13.6539975664288],[-89.1740897646312,13.6540307066385],[-89.1740562808401,13.6541104881357],[-89.1740390741261,13.654149282788],[-89.1740609064804,13.6541585412876],[-89.1740265551369,13.6543450253631],[-89.174165623779,13.6543602180816],[-89.1742898519428,13.6543755224762],[-89.174371614811,13.6543831557467],[-89.174447094726,13.6543938757255],[-89.1745461722633,13.6544061164564],[-89.1746247842089,13.6544137518793],[-89.174693977535,13.654421394872],[-89.1748359866263,13.6544318270247],[-89.1749931422517,13.6544335564733],[-89.1750725245041,13.654421782794],[-89.1750728336086,13.654392505449],[-89.1750738361336,13.654353556849],[-89.1750802050934,13.6541096781104],[-89.1751445796944,13.6541033013962],[-89.1752098637475,13.6540968498979],[-89.1752694591403,13.6540909483888],[-89.175331127589,13.6540848510499],[-89.1754060264081,13.6540774390359],[-89.1754862865717,13.6540755305992],[-89.175563097828,13.6540682102737],[-89.1755662403975,13.6540681429498],[-89.175568785987,13.6540682333295],[-89.1755715405997,13.6540684998193],[-89.1755742482257,13.6540689706227],[-89.175577419222,13.6540698379047],[-89.1755798998982,13.6540708819388],[-89.1755820119726,13.6540721856536],[-89.175619976272,13.6540741299367],[-89.1756202474369,13.6540696410057],[-89.1756474060238,13.6540113186402],[-89.1756227094561,13.6538934630826],[-89.1756770891016,13.6538110279777],[-89.1756850472465,13.6538208340613],[-89.1756905072497,13.6538321957233],[-89.1757894212284,13.6539424091375],[-89.1757933405156,13.6539563552274],[-89.1758204446276,13.6540527261986],[-89.1758265659217,13.6540745192248],[-89.1758415626184,13.6541189276587],[-89.1758581612217,13.65416592641],[-89.1758709945432,13.6542022185174],[-89.1758775036108,13.6542370164911],[-89.1758809149263,13.6542551832237],[-89.1758771677229,13.654281019193],[-89.1758695647379,13.6543284049437],[-89.1758633941658,13.6543668031562],[-89.1758450829156,13.6544472582928],[-89.1758450267137,13.6544474996726],[-89.1758328864874,13.6545284873082],[-89.1758385792653,13.6545841206216],[-89.1758416584646,13.6546142560516],[-89.1758279146099,13.6546767611059],[-89.1760191609852,13.6546877494161],[-89.1760842635048,13.6547053079505],[-89.1761742365555,13.6547183499713],[-89.1762015271207,13.6547227640183],[-89.1763488673777,13.6547103943684],[-89.1763691943448,13.6547063068446],[-89.1763055402191,13.6545383773586],[-89.1763349209313,13.6545284243058],[-89.1765473429491,13.6544556693237],[-89.1765491167095,13.6544606286202],[-89.1765795819911,13.6545459741061],[-89.1766204860814,13.6546801729817],[-89.1766438188915,13.6547708637869],[-89.1766626519998,13.6548440457811],[-89.1766703119012,13.6548738443728],[-89.1766928499809,13.654964711099],[-89.1767184449026,13.6550557799062],[-89.1767285649451,13.6550961559024],[-89.1767438210069,13.6551569842302],[-89.1767695670644,13.6552596968842],[-89.1767945122308,13.6553175281624],[-89.1767996114626,13.6553517432082],[-89.1768206422195,13.6554267928613],[-89.1768251779258,13.655442960262],[-89.1768358543695,13.6554807904878],[-89.1769605919815,13.6554547472514],[-89.1769949441148,13.6554478086444],[-89.1770091970295,13.6555093770621],[-89.1770145525364,13.6556580691784],[-89.177017056087,13.6557520976512]]]]}},{"type":"Feature","properties":{"text_1":"COLONIA GRIMALDI","zona":0},"geometry":{"type":"MultiPolygon","coordinates":[[[[-89.1776443947034,13.6546810832496],[-89.1776043976828,13.654783084031],[-89.177561760441,13.6548992760387],[-89.1774902644048,13.6550765125565],[-89.1774597030638,13.6551522483834],[-89.1774292964616,13.655257916542],[-89.1773589106299,13.6555029885519],[-89.1773157265574,13.6555832131614],[-89.1772998802129,13.6556812347072],[-89.1773085972086,13.6557815805311],[-89.177017056087,13.6557520976512],[-89.1770145525364,13.6556580691784],[-89.1770091970295,13.6555093770621],[-89.1769949441148,13.6554478086444],[-89.1769605919815,13.6554547472514],[-89.1768358543695,13.6554807904878],[-89.1768251779258,13.655442960262],[-89.1768206422195,13.6554267928613],[-89.1767996114626,13.6553517432082],[-89.1767945122308,13.6553175281624],[-89.1767695670644,13.6552596968842],[-89.1767438210069,13.6551569842302],[-89.1767285649451,13.6550961559024],[-89.1767184449026,13.6550557799062],[-89.1766928499809,13.654964711099],[-89.1766703119012,13.6548738443728],[-89.1766626519998,13.6548440457811],[-89.1766438188915,13.6547708637869],[-89.1766204860814,13.6546801729817],[-89.1765795819911,13.6545459741061],[-89.1765491167095,13.6544606286202],[-89.1765473429491,13.6544556693237],[-89.1763349209313,13.6545284243058],[-89.1763055402191,13.6545383773586],[-89.1763047816964,13.6545363504684],[-89.1762282962019,13.6543211321016],[-89.1761896437099,13.6542235663679],[-89.1761011159679,13.6539790523442],[-89.1760783522987,13.653914832516],[-89.1760934664267,13.6538876560642],[-89.1764610381607,13.6537436860891],[-89.1763384315026,13.6534412913417],[-89.1761535151172,13.652944550632],[-89.1760433663961,13.6526698683293],[-89.1760164758355,13.6526438509113],[-89.1759961105855,13.6525842021552],[-89.1759689855601,13.652496809592],[-89.1759949028665,13.6524747242798],[-89.1760668714355,13.652447951847],[-89.1761318779193,13.652425728255],[-89.1762084277238,13.6523995807058],[-89.1762731125893,13.6523774404651],[-89.176271122328,13.652373396966],[-89.1763094140516,13.6523575052709],[-89.1763872375015,13.6523252111772],[-89.1764676435216,13.6522918413794],[-89.1765631251864,13.6522418372163],[-89.1766311688919,13.6522062092745],[-89.1767201331635,13.6521757022063],[-89.1768311223854,13.6521329161384],[-89.1769225038133,13.6521063419093],[-89.1769563044441,13.6520967652366],[-89.176983047245,13.6523046696395],[-89.1770201417161,13.6524075774875],[-89.1770105596121,13.6526286795746],[-89.1769774686279,13.6526515845651],[-89.1768645241777,13.6526745370539],[-89.1768061048753,13.6526841124338],[-89.1768119732212,13.6527222236172],[-89.1768546084753,13.6528430933019],[-89.1768090574848,13.6528850549886],[-89.1768090962175,13.6529365733036],[-89.1768177538978,13.6530211381134],[-89.1768311736323,13.6531574302557],[-89.1768255306416,13.6531793428961],[-89.1768090245869,13.6532433133998],[-89.1768015973177,13.653272095109],[-89.1768084616987,13.6533011069786],[-89.1768241951985,13.6533676457648],[-89.1768428912315,13.653446676946],[-89.1768451982185,13.6534564310148],[-89.1768630628849,13.6535127587829],[-89.1768790890229,13.6535541953147],[-89.176885433707,13.6535705738295],[-89.1769014633044,13.6536153701312],[-89.1769006780027,13.653678504979],[-89.1769089879524,13.6537160404295],[-89.176903717749,13.6537444969955],[-89.1768930374365,13.6538021966153],[-89.1768836462478,13.6538361906879],[-89.1768762059231,13.6538476266828],[-89.1768370318594,13.6538999234292],[-89.1768502522355,13.6539345032325],[-89.176885702736,13.653978637475],[-89.1769005939362,13.6540078749642],[-89.1769410126375,13.6540889550021],[-89.1769433214855,13.654099940172],[-89.176958631859,13.6541580287472],[-89.17696425966,13.654265771569],[-89.176956603475,13.6543183231458],[-89.1769546733697,13.6543316162954],[-89.1769668467641,13.6543333104714],[-89.1770665883704,13.6543471966039],[-89.1772192234302,13.6543664028666],[-89.1772038111424,13.6544368978159],[-89.1771882394206,13.6545607804709],[-89.1772939110701,13.6545557618158],[-89.1773905913559,13.6545510731956],[-89.1774102098801,13.6545489113908],[-89.1774246978295,13.6545445974991],[-89.1774359016706,13.6545549001335],[-89.1774847946794,13.6545882510771],[-89.1775569808134,13.6546237509234],[-89.1776132775283,13.6546485528899],[-89.1776379224039,13.6546586144099],[-89.1776443947034,13.6546810832496]]]]}},{"type":"Feature","properties":{"text_1":"LOTIFICAC ION LAS ALTURAS","zona":0},"geometry":{"type":"MultiPolygon","coordinates":[[[[-89.2280486088135,13.6311776086442],[-89.2280253536103,13.6312040655217],[-89.2276865592171,13.6315895815146],[-89.2273749333899,13.6319441478616],[-89.2273746305794,13.6319444907177],[-89.2273724463004,13.6319469829679],[-89.2271087111742,13.6321682750985],[-89.2269888224868,13.6323161192832],[-89.2269944123556,13.6323517772949],[-89.226982278751,13.6323608220213],[-89.2269172638408,13.6324718414505],[-89.2267486844909,13.6327482200033],[-89.226560822184,13.6330412316004],[-89.2263175923465,13.633438079222],[-89.2262477494794,13.6335585531337],[-89.2262116031426,13.6335939901426],[-89.2261826848616,13.6336176282855],[-89.2260089614439,13.6335564027192],[-89.2258313228862,13.6336951366232],[-89.2256385201757,13.6338605772316],[-89.2254530803942,13.6341551395411],[-89.2251137761015,13.6342349958645],[-89.2249594879971,13.6343177729381],[-89.2247569810225,13.6344312785105],[-89.2246798617546,13.6345045346391],[-89.2246461281907,13.6345399791545],[-89.2245859523146,13.6346651548561],[-89.2245331318844,13.6349215820024],[-89.2244826913773,13.6351529970977],[-89.2246398513397,13.6355487558616],[-89.2245968254762,13.6359423364775],[-89.2246958926065,13.6361280388225],[-89.2249013039084,13.6365362767712],[-89.2251018073042,13.6368488951101],[-89.2253143972513,13.6371815795171],[-89.2254593143341,13.6373811604125],[-89.225678728537,13.6372983323115],[-89.2259077364865,13.6371446687228],[-89.2260640979939,13.6370308629717],[-89.2260910602786,13.6372958338983],[-89.2261159332662,13.6377111226208],[-89.2261333311411,13.6379495748301],[-89.2261534576949,13.6383498081149],[-89.2261724202004,13.6384631200838],[-89.2261940187704,13.6385236982191],[-89.2262532140003,13.6386779304434],[-89.2263043250813,13.6388399535297],[-89.2263769820135,13.6390364168496],[-89.2264214779611,13.639257443203],[-89.2264393449879,13.6394134814482],[-89.2264262574675,13.6396215465434],[-89.2264219745563,13.6397732637771],[-89.2263867569654,13.6399986958854],[-89.2263735835832,13.6401070759388],[-89.2263604000126,13.6402154460575],[-89.2263074529256,13.6404278991782],[-89.2263031541384,13.6405536068528],[-89.2263335225786,13.6406395573565],[-89.2264083123548,13.6408005218469],[-89.226452517211,13.6409050725923],[-89.226469520318,13.6409498828735],[-89.2264475741922,13.6410594749941],[-89.2264424599608,13.6411253347512],[-89.2263884275429,13.6411533003829],[-89.2263327546448,13.6412187999273],[-89.2262307513144,13.6413788722864],[-89.2261747279516,13.641463513892],[-89.2260296146365,13.6417823451796],[-89.2259503663411,13.6419457101786],[-89.225869097782,13.6420862527655],[-89.2257123418611,13.6423637766285],[-89.2256282117321,13.6425006835844],[-89.2255727881942,13.6425790668367],[-89.2254990980763,13.6426675461559],[-89.2254299099095,13.6427530881878],[-89.2253757770953,13.6428253336716],[-89.2253502207025,13.6428622043537],[-89.2253378881254,13.6429015160851],[-89.2253167020138,13.6431037855115],[-89.2252859452112,13.6432153940455],[-89.2251839258108,13.6433410248795],[-89.2250771333656,13.6434434091612],[-89.2249988401136,13.6435387883516],[-89.2249090969478,13.6435963400622],[-89.2248903161355,13.643454390666],[-89.2248395432478,13.6430419122993],[-89.2248076481294,13.6429433473591],[-89.2247121103441,13.6428396576506],[-89.2245343018024,13.6426400413081],[-89.2243876414794,13.6424913688345],[-89.224273368462,13.6423711556837],[-89.2240273323596,13.642182310532],[-89.2238164251914,13.642019209522],[-89.2236406592844,13.6418560872193],[-89.2236397966763,13.6418548198397],[-89.2235773130693,13.641865021068],[-89.2225374494315,13.6421174648615],[-89.2225101504802,13.6421240798605],[-89.2221048475002,13.6422224844881],[-89.2217578309188,13.6423067297117],[-89.2217580815701,13.6423010376619],[-89.2216701707681,13.6422447202354],[-89.2217122370281,13.6421415443291],[-89.2216577213101,13.6420900290055],[-89.2217015696441,13.6419997446457],[-89.2217068096769,13.6419659008216],[-89.2215889982143,13.6418660896085],[-89.2213188275573,13.6415432285866],[-89.2212730465452,13.6414498034752],[-89.2213236974625,13.6411258490846],[-89.2211214773058,13.6409390992896],[-89.2209248790545,13.6411245969837],[-89.220408535698,13.6411556788711],[-89.2202274993492,13.6410817199136],[-89.2201010117996,13.64091343128],[-89.2201219672902,13.6407732139551],[-89.2201270338614,13.6405637029275],[-89.2202234555534,13.6403412160418],[-89.2203287947246,13.6402524966216],[-89.2203988762341,13.6400381041391],[-89.2203636379939,13.6399350067708],[-89.2202475450385,13.639788461114],[-89.2202325927145,13.6396790047345],[-89.2203189582463,13.6394911161453],[-89.2205250181159,13.6394151543311],[-89.2205306000407,13.6393623808612],[-89.2205290981365,13.6392549308312],[-89.2205656133394,13.6391763622919],[-89.2205965499401,13.6391432727865],[-89.2207133126393,13.6390660106597],[-89.2207805926924,13.6390541119526],[-89.2208227990574,13.6390403014109],[-89.2208607725793,13.6390030675229],[-89.2208691794681,13.6389548371931],[-89.2208592998999,13.6389259123997],[-89.2206493834318,13.6387346053518],[-89.220423965746,13.6385233386598],[-89.2202901606595,13.6384421731305],[-89.2202595666345,13.638395921131],[-89.2202313618383,13.6383339419324],[-89.2202467799478,13.638274690483],[-89.2202734466617,13.6381796085149],[-89.220324059861,13.6381175578044],[-89.2203747104835,13.6380954745599],[-89.2204309991258,13.6380706275643],[-89.2204478127795,13.6379857539564],[-89.2204745090468,13.6379430237101],[-89.2205181267287,13.6379195574557],[-89.2205673837029,13.6379153851901],[-89.2205842792913,13.6379070957823],[-89.2205813564526,13.6377982676784],[-89.2205965259375,13.6377657473059],[-89.2206682701087,13.6377119436823],[-89.2207189154421,13.6376843520371],[-89.2207469741658,13.6375906481091],[-89.2206511042196,13.6374212683659],[-89.2206806182859,13.6373764710722],[-89.2206791883441,13.637344789943],[-89.2206538019198,13.637291082513],[-89.2206719964682,13.6371946287572],[-89.2206818133068,13.6371469521566],[-89.2207239945903,13.637095941867],[-89.2207858688473,13.6370325115496],[-89.2208210303503,13.6370049256497],[-89.2208491758179,13.6369938855117],[-89.2208618156142,13.6369594240203],[-89.2208659990666,13.6369194717326],[-89.2208589028169,13.636850586868],[-89.2208743129081,13.6367830692659],[-89.2209079203307,13.6367422670971],[-89.2209205251706,13.636670614886],[-89.2209542771517,13.6366430302331],[-89.2210006871931,13.6365906367518],[-89.2210400346039,13.6365258472711],[-89.2211438404023,13.6364490232166],[-89.2212015078491,13.6363911130457],[-89.2212042899123,13.6363607875869],[-89.2211957985908,13.6363180889116],[-89.2211676312078,13.6363057209478],[-89.2211183473875,13.6362809687273],[-89.2210718560277,13.6362369248729],[-89.2210338132346,13.6361901056897],[-89.2210142860741,13.6360858183101],[-89.2210033359719,13.635995509183],[-89.2209829245285,13.6359278023109],[-89.2209041161758,13.6358163026846],[-89.2206978126915,13.6357700051501],[-89.2206840636166,13.6355806144824],[-89.2206351488614,13.635515570725],[-89.22057675014,13.6354598473894],[-89.2204898277871,13.6353842214509],[-89.2204626484598,13.6353461204445],[-89.2204598501958,13.6352478352458],[-89.2205380823684,13.635008463475],[-89.2205559969291,13.6349269866031],[-89.2205626072948,13.6347794876454],[-89.2205692662765,13.6346848221964],[-89.2205533996892,13.6345483492217],[-89.2206455783632,13.6345073273218],[-89.2207265159997,13.6344676306451],[-89.2207894339399,13.6344081421723],[-89.2208163711798,13.6343508788464],[-89.2208881475616,13.6341504805616],[-89.2210454558039,13.6339962468295],[-89.2210880104948,13.633820097324],[-89.2212719071915,13.6337109719083],[-89.2214157516474,13.6336007715368],[-89.2214313854121,13.6334796717098],[-89.2215550136744,13.6334091225363],[-89.221570614177,13.6332528051795],[-89.2215908126108,13.633204359909],[-89.2216014970063,13.6330733795358],[-89.2218779907405,13.6329168259914],[-89.2218509147981,13.6328265965229],[-89.2217945501065,13.6326791452921],[-89.2219539762603,13.6324047308158],[-89.2220821539043,13.6323715813401],[-89.2220910635931,13.6322857249755],[-89.222378199523,13.6316846293718],[-89.222411723179,13.6316872546942],[-89.2228083384483,13.631718264393],[-89.2232250282747,13.6317508370445],[-89.2246235135733,13.6320773699896],[-89.2248398168092,13.6321124558333],[-89.2251138027829,13.6321568928063],[-89.2253886984186,13.6322014669361],[-89.2254295151924,13.6322108797396],[-89.2254335871206,13.6322029994665],[-89.2255660552913,13.6319279692038],[-89.22563686724,13.6317436190501],[-89.2256644632339,13.6315653528853],[-89.2256881804872,13.6313584160186],[-89.22566880378,13.6311766759054],[-89.2256647654165,13.6311694231435],[-89.225588619749,13.6310325990361],[-89.2254571718305,13.6308509616984],[-89.2253049323298,13.6306897153253],[-89.2250438581958,13.6305379635743],[-89.2250166396773,13.6305083515777],[-89.2250593120941,13.6304976311971],[-89.225093560815,13.6304671105675],[-89.22571476291,13.6305285645723],[-89.2259720442482,13.6305540232835],[-89.2260637010877,13.6305630837377],[-89.226326130298,13.6306374814476],[-89.2265178744752,13.630691831439],[-89.2266378047774,13.6307258375361],[-89.2266909821488,13.6307251594049],[-89.2269421983078,13.6307219656083],[-89.2271016654521,13.630703380727],[-89.2274930500799,13.6306699201069],[-89.2278622535865,13.6306383486746],[-89.2283239865588,13.6305988702856],[-89.228352443659,13.6308318977991],[-89.2280486088135,13.6311776086442]]]]}},{"type":"Feature","properties":{"text_1":"LOTIFICACION MOREIRA","zona":0},"geometry":{"type":"MultiPolygon","coordinates":[[[[-89.232187555685,13.6543567806879],[-89.2321438300086,13.6542821178311],[-89.2321069686078,13.6542003592458],[-89.2320516887851,13.6540793438354],[-89.231974628934,13.6539190865087],[-89.2318775773668,13.6538242872333],[-89.2319024001737,13.6537725601766],[-89.2318511641422,13.6537600759962],[-89.2317925972507,13.6537332701851],[-89.2317541497404,13.6537028732101],[-89.2316461424661,13.6536313531148],[-89.2315765545174,13.6535615928326],[-89.2315194201987,13.6535271034109],[-89.2314961288449,13.653510233364],[-89.2314758357801,13.6534904074705],[-89.2314457740769,13.6534595768191],[-89.2314300068641,13.6534515117484],[-89.231383456379,13.6534486115701],[-89.2313534197926,13.6534442342504],[-89.2313015854621,13.6534097497344],[-89.2310732565613,13.6532172288478],[-89.2309654566495,13.653154066567],[-89.2308792135917,13.6530969183982],[-89.2308052583453,13.6530126391293],[-89.2307466364995,13.6528711072555],[-89.2307218237855,13.6526723135878],[-89.2306909029733,13.6525277565861],[-89.2306384777249,13.6524314063493],[-89.2304751342963,13.6523149905874],[-89.2303188414622,13.6522173763438],[-89.2302406993079,13.6521676811046],[-89.2301516220044,13.6520859982202],[-89.230009813741,13.6519332697355],[-89.2298036491623,13.6517068046824],[-89.2300083550572,13.6517582798913],[-89.2303173522471,13.6518566670036],[-89.2308056716745,13.6520154563392],[-89.2309043370922,13.6521171412981],[-89.2309265486497,13.6522403347796],[-89.2308825860844,13.6524630359337],[-89.2308378111481,13.6526585993212],[-89.2308895250571,13.6527250629213],[-89.2310010237747,13.6527675171616],[-89.2312103701851,13.6528098875068],[-89.2313952353553,13.6528283365545],[-89.2315964192883,13.6528574143527],[-89.2316888684753,13.6528839288731],[-89.2318058528664,13.6529795889264],[-89.2319255774709,13.6530991914],[-89.2320180933349,13.6531922187863],[-89.2321636874769,13.6532950620371],[-89.2321888513813,13.6536750661171],[-89.2321835907329,13.6540799695641],[-89.2321763675965,13.6542506361167],[-89.232187555685,13.6543567806879]]]]}},{"type":"Feature","properties":{"text_1":"COLONIA EL TRANSITO NO 1","zona":0},"geometry":{"type":"MultiPolygon","coordinates":[[[[-89.1800601938461,13.6584753451773],[-89.1800318786581,13.6585168501143],[-89.1799600251874,13.6586221882569],[-89.1799574529153,13.6586259485297],[-89.1799313767498,13.6586630923366],[-89.1799879236291,13.6586907082984],[-89.1799581607932,13.6587223844411],[-89.1799104292488,13.6587601650667],[-89.1798437984061,13.6588127869791],[-89.1798420767532,13.6587890745845],[-89.1798135042163,13.6587926965912],[-89.1797771903405,13.6587973049788],[-89.1797348649347,13.6588252047707],[-89.1796846221007,13.6588583312308],[-89.1796199079722,13.658893690022],[-89.179612632915,13.6588976571022],[-89.179584986924,13.6589126900647],[-89.1795569916717,13.6589278995384],[-89.1794842614503,13.6589761102851],[-89.1794508992338,13.6589787450778],[-89.1793852441506,13.6589839026907],[-89.1793082714172,13.6589547467875],[-89.1792862967785,13.6589464234852],[-89.1792638580556,13.6589379983791],[-89.1791770295157,13.6589054347085],[-89.1791253583108,13.6588788336974],[-89.1790770964252,13.6588539982091],[-89.1789769022057,13.6588820430477],[-89.1788771147754,13.6588968690067],[-89.17884206739,13.6588993196445],[-89.1787833586972,13.6589034253358],[-89.1787820953117,13.658885396285],[-89.1786859261952,13.6588912050032],[-89.1786880025991,13.6589209054442],[-89.1786071263804,13.6589486947547],[-89.1785961968293,13.6589530341515],[-89.1785918456437,13.6589561385711],[-89.1785471004653,13.6589880387415],[-89.1784840975008,13.659070276442],[-89.178405987458,13.6591391781908],[-89.1783434469497,13.6591951104025],[-89.1783251541197,13.6592114696831],[-89.1782561602277,13.6592701833137],[-89.1782248228643,13.6592968446804],[-89.1781829426499,13.6592380541419],[-89.1779827731301,13.6592971402015],[-89.1779441734937,13.6593068958398],[-89.1778615442262,13.6592829373508],[-89.1778041560536,13.6591437150335],[-89.177733155654,13.659038943605],[-89.1776650608363,13.6589469149588],[-89.1775665910668,13.6588903309214],[-89.1774391829616,13.6588535937327],[-89.1774696983089,13.6587407612486],[-89.1774919047434,13.6586546195099],[-89.1775308151845,13.6585412160242],[-89.1775865772751,13.6584210808166],[-89.1776474055593,13.6583157233114],[-89.1776908249637,13.6582075835306],[-89.1777280495779,13.6581569458081],[-89.1777704366806,13.6580478811714],[-89.1778436937892,13.6579323982511],[-89.1779337945599,13.6578119597263],[-89.1781468518387,13.6576252444998],[-89.1782792792288,13.6575167436389],[-89.1784299676638,13.6574368395047],[-89.178529922144,13.6573810654056],[-89.1786750236169,13.6572984064926],[-89.1787402473905,13.6573988874559],[-89.1787705404935,13.6573814275158],[-89.1787815245565,13.6573747271006],[-89.1788229145886,13.6573494937341],[-89.1788516427276,13.6574024066735],[-89.1788683741679,13.6573981371642],[-89.1789174346204,13.6573905394989],[-89.1789525022667,13.6573907173586],[-89.1789714701747,13.6573908237728],[-89.1790218656267,13.6573957576031],[-89.1791063185721,13.657404664543],[-89.1791054075753,13.6574136535269],[-89.1791384996425,13.6574170443338],[-89.179157119514,13.6574820162172],[-89.1791685364962,13.6575218732332],[-89.1792400408193,13.6575308266206],[-89.179295558547,13.6575377840951],[-89.1793204809132,13.6575391262833],[-89.1793167484468,13.6575850748327],[-89.1793133002545,13.6576050244763],[-89.1792934630684,13.6577195613852],[-89.1792738624388,13.6578328218213],[-89.1792676994777,13.6578684704633],[-89.1793641062498,13.6578888182233],[-89.179472982078,13.6579261608962],[-89.1795555192408,13.6579533774494],[-89.1795986844645,13.6579602507733],[-89.1796408889648,13.6580102106984],[-89.1796599119323,13.6580327164121],[-89.179664741629,13.6580849344451],[-89.1797144087427,13.6582021702414],[-89.1797507054445,13.6583493491479],[-89.1798426937794,13.6583582412877],[-89.1798933709107,13.6583855280273],[-89.1800601938461,13.6584753451773]]]]}},{"type":"Feature","properties":{"text_1":"COLONIA EL TRANSITO 3","zona":0},"geometry":{"type":"MultiPolygon","coordinates":[[[[-89.1831355996315,13.6619718027691],[-89.1830333179356,13.6620183155505],[-89.1828598556196,13.662086651507],[-89.1828094600393,13.6621186217304],[-89.1827872440088,13.662153467979],[-89.1827976608576,13.6621969899474],[-89.1827408045676,13.662137887729],[-89.1826931310872,13.662104379656],[-89.1825827332279,13.6620480098701],[-89.1823503263088,13.6619627968985],[-89.1823034894721,13.6619472168605],[-89.1822599577441,13.6619694080808],[-89.1822285523549,13.6619689965816],[-89.182151578678,13.6619534668653],[-89.1821361030604,13.6619409268599],[-89.1821272468194,13.6619322795409],[-89.1821024705803,13.6619245045176],[-89.1820219618865,13.6619024883256],[-89.1819111767595,13.6618589664692],[-89.1818791698051,13.6618276864974],[-89.1818727540686,13.6618062264791],[-89.181842585592,13.6617892555876],[-89.181786836954,13.6617910919369],[-89.1817091850995,13.6618152887106],[-89.1815904182683,13.6618672554162],[-89.181532848643,13.661876230197],[-89.1814583794399,13.6619031271841],[-89.1814008139488,13.6619174791944],[-89.1813642755985,13.6619264474602],[-89.181233607316,13.6619489061222],[-89.1811533882673,13.6619704200478],[-89.181015585217,13.6619835167994],[-89.181012550434,13.662233029841],[-89.1809100105228,13.6622413614603],[-89.1806950893053,13.6622580128201],[-89.1805883342755,13.6622745854891],[-89.1804815915149,13.6622939158823],[-89.1804248120796,13.6622463087922],[-89.1803061019337,13.6621872043817],[-89.1802292908297,13.6621485433057],[-89.1801734434689,13.6621326458718],[-89.1801325924493,13.6621710225827],[-89.1800751959494,13.6621334490834],[-89.1799444296395,13.662052268492],[-89.1799231676562,13.6619742762176],[-89.1798474465648,13.6619369465639],[-89.1797932716286,13.6619539983603],[-89.1798004464732,13.6619796320585],[-89.17975390756,13.6619932353322],[-89.1797016310853,13.6620053242483],[-89.1796515316503,13.6620298337736],[-89.1795955181962,13.6620553744309],[-89.1795839181328,13.6620121858239],[-89.179525862608,13.6620289628997],[-89.1795395486996,13.6620779719656],[-89.1794888937788,13.6620940955377],[-89.1794694647624,13.6620232010674],[-89.1794218261628,13.6620347686082],[-89.1794193774357,13.6620260604754],[-89.179366050873,13.6620138814453],[-89.1793106701004,13.6620012411078],[-89.179246456728,13.6619865716274],[-89.1791888322227,13.661973414063],[-89.179120472524,13.661957803002],[-89.1791031974947,13.6619563160244],[-89.1790073824669,13.6619820708303],[-89.179250845408,13.6610879335975],[-89.1792796280828,13.6610625240497],[-89.1792796965404,13.6610904859514],[-89.179302359717,13.6611202554377],[-89.1793320660936,13.6611134211298],[-89.1793979636042,13.6611150850408],[-89.1793905325195,13.660816459347],[-89.1793864824114,13.6607562530372],[-89.1793903337968,13.660704991319],[-89.1793628764161,13.6606816032112],[-89.1793383043711,13.6605194951384],[-89.1792727114404,13.660519449863],[-89.1792727596745,13.6604335835394],[-89.1792331295532,13.6604339920617],[-89.1792314290643,13.6603506624342],[-89.1792715604377,13.6603506241432],[-89.1792654406026,13.6602816633204],[-89.1792645257202,13.6602479722523],[-89.179246124333,13.6602468377205],[-89.179198297288,13.6602338402365],[-89.1791355088191,13.6602131434285],[-89.1791282232436,13.6601912311202],[-89.1791408492543,13.6600792629327],[-89.1791429076158,13.6598861933449],[-89.1791304029972,13.6598723466665],[-89.1791261999923,13.6598588545943],[-89.1791291419369,13.659794310822],[-89.1791301748447,13.6596723268957],[-89.1791370373742,13.6596728036722],[-89.1791375756334,13.6596465072029],[-89.1792192322138,13.659647901168],[-89.1793032094624,13.6596525320652],[-89.179380595476,13.6596524485126],[-89.1794713823508,13.6596621099772],[-89.1795519555641,13.6596706770194],[-89.1796370250586,13.6596797324691],[-89.1797147770288,13.6596880059455],[-89.1798111902954,13.6596904347346],[-89.1798862570492,13.6596901574774],[-89.1799423373498,13.6596899401895],[-89.1799720865743,13.6596898352614],[-89.1800437083815,13.6596895604773],[-89.1800957541946,13.6596992319942],[-89.1801359679325,13.6597067093782],[-89.1802157510565,13.6597215244954],[-89.1803002008415,13.6597372165578],[-89.1803958799261,13.659770587747],[-89.1804262141393,13.6597811726863],[-89.1804713200656,13.6598003364841],[-89.1805419254285,13.659831726603],[-89.1805872167446,13.6598455310574],[-89.1806236357548,13.6598416257026],[-89.1806499065608,13.6598364325177],[-89.1806980666267,13.6598269189048],[-89.1807561887306,13.6598109938731],[-89.1808069404284,13.6598108914836],[-89.1808495996092,13.6598106937989],[-89.1809785986682,13.6598102834391],[-89.1809884223668,13.6598331013345],[-89.1810189184327,13.6598329586704],[-89.181023791284,13.6598435351599],[-89.1810381077872,13.6599115453376],[-89.1810362326384,13.6599347514784],[-89.1810896251096,13.6599345919489],[-89.1812480051177,13.6599358356295],[-89.1812474955682,13.6600482487513],[-89.1812470111223,13.6601572550786],[-89.1812999121464,13.6601574104208],[-89.1813008513265,13.6601970626431],[-89.1814076322458,13.6602045549104],[-89.1815041720344,13.6602113333831],[-89.1815620350821,13.6602153907314],[-89.1817015710204,13.6602297083926],[-89.1817707366254,13.6602228907298],[-89.1820198333224,13.6602535012389],[-89.1821147583099,13.6602279953904],[-89.18221925037,13.6602124704423],[-89.182229532961,13.6602786052476],[-89.1823729608954,13.6602709369479],[-89.1823781193384,13.660270664666],[-89.1824237177778,13.660265475035],[-89.1824829799141,13.6603893675532],[-89.1825481845797,13.6605596733001],[-89.1826696119419,13.6605949217623],[-89.1828393165162,13.6613073594689],[-89.1829053241586,13.6615242023886],[-89.1829613115878,13.661696319949],[-89.1830451966757,13.661835642451],[-89.1831355996315,13.6619718027691]]]]}},{"type":"Feature","properties":{"text_1":"CONDOMINIOS RESIDENCIALES LAS ARAUCANAS","zona":0},"geometry":{"type":"MultiPolygon","coordinates":[[[[-89.1758755483843,13.6567479881637],[-89.1758511094968,13.6567478293817],[-89.1755845080353,13.6567691140529],[-89.1755860751832,13.6568142723749],[-89.1755876515891,13.6568594496721],[-89.1755881445972,13.6568735365058],[-89.1754982151461,13.656844425719],[-89.1754542076031,13.6568243626571],[-89.1751740630218,13.6566582811563],[-89.1753458248846,13.6563807139442],[-89.1754186170598,13.6562630844184],[-89.1754242994055,13.6562676341822],[-89.1754129936011,13.6561850615984],[-89.1754206793306,13.6561852043545],[-89.1754212213698,13.6561386462018],[-89.1754235307103,13.6560487523076],[-89.1754224075777,13.6560151635081],[-89.1754030362105,13.6558680550369],[-89.1755358202401,13.6558308165781],[-89.1756380644806,13.6558620092634],[-89.1758740294205,13.6558428479987],[-89.175887441368,13.6560075558941],[-89.1758833188039,13.6564188992545],[-89.1758725145099,13.6565634468427],[-89.1758747107581,13.6567291805393],[-89.1758755483843,13.6567479881637]]]]}},{"type":"Feature","properties":{"text_1":"COLONIA SAN IGNACIO","zona":0},"geometry":{"type":"MultiPolygon","coordinates":[[[[-89.1772351216517,13.6561585699059],[-89.1772468934405,13.6562564142617],[-89.1771151789669,13.6562557408524],[-89.1771033719008,13.656173575459],[-89.1768896668493,13.6561779965567],[-89.1768941318954,13.6562759203043],[-89.1768963913473,13.6563354898051],[-89.1768709694349,13.6563358597057],[-89.176871280602,13.6563981052298],[-89.1766039222919,13.6564066457436],[-89.1765742875397,13.6564072409968],[-89.1765737721576,13.656426215907],[-89.1766081291015,13.6564254789669],[-89.1768145914842,13.6564185830371],[-89.1768186999561,13.6564688763537],[-89.1768236479632,13.6565293505272],[-89.1766023326462,13.6565718000464],[-89.1765648720939,13.6565740948154],[-89.1765634718202,13.6565864800707],[-89.1765650641398,13.6566156719876],[-89.1765959273321,13.6566126226855],[-89.1766481178006,13.656600626685],[-89.1769023908477,13.6565478146801],[-89.1769109769884,13.6566378128314],[-89.1769145091594,13.6566776385659],[-89.1769166542889,13.6567363557759],[-89.1769188481596,13.6567959714212],[-89.1769211667631,13.6568592061676],[-89.1768159140843,13.6568930007248],[-89.1766486770753,13.6569292658215],[-89.1766139072674,13.6569354273307],[-89.1766331194945,13.6570725848474],[-89.176598739065,13.6570803296969],[-89.1764155995689,13.6571270731449],[-89.176390821501,13.6571294880456],[-89.1763635212017,13.6571247965315],[-89.1763753178507,13.6570651807911],[-89.176377332999,13.6570271742249],[-89.1763776037223,13.6570221113213],[-89.1764424883976,13.6569369107432],[-89.1764242020362,13.6568608033457],[-89.1764126090909,13.6568124316476],[-89.1763995033956,13.6567534249148],[-89.1763849157386,13.6566878578787],[-89.1763712304344,13.656626279078],[-89.1763571185114,13.6565627752883],[-89.1763428757949,13.6564653583973],[-89.1763328483033,13.6563967799284],[-89.1763870751489,13.6563233783002],[-89.1763917744347,13.6562545018315],[-89.1762645836617,13.6562527698776],[-89.1762646912536,13.6562446338517],[-89.1762652193299,13.6562043333644],[-89.1762652781099,13.6561939665633],[-89.1762636297981,13.65614181126],[-89.1762657856785,13.6560634122862],[-89.1762812710008,13.6560639380991],[-89.176282645166,13.6560154739393],[-89.1762840091348,13.6559669718232],[-89.1761485253012,13.6559623297925],[-89.1761218055279,13.6559624691484],[-89.1761136932476,13.6557963320293],[-89.1762989188702,13.6557681080933],[-89.1763823049067,13.6557554046304],[-89.1765042202353,13.6557409154143],[-89.1766512418792,13.6557453076215],[-89.1767060258324,13.6557469440806],[-89.1768636720749,13.6557447752952],[-89.177017056087,13.6557520976512],[-89.1771118553762,13.6561271697643],[-89.1772208809303,13.6561268046833],[-89.1772301554142,13.6561255479141],[-89.1772351216517,13.6561585699059]]]]}},{"type":"Feature","properties":{"text_1":"COLONIA ALCAINE 2","zona":0},"geometry":{"type":"MultiPolygon","coordinates":[[[[-89.1856461332519,13.6486713771547],[-89.1855512095078,13.6488115542053],[-89.1854284824225,13.6489928034433],[-89.1853787690317,13.6490220339955],[-89.1853336850883,13.6491365534062],[-89.1852977891961,13.6491769366204],[-89.1852685090047,13.6492896950742],[-89.1852315746303,13.6493576333705],[-89.1851764886763,13.6494519175751],[-89.1850720256794,13.6496178526597],[-89.1850546652113,13.6496030011854],[-89.1850473538394,13.6495967490282],[-89.1850023226646,13.6496470981785],[-89.1849575021198,13.649700862074],[-89.1848983992504,13.6497660221513],[-89.1848656802527,13.6498020886258],[-89.1848151809427,13.6498677321253],[-89.1848042310896,13.6498926019629],[-89.1847678228444,13.6499199251171],[-89.1847337659456,13.6499283921715],[-89.184413681296,13.6501103431638],[-89.1842637870466,13.6500344931698],[-89.1840133094837,13.6499077541088],[-89.1839201399571,13.649860618843],[-89.1838093191136,13.6498012516825],[-89.1836651276554,13.6500219177241],[-89.1836052688326,13.6501019886916],[-89.18353872042,13.6501837865556],[-89.183534781503,13.6501819102995],[-89.1835341951821,13.6501826790472],[-89.1834820046137,13.6502526920542],[-89.1834112645098,13.6503475624157],[-89.1834011441879,13.6503566315024],[-89.1833602564813,13.6503932597626],[-89.1833458219488,13.6505984083905],[-89.1834758646398,13.6506188406407],[-89.1832929685865,13.6508250495247],[-89.183105414375,13.6508230605804],[-89.1830733212898,13.6508254544855],[-89.18306311735,13.6507152710635],[-89.1830627547406,13.6507113375862],[-89.1830537820172,13.6506617882714],[-89.1830343539583,13.6505685398426],[-89.1830043195085,13.6504548080259],[-89.1829814715847,13.650394763072],[-89.182965820791,13.650350976528],[-89.1829552690536,13.6503152100573],[-89.1829519458994,13.6502779296089],[-89.1829518863881,13.650201430382],[-89.182963636208,13.6500972830939],[-89.1829727738687,13.650017926141],[-89.1829799540418,13.6499767782492],[-89.1829818862529,13.6499298493397],[-89.1829881961684,13.649877364551],[-89.1829701200858,13.6498181304524],[-89.1829297080228,13.6497354316072],[-89.1829008533567,13.6496790573072],[-89.1828584113414,13.6494925829687],[-89.1831188928224,13.6495476188743],[-89.1831546879353,13.6493535424119],[-89.1831611013017,13.6493117198759],[-89.1831686303062,13.6492212841768],[-89.1831778600282,13.6491617621985],[-89.1831813486446,13.6491325855117],[-89.1831813955013,13.6491322239192],[-89.1831916822414,13.649046145646],[-89.1832026906475,13.6489740627317],[-89.1831500748406,13.6489713712612],[-89.1831639453169,13.6488809308379],[-89.1831776750458,13.6487913609683],[-89.1832836723559,13.6486491021444],[-89.1832801895485,13.6486370811399],[-89.1832844209776,13.6486134664622],[-89.1832893297164,13.6485492917399],[-89.1833924813056,13.648508174421],[-89.1833624689555,13.6484226721417],[-89.1833593101489,13.6484136689993],[-89.1833613331311,13.6483991075632],[-89.1833675169624,13.6483545915866],[-89.1833728635711,13.6483411204801],[-89.1833922749269,13.6482921149389],[-89.1834053010136,13.6482592468622],[-89.1834204994943,13.6482208977577],[-89.1834146810638,13.6481994282832],[-89.1834566454763,13.6482094112231],[-89.1834590817188,13.648190259503],[-89.1834757921496,13.6480995855435],[-89.1834808356047,13.6480742944363],[-89.1834986063079,13.6479849899872],[-89.1835121254072,13.6479171064827],[-89.1835145486025,13.6479049337388],[-89.1835151240139,13.6479020363285],[-89.1835384511666,13.6478502872453],[-89.1835626796522,13.6477644209037],[-89.1835844682455,13.6476930331509],[-89.1835968265588,13.6476525656192],[-89.1836052187511,13.6476250511405],[-89.1836113355275,13.647604831883],[-89.1836298145727,13.6475373893834],[-89.1836322403587,13.6475285474865],[-89.183641197364,13.6474964136852],[-89.1836534475514,13.6474524391214],[-89.1836356127252,13.6474476581857],[-89.1836506258383,13.6473176299244],[-89.1836532456785,13.6473028185647],[-89.1836867654718,13.6473100409521],[-89.183707086343,13.6472991311347],[-89.183726900595,13.6472206357147],[-89.1837331731833,13.6471928453193],[-89.1838150166946,13.6471976615676],[-89.1838839513888,13.6472031174562],[-89.1839576095313,13.6472090976663],[-89.1840576597378,13.6472332634352],[-89.1840171414133,13.647402130355],[-89.1840996990932,13.6474725894844],[-89.1840365097453,13.6476125948615],[-89.18402670678,13.6476159990323],[-89.1839426169825,13.6477894333781],[-89.1840080781714,13.6478914304438],[-89.1840903891499,13.6478153594693],[-89.1841936883455,13.6476977695399],[-89.1842436057696,13.6477486394667],[-89.184268267837,13.6478177716065],[-89.1843041907058,13.6478837949468],[-89.1843413593258,13.6479330636688],[-89.1844354643131,13.6477985053972],[-89.1844745739853,13.6478619899954],[-89.1844742333199,13.6478624901045],[-89.1845289189369,13.6479212980105],[-89.1845882851351,13.647963645189],[-89.1846352966938,13.6480002817872],[-89.1847104203714,13.6480407568899],[-89.1847696272903,13.6481802818098],[-89.1848018969796,13.6483078404192],[-89.1848669311454,13.6482751275116],[-89.1848968025388,13.6482523820567],[-89.1850078036818,13.6481690697993],[-89.1851067925504,13.648094772032],[-89.1851509788831,13.648150422265],[-89.1851655644728,13.6481393223084],[-89.1852548027107,13.6482546299598],[-89.1852955234583,13.6483072556357],[-89.1853763950635,13.6484117589721],[-89.185433287789,13.6484852722746],[-89.1854084988801,13.6485559040844],[-89.1854877736832,13.648650134022],[-89.1855102824987,13.6486769030427],[-89.1855526281919,13.6486427545114],[-89.1856461332519,13.6486713771547]]]]}},{"type":"Feature","properties":{"text_1":"BARRIO CONCEPCION","zona":0},"geometry":{"type":"MultiPolygon","coordinates":[[[[-89.1819284819613,13.6585109565452],[-89.1818717043585,13.6586489752207],[-89.1818000195317,13.6587143842675],[-89.1817307782636,13.6587459144518],[-89.1816169526215,13.6586854747171],[-89.1814881910236,13.6585136970826],[-89.1813668098973,13.6582910816599],[-89.1812523364107,13.6582003843877],[-89.1812140490608,13.6580500227502],[-89.1811457163923,13.6578594021149],[-89.1810405113154,13.6578695778903],[-89.1808845974209,13.6578125005489],[-89.1806721307945,13.6577054739113],[-89.1805670803123,13.6578916492508],[-89.1805310810846,13.658022979818],[-89.1805114017163,13.6580208746332],[-89.1803264776359,13.6579992038666],[-89.1803310925467,13.6580314938972],[-89.1803413315163,13.6581030341042],[-89.1803638152112,13.6581822014251],[-89.1803774310764,13.6582132266326],[-89.1804809257005,13.658465966182],[-89.1805272084907,13.6585627853352],[-89.1805290325051,13.6585716511944],[-89.1805306670554,13.6585805443095],[-89.18053161122,13.6585895409752],[-89.1805323085982,13.6585985459573],[-89.1805324578855,13.6586075893052],[-89.1805321902981,13.6586166230163],[-89.1805311083447,13.6586256021877],[-89.1805294967005,13.6586345076286],[-89.1805279423708,13.6586434220665],[-89.1805255541643,13.6586521518182],[-89.180522692608,13.6586607526606],[-89.1805197080818,13.6586693074945],[-89.1805160042227,13.6586775844573],[-89.180511893522,13.6586856773243],[-89.1805072520567,13.6586935021243],[-89.1805024589246,13.6587012248955],[-89.1804970323293,13.6587085504184],[-89.180491263537,13.6587156167747],[-89.1804850221128,13.6587222857645],[-89.1804785152169,13.6587287045704],[-89.1804717335783,13.6587348370434],[-89.1804646013317,13.6587405901382],[-89.1804570804877,13.6587458436645],[-89.1804494837785,13.6587510050493],[-89.1804413854707,13.6587553614324],[-89.1804332010874,13.6587595696398],[-89.1804247519223,13.6587632221466],[-89.1804166332516,13.6587663384015],[-89.1803773584997,13.6588223742796],[-89.1803687129607,13.6588049978394],[-89.1802962644954,13.6587140849027],[-89.1802430505561,13.6587610974642],[-89.1801820956639,13.658687779401],[-89.1801516873842,13.6586418468146],[-89.1801018425588,13.6585898741791],[-89.1800318786581,13.6585168501143],[-89.1800601938461,13.6584753451773],[-89.1798933709107,13.6583855280273],[-89.1798426937794,13.6583582412877],[-89.1797507054445,13.6583493491479],[-89.1797144087427,13.6582021702414],[-89.179664741629,13.6580849344451],[-89.1796599119323,13.6580327164121],[-89.1796408889648,13.6580102106984],[-89.1795986844645,13.6579602507733],[-89.1795555192408,13.6579533774494],[-89.179472982078,13.6579261608962],[-89.1793641062498,13.6578888182233],[-89.1792676994777,13.6578684704633],[-89.1792738624388,13.6578328218213],[-89.1792934630684,13.6577195613852],[-89.1793133002545,13.6576050244763],[-89.1793167484468,13.6575850748327],[-89.1793204809132,13.6575391262833],[-89.179295558547,13.6575377840951],[-89.1792400408193,13.6575308266206],[-89.1791685364962,13.6575218732332],[-89.179157119514,13.6574820162172],[-89.1791384996425,13.6574170443338],[-89.1791054075753,13.6574136535269],[-89.1791063185721,13.657404664543],[-89.1790218656267,13.6573957576031],[-89.1789714701747,13.6573908237728],[-89.1789525022667,13.6573907173586],[-89.1789174346204,13.6573905394989],[-89.1788683741679,13.6573981371642],[-89.1788516427276,13.6574024066735],[-89.1788229145886,13.6573494937341],[-89.1787815245565,13.6573747271006],[-89.1787705404935,13.6573814275158],[-89.1787402473905,13.6573988874559],[-89.1786750236169,13.6572984064926],[-89.178529922144,13.6573810654056],[-89.1784299676638,13.6574368395047],[-89.1782792792288,13.6575167436389],[-89.1781468518387,13.6576252444998],[-89.1779337945599,13.6578119597263],[-89.1778436937892,13.6579323982511],[-89.1777704366806,13.6580478811714],[-89.1777280495779,13.6581569458081],[-89.1776908249637,13.6582075835306],[-89.1776474055593,13.6583157233114],[-89.1775865772751,13.6584210808166],[-89.1775308151845,13.6585412160242],[-89.1774919047434,13.6586546195099],[-89.1774696983089,13.6587407612486],[-89.1774391829616,13.6588535937327],[-89.1773751386531,13.658822809022],[-89.1773403378205,13.6588126897208],[-89.1772241009625,13.6587794424332],[-89.1770937915493,13.6587353584999],[-89.1769568331074,13.6587115491002],[-89.1768935256477,13.6586783937243],[-89.1768419704805,13.6586163983807],[-89.1768128621802,13.6585492030571],[-89.1767784820701,13.6584949417204],[-89.1767401662967,13.6584678217147],[-89.1767609446173,13.65843294902],[-89.1768431452227,13.6582659976816],[-89.1770289295643,13.657631762611],[-89.1772664563091,13.6572715751096],[-89.1772394452781,13.6572742321412],[-89.177216613589,13.657271453756],[-89.1771804273389,13.6572562817596],[-89.1771605584175,13.6572416900536],[-89.1770880485999,13.6571676672756],[-89.1770500903523,13.6571118267362],[-89.1770338458232,13.6571084786577],[-89.1769907939698,13.6570136740079],[-89.1769817945611,13.6570157160539],[-89.1769141215481,13.6570310649593],[-89.1768644874511,13.6570059344492],[-89.1767973458586,13.6570089167685],[-89.1767843186427,13.6571688023586],[-89.1767791342379,13.6571971657551],[-89.1767108963289,13.6571521394211],[-89.1766374778806,13.6571036910315],[-89.1766331194945,13.6570725848474],[-89.1766139072674,13.6569354273307],[-89.1766486770753,13.6569292658215],[-89.1768159140843,13.6568930007248],[-89.1769211667631,13.6568592061676],[-89.1769188481596,13.6567959714212],[-89.1769166542889,13.6567363557759],[-89.1769145091594,13.6566776385659],[-89.1769109769884,13.6566378128314],[-89.1769023908477,13.6565478146801],[-89.1766481178006,13.656600626685],[-89.1765959273321,13.6566126226855],[-89.1765650641324,13.6566156620448],[-89.1765634810633,13.6565864800641],[-89.1765648720939,13.6565740948154],[-89.1766023326462,13.6565718000464],[-89.1768236479632,13.6565293505272],[-89.1768186999561,13.6564688763537],[-89.1768145914842,13.6564185830371],[-89.1766081291015,13.6564254789669],[-89.1765737721576,13.656426215907],[-89.1765742875397,13.6564072409968],[-89.1766039222919,13.6564066457436],[-89.176871280602,13.6563981052298],[-89.1768709694349,13.6563358597057],[-89.1768963913473,13.6563354898051],[-89.1768941318954,13.6562759203043],[-89.1768896668493,13.6561779965567],[-89.1771033719008,13.656173575459],[-89.1771151789669,13.6562557408524],[-89.1772468934405,13.6562564142617],[-89.1772351216517,13.6561585699059],[-89.1772301554142,13.6561255479141],[-89.1772208901734,13.6561268046767],[-89.1771118553762,13.6561271697643],[-89.177017056087,13.6557520976512],[-89.1773085972086,13.6557815805311],[-89.1777672608616,13.6558250385368],[-89.1781382870657,13.6558521399542],[-89.1785376046196,13.6559182983183],[-89.17879317975,13.6559481201027],[-89.1789788936351,13.6559763266009],[-89.1792690769928,13.6560621668332],[-89.17924173669,13.6561164728222],[-89.1792050887593,13.6561916203451],[-89.179145496476,13.6563138042342],[-89.1791177998159,13.6563614641366],[-89.1792287453352,13.6564327457234],[-89.1793132961032,13.6565194768802],[-89.1794105180929,13.6566289588113],[-89.1794699552604,13.6567250834215],[-89.179514577003,13.6567925446075],[-89.1795722289582,13.6568929197007],[-89.1797138562028,13.6571198996874],[-89.1797950905247,13.6572399072405],[-89.1801042577952,13.6572574343842],[-89.1807556684072,13.6572003193524],[-89.1807720793907,13.6571988818485],[-89.1808776882282,13.6571852629588],[-89.1812094407548,13.6570812146458],[-89.1813155833897,13.6570479255401],[-89.1815498306614,13.6569855259497],[-89.1817668334564,13.6569740272036],[-89.181726688893,13.6572253818502],[-89.1816707591931,13.6572115945028],[-89.1815665501199,13.6571873196613],[-89.1815283142723,13.6571791649381],[-89.1814590259206,13.6571970526129],[-89.1814453515079,13.6572004685748],[-89.1814699382998,13.6572820322766],[-89.1814657173733,13.6572825623614],[-89.1814665896745,13.6572966127476],[-89.1814280464906,13.6573070441011],[-89.1814118363804,13.6573112682052],[-89.181399471065,13.657317440979],[-89.1814042016153,13.6573281188031],[-89.1814235372572,13.6573747725787],[-89.1814294514097,13.6574100336341],[-89.1814237494304,13.6575024302544],[-89.181423487437,13.6575066877877],[-89.181399721015,13.657592350166],[-89.1813991200843,13.6575993756722],[-89.1813973383727,13.6576202207785],[-89.1813975182752,13.6576209799166],[-89.181404260884,13.6576493996926],[-89.1814095276875,13.6576674537985],[-89.181427720113,13.6577298533432],[-89.1814417472669,13.6577918383607],[-89.1814435706528,13.6577998527458],[-89.1814595837314,13.6578468976434],[-89.1814813366616,13.6579105157169],[-89.1814828161276,13.6579148370454],[-89.1815055175689,13.6579810458802],[-89.1815167112557,13.6580136745125],[-89.1815329232837,13.6580609687328],[-89.1815441098708,13.6580963641881],[-89.1815537397958,13.6581268183006],[-89.1815833150437,13.6581231130967],[-89.1816039775506,13.6581475047797],[-89.1816381769873,13.6581878636899],[-89.1816689949667,13.6582361838784],[-89.1816533577671,13.6582474507157],[-89.1816756180726,13.6582701762398],[-89.181702331692,13.6582988216878],[-89.1817052398229,13.6583015131426],[-89.1817413538003,13.6582716172843],[-89.1817879222027,13.6582362812909],[-89.1818412864974,13.6582240889842],[-89.1818677314412,13.6583463301061],[-89.1819284819613,13.6585109565452]]]]}},{"type":"Feature","properties":{"text_1":"COLONIA ALCAINE 1","zona":0},"geometry":{"type":"MultiPolygon","coordinates":[[[[-89.1836651276554,13.6500219177241],[-89.1838093191136,13.6498012516825],[-89.1839201399571,13.649860618843],[-89.1840133094837,13.6499077541088],[-89.1842637870466,13.6500344931698],[-89.184413681296,13.6501103431638],[-89.1841579188497,13.6504986615487],[-89.1840995639956,13.6504678833578],[-89.1840387163701,13.6504323959224],[-89.1839518761627,13.6503817479194],[-89.1839274466665,13.6503691225218],[-89.1838622850177,13.6503354424421],[-89.1837122809991,13.6502657468098],[-89.1836286966576,13.6502262683913],[-89.1835426593223,13.6501856438298],[-89.1835387204122,13.6501837766127],[-89.1836052688256,13.6501019796527],[-89.1836651276554,13.6500219177241]]],[[[-89.1825429843508,13.6550058659725],[-89.1825650799184,13.6548654847825],[-89.1825922152859,13.6548162602645],[-89.1827139253031,13.654586216529],[-89.1827644504274,13.6544672880026],[-89.1827960473647,13.6543253811849],[-89.1828115253097,13.6542559036194],[-89.1828546816059,13.6541545667118],[-89.182922676531,13.653994944507],[-89.1830044031585,13.6538584146902],[-89.1830583066162,13.6537505906348],[-89.1830946033533,13.6537618550562],[-89.1831568418852,13.6537712869406],[-89.1831918085225,13.6537765649446],[-89.1832247711714,13.6537840743432],[-89.1833013806998,13.6538100909766],[-89.1833045620546,13.6538111714702],[-89.1833364834392,13.6538192095042],[-89.1833767198994,13.6538332766336],[-89.1834547788188,13.6538605512628],[-89.1835198006518,13.6538832627972],[-89.183576936083,13.6539032314602],[-89.1835886751334,13.6539061748143],[-89.183646752859,13.6539207654923],[-89.1836463565886,13.6539222743873],[-89.1836630185006,13.6539264542039],[-89.1837401146448,13.6539458068307],[-89.1838122692416,13.653962468619],[-89.1838151471489,13.6539631886791],[-89.1838846560268,13.6539864517539],[-89.183901516885,13.653992085771],[-89.1839606078782,13.6540069250918],[-89.184050219387,13.6540290160963],[-89.1840811181971,13.6540366019479],[-89.1842178083567,13.6540709216788],[-89.1842514403079,13.6539428047612],[-89.1842544316407,13.6539313899543],[-89.1842613370583,13.6539018681219],[-89.184378145198,13.6539299269247],[-89.1845935111584,13.6539823765038],[-89.1846071315625,13.6539340043353],[-89.1846189952723,13.6539403073205],[-89.1847755292412,13.6539699197292],[-89.1847832882446,13.6539434144388],[-89.1852517480541,13.6540254022039],[-89.1852538308357,13.6540258263691],[-89.1852040562314,13.6541946633513],[-89.1853936991213,13.6541542203384],[-89.1853885072744,13.6541119437074],[-89.1854056947124,13.654122593083],[-89.1854083023231,13.6541650018227],[-89.185449604447,13.6541611851709],[-89.1854406193904,13.6541694752311],[-89.1854427183842,13.6543111906663],[-89.185498802596,13.6543058452206],[-89.1855042208948,13.6544312853473],[-89.1855069679411,13.6544582645102],[-89.1855622777564,13.6544542610129],[-89.1855645876609,13.6545269829634],[-89.1855660143822,13.6545721594114],[-89.1855622580704,13.6545979955355],[-89.1855718764776,13.6546719430741],[-89.1855238340531,13.6547575220405],[-89.1852330714324,13.6548629987772],[-89.1851098776247,13.6547914696964],[-89.185099950673,13.6548056384753],[-89.1849707672575,13.6548090683359],[-89.1848032293179,13.6549411546807],[-89.1846121348092,13.6548948154677],[-89.1846026512827,13.6550029219765],[-89.1845943543959,13.6550931639378],[-89.1845886357983,13.6551380031779],[-89.1845802072622,13.6552041980424],[-89.1845721622661,13.6552891827659],[-89.1845833082694,13.6553807985129],[-89.1845858621573,13.6554750492321],[-89.1845690260964,13.6555624087551],[-89.1845854816024,13.6556779285103],[-89.1845824404979,13.6557955174496],[-89.1845770184582,13.6557966233659],[-89.1845972292608,13.6558848255302],[-89.1846174313864,13.6559749068944],[-89.184673780188,13.6560281879982],[-89.1846647146407,13.6561036021556],[-89.1847063264814,13.6563854032159],[-89.1846487812245,13.6564353260086],[-89.1846145445495,13.6564326400318],[-89.1845190295645,13.6564036479148],[-89.1844150203289,13.6563559569505],[-89.1843470655876,13.6562999357473],[-89.1842578884736,13.6562293985254],[-89.1841920129914,13.6561090013011],[-89.1841579679356,13.6559885802237],[-89.1841260333721,13.6559405106531],[-89.1840793637218,13.6558702660326],[-89.1840199009945,13.6558038526401],[-89.1838331052215,13.6557354717684],[-89.1833346004215,13.6555559003357],[-89.1831695854297,13.6554780886652],[-89.1825519516869,13.6552436801388],[-89.1825277184106,13.6551295363228],[-89.1825429843508,13.6550058659725]]]]}},{"type":"Feature","properties":{"text_1":"URB BRISAS DE SAN MARCOS","zona":0},"geometry":{"type":"MultiPolygon","coordinates":[[[[-89.1804309469349,13.6561673339042],[-89.1802605834079,13.6563088612928],[-89.1800337743769,13.6563446896743],[-89.179891239235,13.656340749962],[-89.1797445399765,13.6562882930908],[-89.1795895497081,13.6562115916178],[-89.1792692665254,13.6560622317754],[-89.1792690770004,13.656062176776],[-89.1792722471267,13.6559987988483],[-89.1793353381382,13.6558480122683],[-89.1793763570257,13.6557450008147],[-89.1794534037825,13.6557732030376],[-89.1795356483357,13.6558031414374],[-89.1796352654554,13.6558393889538],[-89.1796201888683,13.6558778299198],[-89.179699963727,13.6559089731513],[-89.1797401166278,13.6559247899704],[-89.1797418981053,13.6560268165962],[-89.1798708300415,13.6560283692187],[-89.1798621347818,13.6561186203453],[-89.1798620494345,13.6561435931882],[-89.1800295194477,13.6561281243323],[-89.1800387619145,13.6560476375649],[-89.180048053676,13.6560061926501],[-89.1800854913824,13.6560237143369],[-89.1801842806825,13.6560541673732],[-89.1803298636114,13.656082884028],[-89.1803541337624,13.6560981284778],[-89.1804309469349,13.6561673339042]]]]}},{"type":"Feature","properties":{"text_1":"LOT BRISAS DE SAN MARCOS","zona":0},"geometry":{"type":"MultiPolygon","coordinates":[[[[-89.1797401166278,13.6559247899704],[-89.179699963727,13.6559089731513],[-89.1796201888683,13.6558778299198],[-89.1796352654554,13.6558393889538],[-89.1795356483357,13.6558031414374],[-89.1794534037825,13.6557732030376],[-89.1793763570257,13.6557450008147],[-89.1793353381382,13.6558480122683],[-89.1792722471267,13.6559987988483],[-89.1792690770004,13.656062176776],[-89.1789788834677,13.6559763266083],[-89.178793170507,13.6559481201094],[-89.1785376046196,13.6559182983183],[-89.1781382870657,13.6558521399542],[-89.1777672608616,13.6558250385368],[-89.1773085972086,13.6557815805311],[-89.1772998709698,13.6556812347138],[-89.1773157358004,13.6555832131548],[-89.1773589198729,13.6555029885453],[-89.1774292862942,13.6552579165494],[-89.1774597030638,13.6551522483834],[-89.1774902551618,13.6550765125631],[-89.1775080237458,13.6550811005579],[-89.1775665016006,13.6550858896526],[-89.1776212404127,13.655090366879],[-89.1776764996521,13.6550948997587],[-89.177731106293,13.6550993770561],[-89.1777849262977,13.6551037807909],[-89.1779543576017,13.6551170973352],[-89.1780090488758,13.6551210285578],[-89.1780638362251,13.6551273297086],[-89.1781210170521,13.6551317860738],[-89.1781763048026,13.6551361055015],[-89.1782843536447,13.6551464680694],[-89.1783945067217,13.6551599384586],[-89.1785597793556,13.6551801633522],[-89.1786148036779,13.6551868890383],[-89.1786698372539,13.6551936246482],[-89.1787477596602,13.6552031574312],[-89.1788497963405,13.6552103767621],[-89.1789223010738,13.6552158215023],[-89.1789775887322,13.6552199744335],[-89.1790313243947,13.6552240082642],[-89.1790328856357,13.6552241273455],[-89.1790881825335,13.6552282703023],[-89.1791434794409,13.6552324231894],[-89.1791988623173,13.6552365850404],[-89.1792541592217,13.6552407288637],[-89.1793095504201,13.6552448897799],[-89.1793680946064,13.6552492906273],[-89.1793502139397,13.6553838283939],[-89.17934793898,13.6554295634699],[-89.1794146520137,13.6554349011098],[-89.1794497022608,13.6554005456439],[-89.1794893627513,13.6554034968375],[-89.1795198811218,13.6554333247535],[-89.1797285778806,13.6554535081184],[-89.1797186309383,13.6555036634228],[-89.1797311276939,13.6555449721844],[-89.1797352153718,13.6556797352599],[-89.1797366917397,13.6557284386965],[-89.1797401166278,13.6559247899704]]]]}},{"type":"Feature","properties":{"text_1":"COLONIA PERLA ESCONDIDA","zona":0},"geometry":{"type":"MultiPolygon","coordinates":[[[[-89.1858021577602,13.6513197631475],[-89.1855196421432,13.651016087252],[-89.1854928118009,13.6509936809756],[-89.1852412158796,13.6507834567371],[-89.1851170422238,13.6506550689286],[-89.1848935223985,13.6504239613186],[-89.1848803763511,13.6504134652413],[-89.1846851686968,13.6502576133594],[-89.184413681296,13.6501103431638],[-89.1847337659456,13.6499283921715],[-89.1847678228444,13.6499199251171],[-89.1848042310896,13.6498926019629],[-89.1848151809427,13.6498677321253],[-89.1848656802527,13.6498020886258],[-89.1848983992504,13.6497660221513],[-89.1849575021198,13.649700862074],[-89.1850023226646,13.6496470981785],[-89.1850473538394,13.6495967490282],[-89.1850546652113,13.6496030011854],[-89.1850720256794,13.6496178526597],[-89.1851764979192,13.6494519175682],[-89.1852315746374,13.6493576424094],[-89.1852685090047,13.6492896950742],[-89.1852977891961,13.6491769366204],[-89.1853336850883,13.6491365534062],[-89.1853787597889,13.6490220340024],[-89.1854284824225,13.6489928034433],[-89.1855150377927,13.6489345273749],[-89.1855777682561,13.6489562684112],[-89.1856396176595,13.6489777145232],[-89.1857010306822,13.6489989937287],[-89.1857617252359,13.6490198748443],[-89.1857140495763,13.6491481607833],[-89.1856662023534,13.6492757888068],[-89.1857797434638,13.6493162897096],[-89.1857771956352,13.649349576633],[-89.1857656913685,13.649499687796],[-89.1856390278645,13.6494775693464],[-89.18567976389,13.6493220579484],[-89.1855826610735,13.6492920216315],[-89.1855782133985,13.6493048629968],[-89.1855373716807,13.6494225546224],[-89.1854911039159,13.6495490253381],[-89.1854713691514,13.6495719385742],[-89.1854286071195,13.6497030897087],[-89.1853850714049,13.6498365734652],[-89.185393257805,13.649871776682],[-89.1853030559429,13.6501203188414],[-89.1853472007641,13.6501462110637],[-89.1854252271418,13.650181537888],[-89.1855107578913,13.6502157942391],[-89.1856419826322,13.6503075407953],[-89.1856681386286,13.6503258294236],[-89.1856794970293,13.6503631128074],[-89.185683168807,13.6504105924972],[-89.1856375617861,13.6504621172592],[-89.185687806512,13.6505658291949],[-89.1856469414496,13.6506670356293],[-89.1856380452941,13.6506917557143],[-89.1856253438234,13.6507269837287],[-89.1856249942858,13.6507279556788],[-89.1856093365585,13.6507486449793],[-89.1859540594,13.6511552733785],[-89.1859587495644,13.6511849067115],[-89.1860772799754,13.6510828171191],[-89.1862241012234,13.650944969689],[-89.1862390799526,13.6508920977139],[-89.186251649059,13.6508800745378],[-89.1863413456786,13.6508440008668],[-89.1863988153633,13.6509749559727],[-89.1864072641479,13.6509712933167],[-89.1864447876105,13.6510495972367],[-89.1864759017461,13.6511018322818],[-89.186526447862,13.6511910119099],[-89.1864471969178,13.6512357406491],[-89.186407614047,13.6512576421831],[-89.1863846824599,13.6512716635962],[-89.1865318720574,13.6514910924991],[-89.1865146487782,13.6515061644385],[-89.1864404554269,13.6515660322765],[-89.1863451939622,13.6516506475038],[-89.1862940267048,13.6516863313351],[-89.1861931419919,13.6518412954154],[-89.1858021577602,13.6513197631475]]],[[[-89.1853798052142,13.6560880052571],[-89.1853632446099,13.6560800761286],[-89.185226109102,13.6562377787862],[-89.1851611258003,13.6562169098114],[-89.1851585725549,13.6562083039522],[-89.1851501926865,13.6561800147667],[-89.1851507556106,13.6561495160585],[-89.1851515361567,13.6561430182814],[-89.1851692293661,13.6561478453111],[-89.1851698409253,13.6561427270033],[-89.1851761688357,13.656088852873],[-89.1851974305737,13.6560933997182],[-89.1852262302235,13.6560547537366],[-89.1852705074676,13.6560079872591],[-89.1853381346081,13.6558522243021],[-89.185363972919,13.6558032689139],[-89.1854385171706,13.6556694282768],[-89.1854634532125,13.6556156512841],[-89.1855132245329,13.655550304694],[-89.1855705233234,13.6555118405464],[-89.1856006118666,13.6554153253535],[-89.1856504631006,13.6553670089405],[-89.1856834649296,13.6552446492097],[-89.185679484447,13.6552019640158],[-89.1855819953242,13.6552254367097],[-89.1855293702076,13.6552361848501],[-89.1855417851248,13.6552088064785],[-89.1855841537015,13.655106126503],[-89.1855364035399,13.6551299503114],[-89.1854235124267,13.6550897073274],[-89.185217180984,13.6549723593175],[-89.185219320238,13.6549963588024],[-89.1851561791428,13.6550080132539],[-89.1851548080508,13.6549852632755],[-89.1851739997771,13.6549458743002],[-89.1852330714324,13.6548629987772],[-89.1855238340531,13.6547575220405],[-89.1855718764776,13.6546719430741],[-89.1855622580704,13.6545979955355],[-89.1855660143822,13.6545721594114],[-89.1855645876609,13.6545269829634],[-89.1855622777564,13.6544542610129],[-89.1855069679411,13.6544582645102],[-89.1855042208948,13.6544312853473],[-89.185498802596,13.6543058452206],[-89.1854427183842,13.6543111906663],[-89.1854406193904,13.6541694752311],[-89.185449604447,13.6541611851709],[-89.1854915775599,13.6541573029256],[-89.1855860425268,13.6541533159835],[-89.1857546154232,13.6541462097404],[-89.1857882761421,13.6541503223384],[-89.18577994626,13.6540296967477],[-89.1857903869267,13.6539475149529],[-89.1858243205327,13.6537343637629],[-89.1858315783689,13.6536726765515],[-89.1858625315329,13.6536765127861],[-89.1858717033386,13.6536776727809],[-89.1859425930072,13.6536866156457],[-89.1859533362802,13.6536879769215],[-89.1859993969265,13.6536939222496],[-89.1860236391287,13.6536970503674],[-89.1861007094713,13.6537070071996],[-89.1861090955596,13.6537080837181],[-89.1861686049479,13.6537131013835],[-89.1861715526841,13.6537658296163],[-89.1861736941533,13.653804193776],[-89.1861711137733,13.6538804183988],[-89.1861697449301,13.6539213396202],[-89.1861678879017,13.6539550598877],[-89.1861561212486,13.6539523200538],[-89.1861393287691,13.6541055446047],[-89.1861179008157,13.6542259613102],[-89.186116433915,13.6542259163218],[-89.1861348991092,13.6542486623964],[-89.1861228452736,13.6543023465524],[-89.1861178559778,13.6543246385464],[-89.186105010092,13.6543819325494],[-89.1861028315629,13.6543913383111],[-89.1860855038229,13.6544662688684],[-89.1860725524579,13.6545222767081],[-89.1860678269625,13.6545427173264],[-89.1860566599781,13.6545806468394],[-89.1860351666993,13.6546536453071],[-89.185999352802,13.6547752398094],[-89.1859520796283,13.6549357537984],[-89.1860519861949,13.6551092529874],[-89.1861563116225,13.6551141174309],[-89.1861953139002,13.6551227228019],[-89.1861794061122,13.6551851197988],[-89.186254194038,13.6552045655816],[-89.1862379470449,13.6552704699475],[-89.1862205593827,13.6553409579182],[-89.186207827319,13.6553867841356],[-89.1862025182697,13.655411500616],[-89.1861888444936,13.6554750438664],[-89.1861805746816,13.655513508103],[-89.1861724079792,13.6555514543299],[-89.1861511870994,13.65562300908],[-89.1861313453268,13.6556899619641],[-89.1861106719734,13.6557596380043],[-89.1860883098189,13.6558350532391],[-89.1860754712713,13.6558783712235],[-89.1860696766337,13.6558992013241],[-89.1860539947656,13.6559727133234],[-89.1860348807707,13.6560390094211],[-89.1859991322729,13.6561115007337],[-89.1859614845504,13.6561878160444],[-89.1859445776376,13.6562562942732],[-89.1859416117667,13.6562647750406],[-89.1859410957944,13.6562703569756],[-89.1859363287082,13.6563224248691],[-89.1859227681963,13.656325961212],[-89.1859314634255,13.656357850342],[-89.185928458085,13.6563748657054],[-89.1859282992595,13.65643819444],[-89.1859273484763,13.656467841071],[-89.1859254079959,13.6565036349288],[-89.1859922922949,13.6565110731121],[-89.1859827473819,13.6566133016917],[-89.1859900107072,13.6566660176175],[-89.1858703124785,13.6566834818632],[-89.185791494601,13.6567395204765],[-89.1857660497319,13.6566991654708],[-89.1857802073458,13.6566487943274],[-89.1857686757183,13.6565845208169],[-89.1857394393029,13.6565733617335],[-89.1857185443772,13.6565546623915],[-89.1856985022665,13.6565367207707],[-89.1856202957099,13.6564667217106],[-89.185582653429,13.6564306892738],[-89.185537863797,13.6563927188519],[-89.1854409885211,13.6563419496994],[-89.1855398534645,13.6561790268886],[-89.1854626373094,13.6561293348147],[-89.1854389630088,13.6561140985545],[-89.1853798052142,13.6560880052571]]]]}},{"type":"Feature","properties":{"text_1":"COLONIA CALIFORNIA","zona":0},"geometry":{"type":"MultiPolygon","coordinates":[[[[-89.1949484069729,13.6730204497601],[-89.1949417831808,13.673399899455],[-89.1948505894612,13.6738323409178],[-89.1944493256266,13.6750141698493],[-89.1939516893956,13.6746739098725],[-89.1942190597542,13.6733707132986],[-89.1942032405671,13.6733344805758],[-89.1942010086988,13.6732903126909],[-89.194202707994,13.6732503728259],[-89.1942070553529,13.6732078665245],[-89.1942168803215,13.6731617177271],[-89.1942267052712,13.6731155508512],[-89.1942373876364,13.6730644227314],[-89.1942604215111,13.6729316379846],[-89.1942710919645,13.6728784182633],[-89.1942960544634,13.6727539713077],[-89.1943293214704,13.6725880986853],[-89.1943504754117,13.6724490125646],[-89.1943498321078,13.672392043391],[-89.1940432892488,13.6723575108671],[-89.1940081404377,13.6723535497166],[-89.1939024055645,13.6723371298218],[-89.1939796706028,13.6718749326534],[-89.1939244047245,13.6718675155033],[-89.1938068390204,13.6718510407196],[-89.1937871476664,13.6718482794765],[-89.1936495596752,13.67182900567],[-89.1935998976268,13.6718219275138],[-89.1935897383403,13.6719100696279],[-89.1935335239157,13.6722798577516],[-89.1934177300755,13.6731186506223],[-89.1933826178806,13.67333244266],[-89.1933788228769,13.6733555111919],[-89.1933592867819,13.6733573497052],[-89.1933189489188,13.6733506618745],[-89.1933147554331,13.6733972590595],[-89.1933017344519,13.6735049428645],[-89.1931882524371,13.6741518878517],[-89.1924107355137,13.6736202480041],[-89.1922168851768,13.6734876981224],[-89.1914267078445,13.6726654217838],[-89.1913582798302,13.6725354671645],[-89.1912952835894,13.6724158470318],[-89.1912673169613,13.6723627397449],[-89.1911199470763,13.6720828923522],[-89.1911173020735,13.6720778778],[-89.1909149692279,13.671382085921],[-89.1908086389973,13.6707120165033],[-89.1912015326492,13.6706409591034],[-89.1912422552776,13.6706326622387],[-89.1913005755057,13.6705783498349],[-89.1913108852172,13.6705684559335],[-89.1913444541217,13.670538515467],[-89.1913534019519,13.6705305388773],[-89.191401479313,13.6704876650543],[-89.1914438925647,13.6704498402599],[-89.1914601227895,13.6704353698506],[-89.1915162131462,13.6703853444896],[-89.1915317819934,13.6703714585057],[-89.1916532913889,13.6703611173076],[-89.1916896062975,13.6703093763613],[-89.191825699482,13.6703422677765],[-89.191814646818,13.6703807433872],[-89.1918941604328,13.6703975082356],[-89.1919851584765,13.6704166802002],[-89.1919923912498,13.670417350666],[-89.1920404661386,13.6704168964351],[-89.192078872177,13.6704458651485],[-89.1921704904199,13.6704592796632],[-89.1922656523608,13.6704779484171],[-89.1924211609619,13.6705468471851],[-89.1925387641371,13.6705750045201],[-89.1924444980027,13.6708999032251],[-89.1924203959151,13.6709663519175],[-89.1927492397836,13.6711541918944],[-89.1928983977553,13.6712581573583],[-89.1930175331038,13.6713415980895],[-89.1930694427153,13.671192843389],[-89.1930969175393,13.6710035483614],[-89.1931098906616,13.670998604725],[-89.1930697157789,13.6709489881186],[-89.1928904350456,13.6705975350769],[-89.193176984641,13.6705977268538],[-89.1932553317306,13.6706109380697],[-89.1933573652589,13.670628129463],[-89.1934484546592,13.670643487288],[-89.193539544064,13.6706588360405],[-89.1936318168349,13.6706743872036],[-89.1937747401829,13.6706551238428],[-89.193818696641,13.6706653637601],[-89.1940125964296,13.6707105646224],[-89.194164840637,13.6707456348462],[-89.1943700444845,13.6707929000329],[-89.194446816009,13.6708121193897],[-89.1945838115679,13.6708589475043],[-89.1947337576673,13.6709092642593],[-89.1948607373923,13.6708975567857],[-89.1949017012025,13.6708937288766],[-89.1949343181333,13.6712346434589],[-89.1949116931848,13.6715746292306],[-89.1948965833161,13.6717651828206],[-89.1948162249965,13.6718732897618],[-89.1948664302089,13.6721475852189],[-89.1949119975278,13.672455926767],[-89.1949364053015,13.6726908762871],[-89.1949453161651,13.6727755052703],[-89.1949484069729,13.6730204497601]]]]}},{"type":"Feature","properties":{"text_1":"COLONIA EL MIRADOR","zona":0},"geometry":{"type":"MultiPolygon","coordinates":[[[[-89.1847665570175,13.6658367969694],[-89.1846458667103,13.6660318719119],[-89.1845830716053,13.6660889167696],[-89.1845110718157,13.6661294652295],[-89.1844467278637,13.6661670088076],[-89.1843685938149,13.666206071306],[-89.1842953593644,13.6662281830082],[-89.1841960960194,13.6661922525859],[-89.184075901542,13.6661631025305],[-89.1840276356811,13.6661593902068],[-89.1839418483202,13.6662284476753],[-89.1838080593101,13.6663409974837],[-89.1836586383386,13.6664971166172],[-89.1835488791736,13.6666070749513],[-89.1834501260738,13.6667157668063],[-89.1834095690324,13.6667782271724],[-89.1833873673052,13.6668081589881],[-89.1833124504692,13.6669550496271],[-89.1832545301807,13.6671110080913],[-89.1832301749562,13.6671946996573],[-89.1832057534315,13.667205176803],[-89.1831935544569,13.6672320740095],[-89.1831798625955,13.6672873789873],[-89.1831859877856,13.667324721495],[-89.1831921198351,13.6673471352929],[-89.183207402479,13.6673665422514],[-89.1832196376121,13.6673979108939],[-89.1832258127274,13.6674755905126],[-89.1832377655254,13.6676191216953],[-89.1832497871135,13.6678260003893],[-89.1832489531498,13.6679336926831],[-89.1832453521346,13.6679779291994],[-89.1831584793025,13.6679658871665],[-89.1831188115084,13.6679563372441],[-89.1830652277254,13.6679434369989],[-89.1830208356349,13.6679316037269],[-89.1829204151463,13.6679048554028],[-89.1828313175931,13.6678811248551],[-89.182786631524,13.6678692176402],[-89.1827398633839,13.6678567569738],[-89.1827391527981,13.6678439845835],[-89.1826237313292,13.6677949961396],[-89.1825882815829,13.6677797132187],[-89.1825927139021,13.6677714347834],[-89.1827724361639,13.6674826293476],[-89.1827372335766,13.6674689470596],[-89.1827318739107,13.6674662212838],[-89.1826221302645,13.6674151912437],[-89.1825180435912,13.6673711648421],[-89.1822847191594,13.6672454851954],[-89.1822534140062,13.6672286164364],[-89.1822224007155,13.6672102488018],[-89.1822156935892,13.667007411038],[-89.1822038537428,13.6667523184734],[-89.182135418947,13.6667038599151],[-89.1820296400837,13.6665522151924],[-89.1819306075036,13.6664212076483],[-89.181959982723,13.6664025440157],[-89.1818826370927,13.6662868106668],[-89.1820210290728,13.6662372354715],[-89.182151701073,13.6661438026762],[-89.1822227560393,13.6660930000318],[-89.1822597547189,13.6660665472871],[-89.182350644024,13.6659856203081],[-89.1823872993164,13.6658835381243],[-89.182410206724,13.6657873432478],[-89.1824123009266,13.6657785305404],[-89.1824163274183,13.6657094691845],[-89.1821785034289,13.6657357101517],[-89.1821757697485,13.6657137294863],[-89.1824277432079,13.6656857931683],[-89.182473698929,13.6655416920033],[-89.1824783079191,13.6655419570398],[-89.1825822506195,13.6655587528716],[-89.1828141807935,13.6652697793518],[-89.1828857067178,13.6652533801595],[-89.182873125568,13.6651905047374],[-89.1828554094724,13.665096432535],[-89.1829896736396,13.6650709802601],[-89.1830205816157,13.6650517052309],[-89.1830880279954,13.6650360592472],[-89.1831433033448,13.6650213469925],[-89.1832253572323,13.6650082444955],[-89.1833045162333,13.6649491052143],[-89.1833165191427,13.6650230320487],[-89.1833207891126,13.6650366261366],[-89.1833342517407,13.6650645319492],[-89.1833648150572,13.6651130193218],[-89.1833924338451,13.6651478185146],[-89.1834769725864,13.6652747552122],[-89.1836441965533,13.6651670037887],[-89.1836777709129,13.6652289930434],[-89.1836851777502,13.6652480171821],[-89.1837169122324,13.6653295382332],[-89.1837467507998,13.6654061914221],[-89.1837487882818,13.6654100305434],[-89.1837870372842,13.6654816978934],[-89.1838334186375,13.665568659364],[-89.183872330507,13.6656415853284],[-89.1838932886446,13.665679990556],[-89.1839467060135,13.6657348106165],[-89.1842153229499,13.6654459647062],[-89.1842572203494,13.6653310583915],[-89.1843759032314,13.6654358021095],[-89.1845388676582,13.6656062093354],[-89.1845941620866,13.6656640269659],[-89.1846789339774,13.6657489781224],[-89.1847665570175,13.6658367969694]]]]}},{"type":"Feature","properties":{"text_1":"COLONIA LOS ALPES1","zona":0},"geometry":{"type":"MultiPolygon","coordinates":[[[[-89.1751298069739,13.6559357986666],[-89.1751064360807,13.6562513944924],[-89.1751062581299,13.6562532277159],[-89.1750895703702,13.6562515917996],[-89.1750813534728,13.6562506259639],[-89.174980136551,13.6562387485288],[-89.1749439830362,13.656395152411],[-89.1748203858731,13.6565425750081],[-89.1746055530609,13.6565324259608],[-89.1746048390266,13.6565392662327],[-89.1745724060825,13.6565955096493],[-89.1745463748247,13.6566416963141],[-89.1745359558136,13.6566576330307],[-89.174523050156,13.6566769683447],[-89.1745205542677,13.6566803669491],[-89.1745109618377,13.6566866775122],[-89.1745008351237,13.6566879619004],[-89.174492157208,13.656689791212],[-89.1744516542631,13.6566864972344],[-89.1743774288617,13.6566970178736],[-89.174215068895,13.6566991784612],[-89.1741378928586,13.6568928941897],[-89.1741159255495,13.6569326638997],[-89.174084912805,13.6570009940178],[-89.1740276504299,13.6570155013687],[-89.174008783914,13.6570499467476],[-89.1739677397905,13.6571210796922],[-89.1739753579191,13.657144750898],[-89.1739874322431,13.6572172617583],[-89.1739940399283,13.6572569371187],[-89.1739936637745,13.6572607409701],[-89.1739899432798,13.6572980355504],[-89.1739899149069,13.6572984152059],[-89.1739325440046,13.6573437544299],[-89.1739507344058,13.6574323755846],[-89.1739507658865,13.6574486935576],[-89.1739509528341,13.6575352358359],[-89.1739510848103,13.6575986945124],[-89.1739670342156,13.6576766639577],[-89.1739708651478,13.6577124256143],[-89.173975411843,13.6577548972721],[-89.1739802066914,13.6578391874015],[-89.1739638618511,13.657892669707],[-89.1739535511024,13.6579263877204],[-89.1739466299629,13.6579490595613],[-89.1739397146226,13.6579658271634],[-89.1739215456202,13.6580099256266],[-89.1739299435728,13.6580893999733],[-89.1739102485272,13.6581047692502],[-89.1739036525068,13.6581196294095],[-89.1739014230845,13.6581246665784],[-89.1739005174197,13.658179887899],[-89.1739166012718,13.658248397098],[-89.1739350248464,13.6583060208557],[-89.1739362774447,13.6583099717935],[-89.173943839585,13.6583866148306],[-89.1739500697622,13.6584532246844],[-89.1739562049987,13.6585189370386],[-89.1739296151462,13.6585164195204],[-89.1739239094687,13.6586465797414],[-89.1739224996683,13.6586725342406],[-89.1739299673734,13.6586727232961],[-89.1740126186082,13.658700969355],[-89.1740539477956,13.6587211547871],[-89.1741304167013,13.6587736647872],[-89.1741676437143,13.6588262025591],[-89.1742007538847,13.6589050212414],[-89.1742235478183,13.6590101324588],[-89.1742236421804,13.6591375027743],[-89.1742241421342,13.6594293127696],[-89.1742351472611,13.6597064903175],[-89.1742097616842,13.6597052491782],[-89.1742106027611,13.6597301282575],[-89.1741646173536,13.659966750496],[-89.174142449625,13.6600807616563],[-89.1739613006174,13.660071911491],[-89.1739474805568,13.6600712361154],[-89.1738795662104,13.6600679243717],[-89.1736587761894,13.6600571495986],[-89.1736204548339,13.6598432918989],[-89.173614714238,13.6598112429759],[-89.1735947656245,13.6596999551993],[-89.1739039972272,13.6597119908032],[-89.1738970649911,13.6596684840684],[-89.1738787453694,13.6595340645211],[-89.1738716460568,13.6594820983617],[-89.1737895755808,13.6594695958671],[-89.1733558289494,13.6594035652514],[-89.1733752527354,13.6595604295493],[-89.1731150384026,13.6595462572264],[-89.1731087035948,13.6595682714984],[-89.1730431557904,13.6595651250781],[-89.172928591083,13.6596686400354],[-89.1728055303989,13.6596344608329],[-89.1728006558148,13.6596096957619],[-89.1727227249269,13.6595764293711],[-89.1726413942725,13.65954172092],[-89.1726391520396,13.6595809858306],[-89.1727590456918,13.6596450175281],[-89.1727549006651,13.6597879585801],[-89.1725955174802,13.6597609328924],[-89.1725225140116,13.6596708035443],[-89.1723736009201,13.6595948615808],[-89.1724240535844,13.6594454089596],[-89.1724380036432,13.6594040903299],[-89.1723778863693,13.6593594539129],[-89.172283951649,13.6592765874878],[-89.1722910051885,13.659227452305],[-89.1722224876155,13.6592141624432],[-89.1721341523245,13.6592042471117],[-89.1721071538488,13.6593280072555],[-89.1720257996101,13.6593644305359],[-89.1719401956715,13.6593608811557],[-89.1718607651019,13.6593216823814],[-89.1718518837503,13.6593703560353],[-89.1717776193737,13.6593541450653],[-89.1717044989266,13.659272836654],[-89.1716703479712,13.6593233610405],[-89.1716227726754,13.6592922569155],[-89.171605866393,13.6594575601478],[-89.1715508790471,13.6594379948654],[-89.1715528608761,13.6593392792467],[-89.1715294440031,13.6592998107907],[-89.171513510226,13.6592549860624],[-89.1714068162628,13.6591590588008],[-89.1713963628846,13.6591536508592],[-89.1713704847269,13.6592171086774],[-89.171324413539,13.6593283504422],[-89.1713006879597,13.6593193054352],[-89.1709595681888,13.6591893495758],[-89.1709450040205,13.6592839178333],[-89.1709369314472,13.6594027872803],[-89.1709427818428,13.6595088370665],[-89.1709583102174,13.6596598361832],[-89.1709405850174,13.6596897999276],[-89.1710476522201,13.6597523598926],[-89.1710763695554,13.6599741201856],[-89.1709835484571,13.6599644380545],[-89.1708340065516,13.6598825994982],[-89.1707630221211,13.6598607682441],[-89.170593885096,13.6598660875419],[-89.1704391399161,13.6599570596611],[-89.1703559405486,13.6599938913226],[-89.1700512293379,13.6600428157626],[-89.1700516107664,13.6600334294666],[-89.1700549028987,13.6599524753723],[-89.1700451934585,13.659811376141],[-89.1700400321067,13.659728373341],[-89.1700204653247,13.6596340330186],[-89.1699882585736,13.65955902668],[-89.1698703146046,13.6592844311416],[-89.1698290355384,13.6591502585473],[-89.1698144911648,13.659102619832],[-89.1697949163109,13.6590877959324],[-89.1697027171154,13.6590734849524],[-89.1696674407214,13.6589418906119],[-89.1696614113714,13.6589815847466],[-89.1695995092114,13.6589937061784],[-89.1695396122954,13.6589512536265],[-89.1694812156819,13.6588371320973],[-89.1694978627839,13.6588334553347],[-89.1694755869775,13.6587748341949],[-89.1694581513447,13.658707834238],[-89.1694418068747,13.6586440351196],[-89.1693819330207,13.6585153736442],[-89.1693381202063,13.6584509552875],[-89.1693029605646,13.6584028028615],[-89.1692626814356,13.6583550516674],[-89.1692230394601,13.6582588820538],[-89.1691724321609,13.6581174692461],[-89.1691398218319,13.6579947311499],[-89.1691305005993,13.6579568526602],[-89.1690870848598,13.6578659535116],[-89.1690576219094,13.6578280888672],[-89.1690065044721,13.6577932761855],[-89.1688356346098,13.6577286946469],[-89.1689539098893,13.6575987817244],[-89.1690399721443,13.657488641873],[-89.1691227672317,13.6574034218788],[-89.1691798734779,13.6573704871908],[-89.169168932496,13.6573320918847],[-89.1691786478296,13.6573113706665],[-89.1692003082198,13.6572651875794],[-89.1692225623982,13.6572156904069],[-89.169242113114,13.6571702680385],[-89.1692603823409,13.6571204581458],[-89.1692743905663,13.6570810369249],[-89.1692764024124,13.6570753717413],[-89.1692822425038,13.6570757744734],[-89.1692855705922,13.6570303352473],[-89.1692898526645,13.6569965854233],[-89.1692902401489,13.656995576411],[-89.1692949536113,13.6569832901529],[-89.1693059406262,13.6569546635022],[-89.1693092774454,13.6569483212935],[-89.1693180351074,13.6569249532238],[-89.1693241606974,13.6569020958582],[-89.1693368111103,13.6568562895583],[-89.1693380473914,13.656851818048],[-89.169351263174,13.6568158592814],[-89.1693613894769,13.6567882880649],[-89.1693627785886,13.6567842611651],[-89.1693824746198,13.6567186691973],[-89.1693833061208,13.6567155773077],[-89.1694017133288,13.6566469699321],[-89.1694019493049,13.656646071299],[-89.1694144338989,13.656607493548],[-89.1694378404916,13.6565681309224],[-89.1694597609749,13.6565418567977],[-89.1695273972982,13.6564623118117],[-89.1695212933005,13.6564368623686],[-89.1695934496039,13.656326778906],[-89.1696728117884,13.6562987432229],[-89.1697433032802,13.6562936409052],[-89.1695405422621,13.6562499816978],[-89.1694908908772,13.6562392975506],[-89.1694925892602,13.6562321971976],[-89.1695043001678,13.6561833553559],[-89.1695129912211,13.6561471493196],[-89.1695218712146,13.6561101938248],[-89.1695337333895,13.6560609261431],[-89.169539338198,13.6560375792199],[-89.1695481607385,13.6560119712472],[-89.1695641407865,13.6559641162225],[-89.1695770896844,13.6559401441631],[-89.1695874871796,13.6559208659755],[-89.169605399434,13.6558876897558],[-89.1696208229068,13.6558550431255],[-89.1696425396257,13.6558090913544],[-89.1696585020881,13.6557753425031],[-89.1696657913918,13.6557641192471],[-89.1696892222778,13.6557188885002],[-89.1697059234055,13.655686638696],[-89.1697226152725,13.6556543708191],[-89.169745649219,13.6556098797258],[-89.169753153347,13.6555953616256],[-89.1698011438126,13.655534610325],[-89.1698703713229,13.6555624684302],[-89.1701474424262,13.6556739954531],[-89.1701833242777,13.6556884374454],[-89.1704007492507,13.6557361959684],[-89.1705571150576,13.6557705467145],[-89.170726347405,13.6557834525852],[-89.1707558131602,13.6557856999965],[-89.170933851284,13.6558162499457],[-89.1712629391501,13.6558727132011],[-89.171373039465,13.6558912404423],[-89.1719632109798,13.6559905424099],[-89.1719807611145,13.6559934921969],[-89.1720221823314,13.6559975913087],[-89.1724049806315,13.6560354756907],[-89.1725059879816,13.6560454660984],[-89.1728158955586,13.6560947213292],[-89.1732931089079,13.6561356482592],[-89.1735598723182,13.6561541472304],[-89.1736899649505,13.6561766210903],[-89.1740389491073,13.6561673037781],[-89.1744934821214,13.6560898614478],[-89.1748067538217,13.6560546799591],[-89.1749840315815,13.656016382439],[-89.1751298069739,13.6559357986666]]]]}},{"type":"Feature","properties":{"text_1":"COLONIA LOMAS DE SAN JACINTO","zona":0},"geometry":{"type":"MultiPolygon","coordinates":[[[[-89.1957089094169,13.6597813053111],[-89.1956525263984,13.6596898743154],[-89.1956838169842,13.6596781774378],[-89.1957858918421,13.6596372501352],[-89.1958624271531,13.6596145864214],[-89.1959265265057,13.6596283911488],[-89.1959645537735,13.6596480485599],[-89.1960011286627,13.6597183911601],[-89.1960452321674,13.6598729851174],[-89.1960639565218,13.6599776166862],[-89.1960610926226,13.6601191135998],[-89.1960524192145,13.6601828468345],[-89.1960346171223,13.6602864345994],[-89.1960137828054,13.6603185412439],[-89.1959720637522,13.6603455647616],[-89.1959228867537,13.6603609131949],[-89.1958483694391,13.6603741070321],[-89.1958029120485,13.6603785207876],[-89.1957500185872,13.6603975193568],[-89.195707662098,13.6604205716277],[-89.1954131321694,13.6605626520878],[-89.1954042387034,13.6605664636434],[-89.1953989507485,13.6605132004813],[-89.1953932658184,13.6604271434644],[-89.1953919046172,13.6604064028955],[-89.1953843523552,13.6603390163836],[-89.1953761417488,13.6602657903368],[-89.1953726803388,13.6602348600337],[-89.1953617457925,13.6601861551729],[-89.195344199203,13.6601080862469],[-89.1953322478747,13.6600548844167],[-89.1953318973427,13.6600434992489],[-89.1953296695169,13.6599709165392],[-89.1953287167518,13.6599400122633],[-89.1953251725192,13.6598894783763],[-89.1953895626727,13.6598772092921],[-89.1954581275429,13.6598655198845],[-89.1955096369587,13.6598662472485],[-89.1955899806966,13.6598370553826],[-89.1956808008957,13.6597958957355],[-89.1957089094169,13.6597813053111]]]]}},{"type":"Feature","properties":{"text_1":"COMUNIDAD MONTELIZ","zona":0},"geometry":{"type":"MultiPolygon","coordinates":[[[[-89.175647097884,13.6441204346037],[-89.1752485239471,13.6440207826189],[-89.1742018676256,13.6437590580095],[-89.174126477951,13.6437644796343],[-89.1739958692239,13.6437385444489],[-89.1738631258957,13.6437706732594],[-89.1737722193681,13.6438081126443],[-89.1736504162946,13.6438776078308],[-89.1736336793151,13.6438857185427],[-89.1735617626967,13.6438895367451],[-89.1735467684267,13.6438870299822],[-89.1735184733158,13.6438271461618],[-89.1735531126857,13.6437494464614],[-89.1735910679082,13.6436900338129],[-89.1737566552424,13.6435847324868],[-89.1738371571776,13.6435046032064],[-89.1739151852999,13.6434576205503],[-89.1740202198328,13.6434051303124],[-89.1741396772469,13.6433637187917],[-89.1742086773592,13.6433445191085],[-89.1744470036122,13.6432970529745],[-89.1744932401168,13.6432890315507],[-89.1745521720795,13.6432845570269],[-89.1746356360717,13.6432818502593],[-89.1747846556455,13.6432975905535],[-89.175021169323,13.6433719131634],[-89.1751015522399,13.6433995033533],[-89.175268018587,13.6434715525868],[-89.1753380168847,13.6435094427458],[-89.1754609949502,13.6435824484415],[-89.1755111202008,13.6435972130356],[-89.1755555619847,13.6436055116015],[-89.1756273927055,13.6435870787136],[-89.1756291127493,13.6436217309862],[-89.175647097884,13.6441204346037]]]]}},{"type":"Feature","properties":{"text_1":"QUINTA VISTA ALEGRE","zona":0},"geometry":{"type":"MultiPolygon","coordinates":[[[[-89.1949017012025,13.6708937288766],[-89.1948607373923,13.6708975567857],[-89.1947337576673,13.6709092642593],[-89.1945838115679,13.6708589475043],[-89.194446816009,13.6708121193897],[-89.1943700444845,13.6707929000329],[-89.194164840637,13.6707456348462],[-89.1940125964296,13.6707105646224],[-89.193818696641,13.6706653637601],[-89.1937747401829,13.6706551238428],[-89.1936318168349,13.6706743872036],[-89.193539544064,13.6706588360405],[-89.1934484546592,13.670643487288],[-89.1933573652589,13.670628129463],[-89.1932553317306,13.6706109380697],[-89.193176984641,13.6705977268538],[-89.1928904350456,13.6705975350769],[-89.1927429718247,13.6706085633977],[-89.1925762473017,13.6705864989079],[-89.1925387641371,13.6705750045201],[-89.1924211609619,13.6705468471851],[-89.1922656523608,13.6704779484171],[-89.1921704904199,13.6704592796632],[-89.192078872177,13.6704458651485],[-89.1920404661386,13.6704168964351],[-89.1921275361187,13.6700542297958],[-89.1922511406723,13.6694692915805],[-89.1922596111662,13.6693637219598],[-89.1922879985473,13.6693414585644],[-89.192301589718,13.6692819229408],[-89.1923535583488,13.6692979878714],[-89.1924863659204,13.6693298167056],[-89.1924972534866,13.6692863327186],[-89.192508245161,13.6692424328584],[-89.1925192460675,13.6691985239516],[-89.1925302368168,13.6691546331299],[-89.1925412284788,13.6691107332682],[-89.1925522192125,13.6690668334064],[-89.1925632201173,13.6690229425751],[-89.1925689656325,13.6690000017807],[-89.1925742117671,13.6689790427115],[-89.1925852024884,13.6689351428481],[-89.1925961941374,13.6688912520223],[-89.1926071857748,13.6688473521569],[-89.1926181958576,13.668803406178],[-89.1926293091303,13.6687590524617],[-89.1926403670818,13.6687148750475],[-89.1926515558701,13.6686701877341],[-89.1926813775801,13.6686770692128],[-89.1926916225625,13.6686346044072],[-89.1926920474548,13.6686330954761],[-89.1927257775662,13.6685127987918],[-89.1926919035422,13.6685037177053],[-89.1926521510103,13.6684725563907],[-89.1926805103183,13.6684500516315],[-89.1927222185995,13.6683963900479],[-89.1927404364126,13.6683350926988],[-89.1927481591975,13.6682074017531],[-89.1927547949581,13.6681158285295],[-89.1927588693765,13.668108892473],[-89.1927988870774,13.6681298169695],[-89.1931774983566,13.6682625820135],[-89.1937016539593,13.6684114206121],[-89.1937012988447,13.6684168352135],[-89.1937859837891,13.6684482845505],[-89.1942204315471,13.6685570878666],[-89.1943110623932,13.6685564793614],[-89.194318297363,13.6686057331259],[-89.1943922430678,13.6690551393124],[-89.1944731540311,13.6696620479048],[-89.1945755632872,13.6700085991704],[-89.1946969729805,13.6703694629603],[-89.1947620110613,13.6704964853114],[-89.1948258135625,13.6706394008766],[-89.1948928878112,13.6708016869778],[-89.1949017012025,13.6708937288766]]]]}},{"type":"Feature","properties":{"text_1":"COLONIA LOS ANDES","zona":0},"geometry":{"type":"MultiPolygon","coordinates":[[[[-89.188801552932,13.6679506698574],[-89.1887813978518,13.6679696788431],[-89.1886240541098,13.6680986224699],[-89.1884357407799,13.668230117013],[-89.1882422693273,13.6683616054164],[-89.188097804033,13.6684627441228],[-89.1878475893433,13.668644804154],[-89.1876494713154,13.668742594875],[-89.1875090573598,13.6686077054928],[-89.1873757867896,13.6684795210919],[-89.1871823117638,13.6685366842175],[-89.1869368018421,13.6685776058213],[-89.1867495581852,13.6686144018623],[-89.1866101388646,13.6686104257111],[-89.1865269234187,13.6686288243193],[-89.186410422274,13.6686757379485],[-89.1862939792251,13.6687715412654],[-89.186191167541,13.6689886972625],[-89.1861030688982,13.6691161713365],[-89.1859958642546,13.6692245460992],[-89.1858484758453,13.6693178543576],[-89.1857060928305,13.6693246724204],[-89.1855162706759,13.6693103307954],[-89.1855156629913,13.6692723541731],[-89.1855153732909,13.669264847557],[-89.1855110842119,13.6691546408789],[-89.1855101659875,13.6691307805937],[-89.1854799656032,13.6691241019073],[-89.185396796946,13.6691048755346],[-89.1853732407525,13.669096886604],[-89.1853477521097,13.669087038915],[-89.1852309469902,13.6690607847546],[-89.185148545891,13.6690560245336],[-89.1850664814322,13.6690326881185],[-89.1849960505383,13.6690099801699],[-89.184928190517,13.6689828475174],[-89.1848424429684,13.6689588837833],[-89.1848094898351,13.6689544930299],[-89.1847261568838,13.6689671992999],[-89.184664145317,13.6689741968118],[-89.1846292494651,13.6689666330195],[-89.1846111542516,13.6689584275011],[-89.1845654801018,13.6689540372251],[-89.1845280046492,13.6689515389651],[-89.1844717856699,13.6689345038838],[-89.1844064386773,13.6689257417397],[-89.1843630456784,13.6689211273578],[-89.1843348127557,13.6689243510158],[-89.1842823078845,13.6689356456458],[-89.1842389884274,13.6689411294841],[-89.1842162592071,13.6689373709481],[-89.1842046739649,13.6689382211508],[-89.1841343555694,13.6689504366004],[-89.1840876242464,13.6689735651578],[-89.1839935575667,13.6689992274869],[-89.1840030062135,13.669013215399],[-89.1840028167781,13.66901328966],[-89.1839588813038,13.6690301123484],[-89.1839483024878,13.6690342582854],[-89.1839099792368,13.6690492906738],[-89.1839524644118,13.6692120971009],[-89.1839558920485,13.6692252380508],[-89.1839546637406,13.6693128922228],[-89.1839727425862,13.6693852407877],[-89.1839719898655,13.6693907758899],[-89.1839572988438,13.6694992748743],[-89.1839113299041,13.6695412020017],[-89.1838484964563,13.6695754586347],[-89.1838548474219,13.6695998797974],[-89.1837959201596,13.6696540616338],[-89.1837779570306,13.6697048991742],[-89.1837350279498,13.6697381683137],[-89.1836249325917,13.6698195919062],[-89.1836359930352,13.6699219712638],[-89.1836066989582,13.6699608958024],[-89.1835601758839,13.6699846902722],[-89.183569927707,13.6699998259186],[-89.1835671674045,13.6700765956414],[-89.1835557260809,13.6700558435587],[-89.1835335404303,13.6700700313566],[-89.1834362149356,13.6701171046168],[-89.183358713354,13.6701547688953],[-89.1833347966669,13.6701100810648],[-89.1833074770622,13.6700590188008],[-89.1832849739512,13.6700169674724],[-89.1832518149963,13.6699550058884],[-89.1831960621927,13.6699895625937],[-89.1831784264715,13.6700004884347],[-89.1831570165459,13.6700137491301],[-89.1831368366919,13.6700266853139],[-89.183117111391,13.6700393246805],[-89.1830977926132,13.6700517142683],[-89.1830935260344,13.6700544481066],[-89.1830418597154,13.6700746551391],[-89.182990288582,13.6700948431081],[-89.1829379781144,13.6701128667917],[-89.1829353471527,13.6701137663149],[-89.1828865372257,13.6701305833976],[-89.1828405015788,13.6701608293593],[-89.1827722783216,13.670140988995],[-89.1827515383363,13.6701516296742],[-89.1826962252418,13.6701800213864],[-89.1826528427555,13.6702022866753],[-89.1826269930669,13.6702155506218],[-89.1825918053158,13.6700500639356],[-89.1825820676506,13.6700042726969],[-89.1825769199195,13.6700067107034],[-89.1825278219378,13.6700299329172],[-89.1824519131716,13.6699023233481],[-89.182435082482,13.6699250868297],[-89.1824182711937,13.669947841257],[-89.1824075856784,13.6699622879752],[-89.1823953784217,13.6699788093529],[-89.1823939401292,13.6699788294013],[-89.1823167595689,13.6699800345752],[-89.1823206742572,13.6699872049707],[-89.1822990166724,13.6700232719081],[-89.1822868821105,13.6700358043451],[-89.1822753063486,13.6700477714341],[-89.1822601635322,13.6700633974146],[-89.1822447375794,13.6700786629506],[-89.1822348910062,13.6700878700737],[-89.1822106108023,13.6701105839224],[-89.1822104879763,13.670110731348],[-89.1821935985323,13.6701316807425],[-89.1821776556467,13.6701514543733],[-89.1821723674134,13.6701562896006],[-89.1821582549524,13.6701691470901],[-89.1821406526991,13.670185172598],[-89.1821405575618,13.6701852657694],[-89.1821370586709,13.6701886190934],[-89.1821330480694,13.6701924717454],[-89.1821110100332,13.6702135822246],[-89.1820947598805,13.6702293021158],[-89.1820896207901,13.6702417181843],[-89.1818537346196,13.6700018602326],[-89.1817882237621,13.6699762878095],[-89.181710772438,13.6698352391614],[-89.181760996077,13.6697865725846],[-89.181781631451,13.6697745147612],[-89.1818205202546,13.6698785033486],[-89.1818718165138,13.6698458574659],[-89.1818390846618,13.6697965941731],[-89.1820512289989,13.6697041560371],[-89.1820776153013,13.6696879667546],[-89.1820253929946,13.669600129804],[-89.1820018648429,13.6696163449865],[-89.1819103599795,13.669699326827],[-89.181864267595,13.6697411235018],[-89.1817915202338,13.6697589207145],[-89.1817202571668,13.6696520310472],[-89.1816652088779,13.6696187786129],[-89.1816503857941,13.6695948074635],[-89.1814164555709,13.6697153805447],[-89.1814013456429,13.6696874107676],[-89.1813633065462,13.6696169839512],[-89.1814059530512,13.669562101536],[-89.1814458623089,13.6695285295152],[-89.1814912670078,13.6694903336333],[-89.1815300388736,13.6694550405212],[-89.1815821718661,13.6694274929431],[-89.1815861900898,13.6694335162333],[-89.1816556441851,13.6694041607173],[-89.1816677874239,13.6694279856078],[-89.1816769613965,13.6693450366709],[-89.1816800539319,13.6693170353851],[-89.1815833245872,13.6692898851724],[-89.1815274377899,13.6692743116727],[-89.1815002902015,13.6692610499004],[-89.1814132604669,13.6692306438693],[-89.1812719300013,13.6691784153691],[-89.1812447728077,13.6691526581536],[-89.1812543364696,13.6691325837681],[-89.181264684655,13.669098986559],[-89.1812606161212,13.6690036911741],[-89.181277388272,13.6689528917537],[-89.1813094501485,13.6689079870996],[-89.1813476575693,13.6688900021822],[-89.1814256128267,13.6688749870573],[-89.1815310820373,13.6688689299729],[-89.1816059864279,13.668862886377],[-89.1816793489903,13.6688448844837],[-89.1817588310086,13.6688223802724],[-89.1818970195554,13.6687767209704],[-89.1819040225446,13.6687744018235],[-89.1819953637077,13.6687383475365],[-89.1820439502385,13.6687138486047],[-89.1820890734449,13.6686920639078],[-89.1821825793884,13.6686512317754],[-89.1822874127322,13.6686192123072],[-89.182404607215,13.6685868591286],[-89.1824830372262,13.6685620595737],[-89.1825431612767,13.6685372835254],[-89.1826424975112,13.6684971130595],[-89.1826818214076,13.6684898644549],[-89.1827824680665,13.6684552934825],[-89.182869161779,13.6684305437037],[-89.1829337842623,13.6684089016287],[-89.1829458950483,13.6684027931468],[-89.1829889457638,13.6683810839455],[-89.1830220381746,13.6683579196483],[-89.1830708827023,13.6683254778095],[-89.1831102743021,13.6682853336926],[-89.1831717014,13.6682081406441],[-89.1831962258239,13.6681706171264],[-89.1832332761868,13.6680892119984],[-89.1832416393928,13.6680235080807],[-89.1832453521346,13.6679779291994],[-89.1832489531498,13.6679336926831],[-89.1832497871135,13.6678260003893],[-89.1832377655254,13.6676191216953],[-89.1832258127274,13.6674755905126],[-89.1832196376121,13.6673979108939],[-89.183207402479,13.6673665422514],[-89.1831921198351,13.6673471352929],[-89.1831859877856,13.667324721495],[-89.1831798625955,13.6672873789873],[-89.1831935544569,13.6672320740095],[-89.1832057534315,13.667205176803],[-89.1832301749562,13.6671946996573],[-89.1832545301807,13.6671110080913],[-89.1833124504692,13.6669550496271],[-89.1833873673052,13.6668081589881],[-89.1834095690324,13.6667782271724],[-89.1834501260738,13.6667157668063],[-89.1835488791736,13.6666070749513],[-89.1836586383386,13.6664971166172],[-89.1838080593101,13.6663409974837],[-89.1839418483202,13.6662284476753],[-89.1840276356811,13.6661593902068],[-89.184075901542,13.6661631025305],[-89.1841960960194,13.6661922525859],[-89.1842953593644,13.6662281830082],[-89.1843685938149,13.666206071306],[-89.1844467278637,13.6661670088076],[-89.1845110718157,13.6661294652295],[-89.1845830716053,13.6660889167696],[-89.1846458667103,13.6660318719119],[-89.1847665570175,13.6658367969694],[-89.1846789339774,13.6657489781224],[-89.1851761150264,13.6656250103736],[-89.185285557537,13.6656074348892],[-89.1854790273093,13.6656175717404],[-89.1856466181755,13.6656873921813],[-89.1857047276971,13.6657266947934],[-89.1857986099891,13.6658053177569],[-89.1858791474814,13.6659692150478],[-89.1858614526311,13.6661913231949],[-89.1858816850534,13.6663530822447],[-89.1861070692306,13.6666233214699],[-89.1862769355627,13.6667324862408],[-89.186386459365,13.6668285901792],[-89.186511647068,13.6669465446612],[-89.1866368262141,13.6670535592626],[-89.1867611315209,13.6671693295758],[-89.1868661645691,13.6672238964769],[-89.1869845972866,13.667274084628],[-89.1871275876247,13.6673176908665],[-89.1872370516772,13.6673263635656],[-89.1873509544313,13.6672978520803],[-89.187440287693,13.66727373773],[-89.1874827000506,13.6672474735076],[-89.1875564018903,13.6672168087646],[-89.1875921079762,13.6671730656261],[-89.1876344976265,13.6671183865992],[-89.1876702007095,13.6670593351115],[-89.1877222510976,13.6668696612425],[-89.1877372767365,13.6668040713954],[-89.1877433946538,13.6667723653722],[-89.1877709341171,13.6666951879973],[-89.1878298086227,13.6669438845854],[-89.1878619684977,13.6671774505028],[-89.1879999555358,13.6673564741462],[-89.1880858865177,13.6674563998481],[-89.1883239092005,13.6675822638276],[-89.1884062609195,13.6676574788064],[-89.1884832468142,13.6677326888311],[-89.188515481846,13.6677869402139],[-89.1885897510633,13.6679093102167],[-89.1886397497866,13.6679720273844],[-89.188801552932,13.6679506698574]]]]}},{"type":"Feature","properties":{"text_1":"COLONIA EL MILAGRO","zona":0},"geometry":{"type":"MultiPolygon","coordinates":[[[[-89.1854985874583,13.6637287023288],[-89.1854716717439,13.6637440418189],[-89.1852977955359,13.6638649800823],[-89.1852676656666,13.6638859306315],[-89.1852310837504,13.6639113747726],[-89.185193413546,13.6639375690555],[-89.1852869042356,13.6640728567009],[-89.1852412472667,13.6640890888697],[-89.1851978238063,13.6641045419995],[-89.1851021908137,13.6641340104275],[-89.1851094155911,13.6641494534349],[-89.184732708248,13.664269294706],[-89.1847372384346,13.6642892926603],[-89.1847672050965,13.6644451945031],[-89.1847804254362,13.6645139564093],[-89.1847653408079,13.6645182711804],[-89.1847821673751,13.6645745620689],[-89.1847880227789,13.6645941802949],[-89.1847997012167,13.6646157465551],[-89.184843550925,13.6646967304852],[-89.1848889650712,13.6647806011711],[-89.1849033077125,13.6648083390163],[-89.1849043880787,13.6648104487955],[-89.1849463078917,13.664891508277],[-89.1849880083579,13.6649721783378],[-89.1850041148665,13.6650036922214],[-89.1850511885156,13.6650795820554],[-89.1850977619972,13.6651576578712],[-89.1851252814889,13.6651857563814],[-89.1851695941313,13.665265083066],[-89.1851866742199,13.6652956787522],[-89.1851933379724,13.665307614168],[-89.1852251122736,13.6653674288951],[-89.185085263404,13.6654165161785],[-89.1848295367778,13.6655091289122],[-89.1845388676582,13.6656062093354],[-89.1843759032314,13.6654358021095],[-89.1842572203494,13.6653310583915],[-89.1842153229499,13.6654459647062],[-89.1839467060135,13.6657348106165],[-89.1838932886446,13.665679990556],[-89.183872330507,13.6656415853284],[-89.1838334186375,13.665568659364],[-89.1837870372842,13.6654816978934],[-89.1837487882818,13.6654100305434],[-89.1837467507998,13.6654061914221],[-89.1837169122324,13.6653295382332],[-89.1836851777502,13.6652480171821],[-89.1836777709129,13.6652289930434],[-89.1836441965533,13.6651670037887],[-89.1834769725864,13.6652747552122],[-89.1833924338451,13.6651478185146],[-89.1833648150572,13.6651130193218],[-89.1833342517407,13.6650645319492],[-89.1833207891126,13.6650366261366],[-89.1833165191427,13.6650230320487],[-89.1833045162333,13.6649491052143],[-89.1833607529771,13.6649416495554],[-89.1833453611231,13.6648305905902],[-89.1833196753904,13.6648340065706],[-89.1833125366473,13.6647829563678],[-89.1833110038297,13.6647719526062],[-89.1833016286292,13.6647048726137],[-89.1833008385315,13.6646992184444],[-89.1832922339511,13.6646377004379],[-89.1832891879184,13.6646159333355],[-89.1832828485943,13.6645706213558],[-89.183232263334,13.6645780447656],[-89.1831970348834,13.6643740161318],[-89.1831890563071,13.6643257903136],[-89.1830442617321,13.6643443167691],[-89.1827984068501,13.6643993225941],[-89.1826590280002,13.664395353213],[-89.1826362286167,13.6643982490474],[-89.1826417249542,13.6644425529247],[-89.1826464904851,13.6644730196379],[-89.1826629466814,13.6645779413244],[-89.1827122074075,13.6645705551716],[-89.182719851807,13.6646265936051],[-89.1827351303775,13.6647385782815],[-89.1827503234343,13.6648499339099],[-89.1827659450368,13.6649643895734],[-89.1827738748614,13.6650225203057],[-89.1822570484407,13.6651031515464],[-89.1821757340617,13.6645066899513],[-89.1821748769441,13.6645003967752],[-89.1821800803211,13.6644482355496],[-89.1818645387121,13.6644992010325],[-89.1818700849182,13.664547216277],[-89.1818710181103,13.6645538799942],[-89.1819532231039,13.6651411773565],[-89.1819850521811,13.665136702129],[-89.1819943850464,13.6652104556476],[-89.1820033654199,13.6652814037408],[-89.1820399836466,13.6655708078676],[-89.1818210375219,13.6656016534106],[-89.1817696082549,13.6656081244393],[-89.1818034069235,13.6657898380953],[-89.1819444606254,13.6657926768557],[-89.1821832463804,13.665774062456],[-89.1821785034289,13.6657357101517],[-89.1824163274183,13.6657094691845],[-89.1824123009266,13.6657785305404],[-89.182410206724,13.6657873432478],[-89.1823872993164,13.6658835381243],[-89.182350644024,13.6659856203081],[-89.1822597547189,13.6660665472871],[-89.1822227560393,13.6660930000318],[-89.182151701073,13.6661438026762],[-89.1820210290728,13.6662372354715],[-89.1818826370927,13.6662868106668],[-89.1818253498589,13.6663073361597],[-89.1817479446817,13.6663464533273],[-89.1816467501017,13.6663827272202],[-89.1814112709248,13.6664671393935],[-89.1814650564614,13.6665204411783],[-89.1814622551868,13.6665221922792],[-89.1817418017131,13.6668239956442],[-89.1817973816972,13.6668846356444],[-89.1817765705516,13.666900959978],[-89.1815563357176,13.6670421915137],[-89.1815911342589,13.6670966091323],[-89.1816284732402,13.6671550137515],[-89.1816601631658,13.6672045743247],[-89.1817583999951,13.6673582232847],[-89.1818154886162,13.6674475092596],[-89.1818881279947,13.6675611174356],[-89.1818163229659,13.6676084676613],[-89.1817412907756,13.6676579317458],[-89.1816848018171,13.6676951813549],[-89.1816116217998,13.6677156914205],[-89.1814875247153,13.6676703831767],[-89.1813707361535,13.6675538634662],[-89.1812538719093,13.667547673894],[-89.1811757414899,13.6675435392081],[-89.1810523460968,13.667488538682],[-89.1809387843174,13.6673702492783],[-89.1806823767058,13.6674319983634],[-89.1805099669622,13.6671014680918],[-89.1801766498584,13.66651544631],[-89.1796486862773,13.6658747614582],[-89.1791242868938,13.6652872389746],[-89.1794237531657,13.6646718849532],[-89.179495365065,13.6645210081111],[-89.1795960831744,13.6643819021883],[-89.1796681943848,13.6642895773474],[-89.1796837979534,13.6642711473076],[-89.1796617235644,13.6642563350613],[-89.1797340969754,13.6641600581861],[-89.1797612391938,13.6641309194157],[-89.1797638178367,13.6641233184974],[-89.1797831780063,13.6640663346438],[-89.1797947677844,13.6639979619872],[-89.1798140998672,13.6639042692247],[-89.1798326336536,13.6638315790119],[-89.1798801566797,13.6637542667765],[-89.1799179819095,13.6637076632767],[-89.18000304993,13.6636512794153],[-89.1800441275029,13.6636247309144],[-89.1800723219161,13.6635719707909],[-89.1800043529713,13.6635362001511],[-89.179824952879,13.6634417642421],[-89.1798877957895,13.6633221693122],[-89.1799076438299,13.6632844090993],[-89.1799108295064,13.6632789092877],[-89.1799735957981,13.6631704304747],[-89.1800540773104,13.6632314792905],[-89.1801031575186,13.6631238248724],[-89.1802125777899,13.6632145543855],[-89.1802945605799,13.6631334403453],[-89.1803835795567,13.6630453611354],[-89.1804612357441,13.6629767185213],[-89.1804187662215,13.6629284889938],[-89.1803945382778,13.6629077370995],[-89.1803666761013,13.662948769902],[-89.1802519459976,13.6627970667798],[-89.1802292904996,13.6627656233665],[-89.1802027227751,13.6627179100206],[-89.1801527917749,13.6626281926764],[-89.1803318465888,13.662569527097],[-89.1803511005037,13.6625599515904],[-89.1803451381947,13.662548635599],[-89.1803088613087,13.6624780590669],[-89.1802324103392,13.6623293080008],[-89.1804815915149,13.6622939158823],[-89.1805883342755,13.6622745854891],[-89.1806950893053,13.6622580128201],[-89.1809100105228,13.6622413614603],[-89.181012550434,13.662233029841],[-89.181015585217,13.6619835167994],[-89.1811533882673,13.6619704200478],[-89.181233607316,13.6619489061222],[-89.1813642755985,13.6619264474602],[-89.1814008139488,13.6619174791944],[-89.1814583794399,13.6619031271841],[-89.181532848643,13.661876230197],[-89.1815904182683,13.6618672554162],[-89.1817091850995,13.6618152887106],[-89.181786836954,13.6617910919369],[-89.181842585592,13.6617892555876],[-89.1818727540686,13.6618062264791],[-89.1818791698051,13.6618276864974],[-89.1819111767595,13.6618589664692],[-89.1820219618865,13.6619024883256],[-89.1821024705803,13.6619245045176],[-89.1821272468194,13.6619322795409],[-89.1821361030604,13.6619409268599],[-89.182151578678,13.6619534668653],[-89.1822285523549,13.6619689965816],[-89.1822599577441,13.6619694080808],[-89.1823034894721,13.6619472168605],[-89.1823503263088,13.6619627968985],[-89.1825827332279,13.6620480098701],[-89.1826931310872,13.662104379656],[-89.1827408045676,13.662137887729],[-89.1827976608576,13.6621969899474],[-89.1827872440088,13.662153467979],[-89.1828094600393,13.6621186217304],[-89.1828598556196,13.662086651507],[-89.1830333179356,13.6620183155505],[-89.1831355996315,13.6619718027691],[-89.18325212963,13.6622085089877],[-89.1834394484566,13.6624789182641],[-89.1836345702184,13.6627424818052],[-89.1837212874228,13.6629446487769],[-89.1837969250107,13.6632370126962],[-89.1838417617003,13.6634674783837],[-89.1841371247684,13.6634444503596],[-89.1845376896397,13.6633935673131],[-89.1847573370781,13.6633301659945],[-89.1849898813341,13.663249899874],[-89.1852448243792,13.6631267811422],[-89.1852761825356,13.6631867073606],[-89.1853010728066,13.6632427056074],[-89.1852758187996,13.6632541552738],[-89.1854445757384,13.6635202084787],[-89.1854808860184,13.663630965009],[-89.1854985874583,13.6637287023288]]]]}},{"type":"Feature","properties":{"text_1":"COLONIA JARDINES DE SAN MARCOS NO 1","zona":0},"geometry":{"type":"MultiPolygon","coordinates":[[[[-89.190486705896,13.6680329597173],[-89.1902309174443,13.6678866374846],[-89.1900080258046,13.6679206587993],[-89.1899911889144,13.6679232262102],[-89.1899681436863,13.6682674611014],[-89.1899518514236,13.668322924837],[-89.1899159808487,13.6684327828247],[-89.1898920548418,13.6684946402658],[-89.1898518285954,13.6686021505795],[-89.1898224788809,13.6686874745621],[-89.1897736396406,13.6687723706732],[-89.1897491503651,13.6688041180365],[-89.1897172990797,13.6688273292839],[-89.1896875132309,13.6688419022324],[-89.1896800238235,13.668827829869],[-89.1894992778421,13.6686583183569],[-89.1893350019946,13.6684780847019],[-89.1893622457678,13.6684450571531],[-89.1893676359714,13.668438518757],[-89.1893010745512,13.6683795087004],[-89.1892072714372,13.6682963332054],[-89.1891978177902,13.6681926096671],[-89.1891395880352,13.6682294094771],[-89.1889922761148,13.6680739689945],[-89.1888976737546,13.6679379713651],[-89.1888015529248,13.6679506608185],[-89.1888845488161,13.6678723388956],[-89.1889451042856,13.6678080382077],[-89.1890712421053,13.6676580233014],[-89.1890967696009,13.6676092811046],[-89.189156964944,13.6675099746542],[-89.189206697823,13.6673478936051],[-89.1892335265252,13.667258674946],[-89.1892407767936,13.6672111489748],[-89.1892596271922,13.6670872269415],[-89.1892639066371,13.6670179429236],[-89.1892625905916,13.6669941100727],[-89.1893385091074,13.6669903402478],[-89.190008270613,13.6669354915492],[-89.1901141997142,13.6669268109438],[-89.1901461144978,13.666924194807],[-89.1903661034487,13.6668945079734],[-89.1904414725173,13.6674507544843],[-89.190486705896,13.6680329597173]]]]}},{"type":"Feature","properties":{"text_1":"EL PEÑON","zona":0},"geometry":{"type":"MultiPolygon","coordinates":[[[[-89.1880584508004,13.6693843721907],[-89.1881450149724,13.6693655004786],[-89.1881828229122,13.6693605841994],[-89.1882279380805,13.6693547177531],[-89.1882740138647,13.6693479566124],[-89.1883188397755,13.6693410255845],[-89.1883650428054,13.6693338765592],[-89.1885117448747,13.6693069456336],[-89.1885588396328,13.6693052282876],[-89.1886042243913,13.6692920689537],[-89.1885937098356,13.6692287231288],[-89.1886856533984,13.6692141089582],[-89.1886804982942,13.669183064175],[-89.1888629538201,13.6691093110447],[-89.1888576218326,13.6690767297821],[-89.1888512353146,13.6690777289692],[-89.1888209106543,13.6688979678547],[-89.1888306706231,13.6688964056641],[-89.1888277263648,13.6688789175873],[-89.1887477929544,13.6687159617708],[-89.1887320975445,13.6686321105846],[-89.1886781127133,13.6686406775312],[-89.1886630078293,13.6685589211123],[-89.188678516549,13.6685564415852],[-89.1886708365898,13.6685236813404],[-89.1886578880342,13.6685257792678],[-89.1886447956733,13.6684407962117],[-89.1885405138817,13.6684574445486],[-89.1885242501866,13.6683714154007],[-89.1885388438341,13.6683689998564],[-89.1885164725486,13.6682859582383],[-89.1884683485883,13.668207348259],[-89.1886240541098,13.6680986224699],[-89.1887813978518,13.6679696788431],[-89.188801552932,13.6679506698574],[-89.1888976737546,13.6679379713651],[-89.1889922761148,13.6680739689945],[-89.1891395880352,13.6682294094771],[-89.1891978177902,13.6681926096671],[-89.1892072714372,13.6682963332054],[-89.1893010745512,13.6683795087004],[-89.1893676359714,13.668438518757],[-89.1893622457678,13.6684450571531],[-89.1893350019946,13.6684780847019],[-89.1894992778421,13.6686583183569],[-89.1896800238235,13.668827829869],[-89.1896875132382,13.6688419112714],[-89.189717299087,13.6688273383228],[-89.1897491503651,13.6688041180365],[-89.1897736498085,13.6687723706654],[-89.1898224788809,13.6686874745621],[-89.1898518285954,13.6686021505795],[-89.1898920548491,13.6684946493047],[-89.1899159808487,13.6684327828247],[-89.1899518514236,13.668322924837],[-89.1899681538615,13.6682674701325],[-89.1899911889144,13.6679232262102],[-89.1900080258046,13.6679206587993],[-89.1902309174443,13.6678866374846],[-89.1904866957281,13.6680329597252],[-89.1904414725254,13.6674507644271],[-89.1903661034487,13.6668945079734],[-89.1903099892724,13.6664803412991],[-89.1905234130878,13.6664563891853],[-89.1906639797836,13.666383510489],[-89.1907522701017,13.6663564797821],[-89.1907701057938,13.6663489871321],[-89.1908328441739,13.666304676598],[-89.1908512287341,13.6662741730985],[-89.1909408706953,13.6661052209513],[-89.1909833832026,13.6660288740162],[-89.1910585549205,13.6659562121859],[-89.1910865001611,13.6659373551399],[-89.1911123853211,13.6659461552186],[-89.1911822651526,13.6659429264295],[-89.1912031533276,13.6659995101958],[-89.1912635221701,13.6660560252944],[-89.1913667979676,13.6661723094937],[-89.1913828012684,13.666238273133],[-89.1915158674488,13.6662539696012],[-89.1915898103252,13.6662649078711],[-89.1915860113777,13.6662026560676],[-89.1916718171168,13.6662519038293],[-89.1917659440221,13.6664078849554],[-89.191790476554,13.6664060146504],[-89.1917939876288,13.6664745053479],[-89.1917946601516,13.6664876112794],[-89.1916524295411,13.6666904627674],[-89.1916012435215,13.6667174929124],[-89.1915513747252,13.6667218722571],[-89.1914418538517,13.6667363601781],[-89.1913893259023,13.6667773393043],[-89.1913626567676,13.6667594222912],[-89.1913334480232,13.6667955148883],[-89.1912971904787,13.6668012999924],[-89.1912657432166,13.6668434115418],[-89.1912452516113,13.6668324316136],[-89.1912270314205,13.6668456724556],[-89.1911817698443,13.6669516032896],[-89.1910202343235,13.6671852451796],[-89.1910670786541,13.6672205663908],[-89.1910361448602,13.6673009040705],[-89.1910060614774,13.6673790003335],[-89.1909756939908,13.6674578560838],[-89.1909457424801,13.6675356196037],[-89.1908893790073,13.6677028520162],[-89.1908187675224,13.6679123118145],[-89.1908302491684,13.6679479190195],[-89.1910100837985,13.6680783061428],[-89.1910364156025,13.6680881797072],[-89.1912409397176,13.6681648073997],[-89.1912664837591,13.6681380295765],[-89.1914398253148,13.6681289253659],[-89.1915736955363,13.6681295062701],[-89.1916083287213,13.6681288221582],[-89.1916106386836,13.6681288203585],[-89.1916129384699,13.6681288086238],[-89.1916321150867,13.6681287385441],[-89.191523393289,13.6685678939996],[-89.1915074303683,13.6686323458976],[-89.1914967319533,13.6686755973942],[-89.1914858445917,13.6687195251496],[-89.1914749664696,13.6687634528972],[-89.1914640985033,13.6688073706935],[-89.191453079421,13.668851881561],[-89.1914420594103,13.6688963924285],[-89.1914309361991,13.6689413110319],[-89.1914271348057,13.6689566783712],[-89.1914195937774,13.6689837947163],[-89.1914193579025,13.6689847295257],[-89.1914083946994,13.6690286383543],[-89.1913974784541,13.6690723256919],[-89.1913865152354,13.6691162254804],[-89.1913816753313,13.6691355834126],[-89.1913752876012,13.6691600703365],[-89.1913638510047,13.6692038502744],[-89.1913529617704,13.6692455372725],[-89.1913523959241,13.669247639265],[-89.1913401746,13.6692926319332],[-89.1913401460353,13.6692927431343],[-89.1913276489671,13.6693362554389],[-89.1913151518943,13.6693797677428],[-89.1913027120066,13.669423131763],[-89.1913026649849,13.6694232800381],[-89.1912901771464,13.6694667923334],[-89.1912776809915,13.6695103136734],[-89.1912651839002,13.6695538259744],[-89.1912526868043,13.6695973382747],[-89.1912465046358,13.669618881958],[-89.1912401998718,13.6696408505664],[-89.1912277120102,13.6696843628581],[-89.1912155560653,13.6697279679919],[-89.1912095347663,13.6697495576477],[-89.1912031819212,13.6697715172534],[-89.1911905997455,13.6698150106345],[-89.191178018483,13.6698584958791],[-89.1911717412341,13.6698802149895],[-89.1911652375001,13.669901915294],[-89.1911522383263,13.6699452896831],[-89.191152191319,13.6699454560359],[-89.1911408592985,13.6699894853551],[-89.19113517852,13.6700115284986],[-89.1911296866623,13.6700328673621],[-89.1911181758867,13.6700776099908],[-89.191140859495,13.6700829795661],[-89.1911303866175,13.6701252492402],[-89.191119499188,13.6701692601346],[-89.1910726451678,13.6701568752394],[-89.1907409217611,13.6702549394321],[-89.1907627332565,13.6704227041037],[-89.1907810860402,13.6705383421179],[-89.1908086389973,13.6707120165033],[-89.1909149692279,13.671382085921],[-89.1911173020735,13.6720778778],[-89.1911199470763,13.6720828923522],[-89.1907324494584,13.6720629504932],[-89.1905259507532,13.6721475793853],[-89.1902918131223,13.6722435408115],[-89.1902648138213,13.6722512158694],[-89.1902927816261,13.672352907533],[-89.1903806869221,13.672538252414],[-89.1904704757129,13.6726647568716],[-89.1904325430295,13.6726714696338],[-89.1903938702876,13.672629542659],[-89.1903256119568,13.6726502729558],[-89.190100489528,13.6727055285223],[-89.1898156580601,13.6727608399175],[-89.1894539795777,13.6728333606646],[-89.1895349221179,13.6729534763278],[-89.1895945725325,13.6730688050904],[-89.1893563955159,13.67313439973],[-89.1893187201394,13.6731439530585],[-89.1892846656221,13.6731237546603],[-89.1889930362182,13.6732131868794],[-89.1888615205586,13.6728112877192],[-89.1888078349259,13.672627257407],[-89.1887055879094,13.6724737065693],[-89.1886118920536,13.6723727511991],[-89.1885108466803,13.6722534460655],[-89.188446404679,13.6721699332317],[-89.1883057089879,13.6719345261832],[-89.188252556528,13.6718002727381],[-89.1882282186044,13.6717388239113],[-89.1881875151558,13.6714053012592],[-89.188158340905,13.6710491480365],[-89.1881665375937,13.6704684933411],[-89.1881575121534,13.6700133899414],[-89.1880907166173,13.6695659378892],[-89.1880645796391,13.6693963440914],[-89.1880584508004,13.6693843721907]]]]}},{"type":"Feature","properties":{"text_1":"ZONA INDUSTRIAL","zona":0},"geometry":{"type":"MultiPolygon","coordinates":[[[[-89.1909920337466,13.6633708678571],[-89.1909703744748,13.6634252348985],[-89.1909412795979,13.663473628455],[-89.1909111268627,13.6635238007877],[-89.1908689421726,13.6635730279438],[-89.1908430277877,13.663621280724],[-89.1908160378974,13.6636734861587],[-89.1907930121556,13.6637241518957],[-89.190763665475,13.6637653262273],[-89.1907462698219,13.6637908774273],[-89.1907109564803,13.6638627761092],[-89.1906904249665,13.663907099992],[-89.1906838492598,13.6639459056285],[-89.1906773426757,13.6640106836903],[-89.19066651522,13.6640463362262],[-89.1906452975291,13.6640971397463],[-89.1906026858394,13.6641568821808],[-89.1905513030375,13.6641504248126],[-89.1905209689026,13.6641993833073],[-89.1904769714818,13.6643012319653],[-89.190471463206,13.6643250339425],[-89.1904653091034,13.6643925595612],[-89.1904592758637,13.6644586695885],[-89.1906327972832,13.6645459018799],[-89.1906243262352,13.6645921787595],[-89.1906661586054,13.664599485946],[-89.1906918748574,13.6646566671049],[-89.1906827182565,13.664710154877],[-89.1906713297506,13.6647082564917],[-89.1906621538593,13.6647619015555],[-89.190673542375,13.6647638089802],[-89.190664385773,13.6648173057904],[-89.1906357388065,13.664974964328],[-89.1906332216501,13.6649986989092],[-89.1906101727395,13.6649970409563],[-89.1906008599944,13.6650689013865],[-89.1905882926034,13.6651658202682],[-89.1906085659877,13.6651643791155],[-89.1906116603572,13.6651867761038],[-89.1906220420086,13.6652430806264],[-89.1906198949058,13.6652683506353],[-89.1906215252409,13.6652943218494],[-89.1906250254919,13.6653499004555],[-89.1906286502731,13.6654074413179],[-89.1906319389548,13.6654597253956],[-89.1906411574873,13.6655179280909],[-89.1905955563364,13.6655094017571],[-89.1905848303047,13.6655653710238],[-89.190574764638,13.6656183967008],[-89.1905547744777,13.6656192076174],[-89.1904201909859,13.6657759313065],[-89.1902076194012,13.6658459676852],[-89.1899449229441,13.6642335025606],[-89.1899206189385,13.6640842975351],[-89.18984408653,13.663608124002],[-89.1896032100051,13.6636130489482],[-89.1889321876935,13.6636182574973],[-89.1889610636317,13.6636983266139],[-89.1888290856859,13.6637511954899],[-89.1864618646892,13.663814609333],[-89.1862695994974,13.6638402086808],[-89.1860519647279,13.6636354670732],[-89.1857762105713,13.6639429053645],[-89.1857530101536,13.6639774561449],[-89.1856759033046,13.6639372142778],[-89.1856122428086,13.6638805430107],[-89.1855292450112,13.663800217862],[-89.1854985874583,13.6637287023288],[-89.1854808860184,13.663630965009],[-89.1854445757384,13.6635202084787],[-89.1852758187996,13.6632541552738],[-89.1853010728066,13.6632427056074],[-89.1852761825356,13.6631867073606],[-89.1852448243792,13.6631267811422],[-89.1852783843967,13.6631105671251],[-89.1855396210304,13.6629746794628],[-89.1855170385889,13.6628926428421],[-89.1855148805892,13.6627723642458],[-89.1855167587217,13.6626105242853],[-89.1855119761186,13.6624510403757],[-89.1855072666159,13.6623842163578],[-89.1854982198385,13.6623263739871],[-89.1855376704342,13.6623135984215],[-89.1855418265106,13.6622436583207],[-89.1855559053465,13.6619969046092],[-89.1855565035717,13.6619865934426],[-89.1855684196498,13.6618900359509],[-89.1855765644579,13.6618239425215],[-89.185563813061,13.6618224435451],[-89.1855660136743,13.6618045972153],[-89.1856304403096,13.6616206062246],[-89.1856458083766,13.6616290080662],[-89.1856475796622,13.6615825149566],[-89.1857077772578,13.6614253049873],[-89.1857416433917,13.6613534722867],[-89.1858353460785,13.661195310485],[-89.1859345223361,13.6610404410084],[-89.1859402128533,13.6610315414877],[-89.1859882268925,13.6609565606389],[-89.1861055557061,13.6608237703327],[-89.186121788805,13.6608121882076],[-89.1861103408302,13.6608061064357],[-89.1861753675157,13.660724781802],[-89.1862269852744,13.6606590260284],[-89.1862363273421,13.660647235795],[-89.1863076232303,13.6605933955945],[-89.1864780750548,13.6604554840697],[-89.1865873653835,13.6602970236198],[-89.1865873670018,13.6601907202894],[-89.1866466851702,13.6599888321825],[-89.1866019853816,13.6599346912318],[-89.1865771156688,13.6599045543977],[-89.1865664387166,13.6598916142198],[-89.1865714625252,13.6598171928343],[-89.1866714493909,13.6597672744458],[-89.186804173133,13.6597013177689],[-89.186905988437,13.6596656423579],[-89.1870205453033,13.6596192759021],[-89.1870841736816,13.6595889606211],[-89.1871950468838,13.659505221782],[-89.1873174093471,13.6593252040292],[-89.1874987374333,13.65906023671],[-89.1876698168008,13.6588086791089],[-89.1877148623118,13.6587516478961],[-89.1877519371306,13.6587046921376],[-89.1879477247699,13.6584958687476],[-89.1881615678674,13.6582711300848],[-89.1882484706562,13.6583247476388],[-89.1883003706662,13.6583531416921],[-89.1882996718815,13.6584016243808],[-89.1883557621639,13.6584500364623],[-89.188480260637,13.6585150467376],[-89.1885867343889,13.6585654837347],[-89.1887199593704,13.6586303669783],[-89.1888299953145,13.6586839665723],[-89.1888961316165,13.6586188932735],[-89.1889247836009,13.658631523969],[-89.1890945453735,13.6585932130158],[-89.1891166335785,13.658683746306],[-89.1891277385067,13.6587448726244],[-89.1892389523744,13.6593569609012],[-89.18932884247,13.6598516741335],[-89.1893963799008,13.6602682195361],[-89.1895818053609,13.6614119171292],[-89.1896477141119,13.6620496980009],[-89.1896780292342,13.6625170500246],[-89.1899358403356,13.6624916098089],[-89.1899379607346,13.6624927280954],[-89.1899549673561,13.6625016562759],[-89.1899786782387,13.6625141053654],[-89.1900193957503,13.6625354826285],[-89.1900601132773,13.6625568698278],[-89.1901008215603,13.6625782470845],[-89.1901415391014,13.6625996333664],[-89.1901822566426,13.6626210106026],[-89.1902066869875,13.6626338387489],[-89.1903139576126,13.6626941973192],[-89.1903925636487,13.6627384254567],[-89.1903700111184,13.6627650535455],[-89.1906786285394,13.6629586137684],[-89.1906811655372,13.6629935807354],[-89.1906909941551,13.6630336788759],[-89.1909920337466,13.6633708678571]]],[[[-89.1895690609476,13.6642008691607],[-89.1891552500343,13.6641426353789],[-89.1893935244338,13.6641736164342],[-89.1895690609476,13.6642008691607]]],[[[-89.1890223557442,13.6639860629696],[-89.1890176355108,13.6640486178435],[-89.1889954896511,13.6637937648845],[-89.1890141298979,13.6639272203943],[-89.1890223557442,13.6639860629696]]]]}},{"type":"Feature","properties":{"text_1":"COLONIA SAN ANTONIO 1","zona":0},"geometry":{"type":"MultiPolygon","coordinates":[[[[-89.1903389489228,13.6576694424558],[-89.1902743453929,13.6577454367094],[-89.1902018244729,13.6578035553373],[-89.190111019461,13.657876311274],[-89.1901279009652,13.6579183853285],[-89.1900454431156,13.6579896722867],[-89.1899563159822,13.6580193970022],[-89.1898334172207,13.6580710192771],[-89.1897261327924,13.6581191033544],[-89.189428234409,13.6582525994983],[-89.1894115731541,13.6582600721678],[-89.1894661126809,13.6586860036811],[-89.1893223527817,13.6587149838639],[-89.1891277385067,13.6587448726244],[-89.1891166335705,13.6586837363631],[-89.1890945453735,13.6585932130158],[-89.1890536825726,13.6584257962935],[-89.1889411891836,13.6581055924871],[-89.1889023361033,13.6578703658832],[-89.1888999214749,13.6577272813402],[-89.1890724856766,13.657749445978],[-89.1891685021626,13.6577191052507],[-89.1892461948669,13.6577241823027],[-89.1894035584146,13.6577344559311],[-89.1895746430128,13.6577167008837],[-89.18975772128,13.6576666150259],[-89.1898567320066,13.6576048478489],[-89.1899137109909,13.657546048039],[-89.1900246846619,13.6574255057987],[-89.1900936346356,13.6573167610786],[-89.1901350658343,13.6571804733729],[-89.190248303704,13.6572266470831],[-89.1903345765128,13.6572612338078],[-89.1904717117436,13.6573394879971],[-89.1904948397387,13.6573575470561],[-89.1905148804577,13.6573846420201],[-89.1905226022183,13.6574177899612],[-89.1905257034484,13.65743738217],[-89.1905226486052,13.6574750470829],[-89.1903389489228,13.6576694424558]]]]}}]}