{
"type": "FeatureCollection",
"name": "Distritos SSS",
"crs": { "type": "name", "properties": { "name": "urn:ogc:def:crs:OGC:1.3:CRS84" } },
"features": [
{ "type": "Feature", "properties": { "id": null, "Name": "", "description": "descripción: Descripción: <br>NOMBRE: PANCHIMALCO<br>PPTO: 7778462.230<br>HABITANTES: 41260<br>AT: 2212<br>MUNICIPIO: SAN SALVADOR SUR<br>Descripción: <br>NOMBRE: PANCHIMALCO<br>PPTO: 7778462.230<br>HABITANTES: 41260<br>AT: 2212<br>MUNICIPIO: SAN SALVADOR SUR", "timestamp": null, "begin": null, "end": null, "altitudeMode": null, "tessellate": -1, "extrude": 0, "visibility": -1, "drawOrder": null, "icon": null, "descripci__n": "", "NOMBRE": "PANCHIMALCO", "PPTO": "7778462.230", "HABITANTES": "41260", "AT": "2212", "MUNICIPIO": "SAN SALVADOR SUR" }, "geometry": { "type": "MultiPolygon", "coordinates": [ [ [ [ -89.183905, 13.64282, 0.0 ], [ -89.184024, 13.642912, 0.0 ], [ -89.184143, 13.643005, 0.0 ], [ -89.18424, 13.64307, 0.0 ], [ -89.184406, 13.643181, 0.0 ], [ -89.18463, 13.643285, 0.0 ], [ -89.184704, 13.643321, 0.0 ], [ -89.184848, 13.643389, 0.0 ], [ -89.184912, 13.643419, 0.0 ], [ -89.185139, 13.643504, 0.0 ], [ -89.185141, 13.643504, 0.0 ], [ -89.185193, 13.643516, 0.0 ], [ -89.185428, 13.64357, 0.0 ], [ -89.18557, 13.643598, 0.0 ], [ -89.185749, 13.643632, 0.0 ], [ -89.185987, 13.643737, 0.0 ], [ -89.185988, 13.643737, 0.0 ], [ -89.186057, 13.643781, 0.0 ], [ -89.186333, 13.643955, 0.0 ], [ -89.186521, 13.644083, 0.0 ], [ -89.186654, 13.644174, 0.0 ], [ -89.186803, 13.644267, 0.0 ], [ -89.187004, 13.644393, 0.0 ], [ -89.18744, 13.644579, 0.0 ], [ -89.187599, 13.644655, 0.0 ], [ -89.187797, 13.644748, 0.0 ], [ -89.187798, 13.64474, 0.0 ], [ -89.187807, 13.644681, 0.0 ], [ -89.187862, 13.64433, 0.0 ], [ -89.187862, 13.644319, 0.0 ], [ -89.187921, 13.643992, 0.0 ], [ -89.187922, 13.643982, 0.0 ], [ -89.187967, 13.643614, 0.0 ], [ -89.187968, 13.643591, 0.0 ], [ -89.187983, 13.643373, 0.0 ], [ -89.187982, 13.643159, 0.0 ], [ -89.187982, 13.643147, 0.0 ], [ -89.187978, 13.643114, 0.0 ], [ -89.187968, 13.643042, 0.0 ], [ -89.187958, 13.642973, 0.0 ], [ -89.187893, 13.642795, 0.0 ], [ -89.187888, 13.642785, 0.0 ], [ -89.187808, 13.64264, 0.0 ], [ -89.187711, 13.642458, 0.0 ], [ -89.187573, 13.642213, 0.0 ], [ -89.187476, 13.642023, 0.0 ], [ -89.187362, 13.641814, 0.0 ], [ -89.18731, 13.641699, 0.0 ], [ -89.187288, 13.641592, 0.0 ], [ -89.187285, 13.641576, 0.0 ], [ -89.187253, 13.641455, 0.0 ], [ -89.187237, 13.641394, 0.0 ], [ -89.187212, 13.64126, 0.0 ], [ -89.187204, 13.641121, 0.0 ], [ -89.187224, 13.64086, 0.0 ], [ -89.187228, 13.640583, 0.0 ], [ -89.18726, 13.64027, 0.0 ], [ -89.187278, 13.640109, 0.0 ], [ -89.187292, 13.639911, 0.0 ], [ -89.187299, 13.639647, 0.0 ], [ -89.1873, 13.639616, 0.0 ], [ -89.187315, 13.639441, 0.0 ], [ -89.187342, 13.639115, 0.0 ], [ -89.187356, 13.638952, 0.0 ], [ -89.187381, 13.63863, 0.0 ], [ -89.187381, 13.638621, 0.0 ], [ -89.187392, 13.638404, 0.0 ], [ -89.187431, 13.637905, 0.0 ], [ -89.187447, 13.637743, 0.0 ], [ -89.187459, 13.637613, 0.0 ], [ -89.187487, 13.637335, 0.0 ], [ -89.187509, 13.637084, 0.0 ], [ -89.18754, 13.636806, 0.0 ], [ -89.187563, 13.636704, 0.0 ], [ -89.187652, 13.636409, 0.0 ], [ -89.18779, 13.636078, 0.0 ], [ -89.187956, 13.635825, 0.0 ], [ -89.188057, 13.635695, 0.0 ], [ -89.188192, 13.635554, 0.0 ], [ -89.188204, 13.635524, 0.0 ], [ -89.188212, 13.635502, 0.0 ], [ -89.188231, 13.63545, 0.0 ], [ -89.18825, 13.635304, 0.0 ], [ -89.188245, 13.635166, 0.0 ], [ -89.188219, 13.635059, 0.0 ], [ -89.188185, 13.634842, 0.0 ], [ -89.188173, 13.634771, 0.0 ], [ -89.188163, 13.634712, 0.0 ], [ -89.188182, 13.634616, 0.0 ], [ -89.188222, 13.634454, 0.0 ], [ -89.188269, 13.634316, 0.0 ], [ -89.188334, 13.634145, 0.0 ], [ -89.188394, 13.633972, 0.0 ], [ -89.188401, 13.633953, 0.0 ], [ -89.188449, 13.633842, 0.0 ], [ -89.188542, 13.633564, 0.0 ], [ -89.188598, 13.633396, 0.0 ], [ -89.188643, 13.633284, 0.0 ], [ -89.188719, 13.633184, 0.0 ], [ -89.188789, 13.63311, 0.0 ], [ -89.188872, 13.633043, 0.0 ], [ -89.189011, 13.632931, 0.0 ], [ -89.189115, 13.632857, 0.0 ], [ -89.189241, 13.632766, 0.0 ], [ -89.189361, 13.632626, 0.0 ], [ -89.189379, 13.632606, 0.0 ], [ -89.189406, 13.632534, 0.0 ], [ -89.18943, 13.632468, 0.0 ], [ -89.189446, 13.63232, 0.0 ], [ -89.189426, 13.632198, 0.0 ], [ -89.18942, 13.632166, 0.0 ], [ -89.189404, 13.632114, 0.0 ], [ -89.189392, 13.632076, 0.0 ], [ -89.189385, 13.632041, 0.0 ], [ -89.189372, 13.631973, 0.0 ], [ -89.189363, 13.631897, 0.0 ], [ -89.189365, 13.631846, 0.0 ], [ -89.189365, 13.631841, 0.0 ], [ -89.189367, 13.631794, 0.0 ], [ -89.189388, 13.631692, 0.0 ], [ -89.189414, 13.631624, 0.0 ], [ -89.189448, 13.631593, 0.0 ], [ -89.189696, 13.631954, 0.0 ], [ -89.190105, 13.632207, 0.0 ], [ -89.190846, 13.632691, 0.0 ], [ -89.191507, 13.633035, 0.0 ], [ -89.191988, 13.633238, 0.0 ], [ -89.1928, 13.633484, 0.0 ], [ -89.193361, 13.633715, 0.0 ], [ -89.194597, 13.634143, 0.0 ], [ -89.195207, 13.634206, 0.0 ], [ -89.195631, 13.634177, 0.0 ], [ -89.195899, 13.634198, 0.0 ], [ -89.195899, 13.634078, 0.0 ], [ -89.195933, 13.633973, 0.0 ], [ -89.195955, 13.633909, 0.0 ], [ -89.196004, 13.633821, 0.0 ], [ -89.196095, 13.633779, 0.0 ], [ -89.196261, 13.633708, 0.0 ], [ -89.196361, 13.633685, 0.0 ], [ -89.196498, 13.633649, 0.0 ], [ -89.19658, 13.633629, 0.0 ], [ -89.19668, 13.63362, 0.0 ], [ -89.196762, 13.63364, 0.0 ], [ -89.196779, 13.633713, 0.0 ], [ -89.196779, 13.633717, 0.0 ], [ -89.196791, 13.633737, 0.0 ], [ -89.196828, 13.6338, 0.0 ], [ -89.196883, 13.633854, 0.0 ], [ -89.196942, 13.633914, 0.0 ], [ -89.196944, 13.633917, 0.0 ], [ -89.196965, 13.633944, 0.0 ], [ -89.196971, 13.633952, 0.0 ], [ -89.196994, 13.634047, 0.0 ], [ -89.196994, 13.634081, 0.0 ], [ -89.196994, 13.634107, 0.0 ], [ -89.196994, 13.63413, 0.0 ], [ -89.196985, 13.634157, 0.0 ], [ -89.196949, 13.634258, 0.0 ], [ -89.196945, 13.63427, 0.0 ], [ -89.196942, 13.634277, 0.0 ], [ -89.196919, 13.63432, 0.0 ], [ -89.196925, 13.634388, 0.0 ], [ -89.196927, 13.634415, 0.0 ], [ -89.196933, 13.634499, 0.0 ], [ -89.196943, 13.63456, 0.0 ], [ -89.196962, 13.634604, 0.0 ], [ -89.196964, 13.634609, 0.0 ], [ -89.196981, 13.634631, 0.0 ], [ -89.19701, 13.634666, 0.0 ], [ -89.197029, 13.634694, 0.0 ], [ -89.197055, 13.634735, 0.0 ], [ -89.197055, 13.634736, 0.0 ], [ -89.197058, 13.634743, 0.0 ], [ -89.197083, 13.634815, 0.0 ], [ -89.197114, 13.634884, 0.0 ], [ -89.197131, 13.634922, 0.0 ], [ -89.197137, 13.634937, 0.0 ], [ -89.197216, 13.635054, 0.0 ], [ -89.197311, 13.635188, 0.0 ], [ -89.197338, 13.635226, 0.0 ], [ -89.197353, 13.635249, 0.0 ], [ -89.197429, 13.635362, 0.0 ], [ -89.197473, 13.635427, 0.0 ], [ -89.197498, 13.635474, 0.0 ], [ -89.19754, 13.635554, 0.0 ], [ -89.197613, 13.635722, 0.0 ], [ -89.197629, 13.63576, 0.0 ], [ -89.197638, 13.635778, 0.0 ], [ -89.197823, 13.636147, 0.0 ], [ -89.197944, 13.636352, 0.0 ], [ -89.19796, 13.63638, 0.0 ], [ -89.19799, 13.636401, 0.0 ], [ -89.197993, 13.636403, 0.0 ], [ -89.197983, 13.636422, 0.0 ], [ -89.198127, 13.636447, 0.0 ], [ -89.198205, 13.636461, 0.0 ], [ -89.198251, 13.636469, 0.0 ], [ -89.198471, 13.636573, 0.0 ], [ -89.198477, 13.636576, 0.0 ], [ -89.198605, 13.636636, 0.0 ], [ -89.198691, 13.636677, 0.0 ], [ -89.198875, 13.636871, 0.0 ], [ -89.198985, 13.636986, 0.0 ], [ -89.199066, 13.637072, 0.0 ], [ -89.199171, 13.637155, 0.0 ], [ -89.199876, 13.637716, 0.0 ], [ -89.200762, 13.63842, 0.0 ], [ -89.200903, 13.638464, 0.0 ], [ -89.20107, 13.63851, 0.0 ], [ -89.201557, 13.638604, 0.0 ], [ -89.201831, 13.638691, 0.0 ], [ -89.201958, 13.638898, 0.0 ], [ -89.202084, 13.639052, 0.0 ], [ -89.202242, 13.639223, 0.0 ], [ -89.202348, 13.639303, 0.0 ], [ -89.202602, 13.6394, 0.0 ], [ -89.204141, 13.639871, 0.0 ], [ -89.204142, 13.639871, 0.0 ], [ -89.204191, 13.639857, 0.0 ], [ -89.20427, 13.639838, 0.0 ], [ -89.204398, 13.639789, 0.0 ], [ -89.20445, 13.639693, 0.0 ], [ -89.204474, 13.639662, 0.0 ], [ -89.20456, 13.639615, 0.0 ], [ -89.204574, 13.639607, 0.0 ], [ -89.204617, 13.639583, 0.0 ], [ -89.204629, 13.639576, 0.0 ], [ -89.204684, 13.639539, 0.0 ], [ -89.20473, 13.63951, 0.0 ], [ -89.204779, 13.639471, 0.0 ], [ -89.204807, 13.639452, 0.0 ], [ -89.204843, 13.639416, 0.0 ], [ -89.204904, 13.639358, 0.0 ], [ -89.204908, 13.639277, 0.0 ], [ -89.204907, 13.639222, 0.0 ], [ -89.204922, 13.639164, 0.0 ], [ -89.204943, 13.639096, 0.0 ], [ -89.204956, 13.639053, 0.0 ], [ -89.204975, 13.639025, 0.0 ], [ -89.20502, 13.63901, 0.0 ], [ -89.205067, 13.638994, 0.0 ], [ -89.205125, 13.638985, 0.0 ], [ -89.205169, 13.638955, 0.0 ], [ -89.205232, 13.638911, 0.0 ], [ -89.205265, 13.638859, 0.0 ], [ -89.205268, 13.638852, 0.0 ], [ -89.205274, 13.638836, 0.0 ], [ -89.205275, 13.638834, 0.0 ], [ -89.205275, 13.638829, 0.0 ], [ -89.205278, 13.638792, 0.0 ], [ -89.205276, 13.638733, 0.0 ], [ -89.205278, 13.638734, 0.0 ], [ -89.205284, 13.638688, 0.0 ], [ -89.205292, 13.638658, 0.0 ], [ -89.205346, 13.638611, 0.0 ], [ -89.205374, 13.638591, 0.0 ], [ -89.205405, 13.638569, 0.0 ], [ -89.205427, 13.63853, 0.0 ], [ -89.205442, 13.63849, 0.0 ], [ -89.205466, 13.638424, 0.0 ], [ -89.2055, 13.638339, 0.0 ], [ -89.205546, 13.638246, 0.0 ], [ -89.205548, 13.638242, 0.0 ], [ -89.205645, 13.63821, 0.0 ], [ -89.205651, 13.638208, 0.0 ], [ -89.205792, 13.638186, 0.0 ], [ -89.205892, 13.638181, 0.0 ], [ -89.206006, 13.638202, 0.0 ], [ -89.206047, 13.638198, 0.0 ], [ -89.206173, 13.638186, 0.0 ], [ -89.20618, 13.638186, 0.0 ], [ -89.206244, 13.638171, 0.0 ], [ -89.206268, 13.638166, 0.0 ], [ -89.206385, 13.638154, 0.0 ], [ -89.20642, 13.638151, 0.0 ], [ -89.206461, 13.638155, 0.0 ], [ -89.206503, 13.638159, 0.0 ], [ -89.206565, 13.63816, 0.0 ], [ -89.206574, 13.638161, 0.0 ], [ -89.206619, 13.638168, 0.0 ], [ -89.206628, 13.63817, 0.0 ], [ -89.206661, 13.638175, 0.0 ], [ -89.206727, 13.638162, 0.0 ], [ -89.206746, 13.638159, 0.0 ], [ -89.206872, 13.638167, 0.0 ], [ -89.206931, 13.638169, 0.0 ], [ -89.206979, 13.63817, 0.0 ], [ -89.20701, 13.638163, 0.0 ], [ -89.207082, 13.638144, 0.0 ], [ -89.207107, 13.638138, 0.0 ], [ -89.207197, 13.638067, 0.0 ], [ -89.207352, 13.637909, 0.0 ], [ -89.207372, 13.637885, 0.0 ], [ -89.207483, 13.63776, 0.0 ], [ -89.207564, 13.63769, 0.0 ], [ -89.207574, 13.637682, 0.0 ], [ -89.207638, 13.637639, 0.0 ], [ -89.207746, 13.637645, 0.0 ], [ -89.207774, 13.637641, 0.0 ], [ -89.207843, 13.637631, 0.0 ], [ -89.207858, 13.637629, 0.0 ], [ -89.207975, 13.637583, 0.0 ], [ -89.208038, 13.637526, 0.0 ], [ -89.20807, 13.637494, 0.0 ], [ -89.208095, 13.637468, 0.0 ], [ -89.208105, 13.637455, 0.0 ], [ -89.208152, 13.637394, 0.0 ], [ -89.208195, 13.637333, 0.0 ], [ -89.208196, 13.637332, 0.0 ], [ -89.2082, 13.637329, 0.0 ], [ -89.208341, 13.637216, 0.0 ], [ -89.208419, 13.637139, 0.0 ], [ -89.208456, 13.637052, 0.0 ], [ -89.208498, 13.636928, 0.0 ], [ -89.208521, 13.63691, 0.0 ], [ -89.208576, 13.636859, 0.0 ], [ -89.208623, 13.636812, 0.0 ], [ -89.208647, 13.636779, 0.0 ], [ -89.208653, 13.636767, 0.0 ], [ -89.208659, 13.636754, 0.0 ], [ -89.208661, 13.636749, 0.0 ], [ -89.208666, 13.636736, 0.0 ], [ -89.208673, 13.636717, 0.0 ], [ -89.208679, 13.636684, 0.0 ], [ -89.208679, 13.63668, 0.0 ], [ -89.208679, 13.636648, 0.0 ], [ -89.208672, 13.636612, 0.0 ], [ -89.208656, 13.636561, 0.0 ], [ -89.208627, 13.636468, 0.0 ], [ -89.208621, 13.636425, 0.0 ], [ -89.208621, 13.636384, 0.0 ], [ -89.208622, 13.636378, 0.0 ], [ -89.208626, 13.636366, 0.0 ], [ -89.208654, 13.636259, 0.0 ], [ -89.208657, 13.636255, 0.0 ], [ -89.208659, 13.636252, 0.0 ], [ -89.208712, 13.636181, 0.0 ], [ -89.208755, 13.63614, 0.0 ], [ -89.208791, 13.636123, 0.0 ], [ -89.208872, 13.636085, 0.0 ], [ -89.208902, 13.636067, 0.0 ], [ -89.208936, 13.636037, 0.0 ], [ -89.208942, 13.636029, 0.0 ], [ -89.208956, 13.63601, 0.0 ], [ -89.208972, 13.635976, 0.0 ], [ -89.208994, 13.63593, 0.0 ], [ -89.209024, 13.635878, 0.0 ], [ -89.209039, 13.635852, 0.0 ], [ -89.2091, 13.635769, 0.0 ], [ -89.209101, 13.635767, 0.0 ], [ -89.20928, 13.635549, 0.0 ], [ -89.209313, 13.635509, 0.0 ], [ -89.209341, 13.635478, 0.0 ], [ -89.209468, 13.635336, 0.0 ], [ -89.209582, 13.635186, 0.0 ], [ -89.209649, 13.635074, 0.0 ], [ -89.209676, 13.634951, 0.0 ], [ -89.209682, 13.634922, 0.0 ], [ -89.209697, 13.634794, 0.0 ], [ -89.209668, 13.634727, 0.0 ], [ -89.209664, 13.634651, 0.0 ], [ -89.209686, 13.634581, 0.0 ], [ -89.209674, 13.634465, 0.0 ], [ -89.209599, 13.634329, 0.0 ], [ -89.209597, 13.634326, 0.0 ], [ -89.209613, 13.634315, 0.0 ], [ -89.209689, 13.634264, 0.0 ], [ -89.209742, 13.634116, 0.0 ], [ -89.209792, 13.633965, 0.0 ], [ -89.20993, 13.633907, 0.0 ], [ -89.210121, 13.633811, 0.0 ], [ -89.210243, 13.633749, 0.0 ], [ -89.21027, 13.633734, 0.0 ], [ -89.210485, 13.633611, 0.0 ], [ -89.210632, 13.633433, 0.0 ], [ -89.210675, 13.633171, 0.0 ], [ -89.210719, 13.632984, 0.0 ], [ -89.210983, 13.632927, 0.0 ], [ -89.211099, 13.632792, 0.0 ], [ -89.211207, 13.632668, 0.0 ], [ -89.211367, 13.632578, 0.0 ], [ -89.211426, 13.632545, 0.0 ], [ -89.211504, 13.632491, 0.0 ], [ -89.211637, 13.632398, 0.0 ], [ -89.211756, 13.632357, 0.0 ], [ -89.211844, 13.632326, 0.0 ], [ -89.211857, 13.632192, 0.0 ], [ -89.211984, 13.63206, 0.0 ], [ -89.211986, 13.632057, 0.0 ], [ -89.212112, 13.632112, 0.0 ], [ -89.21214, 13.632128, 0.0 ], [ -89.212156, 13.632136, 0.0 ], [ -89.212171, 13.63214, 0.0 ], [ -89.212174, 13.63214, 0.0 ], [ -89.212186, 13.632139, 0.0 ], [ -89.212205, 13.632133, 0.0 ], [ -89.212228, 13.632118, 0.0 ], [ -89.212255, 13.632085, 0.0 ], [ -89.212275, 13.63203, 0.0 ], [ -89.21233, 13.631969, 0.0 ], [ -89.212422, 13.631838, 0.0 ], [ -89.212685, 13.631532, 0.0 ], [ -89.212895, 13.631281, 0.0 ], [ -89.213065, 13.631062, 0.0 ], [ -89.213095, 13.630912, 0.0 ], [ -89.213329, 13.630603, 0.0 ], [ -89.213674, 13.630345, 0.0 ], [ -89.213909, 13.630244, 0.0 ], [ -89.21397, 13.630218, 0.0 ], [ -89.214193, 13.630112, 0.0 ], [ -89.214485, 13.629895, 0.0 ], [ -89.214657, 13.629765, 0.0 ], [ -89.214757, 13.629656, 0.0 ], [ -89.214777, 13.629571, 0.0 ], [ -89.214791, 13.629522, 0.0 ], [ -89.214898, 13.629408, 0.0 ], [ -89.2149, 13.629406, 0.0 ], [ -89.214943, 13.629366, 0.0 ], [ -89.215109, 13.629216, 0.0 ], [ -89.21525, 13.629061, 0.0 ], [ -89.215286, 13.629032, 0.0 ], [ -89.215452, 13.628864, 0.0 ], [ -89.21548, 13.62882, 0.0 ], [ -89.215495, 13.628796, 0.0 ], [ -89.215624, 13.628672, 0.0 ], [ -89.215678, 13.628619, 0.0 ], [ -89.215727, 13.628553, 0.0 ], [ -89.215749, 13.628523, 0.0 ], [ -89.215751, 13.628521, 0.0 ], [ -89.215754, 13.628516, 0.0 ], [ -89.215777, 13.628474, 0.0 ], [ -89.215824, 13.62838, 0.0 ], [ -89.215836, 13.628355, 0.0 ], [ -89.215862, 13.6283, 0.0 ], [ -89.215862, 13.628289, 0.0 ], [ -89.215865, 13.628232, 0.0 ], [ -89.215863, 13.628165, 0.0 ], [ -89.215859, 13.627992, 0.0 ], [ -89.21586, 13.627985, 0.0 ], [ -89.215871, 13.627878, 0.0 ], [ -89.215932, 13.62775, 0.0 ], [ -89.215969, 13.627696, 0.0 ], [ -89.215972, 13.627692, 0.0 ], [ -89.216304, 13.627496, 0.0 ], [ -89.216359, 13.627462, 0.0 ], [ -89.216398, 13.627437, 0.0 ], [ -89.21644, 13.627403, 0.0 ], [ -89.21653, 13.627329, 0.0 ], [ -89.216581, 13.627274, 0.0 ], [ -89.216599, 13.627226, 0.0 ], [ -89.216619, 13.627132, 0.0 ], [ -89.216622, 13.627083, 0.0 ], [ -89.216628, 13.626957, 0.0 ], [ -89.216628, 13.626953, 0.0 ], [ -89.216653, 13.626908, 0.0 ], [ -89.216658, 13.6269, 0.0 ], [ -89.216658, 13.626899, 0.0 ], [ -89.216665, 13.626891, 0.0 ], [ -89.21671, 13.626837, 0.0 ], [ -89.216714, 13.626832, 0.0 ], [ -89.21676, 13.626801, 0.0 ], [ -89.216919, 13.62675, 0.0 ], [ -89.216924, 13.626748, 0.0 ], [ -89.217159, 13.626678, 0.0 ], [ -89.217219, 13.626637, 0.0 ], [ -89.217281, 13.626594, 0.0 ], [ -89.217288, 13.626592, 0.0 ], [ -89.217505, 13.626557, 0.0 ], [ -89.217635, 13.626384, 0.0 ], [ -89.217731, 13.626236, 0.0 ], [ -89.217705, 13.626132, 0.0 ], [ -89.217704, 13.626077, 0.0 ], [ -89.217731, 13.625971, 0.0 ], [ -89.217754, 13.625952, 0.0 ], [ -89.217764, 13.625949, 0.0 ], [ -89.217767, 13.625948, 0.0 ], [ -89.21778, 13.625949, 0.0 ], [ -89.217823, 13.625954, 0.0 ], [ -89.217851, 13.625962, 0.0 ], [ -89.217869, 13.625967, 0.0 ], [ -89.217978, 13.626007, 0.0 ], [ -89.217979, 13.626007, 0.0 ], [ -89.218195, 13.626005, 0.0 ], [ -89.218196, 13.626005, 0.0 ], [ -89.218265, 13.626004, 0.0 ], [ -89.218266, 13.626004, 0.0 ], [ -89.218271, 13.626004, 0.0 ], [ -89.218272, 13.626004, 0.0 ], [ -89.218474, 13.625989, 0.0 ], [ -89.218487, 13.625988, 0.0 ], [ -89.218491, 13.625987, 0.0 ], [ -89.218543, 13.62597, 0.0 ], [ -89.218662, 13.625942, 0.0 ], [ -89.218679, 13.625938, 0.0 ], [ -89.21881, 13.625954, 0.0 ], [ -89.218896, 13.625962, 0.0 ], [ -89.218919, 13.625964, 0.0 ], [ -89.219023, 13.625971, 0.0 ], [ -89.219078, 13.625975, 0.0 ], [ -89.219082, 13.625974, 0.0 ], [ -89.219091, 13.625973, 0.0 ], [ -89.219214, 13.625955, 0.0 ], [ -89.21922, 13.625953, 0.0 ], [ -89.219238, 13.625949, 0.0 ], [ -89.219247, 13.625946, 0.0 ], [ -89.219253, 13.62594, 0.0 ], [ -89.219262, 13.625929, 0.0 ], [ -89.219275, 13.625916, 0.0 ], [ -89.219287, 13.62591, 0.0 ], [ -89.219302, 13.625908, 0.0 ], [ -89.219321, 13.625909, 0.0 ], [ -89.219341, 13.625915, 0.0 ], [ -89.219353, 13.62592, 0.0 ], [ -89.219369, 13.625926, 0.0 ], [ -89.219383, 13.625935, 0.0 ], [ -89.219467, 13.625988, 0.0 ], [ -89.219511, 13.626009, 0.0 ], [ -89.219557, 13.626028, 0.0 ], [ -89.219596, 13.626036, 0.0 ], [ -89.219606, 13.626037, 0.0 ], [ -89.219631, 13.626038, 0.0 ], [ -89.219667, 13.62603, 0.0 ], [ -89.219692, 13.626024, 0.0 ], [ -89.219695, 13.626023, 0.0 ], [ -89.219698, 13.626021, 0.0 ], [ -89.219809, 13.62597, 0.0 ], [ -89.219857, 13.625941, 0.0 ], [ -89.219859, 13.625939, 0.0 ], [ -89.219882, 13.625916, 0.0 ], [ -89.219906, 13.625885, 0.0 ], [ -89.219964, 13.625811, 0.0 ], [ -89.220061, 13.625644, 0.0 ], [ -89.220068, 13.625635, 0.0 ], [ -89.220073, 13.625629, 0.0 ], [ -89.220081, 13.625623, 0.0 ], [ -89.220086, 13.62562, 0.0 ], [ -89.220091, 13.625617, 0.0 ], [ -89.220115, 13.625611, 0.0 ], [ -89.220138, 13.625609, 0.0 ], [ -89.220225, 13.625608, 0.0 ], [ -89.220346, 13.625616, 0.0 ], [ -89.22038, 13.625616, 0.0 ], [ -89.220384, 13.625616, 0.0 ], [ -89.220385, 13.625616, 0.0 ], [ -89.220403, 13.625611, 0.0 ], [ -89.220412, 13.625609, 0.0 ], [ -89.220435, 13.625595, 0.0 ], [ -89.22046, 13.625573, 0.0 ], [ -89.220467, 13.625562, 0.0 ], [ -89.220541, 13.625452, 0.0 ], [ -89.220618, 13.625296, 0.0 ], [ -89.220715, 13.625101, 0.0 ], [ -89.220718, 13.625075, 0.0 ], [ -89.220729, 13.624988, 0.0 ], [ -89.220731, 13.624939, 0.0 ], [ -89.220731, 13.624937, 0.0 ], [ -89.220731, 13.624936, 0.0 ], [ -89.220726, 13.624919, 0.0 ], [ -89.220726, 13.624918, 0.0 ], [ -89.220692, 13.624872, 0.0 ], [ -89.220676, 13.624854, 0.0 ], [ -89.220661, 13.624837, 0.0 ], [ -89.220644, 13.624806, 0.0 ], [ -89.220642, 13.624797, 0.0 ], [ -89.220641, 13.624789, 0.0 ], [ -89.220642, 13.624769, 0.0 ], [ -89.220648, 13.624751, 0.0 ], [ -89.22066, 13.624736, 0.0 ], [ -89.220665, 13.624732, 0.0 ], [ -89.220675, 13.624722, 0.0 ], [ -89.220698, 13.624712, 0.0 ], [ -89.220725, 13.624701, 0.0 ], [ -89.220751, 13.624698, 0.0 ], [ -89.220794, 13.624694, 0.0 ], [ -89.220814, 13.624692, 0.0 ], [ -89.220891, 13.624682, 0.0 ], [ -89.220948, 13.624672, 0.0 ], [ -89.220979, 13.624662, 0.0 ], [ -89.221, 13.62464, 0.0 ], [ -89.221023, 13.624601, 0.0 ], [ -89.221037, 13.624564, 0.0 ], [ -89.221044, 13.624548, 0.0 ], [ -89.221051, 13.624513, 0.0 ], [ -89.221048, 13.624415, 0.0 ], [ -89.221042, 13.624319, 0.0 ], [ -89.22104, 13.624278, 0.0 ], [ -89.221043, 13.624266, 0.0 ], [ -89.221045, 13.624261, 0.0 ], [ -89.221047, 13.624256, 0.0 ], [ -89.221062, 13.624237, 0.0 ], [ -89.221085, 13.624225, 0.0 ], [ -89.221091, 13.624225, 0.0 ], [ -89.221093, 13.624225, 0.0 ], [ -89.221105, 13.624224, 0.0 ], [ -89.221204, 13.624234, 0.0 ], [ -89.221209, 13.624236, 0.0 ], [ -89.221236, 13.624245, 0.0 ], [ -89.221261, 13.624249, 0.0 ], [ -89.221293, 13.624249, 0.0 ], [ -89.221329, 13.624234, 0.0 ], [ -89.221367, 13.624204, 0.0 ], [ -89.221381, 13.624178, 0.0 ], [ -89.221408, 13.624056, 0.0 ], [ -89.221427, 13.623971, 0.0 ], [ -89.221455, 13.623878, 0.0 ], [ -89.221487, 13.623775, 0.0 ], [ -89.221512, 13.623723, 0.0 ], [ -89.221541, 13.623689, 0.0 ], [ -89.221574, 13.623667, 0.0 ], [ -89.22161, 13.623646, 0.0 ], [ -89.221715, 13.623621, 0.0 ], [ -89.221745, 13.623614, 0.0 ], [ -89.221806, 13.623576, 0.0 ], [ -89.221891, 13.623509, 0.0 ], [ -89.221963, 13.623391, 0.0 ], [ -89.222003, 13.623291, 0.0 ], [ -89.222082, 13.623119, 0.0 ], [ -89.222102, 13.623083, 0.0 ], [ -89.222121, 13.623044, 0.0 ], [ -89.222127, 13.623032, 0.0 ], [ -89.222129, 13.623028, 0.0 ], [ -89.222163, 13.622925, 0.0 ], [ -89.222196, 13.622819, 0.0 ], [ -89.222258, 13.622641, 0.0 ], [ -89.222282, 13.622561, 0.0 ], [ -89.222299, 13.622505, 0.0 ], [ -89.222319, 13.622454, 0.0 ], [ -89.222341, 13.622397, 0.0 ], [ -89.222403, 13.622232, 0.0 ], [ -89.222432, 13.622158, 0.0 ], [ -89.222436, 13.622133, 0.0 ], [ -89.222443, 13.622101, 0.0 ], [ -89.22245, 13.622042, 0.0 ], [ -89.222454, 13.622013, 0.0 ], [ -89.222461, 13.621966, 0.0 ], [ -89.222477, 13.621924, 0.0 ], [ -89.222527, 13.621795, 0.0 ], [ -89.222554, 13.621758, 0.0 ], [ -89.222566, 13.621741, 0.0 ], [ -89.222569, 13.621737, 0.0 ], [ -89.222597, 13.621711, 0.0 ], [ -89.222626, 13.621692, 0.0 ], [ -89.222654, 13.621674, 0.0 ], [ -89.222737, 13.621622, 0.0 ], [ -89.222876, 13.621538, 0.0 ], [ -89.223012, 13.621447, 0.0 ], [ -89.223091, 13.621376, 0.0 ], [ -89.223216, 13.621261, 0.0 ], [ -89.22332, 13.62116, 0.0 ], [ -89.223354, 13.621123, 0.0 ], [ -89.223373, 13.621074, 0.0 ], [ -89.223379, 13.621035, 0.0 ], [ -89.223379, 13.62099, 0.0 ], [ -89.223374, 13.620939, 0.0 ], [ -89.223374, 13.620936, 0.0 ], [ -89.22336, 13.620899, 0.0 ], [ -89.22333, 13.620834, 0.0 ], [ -89.223306, 13.620764, 0.0 ], [ -89.223278, 13.620654, 0.0 ], [ -89.223264, 13.620545, 0.0 ], [ -89.223265, 13.620535, 0.0 ], [ -89.223265, 13.620531, 0.0 ], [ -89.223267, 13.620514, 0.0 ], [ -89.223285, 13.620446, 0.0 ], [ -89.223307, 13.620385, 0.0 ], [ -89.223315, 13.620346, 0.0 ], [ -89.223324, 13.620307, 0.0 ], [ -89.223324, 13.62026, 0.0 ], [ -89.223307, 13.620218, 0.0 ], [ -89.22329, 13.620181, 0.0 ], [ -89.223283, 13.62015, 0.0 ], [ -89.223272, 13.620102, 0.0 ], [ -89.223273, 13.620041, 0.0 ], [ -89.223276, 13.620027, 0.0 ], [ -89.223285, 13.619975, 0.0 ], [ -89.223306, 13.619895, 0.0 ], [ -89.223325, 13.619825, 0.0 ], [ -89.223366, 13.619674, 0.0 ], [ -89.223398, 13.619588, 0.0 ], [ -89.223455, 13.619492, 0.0 ], [ -89.223484, 13.619446, 0.0 ], [ -89.223513, 13.6194, 0.0 ], [ -89.223529, 13.619366, 0.0 ], [ -89.22354, 13.619342, 0.0 ], [ -89.223562, 13.619283, 0.0 ], [ -89.223623, 13.619075, 0.0 ], [ -89.223632, 13.619046, 0.0 ], [ -89.223648, 13.618993, 0.0 ], [ -89.223668, 13.618954, 0.0 ], [ -89.223669, 13.618953, 0.0 ], [ -89.223676, 13.618946, 0.0 ], [ -89.223713, 13.61891, 0.0 ], [ -89.223799, 13.618831, 0.0 ], [ -89.223876, 13.618774, 0.0 ], [ -89.223969, 13.618706, 0.0 ], [ -89.22409, 13.618625, 0.0 ], [ -89.224195, 13.618557, 0.0 ], [ -89.224221, 13.618543, 0.0 ], [ -89.22429, 13.618504, 0.0 ], [ -89.224362, 13.61847, 0.0 ], [ -89.224435, 13.618446, 0.0 ], [ -89.22454, 13.618419, 0.0 ], [ -89.224584, 13.61841, 0.0 ], [ -89.224709, 13.618398, 0.0 ], [ -89.224818, 13.618395, 0.0 ], [ -89.224911, 13.618387, 0.0 ], [ -89.224982, 13.618387, 0.0 ], [ -89.225042, 13.618399, 0.0 ], [ -89.225103, 13.618425, 0.0 ], [ -89.225175, 13.618438, 0.0 ], [ -89.225219, 13.61844, 0.0 ], [ -89.225275, 13.618442, 0.0 ], [ -89.225356, 13.618445, 0.0 ], [ -89.225413, 13.618459, 0.0 ], [ -89.225546, 13.618495, 0.0 ], [ -89.225652, 13.618526, 0.0 ], [ -89.225694, 13.618526, 0.0 ], [ -89.225905, 13.61851, 0.0 ], [ -89.226204, 13.618466, 0.0 ], [ -89.226355, 13.618446, 0.0 ], [ -89.22644, 13.618425, 0.0 ], [ -89.226516, 13.618406, 0.0 ], [ -89.22658, 13.618382, 0.0 ], [ -89.226653, 13.618346, 0.0 ], [ -89.226715, 13.618303, 0.0 ], [ -89.226778, 13.618251, 0.0 ], [ -89.226878, 13.618172, 0.0 ], [ -89.227024, 13.618046, 0.0 ], [ -89.227097, 13.617972, 0.0 ], [ -89.227178, 13.617911, 0.0 ], [ -89.227249, 13.617855, 0.0 ], [ -89.227342, 13.617801, 0.0 ], [ -89.227414, 13.617749, 0.0 ], [ -89.227435, 13.617724, 0.0 ], [ -89.227465, 13.617688, 0.0 ], [ -89.227487, 13.617637, 0.0 ], [ -89.227515, 13.617554, 0.0 ], [ -89.227548, 13.617422, 0.0 ], [ -89.227591, 13.61733, 0.0 ], [ -89.227616, 13.617295, 0.0 ], [ -89.227626, 13.617281, 0.0 ], [ -89.227634, 13.617271, 0.0 ], [ -89.227654, 13.617245, 0.0 ], [ -89.227657, 13.617243, 0.0 ], [ -89.227754, 13.617156, 0.0 ], [ -89.227794, 13.61712, 0.0 ], [ -89.227948, 13.61698, 0.0 ], [ -89.228025, 13.616905, 0.0 ], [ -89.228077, 13.616848, 0.0 ], [ -89.228122, 13.616789, 0.0 ], [ -89.228154, 13.616718, 0.0 ], [ -89.228211, 13.616586, 0.0 ], [ -89.228294, 13.616344, 0.0 ], [ -89.22831, 13.61626, 0.0 ], [ -89.228311, 13.616237, 0.0 ], [ -89.228312, 13.61619, 0.0 ], [ -89.228317, 13.616092, 0.0 ], [ -89.228312, 13.616023, 0.0 ], [ -89.22831, 13.616006, 0.0 ], [ -89.228295, 13.615933, 0.0 ], [ -89.228274, 13.615865, 0.0 ], [ -89.228242, 13.615804, 0.0 ], [ -89.228232, 13.615793, 0.0 ], [ -89.228171, 13.615721, 0.0 ], [ -89.228104, 13.61564, 0.0 ], [ -89.228064, 13.615592, 0.0 ], [ -89.228032, 13.615541, 0.0 ], [ -89.228023, 13.615519, 0.0 ], [ -89.228009, 13.615482, 0.0 ], [ -89.227983, 13.615363, 0.0 ], [ -89.227977, 13.615302, 0.0 ], [ -89.227973, 13.615262, 0.0 ], [ -89.227962, 13.615159, 0.0 ], [ -89.227963, 13.615152, 0.0 ], [ -89.227985, 13.61496, 0.0 ], [ -89.227998, 13.614767, 0.0 ], [ -89.227999, 13.614726, 0.0 ], [ -89.228004, 13.614579, 0.0 ], [ -89.227996, 13.614495, 0.0 ], [ -89.227978, 13.614427, 0.0 ], [ -89.227972, 13.614413, 0.0 ], [ -89.22794, 13.614335, 0.0 ], [ -89.227844, 13.614127, 0.0 ], [ -89.227828, 13.614075, 0.0 ], [ -89.227792, 13.613963, 0.0 ], [ -89.227754, 13.613871, 0.0 ], [ -89.227728, 13.613811, 0.0 ], [ -89.227687, 13.613705, 0.0 ], [ -89.227673, 13.613629, 0.0 ], [ -89.227667, 13.613576, 0.0 ], [ -89.227663, 13.613542, 0.0 ], [ -89.227624, 13.613336, 0.0 ], [ -89.227611, 13.613249, 0.0 ], [ -89.227611, 13.613246, 0.0 ], [ -89.227605, 13.613151, 0.0 ], [ -89.227614, 13.613045, 0.0 ], [ -89.227632, 13.612962, 0.0 ], [ -89.227644, 13.612939, 0.0 ], [ -89.227661, 13.612908, 0.0 ], [ -89.227691, 13.612812, 0.0 ], [ -89.227702, 13.612748, 0.0 ], [ -89.227702, 13.612696, 0.0 ], [ -89.227703, 13.61268, 0.0 ], [ -89.227706, 13.612607, 0.0 ], [ -89.227706, 13.612594, 0.0 ], [ -89.227705, 13.612575, 0.0 ], [ -89.227701, 13.612509, 0.0 ], [ -89.227695, 13.612427, 0.0 ], [ -89.227682, 13.612387, 0.0 ], [ -89.227663, 13.612325, 0.0 ], [ -89.227618, 13.612259, 0.0 ], [ -89.227559, 13.612195, 0.0 ], [ -89.227496, 13.61214, 0.0 ], [ -89.227435, 13.612089, 0.0 ], [ -89.227368, 13.612043, 0.0 ], [ -89.227328, 13.612015, 0.0 ], [ -89.22725, 13.611966, 0.0 ], [ -89.22718, 13.61191, 0.0 ], [ -89.227102, 13.611848, 0.0 ], [ -89.227042, 13.61178, 0.0 ], [ -89.226992, 13.611715, 0.0 ], [ -89.226956, 13.61164, 0.0 ], [ -89.226924, 13.611559, 0.0 ], [ -89.226903, 13.611467, 0.0 ], [ -89.226893, 13.61141, 0.0 ], [ -89.226893, 13.611362, 0.0 ], [ -89.2269, 13.611334, 0.0 ], [ -89.226906, 13.611312, 0.0 ], [ -89.226911, 13.611297, 0.0 ], [ -89.226932, 13.611238, 0.0 ], [ -89.226982, 13.611128, 0.0 ], [ -89.227057, 13.610969, 0.0 ], [ -89.227093, 13.610887, 0.0 ], [ -89.22716, 13.6108, 0.0 ], [ -89.227236, 13.610722, 0.0 ], [ -89.227263, 13.610699, 0.0 ], [ -89.227268, 13.610695, 0.0 ], [ -89.2273, 13.610668, 0.0 ], [ -89.227371, 13.610608, 0.0 ], [ -89.227418, 13.610576, 0.0 ], [ -89.227479, 13.610535, 0.0 ], [ -89.227614, 13.610439, 0.0 ], [ -89.227742, 13.610358, 0.0 ], [ -89.227818, 13.610309, 0.0 ], [ -89.227882, 13.610263, 0.0 ], [ -89.22791, 13.610239, 0.0 ], [ -89.227946, 13.610205, 0.0 ], [ -89.227975, 13.610171, 0.0 ], [ -89.227987, 13.610155, 0.0 ], [ -89.228043, 13.610082, 0.0 ], [ -89.228055, 13.610057, 0.0 ], [ -89.228058, 13.610051, 0.0 ], [ -89.228069, 13.61002, 0.0 ], [ -89.228075, 13.610004, 0.0 ], [ -89.228079, 13.609968, 0.0 ], [ -89.228081, 13.609954, 0.0 ], [ -89.228081, 13.609915, 0.0 ], [ -89.228087, 13.609859, 0.0 ], [ -89.228091, 13.609845, 0.0 ], [ -89.228108, 13.609783, 0.0 ], [ -89.22815, 13.609646, 0.0 ], [ -89.228211, 13.609439, 0.0 ], [ -89.228269, 13.609248, 0.0 ], [ -89.228276, 13.609177, 0.0 ], [ -89.228277, 13.609107, 0.0 ], [ -89.228281, 13.609017, 0.0 ], [ -89.228281, 13.608999, 0.0 ], [ -89.228281, 13.608976, 0.0 ], [ -89.228281, 13.608919, 0.0 ], [ -89.228277, 13.60884, 0.0 ], [ -89.228267, 13.608756, 0.0 ], [ -89.228261, 13.608707, 0.0 ], [ -89.228263, 13.608661, 0.0 ], [ -89.228266, 13.60861, 0.0 ], [ -89.228286, 13.608471, 0.0 ], [ -89.228293, 13.608324, 0.0 ], [ -89.228294, 13.608182, 0.0 ], [ -89.228294, 13.60818, 0.0 ], [ -89.228287, 13.608085, 0.0 ], [ -89.228276, 13.607994, 0.0 ], [ -89.228269, 13.607972, 0.0 ], [ -89.228257, 13.607935, 0.0 ], [ -89.228239, 13.607893, 0.0 ], [ -89.228233, 13.607879, 0.0 ], [ -89.228197, 13.607832, 0.0 ], [ -89.228149, 13.607781, 0.0 ], [ -89.228083, 13.607718, 0.0 ], [ -89.228078, 13.607713, 0.0 ], [ -89.227993, 13.607625, 0.0 ], [ -89.2279, 13.607503, 0.0 ], [ -89.227793, 13.607348, 0.0 ], [ -89.227647, 13.607119, 0.0 ], [ -89.22753, 13.606974, 0.0 ], [ -89.227438, 13.606887, 0.0 ], [ -89.227374, 13.606834, 0.0 ], [ -89.227355, 13.606822, 0.0 ], [ -89.22731, 13.606795, 0.0 ], [ -89.227241, 13.606779, 0.0 ], [ -89.227192, 13.606773, 0.0 ], [ -89.227121, 13.606771, 0.0 ], [ -89.227076, 13.606769, 0.0 ], [ -89.227027, 13.606768, 0.0 ], [ -89.226943, 13.606757, 0.0 ], [ -89.226881, 13.606746, 0.0 ], [ -89.226847, 13.606734, 0.0 ], [ -89.226807, 13.606719, 0.0 ], [ -89.226735, 13.606676, 0.0 ], [ -89.226729, 13.606671, 0.0 ], [ -89.226696, 13.606643, 0.0 ], [ -89.226664, 13.606604, 0.0 ], [ -89.226626, 13.606539, 0.0 ], [ -89.226594, 13.606457, 0.0 ], [ -89.226567, 13.606361, 0.0 ], [ -89.22656, 13.606296, 0.0 ], [ -89.226558, 13.606281, 0.0 ], [ -89.226558, 13.60619, 0.0 ], [ -89.226563, 13.606037, 0.0 ], [ -89.226559, 13.605954, 0.0 ], [ -89.226559, 13.605939, 0.0 ], [ -89.226543, 13.605812, 0.0 ], [ -89.226545, 13.605746, 0.0 ], [ -89.226554, 13.60567, 0.0 ], [ -89.226575, 13.605583, 0.0 ], [ -89.226607, 13.605507, 0.0 ], [ -89.226618, 13.605479, 0.0 ], [ -89.226624, 13.605463, 0.0 ], [ -89.226635, 13.605395, 0.0 ], [ -89.226628, 13.605347, 0.0 ], [ -89.226616, 13.605306, 0.0 ], [ -89.226612, 13.605294, 0.0 ], [ -89.226579, 13.605193, 0.0 ], [ -89.226533, 13.60509, 0.0 ], [ -89.226526, 13.605039, 0.0 ], [ -89.226513, 13.60496, 0.0 ], [ -89.226463, 13.604783, 0.0 ], [ -89.226405, 13.604584, 0.0 ], [ -89.226342, 13.604425, 0.0 ], [ -89.22631, 13.604308, 0.0 ], [ -89.226287, 13.604172, 0.0 ], [ -89.226283, 13.60406, 0.0 ], [ -89.226289, 13.603952, 0.0 ], [ -89.226305, 13.603865, 0.0 ], [ -89.22634, 13.603772, 0.0 ], [ -89.226391, 13.603673, 0.0 ], [ -89.226451, 13.603572, 0.0 ], [ -89.226513, 13.603493, 0.0 ], [ -89.22659, 13.603406, 0.0 ], [ -89.226688, 13.603308, 0.0 ], [ -89.226824, 13.603179, 0.0 ], [ -89.226865, 13.603145, 0.0 ], [ -89.226883, 13.60313, 0.0 ], [ -89.22696, 13.603085, 0.0 ], [ -89.22702, 13.603042, 0.0 ], [ -89.227095, 13.602987, 0.0 ], [ -89.227104, 13.60298, 0.0 ], [ -89.227187, 13.602913, 0.0 ], [ -89.227237, 13.602865, 0.0 ], [ -89.227302, 13.602812, 0.0 ], [ -89.227376, 13.602758, 0.0 ], [ -89.227437, 13.602717, 0.0 ], [ -89.22745, 13.602707, 0.0 ], [ -89.227486, 13.60268, 0.0 ], [ -89.227527, 13.602638, 0.0 ], [ -89.227547, 13.602592, 0.0 ], [ -89.227552, 13.602531, 0.0 ], [ -89.227551, 13.60252, 0.0 ], [ -89.227546, 13.602462, 0.0 ], [ -89.227537, 13.602394, 0.0 ], [ -89.227513, 13.602252, 0.0 ], [ -89.227497, 13.602133, 0.0 ], [ -89.227493, 13.602051, 0.0 ], [ -89.227499, 13.602005, 0.0 ], [ -89.227514, 13.60195, 0.0 ], [ -89.22754, 13.601875, 0.0 ], [ -89.227574, 13.601792, 0.0 ], [ -89.227617, 13.601715, 0.0 ], [ -89.227676, 13.601629, 0.0 ], [ -89.227773, 13.60149, 0.0 ], [ -89.227832, 13.601401, 0.0 ], [ -89.227882, 13.601319, 0.0 ], [ -89.227885, 13.601315, 0.0 ], [ -89.227925, 13.601225, 0.0 ], [ -89.227926, 13.60122, 0.0 ], [ -89.227961, 13.601105, 0.0 ], [ -89.227984, 13.600981, 0.0 ], [ -89.227999, 13.600906, 0.0 ], [ -89.228006, 13.60087, 0.0 ], [ -89.228026, 13.600753, 0.0 ], [ -89.228044, 13.600626, 0.0 ], [ -89.228048, 13.600529, 0.0 ], [ -89.228049, 13.600501, 0.0 ], [ -89.228052, 13.600455, 0.0 ], [ -89.228043, 13.600402, 0.0 ], [ -89.22804, 13.600393, 0.0 ], [ -89.228017, 13.600337, 0.0 ], [ -89.227961, 13.600202, 0.0 ], [ -89.227917, 13.600067, 0.0 ], [ -89.227896, 13.599937, 0.0 ], [ -89.227886, 13.599842, 0.0 ], [ -89.227886, 13.599832, 0.0 ], [ -89.227885, 13.599823, 0.0 ], [ -89.227884, 13.599793, 0.0 ], [ -89.2279, 13.599745, 0.0 ], [ -89.227925, 13.599703, 0.0 ], [ -89.228007, 13.599608, 0.0 ], [ -89.228069, 13.599541, 0.0 ], [ -89.228084, 13.599525, 0.0 ], [ -89.228136, 13.599452, 0.0 ], [ -89.228175, 13.599378, 0.0 ], [ -89.228186, 13.599361, 0.0 ], [ -89.228243, 13.59927, 0.0 ], [ -89.228306, 13.599164, 0.0 ], [ -89.228413, 13.599021, 0.0 ], [ -89.228524, 13.59888, 0.0 ], [ -89.228609, 13.598763, 0.0 ], [ -89.228728, 13.598622, 0.0 ], [ -89.228812, 13.598528, 0.0 ], [ -89.228871, 13.598467, 0.0 ], [ -89.228931, 13.598397, 0.0 ], [ -89.228953, 13.598364, 0.0 ], [ -89.228963, 13.598348, 0.0 ], [ -89.228982, 13.598301, 0.0 ], [ -89.228998, 13.598248, 0.0 ], [ -89.229016, 13.598135, 0.0 ], [ -89.22902, 13.598108, 0.0 ], [ -89.22902, 13.598104, 0.0 ], [ -89.229036, 13.598007, 0.0 ], [ -89.229066, 13.597918, 0.0 ], [ -89.229092, 13.597873, 0.0 ], [ -89.229131, 13.597808, 0.0 ], [ -89.229181, 13.597696, 0.0 ], [ -89.229213, 13.597597, 0.0 ], [ -89.229219, 13.597551, 0.0 ], [ -89.229226, 13.597506, 0.0 ], [ -89.229235, 13.597446, 0.0 ], [ -89.229254, 13.597383, 0.0 ], [ -89.229273, 13.597349, 0.0 ], [ -89.229301, 13.597297, 0.0 ], [ -89.229354, 13.59724, 0.0 ], [ -89.229411, 13.597187, 0.0 ], [ -89.229487, 13.59715, 0.0 ], [ -89.229558, 13.597131, 0.0 ], [ -89.229587, 13.597131, 0.0 ], [ -89.229622, 13.597131, 0.0 ], [ -89.229697, 13.597138, 0.0 ], [ -89.229769, 13.597136, 0.0 ], [ -89.229779, 13.597134, 0.0 ], [ -89.229815, 13.597125, 0.0 ], [ -89.229845, 13.597109, 0.0 ], [ -89.229864, 13.5971, 0.0 ], [ -89.229869, 13.597097, 0.0 ], [ -89.22991, 13.59707, 0.0 ], [ -89.229976, 13.597011, 0.0 ], [ -89.230046, 13.596923, 0.0 ], [ -89.230059, 13.596896, 0.0 ], [ -89.230107, 13.596795, 0.0 ], [ -89.230194, 13.596641, 0.0 ], [ -89.230282, 13.596485, 0.0 ], [ -89.230319, 13.59641, 0.0 ], [ -89.230369, 13.596307, 0.0 ], [ -89.230397, 13.596241, 0.0 ], [ -89.230457, 13.596098, 0.0 ], [ -89.230499, 13.595961, 0.0 ], [ -89.230547, 13.595817, 0.0 ], [ -89.230606, 13.595635, 0.0 ], [ -89.230678, 13.595468, 0.0 ], [ -89.230738, 13.595362, 0.0 ], [ -89.230821, 13.59525, 0.0 ], [ -89.230821, 13.595249, 0.0 ], [ -89.230828, 13.59524, 0.0 ], [ -89.23088, 13.595181, 0.0 ], [ -89.230946, 13.595124, 0.0 ], [ -89.231023, 13.595059, 0.0 ], [ -89.23105, 13.595028, 0.0 ], [ -89.231064, 13.594998, 0.0 ], [ -89.231079, 13.594945, 0.0 ], [ -89.231114, 13.594844, 0.0 ], [ -89.231174, 13.594677, 0.0 ], [ -89.231175, 13.594674, 0.0 ], [ -89.231251, 13.59446, 0.0 ], [ -89.231269, 13.594387, 0.0 ], [ -89.231283, 13.594327, 0.0 ], [ -89.231296, 13.594276, 0.0 ], [ -89.231316, 13.594195, 0.0 ], [ -89.231357, 13.594058, 0.0 ], [ -89.231358, 13.594055, 0.0 ], [ -89.231395, 13.593953, 0.0 ], [ -89.231397, 13.59395, 0.0 ], [ -89.23141, 13.59392, 0.0 ], [ -89.231413, 13.593912, 0.0 ], [ -89.231448, 13.593872, 0.0 ], [ -89.231483, 13.593834, 0.0 ], [ -89.231494, 13.593823, 0.0 ], [ -89.231606, 13.593696, 0.0 ], [ -89.231642, 13.593635, 0.0 ], [ -89.231655, 13.593613, 0.0 ], [ -89.231679, 13.593562, 0.0 ], [ -89.231684, 13.593551, 0.0 ], [ -89.231689, 13.593536, 0.0 ], [ -89.231715, 13.593464, 0.0 ], [ -89.231728, 13.593369, 0.0 ], [ -89.23173, 13.59331, 0.0 ], [ -89.231723, 13.593243, 0.0 ], [ -89.231707, 13.59317, 0.0 ], [ -89.231702, 13.593146, 0.0 ], [ -89.231678, 13.593078, 0.0 ], [ -89.231656, 13.593014, 0.0 ], [ -89.231649, 13.592994, 0.0 ], [ -89.2316, 13.592892, 0.0 ], [ -89.231561, 13.59281, 0.0 ], [ -89.231504, 13.59269, 0.0 ], [ -89.231476, 13.592631, 0.0 ], [ -89.231473, 13.592626, 0.0 ], [ -89.231465, 13.592611, 0.0 ], [ -89.231322, 13.592344, 0.0 ], [ -89.231253, 13.592196, 0.0 ], [ -89.231248, 13.592179, 0.0 ], [ -89.231243, 13.592159, 0.0 ], [ -89.231239, 13.592147, 0.0 ], [ -89.23123, 13.592083, 0.0 ], [ -89.23122, 13.591982, 0.0 ], [ -89.231217, 13.591948, 0.0 ], [ -89.231204, 13.591804, 0.0 ], [ -89.231176, 13.591623, 0.0 ], [ -89.231148, 13.591503, 0.0 ], [ -89.231123, 13.591399, 0.0 ], [ -89.2311, 13.591293, 0.0 ], [ -89.23108, 13.591171, 0.0 ], [ -89.23106, 13.591038, 0.0 ], [ -89.231059, 13.591026, 0.0 ], [ -89.231051, 13.590947, 0.0 ], [ -89.231051, 13.590931, 0.0 ], [ -89.231051, 13.590904, 0.0 ], [ -89.231063, 13.590784, 0.0 ], [ -89.231075, 13.590654, 0.0 ], [ -89.231085, 13.590578, 0.0 ], [ -89.231082, 13.590523, 0.0 ], [ -89.231085, 13.590435, 0.0 ], [ -89.231095, 13.590382, 0.0 ], [ -89.231099, 13.590371, 0.0 ], [ -89.231101, 13.590365, 0.0 ], [ -89.231114, 13.59033, 0.0 ], [ -89.231151, 13.590273, 0.0 ], [ -89.231193, 13.590227, 0.0 ], [ -89.231228, 13.590197, 0.0 ], [ -89.231276, 13.590169, 0.0 ], [ -89.231376, 13.590118, 0.0 ], [ -89.231453, 13.590076, 0.0 ], [ -89.231466, 13.590067, 0.0 ], [ -89.231468, 13.590065, 0.0 ], [ -89.231528, 13.590023, 0.0 ], [ -89.231551, 13.590003, 0.0 ], [ -89.231603, 13.589959, 0.0 ], [ -89.231628, 13.589935, 0.0 ], [ -89.231646, 13.589905, 0.0 ], [ -89.231686, 13.589818, 0.0 ], [ -89.231687, 13.589815, 0.0 ], [ -89.231688, 13.589814, 0.0 ], [ -89.231729, 13.589707, 0.0 ], [ -89.231754, 13.589617, 0.0 ], [ -89.231758, 13.589574, 0.0 ], [ -89.231762, 13.589534, 0.0 ], [ -89.231762, 13.589451, 0.0 ], [ -89.231759, 13.589397, 0.0 ], [ -89.231758, 13.589392, 0.0 ], [ -89.231741, 13.589332, 0.0 ], [ -89.231712, 13.589256, 0.0 ], [ -89.231692, 13.589211, 0.0 ], [ -89.231678, 13.589173, 0.0 ], [ -89.231662, 13.589128, 0.0 ], [ -89.231619, 13.589033, 0.0 ], [ -89.231582, 13.588956, 0.0 ], [ -89.231552, 13.588892, 0.0 ], [ -89.231539, 13.588857, 0.0 ], [ -89.231503, 13.588764, 0.0 ], [ -89.231456, 13.588698, 0.0 ], [ -89.231436, 13.588669, 0.0 ], [ -89.231383, 13.588608, 0.0 ], [ -89.231316, 13.588557, 0.0 ], [ -89.231257, 13.588515, 0.0 ], [ -89.231201, 13.588471, 0.0 ], [ -89.231148, 13.588417, 0.0 ], [ -89.231108, 13.588367, 0.0 ], [ -89.231074, 13.588321, 0.0 ], [ -89.231054, 13.588295, 0.0 ], [ -89.231041, 13.58828, 0.0 ], [ -89.230953, 13.588197, 0.0 ], [ -89.230923, 13.588162, 0.0 ], [ -89.230914, 13.588147, 0.0 ], [ -89.230909, 13.588136, 0.0 ], [ -89.230906, 13.58811, 0.0 ], [ -89.230907, 13.588068, 0.0 ], [ -89.23091, 13.588015, 0.0 ], [ -89.230932, 13.587863, 0.0 ], [ -89.230938, 13.58768, 0.0 ], [ -89.230943, 13.58754, 0.0 ], [ -89.230948, 13.58748, 0.0 ], [ -89.230953, 13.587425, 0.0 ], [ -89.230952, 13.587278, 0.0 ], [ -89.230951, 13.587268, 0.0 ], [ -89.230947, 13.587239, 0.0 ], [ -89.230933, 13.587203, 0.0 ], [ -89.23088, 13.587144, 0.0 ], [ -89.230862, 13.587123, 0.0 ], [ -89.230833, 13.587088, 0.0 ], [ -89.23083, 13.587086, 0.0 ], [ -89.230806, 13.587068, 0.0 ], [ -89.230763, 13.587036, 0.0 ], [ -89.230736, 13.587023, 0.0 ], [ -89.230683, 13.586997, 0.0 ], [ -89.230587, 13.58697, 0.0 ], [ -89.2305, 13.586947, 0.0 ], [ -89.230418, 13.586931, 0.0 ], [ -89.230329, 13.586927, 0.0 ], [ -89.230228, 13.586936, 0.0 ], [ -89.230154, 13.586953, 0.0 ], [ -89.230056, 13.586979, 0.0 ], [ -89.229961, 13.587006, 0.0 ], [ -89.229886, 13.587021, 0.0 ], [ -89.229805, 13.587027, 0.0 ], [ -89.229713, 13.587029, 0.0 ], [ -89.229591, 13.587011, 0.0 ], [ -89.229483, 13.586994, 0.0 ], [ -89.229381, 13.586966, 0.0 ], [ -89.229311, 13.586938, 0.0 ], [ -89.229273, 13.586908, 0.0 ], [ -89.229203, 13.586847, 0.0 ], [ -89.229148, 13.586779, 0.0 ], [ -89.229095, 13.586711, 0.0 ], [ -89.22904, 13.586604, 0.0 ], [ -89.229039, 13.586602, 0.0 ], [ -89.228983, 13.586492, 0.0 ], [ -89.228967, 13.58646, 0.0 ], [ -89.228905, 13.586329, 0.0 ], [ -89.228832, 13.586148, 0.0 ], [ -89.2288, 13.586056, 0.0 ], [ -89.228751, 13.585912, 0.0 ], [ -89.228616, 13.585893, 0.0 ], [ -89.228423, 13.585866, 0.0 ], [ -89.228347, 13.58569, 0.0 ], [ -89.228298, 13.58583, 0.0 ], [ -89.22816, 13.585786, 0.0 ], [ -89.228079, 13.585916, 0.0 ], [ -89.227855, 13.585875, 0.0 ], [ -89.227749, 13.586055, 0.0 ], [ -89.227537, 13.586025, 0.0 ], [ -89.227418, 13.586205, 0.0 ], [ -89.227249, 13.586206, 0.0 ], [ -89.227227, 13.586207, 0.0 ], [ -89.227117, 13.586317, 0.0 ], [ -89.226935, 13.586291, 0.0 ], [ -89.226934, 13.586298, 0.0 ], [ -89.226899, 13.586467, 0.0 ], [ -89.226794, 13.586435, 0.0 ], [ -89.226728, 13.586424, 0.0 ], [ -89.226698, 13.586418, 0.0 ], [ -89.226697, 13.586424, 0.0 ], [ -89.226668, 13.58661, 0.0 ], [ -89.226513, 13.586768, 0.0 ], [ -89.226502, 13.586777, 0.0 ], [ -89.226316, 13.587186, 0.0 ], [ -89.226272, 13.587283, 0.0 ], [ -89.226229, 13.587354, 0.0 ], [ -89.226175, 13.587445, 0.0 ], [ -89.226016, 13.587596, 0.0 ], [ -89.226004, 13.587606, 0.0 ], [ -89.225891, 13.587694, 0.0 ], [ -89.225865, 13.587715, 0.0 ], [ -89.225792, 13.58773, 0.0 ], [ -89.225503, 13.587787, 0.0 ], [ -89.225404, 13.587802, 0.0 ], [ -89.22528, 13.587822, 0.0 ], [ -89.22518, 13.587837, 0.0 ], [ -89.224826, 13.587941, 0.0 ], [ -89.224758, 13.587955, 0.0 ], [ -89.224689, 13.587943, 0.0 ], [ -89.224608, 13.587931, 0.0 ], [ -89.224536, 13.58791, 0.0 ], [ -89.224416, 13.587823, 0.0 ], [ -89.22432, 13.587782, 0.0 ], [ -89.224257, 13.587779, 0.0 ], [ -89.224189, 13.587802, 0.0 ], [ -89.224029, 13.587854, 0.0 ], [ -89.223805, 13.587911, 0.0 ], [ -89.223791, 13.587914, 0.0 ], [ -89.223582, 13.587954, 0.0 ], [ -89.223492, 13.587983, 0.0 ], [ -89.223452, 13.587995, 0.0 ], [ -89.223293, 13.588044, 0.0 ], [ -89.223162, 13.588077, 0.0 ], [ -89.223145, 13.588079, 0.0 ], [ -89.222932, 13.58811, 0.0 ], [ -89.22268, 13.588142, 0.0 ], [ -89.222343, 13.588159, 0.0 ], [ -89.222336, 13.588159, 0.0 ], [ -89.222232, 13.588155, 0.0 ], [ -89.222117, 13.588101, 0.0 ], [ -89.221987, 13.588041, 0.0 ], [ -89.221827, 13.587978, 0.0 ], [ -89.221681, 13.587924, 0.0 ], [ -89.22162, 13.587844, 0.0 ], [ -89.221564, 13.587743, 0.0 ], [ -89.221487, 13.587574, 0.0 ], [ -89.221413, 13.587431, 0.0 ], [ -89.221332, 13.587338, 0.0 ], [ -89.221228, 13.587246, 0.0 ], [ -89.220945, 13.587091, 0.0 ], [ -89.220832, 13.587132, 0.0 ], [ -89.220668, 13.587174, 0.0 ], [ -89.220659, 13.587179, 0.0 ], [ -89.220618, 13.587197, 0.0 ], [ -89.220608, 13.587202, 0.0 ], [ -89.220445, 13.587276, 0.0 ], [ -89.220268, 13.587175, 0.0 ], [ -89.220055, 13.58701, 0.0 ], [ -89.220062, 13.587002, 0.0 ], [ -89.220121, 13.586931, 0.0 ], [ -89.220207, 13.586749, 0.0 ], [ -89.220262, 13.586706, 0.0 ], [ -89.220318, 13.586661, 0.0 ], [ -89.220323, 13.586656, 0.0 ], [ -89.220325, 13.586649, 0.0 ], [ -89.220358, 13.586509, 0.0 ], [ -89.220336, 13.586361, 0.0 ], [ -89.220297, 13.586256, 0.0 ], [ -89.220151, 13.586151, 0.0 ], [ -89.219969, 13.586055, 0.0 ], [ -89.219911, 13.586024, 0.0 ], [ -89.219888, 13.586012, 0.0 ], [ -89.219776, 13.585924, 0.0 ], [ -89.219647, 13.585823, 0.0 ], [ -89.219611, 13.585802, 0.0 ], [ -89.219401, 13.585684, 0.0 ], [ -89.219343, 13.585641, 0.0 ], [ -89.219323, 13.585627, 0.0 ], [ -89.219241, 13.585566, 0.0 ], [ -89.219194, 13.585494, 0.0 ], [ -89.219193, 13.585489, 0.0 ], [ -89.219129, 13.585216, 0.0 ], [ -89.21909, 13.585171, 0.0 ], [ -89.21906, 13.585136, 0.0 ], [ -89.218987, 13.585052, 0.0 ], [ -89.218828, 13.584909, 0.0 ], [ -89.218772, 13.584879, 0.0 ], [ -89.218655, 13.584783, 0.0 ], [ -89.218557, 13.584687, 0.0 ], [ -89.218458, 13.584623, 0.0 ], [ -89.218371, 13.584567, 0.0 ], [ -89.218329, 13.584539, 0.0 ], [ -89.2182, 13.584493, 0.0 ], [ -89.21813, 13.584457, 0.0 ], [ -89.21807, 13.584426, 0.0 ], [ -89.218027, 13.584395, 0.0 ], [ -89.217993, 13.584371, 0.0 ], [ -89.21795, 13.584249, 0.0 ], [ -89.217868, 13.584093, 0.0 ], [ -89.21785, 13.584049, 0.0 ], [ -89.21782, 13.583975, 0.0 ], [ -89.217738, 13.583828, 0.0 ], [ -89.217666, 13.583705, 0.0 ], [ -89.217661, 13.583697, 0.0 ], [ -89.217565, 13.583574, 0.0 ], [ -89.217553, 13.583558, 0.0 ], [ -89.21751, 13.583533, 0.0 ], [ -89.217467, 13.583508, 0.0 ], [ -89.217432, 13.583642, 0.0 ], [ -89.217394, 13.583697, 0.0 ], [ -89.217355, 13.583744, 0.0 ], [ -89.217303, 13.583777, 0.0 ], [ -89.217239, 13.583815, 0.0 ], [ -89.217217, 13.583828, 0.0 ], [ -89.217206, 13.583839, 0.0 ], [ -89.217148, 13.5839, 0.0 ], [ -89.2171, 13.583991, 0.0 ], [ -89.217092, 13.584005, 0.0 ], [ -89.21709, 13.584017, 0.0 ], [ -89.217062, 13.584161, 0.0 ], [ -89.216955, 13.584376, 0.0 ], [ -89.216907, 13.584494, 0.0 ], [ -89.216852, 13.584629, 0.0 ], [ -89.216813, 13.584718, 0.0 ], [ -89.21675, 13.58482, 0.0 ], [ -89.216748, 13.584823, 0.0 ], [ -89.216745, 13.584827, 0.0 ], [ -89.216641, 13.584941, 0.0 ], [ -89.216508, 13.585068, 0.0 ], [ -89.216284, 13.585258, 0.0 ], [ -89.216146, 13.585384, 0.0 ], [ -89.216091, 13.585452, 0.0 ], [ -89.216088, 13.585455, 0.0 ], [ -89.21603, 13.585527, 0.0 ], [ -89.215918, 13.585671, 0.0 ], [ -89.215901, 13.585711, 0.0 ], [ -89.215875, 13.585774, 0.0 ], [ -89.215848, 13.585775, 0.0 ], [ -89.215673, 13.585785, 0.0 ], [ -89.215471, 13.585713, 0.0 ], [ -89.215354, 13.585697, 0.0 ], [ -89.215117, 13.585684, 0.0 ], [ -89.214665, 13.585642, 0.0 ], [ -89.214325, 13.585601, 0.0 ], [ -89.214209, 13.585571, 0.0 ], [ -89.214015, 13.585415, 0.0 ], [ -89.213913, 13.585355, 0.0 ], [ -89.213782, 13.585277, 0.0 ], [ -89.213681, 13.585248, 0.0 ], [ -89.213558, 13.585214, 0.0 ], [ -89.2133, 13.585138, 0.0 ], [ -89.21308, 13.585058, 0.0 ], [ -89.213027, 13.585038, 0.0 ], [ -89.212882, 13.584982, 0.0 ], [ -89.212783, 13.584961, 0.0 ], [ -89.212602, 13.584924, 0.0 ], [ -89.212377, 13.584913, 0.0 ], [ -89.212137, 13.584932, 0.0 ], [ -89.211974, 13.584962, 0.0 ], [ -89.211793, 13.585097, 0.0 ], [ -89.211724, 13.585122, 0.0 ], [ -89.211625, 13.585114, 0.0 ], [ -89.211509, 13.585059, 0.0 ], [ -89.21141, 13.584979, 0.0 ], [ -89.211405, 13.584973, 0.0 ], [ -89.211323, 13.584853, 0.0 ], [ -89.21122, 13.584739, 0.0 ], [ -89.211069, 13.584613, 0.0 ], [ -89.211064, 13.584611, 0.0 ], [ -89.211012, 13.58459, 0.0 ], [ -89.210957, 13.584567, 0.0 ], [ -89.210832, 13.58458, 0.0 ], [ -89.210746, 13.584619, 0.0 ], [ -89.210695, 13.584643, 0.0 ], [ -89.210505, 13.584677, 0.0 ], [ -89.210406, 13.584673, 0.0 ], [ -89.210288, 13.584624, 0.0 ], [ -89.210271, 13.584617, 0.0 ], [ -89.210234, 13.584601, 0.0 ], [ -89.210187, 13.584559, 0.0 ], [ -89.210105, 13.584483, 0.0 ], [ -89.209898, 13.584328, 0.0 ], [ -89.209661, 13.584121, 0.0 ], [ -89.209415, 13.583999, 0.0 ], [ -89.20926, 13.583945, 0.0 ], [ -89.209172, 13.583937, 0.0 ], [ -89.209127, 13.583932, 0.0 ], [ -89.209123, 13.583932, 0.0 ], [ -89.209114, 13.583934, 0.0 ], [ -89.208979, 13.583965, 0.0 ], [ -89.208906, 13.583979, 0.0 ], [ -89.208783, 13.584002, 0.0 ], [ -89.208658, 13.584114, 0.0 ], [ -89.208557, 13.5842, 0.0 ], [ -89.208494, 13.584253, 0.0 ], [ -89.208369, 13.584333, 0.0 ], [ -89.208299, 13.584365, 0.0 ], [ -89.208259, 13.584378, 0.0 ], [ -89.208094, 13.584333, 0.0 ], [ -89.208021, 13.584304, 0.0 ], [ -89.207988, 13.584278, 0.0 ], [ -89.207952, 13.584249, 0.0 ], [ -89.207941, 13.58424, 0.0 ], [ -89.207909, 13.584211, 0.0 ], [ -89.207901, 13.584188, 0.0 ], [ -89.207887, 13.584148, 0.0 ], [ -89.207872, 13.584119, 0.0 ], [ -89.207857, 13.584089, 0.0 ], [ -89.207842, 13.584001, 0.0 ], [ -89.207844, 13.583924, 0.0 ], [ -89.207844, 13.583908, 0.0 ], [ -89.207856, 13.583769, 0.0 ], [ -89.207863, 13.583737, 0.0 ], [ -89.207887, 13.583613, 0.0 ], [ -89.207861, 13.58355, 0.0 ], [ -89.207826, 13.583524, 0.0 ], [ -89.207779, 13.58355, 0.0 ], [ -89.207689, 13.58363, 0.0 ], [ -89.207581, 13.58374, 0.0 ], [ -89.207478, 13.583811, 0.0 ], [ -89.20737, 13.583875, 0.0 ], [ -89.207226, 13.583928, 0.0 ], [ -89.206987, 13.58393, 0.0 ], [ -89.206742, 13.583938, 0.0 ], [ -89.206578, 13.583928, 0.0 ], [ -89.206535, 13.583926, 0.0 ], [ -89.206496, 13.583919, 0.0 ], [ -89.206462, 13.583913, 0.0 ], [ -89.206268, 13.583787, 0.0 ], [ -89.206133, 13.58367, 0.0 ], [ -89.205971, 13.583595, 0.0 ], [ -89.205761, 13.583489, 0.0 ], [ -89.205617, 13.583402, 0.0 ], [ -89.205613, 13.5834, 0.0 ], [ -89.205588, 13.583397, 0.0 ], [ -89.205411, 13.583379, 0.0 ], [ -89.205273, 13.583379, 0.0 ], [ -89.205096, 13.583404, 0.0 ], [ -89.204993, 13.583405, 0.0 ], [ -89.204804, 13.583375, 0.0 ], [ -89.204666, 13.583337, 0.0 ], [ -89.204463, 13.58327, 0.0 ], [ -89.204304, 13.583194, 0.0 ], [ -89.204172, 13.583125, 0.0 ], [ -89.204149, 13.583113, 0.0 ], [ -89.204115, 13.583101, 0.0 ], [ -89.204113, 13.5831, 0.0 ], [ -89.204041, 13.583075, 0.0 ], [ -89.203976, 13.583091, 0.0 ], [ -89.203895, 13.58311, 0.0 ], [ -89.203767, 13.583114, 0.0 ], [ -89.203757, 13.583115, 0.0 ], [ -89.203746, 13.583117, 0.0 ], [ -89.203619, 13.58314, 0.0 ], [ -89.203464, 13.583195, 0.0 ], [ -89.203358, 13.583275, 0.0 ], [ -89.203265, 13.583345, 0.0 ], [ -89.203245, 13.583391, 0.0 ], [ -89.203173, 13.583554, 0.0 ], [ -89.20316, 13.58357, 0.0 ], [ -89.203142, 13.583591, 0.0 ], [ -89.203069, 13.583679, 0.0 ], [ -89.203003, 13.583759, 0.0 ], [ -89.202893, 13.58388, 0.0 ], [ -89.202763, 13.583983, 0.0 ], [ -89.20267, 13.58401, 0.0 ], [ -89.202532, 13.584121, 0.0 ], [ -89.202384, 13.584274, 0.0 ], [ -89.202377, 13.584282, 0.0 ], [ -89.202244, 13.584448, 0.0 ], [ -89.202094, 13.584559, 0.0 ], [ -89.202035, 13.584578, 0.0 ], [ -89.201829, 13.584647, 0.0 ], [ -89.20177, 13.584662, 0.0 ], [ -89.20164, 13.584696, 0.0 ], [ -89.20158, 13.584711, 0.0 ], [ -89.201343, 13.584791, 0.0 ], [ -89.201205, 13.584827, 0.0 ], [ -89.201069, 13.584861, 0.0 ], [ -89.200875, 13.584922, 0.0 ], [ -89.200759, 13.584965, 0.0 ], [ -89.200711, 13.584983, 0.0 ], [ -89.200519, 13.585195, 0.0 ], [ -89.200485, 13.585232, 0.0 ], [ -89.200423, 13.585315, 0.0 ], [ -89.200276, 13.585459, 0.0 ], [ -89.200141, 13.585592, 0.0 ], [ -89.200042, 13.585647, 0.0 ], [ -89.199935, 13.585653, 0.0 ], [ -89.199776, 13.585542, 0.0 ], [ -89.199672, 13.58547, 0.0 ], [ -89.199573, 13.585465, 0.0 ], [ -89.19957, 13.585465, 0.0 ], [ -89.199567, 13.585468, 0.0 ], [ -89.199458, 13.585609, 0.0 ], [ -89.199448, 13.585623, 0.0 ], [ -89.199435, 13.585639, 0.0 ], [ -89.199367, 13.585736, 0.0 ], [ -89.19924, 13.585789, 0.0 ], [ -89.199079, 13.585822, 0.0 ], [ -89.198912, 13.58585, 0.0 ], [ -89.198835, 13.585898, 0.0 ], [ -89.19878, 13.585933, 0.0 ], [ -89.198709, 13.586041, 0.0 ], [ -89.198684, 13.586254, 0.0 ], [ -89.198622, 13.586492, 0.0 ], [ -89.198596, 13.586564, 0.0 ], [ -89.198534, 13.58643, 0.0 ], [ -89.198561, 13.586066, 0.0 ], [ -89.198541, 13.585788, 0.0 ], [ -89.198522, 13.585527, 0.0 ], [ -89.198561, 13.585199, 0.0 ], [ -89.198587, 13.584977, 0.0 ], [ -89.198592, 13.584929, 0.0 ], [ -89.198615, 13.584871, 0.0 ], [ -89.198743, 13.584543, 0.0 ], [ -89.199007, 13.584136, 0.0 ], [ -89.199255, 13.583898, 0.0 ], [ -89.199703, 13.583745, 0.0 ], [ -89.19993, 13.583628, 0.0 ], [ -89.200122, 13.583511, 0.0 ], [ -89.200129, 13.583506, 0.0 ], [ -89.200152, 13.583433, 0.0 ], [ -89.200178, 13.583348, 0.0 ], [ -89.200177, 13.583286, 0.0 ], [ -89.200094, 13.583286, 0.0 ], [ -89.20003, 13.583286, 0.0 ], [ -89.199977, 13.583286, 0.0 ], [ -89.199922, 13.583275, 0.0 ], [ -89.199663, 13.583219, 0.0 ], [ -89.199551, 13.583198, 0.0 ], [ -89.199456, 13.583165, 0.0 ], [ -89.199417, 13.583152, 0.0 ], [ -89.199232, 13.58311, 0.0 ], [ -89.199077, 13.583093, 0.0 ], [ -89.198819, 13.583102, 0.0 ], [ -89.198539, 13.583157, 0.0 ], [ -89.198332, 13.583197, 0.0 ], [ -89.198255, 13.583212, 0.0 ], [ -89.198147, 13.583267, 0.0 ], [ -89.197898, 13.583394, 0.0 ], [ -89.197879, 13.583332, 0.0 ], [ -89.197794, 13.583044, 0.0 ], [ -89.197766, 13.582962, 0.0 ], [ -89.197729, 13.582854, 0.0 ], [ -89.19766, 13.582593, 0.0 ], [ -89.197526, 13.582235, 0.0 ], [ -89.197418, 13.581873, 0.0 ], [ -89.197259, 13.58162, 0.0 ], [ -89.197048, 13.581308, 0.0 ], [ -89.197006, 13.581237, 0.0 ], [ -89.196966, 13.581169, 0.0 ], [ -89.196939, 13.581083, 0.0 ], [ -89.196918, 13.581018, 0.0 ], [ -89.196905, 13.580862, 0.0 ], [ -89.196944, 13.580735, 0.0 ], [ -89.196958, 13.580689, 0.0 ], [ -89.196984, 13.580609, 0.0 ], [ -89.196986, 13.580602, 0.0 ], [ -89.196989, 13.580592, 0.0 ], [ -89.197004, 13.580545, 0.0 ], [ -89.197063, 13.580398, 0.0 ], [ -89.197073, 13.580373, 0.0 ], [ -89.197184, 13.58017, 0.0 ], [ -89.197227, 13.580103, 0.0 ], [ -89.197404, 13.579993, 0.0 ], [ -89.197537, 13.579888, 0.0 ], [ -89.197566, 13.579842, 0.0 ], [ -89.197592, 13.579801, 0.0 ], [ -89.197593, 13.579799, 0.0 ], [ -89.197602, 13.579715, 0.0 ], [ -89.197563, 13.579614, 0.0 ], [ -89.19752, 13.579565, 0.0 ], [ -89.197459, 13.579496, 0.0 ], [ -89.197356, 13.579357, 0.0 ], [ -89.197283, 13.579226, 0.0 ], [ -89.197279, 13.579217, 0.0 ], [ -89.197239, 13.579117, 0.0 ], [ -89.197204, 13.57902, 0.0 ], [ -89.197188, 13.578864, 0.0 ], [ -89.197175, 13.578729, 0.0 ], [ -89.197153, 13.578531, 0.0 ], [ -89.197114, 13.578434, 0.0 ], [ -89.197103, 13.57842, 0.0 ], [ -89.197045, 13.57835, 0.0 ], [ -89.196997, 13.578305, 0.0 ], [ -89.196946, 13.578257, 0.0 ], [ -89.196666, 13.578118, 0.0 ], [ -89.196555, 13.578069, 0.0 ], [ -89.196532, 13.578059, 0.0 ], [ -89.196525, 13.57805, 0.0 ], [ -89.196494, 13.578014, 0.0 ], [ -89.196461, 13.577939, 0.0 ], [ -89.196459, 13.577934, 0.0 ], [ -89.196458, 13.577927, 0.0 ], [ -89.196442, 13.577807, 0.0 ], [ -89.19645, 13.577676, 0.0 ], [ -89.196459, 13.577474, 0.0 ], [ -89.196523, 13.577073, 0.0 ], [ -89.196544, 13.576909, 0.0 ], [ -89.19673, 13.576453, 0.0 ], [ -89.196795, 13.576264, 0.0 ], [ -89.196797, 13.576247, 0.0 ], [ -89.196833, 13.575869, 0.0 ], [ -89.196835, 13.575849, 0.0 ], [ -89.19693, 13.575488, 0.0 ], [ -89.196941, 13.575448, 0.0 ], [ -89.196976, 13.575351, 0.0 ], [ -89.197063, 13.575111, 0.0 ], [ -89.197124, 13.574852, 0.0 ], [ -89.197161, 13.574694, 0.0 ], [ -89.197165, 13.57468, 0.0 ], [ -89.197284, 13.574244, 0.0 ], [ -89.197317, 13.574012, 0.0 ], [ -89.197398, 13.573811, 0.0 ], [ -89.197367, 13.573804, 0.0 ], [ -89.188924, 13.571919, 0.0 ], [ -89.188886, 13.571911, 0.0 ], [ -89.18887, 13.571642, 0.0 ], [ -89.188845, 13.571432, 0.0 ], [ -89.188834, 13.57134, 0.0 ], [ -89.188757, 13.570845, 0.0 ], [ -89.188742, 13.570561, 0.0 ], [ -89.188733, 13.570396, 0.0 ], [ -89.188727, 13.570292, 0.0 ], [ -89.188831, 13.569994, 0.0 ], [ -89.189031, 13.569754, 0.0 ], [ -89.189209, 13.569492, 0.0 ], [ -89.189246, 13.569231, 0.0 ], [ -89.189216, 13.568642, 0.0 ], [ -89.189193, 13.568446, 0.0 ], [ -89.189186, 13.56838, 0.0 ], [ -89.18913, 13.568251, 0.0 ], [ -89.189111, 13.568206, 0.0 ], [ -89.189096, 13.568143, 0.0 ], [ -89.189022, 13.567842, 0.0 ], [ -89.189019, 13.567704, 0.0 ], [ -89.189014, 13.56753, 0.0 ], [ -89.189059, 13.567304, 0.0 ], [ -89.189067, 13.567255, 0.0 ], [ -89.18911, 13.567006, 0.0 ], [ -89.18908, 13.566759, 0.0 ], [ -89.188924, 13.566505, 0.0 ], [ -89.188727, 13.566415, 0.0 ], [ -89.188504, 13.566313, 0.0 ], [ -89.188464, 13.566294, 0.0 ], [ -89.188093, 13.566106, 0.0 ], [ -89.188039, 13.566082, 0.0 ], [ -89.187706, 13.565932, 0.0 ], [ -89.187618, 13.565814, 0.0 ], [ -89.187543, 13.565714, 0.0 ], [ -89.187538, 13.565659, 0.0 ], [ -89.187515, 13.565364, 0.0 ], [ -89.187513, 13.565343, 0.0 ], [ -89.187525, 13.565331, 0.0 ], [ -89.187772, 13.565074, 0.0 ], [ -89.187937, 13.564907, 0.0 ], [ -89.18801, 13.564822, 0.0 ], [ -89.188139, 13.564678, 0.0 ], [ -89.188325, 13.564485, 0.0 ], [ -89.188434, 13.564371, 0.0 ], [ -89.18856, 13.564181, 0.0 ], [ -89.188626, 13.564009, 0.0 ], [ -89.188647, 13.563954, 0.0 ], [ -89.18862, 13.563825, 0.0 ], [ -89.188551, 13.563554, 0.0 ], [ -89.188437, 13.563249, 0.0 ], [ -89.188357, 13.562998, 0.0 ], [ -89.188283, 13.562887, 0.0 ], [ -89.188155, 13.562805, 0.0 ], [ -89.188021, 13.562679, 0.0 ], [ -89.187851, 13.562601, 0.0 ], [ -89.18776, 13.562559, 0.0 ], [ -89.187621, 13.562481, 0.0 ], [ -89.187557, 13.562375, 0.0 ], [ -89.187557, 13.562371, 0.0 ], [ -89.187557, 13.562259, 0.0 ], [ -89.187572, 13.562133, 0.0 ], [ -89.187616, 13.562046, 0.0 ], [ -89.18769, 13.561959, 0.0 ], [ -89.187764, 13.561901, 0.0 ], [ -89.187794, 13.56178, 0.0 ], [ -89.187793, 13.561659, 0.0 ], [ -89.187793, 13.561646, 0.0 ], [ -89.187788, 13.561447, 0.0 ], [ -89.187734, 13.561089, 0.0 ], [ -89.187617, 13.560558, 0.0 ], [ -89.187615, 13.560548, 0.0 ], [ -89.187504, 13.560065, 0.0 ], [ -89.187491, 13.560006, 0.0 ], [ -89.187421, 13.559765, 0.0 ], [ -89.187317, 13.559373, 0.0 ], [ -89.187214, 13.559093, 0.0 ], [ -89.187136, 13.558801, 0.0 ], [ -89.187114, 13.558721, 0.0 ], [ -89.18707, 13.558387, 0.0 ], [ -89.18707, 13.558262, 0.0 ], [ -89.18707, 13.558118, 0.0 ], [ -89.18707, 13.558102, 0.0 ], [ -89.187071, 13.558088, 0.0 ], [ -89.187109, 13.557715, 0.0 ], [ -89.187192, 13.557236, 0.0 ], [ -89.187291, 13.556946, 0.0 ], [ -89.187414, 13.556603, 0.0 ], [ -89.187626, 13.556203, 0.0 ], [ -89.18767, 13.556119, 0.0 ], [ -89.187709, 13.556072, 0.0 ], [ -89.187823, 13.555931, 0.0 ], [ -89.187969, 13.555796, 0.0 ], [ -89.188011, 13.555757, 0.0 ], [ -89.188066, 13.555714, 0.0 ], [ -89.188282, 13.555544, 0.0 ], [ -89.188289, 13.555524, 0.0 ], [ -89.188332, 13.555403, 0.0 ], [ -89.188346, 13.555297, 0.0 ], [ -89.188281, 13.555137, 0.0 ], [ -89.188277, 13.555128, 0.0 ], [ -89.187961, 13.554795, 0.0 ], [ -89.187782, 13.554623, 0.0 ], [ -89.187684, 13.554529, 0.0 ], [ -89.187442, 13.55435, 0.0 ], [ -89.187259, 13.554215, 0.0 ], [ -89.187209, 13.554142, 0.0 ], [ -89.187168, 13.554082, 0.0 ], [ -89.18713, 13.554027, 0.0 ], [ -89.187076, 13.553857, 0.0 ], [ -89.187061, 13.553683, 0.0 ], [ -89.187106, 13.553526, 0.0 ], [ -89.187135, 13.553427, 0.0 ], [ -89.18717, 13.553335, 0.0 ], [ -89.187224, 13.553195, 0.0 ], [ -89.187257, 13.553123, 0.0 ], [ -89.187298, 13.553035, 0.0 ], [ -89.18734, 13.552985, 0.0 ], [ -89.187396, 13.552919, 0.0 ], [ -89.187496, 13.552857, 0.0 ], [ -89.187559, 13.552818, 0.0 ], [ -89.187601, 13.552778, 0.0 ], [ -89.187682, 13.552702, 0.0 ], [ -89.187796, 13.552624, 0.0 ], [ -89.18786, 13.552503, 0.0 ], [ -89.187875, 13.552329, 0.0 ], [ -89.187761, 13.55216, 0.0 ], [ -89.187494, 13.551933, 0.0 ], [ -89.187213, 13.551716, 0.0 ], [ -89.18701, 13.551643, 0.0 ], [ -89.186882, 13.551641, 0.0 ], [ -89.186763, 13.551639, 0.0 ], [ -89.186707, 13.551612, 0.0 ], [ -89.186649, 13.551586, 0.0 ], [ -89.186601, 13.551504, 0.0 ], [ -89.186496, 13.551325, 0.0 ], [ -89.186358, 13.551088, 0.0 ], [ -89.186214, 13.550827, 0.0 ], [ -89.186206, 13.550813, 0.0 ], [ -89.186071, 13.55059, 0.0 ], [ -89.186049, 13.550507, 0.0 ], [ -89.185997, 13.550305, 0.0 ], [ -89.185995, 13.550295, 0.0 ], [ -89.185972, 13.550184, 0.0 ], [ -89.185874, 13.549997, 0.0 ], [ -89.185863, 13.549976, 0.0 ], [ -89.185748, 13.549888, 0.0 ], [ -89.18566, 13.549822, 0.0 ], [ -89.185633, 13.54979, 0.0 ], [ -89.185507, 13.549643, 0.0 ], [ -89.185443, 13.549546, 0.0 ], [ -89.185418, 13.549445, 0.0 ], [ -89.185408, 13.549324, 0.0 ], [ -89.185354, 13.549198, 0.0 ], [ -89.18527, 13.549068, 0.0 ], [ -89.185161, 13.548967, 0.0 ], [ -89.185141, 13.548942, 0.0 ], [ -89.185111, 13.548865, 0.0 ], [ -89.185106, 13.548817, 0.0 ], [ -89.185101, 13.548599, 0.0 ], [ -89.185075, 13.548536, 0.0 ], [ -89.185047, 13.548469, 0.0 ], [ -89.185012, 13.548367, 0.0 ], [ -89.184904, 13.548194, 0.0 ], [ -89.184879, 13.548155, 0.0 ], [ -89.184745, 13.548048, 0.0 ], [ -89.184627, 13.547947, 0.0 ], [ -89.184636, 13.547768, 0.0 ], [ -89.184706, 13.547623, 0.0 ], [ -89.184863, 13.547381, 0.0 ], [ -89.185238, 13.547009, 0.0 ], [ -89.185319, 13.546884, 0.0 ], [ -89.185386, 13.546781, 0.0 ], [ -89.185425, 13.546541, 0.0 ], [ -89.185426, 13.546535, 0.0 ], [ -89.185425, 13.546527, 0.0 ], [ -89.185401, 13.546308, 0.0 ], [ -89.185415, 13.546105, 0.0 ], [ -89.185429, 13.546016, 0.0 ], [ -89.185445, 13.545916, 0.0 ], [ -89.185445, 13.545781, 0.0 ], [ -89.185464, 13.545679, 0.0 ], [ -89.185468, 13.545652, 0.0 ], [ -89.185484, 13.545544, 0.0 ], [ -89.185548, 13.54529, 0.0 ], [ -89.185553, 13.545268, 0.0 ], [ -89.185553, 13.545262, 0.0 ], [ -89.185558, 13.545051, 0.0 ], [ -89.185513, 13.544799, 0.0 ], [ -89.185419, 13.544243, 0.0 ], [ -89.185345, 13.543963, 0.0 ], [ -89.185345, 13.543908, 0.0 ], [ -89.185345, 13.543888, 0.0 ], [ -89.185344, 13.543799, 0.0 ], [ -89.185428, 13.543571, 0.0 ], [ -89.18549, 13.543454, 0.0 ], [ -89.185576, 13.543291, 0.0 ], [ -89.185754, 13.542899, 0.0 ], [ -89.185906, 13.542585, 0.0 ], [ -89.185927, 13.542516, 0.0 ], [ -89.18598, 13.542336, 0.0 ], [ -89.186015, 13.542217, 0.0 ], [ -89.186074, 13.541835, 0.0 ], [ -89.186108, 13.541246, 0.0 ], [ -89.186137, 13.540854, 0.0 ], [ -89.186181, 13.54053, 0.0 ], [ -89.186295, 13.540221, 0.0 ], [ -89.186447, 13.539771, 0.0 ], [ -89.186546, 13.539481, 0.0 ], [ -89.186625, 13.539331, 0.0 ], [ -89.186758, 13.539195, 0.0 ], [ -89.187118, 13.53891, 0.0 ], [ -89.187543, 13.538629, 0.0 ], [ -89.187574, 13.538604, 0.0 ], [ -89.187913, 13.538339, 0.0 ], [ -89.188214, 13.537995, 0.0 ], [ -89.188446, 13.537705, 0.0 ], [ -89.18854, 13.537512, 0.0 ], [ -89.188549, 13.537492, 0.0 ], [ -89.188555, 13.537448, 0.0 ], [ -89.188579, 13.537251, 0.0 ], [ -89.188564, 13.537019, 0.0 ], [ -89.18845, 13.536772, 0.0 ], [ -89.188311, 13.536458, 0.0 ], [ -89.188217, 13.536153, 0.0 ], [ -89.188167, 13.536015, 0.0 ], [ -89.188148, 13.535963, 0.0 ], [ -89.188128, 13.535907, 0.0 ], [ -89.188141, 13.535853, 0.0 ], [ -89.188173, 13.535723, 0.0 ], [ -89.188251, 13.535583, 0.0 ], [ -89.188355, 13.535356, 0.0 ], [ -89.188399, 13.535251, 0.0 ], [ -89.188434, 13.535167, 0.0 ], [ -89.188441, 13.53507, 0.0 ], [ -89.188444, 13.535032, 0.0 ], [ -89.188411, 13.534926, 0.0 ], [ -89.188384, 13.534838, 0.0 ], [ -89.18831, 13.534679, 0.0 ], [ -89.188196, 13.534568, 0.0 ], [ -89.188043, 13.534457, 0.0 ], [ -89.187936, 13.534386, 0.0 ], [ -89.187831, 13.534317, 0.0 ], [ -89.187738, 13.534249, 0.0 ], [ -89.187673, 13.534201, 0.0 ], [ -89.187514, 13.534037, 0.0 ], [ -89.187411, 13.533853, 0.0 ], [ -89.187336, 13.533747, 0.0 ], [ -89.187326, 13.533675, 0.0 ], [ -89.187317, 13.533611, 0.0 ], [ -89.187312, 13.533493, 0.0 ], [ -89.187312, 13.533471, 0.0 ], [ -89.187385, 13.533336, 0.0 ], [ -89.187524, 13.533162, 0.0 ], [ -89.187537, 13.533146, 0.0 ], [ -89.187736, 13.532929, 0.0 ], [ -89.187879, 13.532808, 0.0 ], [ -89.188155, 13.532678, 0.0 ], [ -89.18834, 13.532537, 0.0 ], [ -89.188535, 13.532387, 0.0 ], [ -89.188708, 13.53216, 0.0 ], [ -89.188772, 13.532044, 0.0 ], [ -89.188821, 13.531957, 0.0 ], [ -89.188822, 13.531946, 0.0 ], [ -89.188831, 13.531792, 0.0 ], [ -89.188791, 13.531536, 0.0 ], [ -89.188688, 13.531343, 0.0 ], [ -89.18856, 13.531161, 0.0 ], [ -89.188515, 13.531097, 0.0 ], [ -89.188503, 13.531083, 0.0 ], [ -89.188253, 13.530792, 0.0 ], [ -89.188222, 13.530755, 0.0 ], [ -89.188084, 13.530584, 0.0 ], [ -89.188052, 13.530501, 0.0 ], [ -89.18802, 13.53042, 0.0 ], [ -89.188006, 13.530369, 0.0 ], [ -89.187966, 13.530222, 0.0 ], [ -89.187961, 13.530033, 0.0 ], [ -89.18799, 13.529864, 0.0 ], [ -89.188074, 13.529714, 0.0 ], [ -89.188157, 13.52954, 0.0 ], [ -89.188177, 13.529497, 0.0 ], [ -89.188313, 13.529285, 0.0 ], [ -89.188335, 13.52925, 0.0 ], [ -89.188341, 13.529232, 0.0 ], [ -89.188404, 13.529023, 0.0 ], [ -89.188355, 13.528825, 0.0 ], [ -89.188261, 13.52852, 0.0 ], [ -89.188238, 13.528431, 0.0 ], [ -89.188211, 13.528322, 0.0 ], [ -89.188191, 13.52808, 0.0 ], [ -89.18816, 13.527884, 0.0 ], [ -89.188136, 13.527732, 0.0 ], [ -89.188097, 13.527162, 0.0 ], [ -89.188118, 13.52691, 0.0 ], [ -89.188141, 13.526649, 0.0 ], [ -89.188229, 13.526359, 0.0 ], [ -89.188362, 13.526132, 0.0 ], [ -89.188589, 13.525885, 0.0 ], [ -89.18895, 13.52558, 0.0 ], [ -89.189186, 13.525363, 0.0 ], [ -89.189232, 13.525314, 0.0 ], [ -89.189423, 13.525111, 0.0 ], [ -89.189452, 13.525078, 0.0 ], [ -89.189546, 13.524971, 0.0 ], [ -89.18964, 13.524734, 0.0 ], [ -89.189648, 13.524648, 0.0 ], [ -89.18966, 13.524507, 0.0 ], [ -89.189625, 13.524304, 0.0 ], [ -89.189585, 13.524267, 0.0 ], [ -89.189467, 13.524159, 0.0 ], [ -89.189417, 13.524127, 0.0 ], [ -89.189301, 13.524053, 0.0 ], [ -89.189269, 13.524033, 0.0 ], [ -89.189162, 13.524003, 0.0 ], [ -89.188963, 13.523946, 0.0 ], [ -89.188862, 13.523895, 0.0 ], [ -89.188777, 13.523851, 0.0 ], [ -89.188475, 13.523727, 0.0 ], [ -89.188248, 13.523645, 0.0 ], [ -89.18817, 13.523616, 0.0 ], [ -89.188161, 13.523537, 0.0 ], [ -89.188145, 13.523409, 0.0 ], [ -89.188148, 13.523318, 0.0 ], [ -89.188098, 13.523028, 0.0 ], [ -89.188073, 13.522767, 0.0 ], [ -89.188083, 13.522356, 0.0 ], [ -89.188113, 13.522164, 0.0 ], [ -89.188132, 13.522042, 0.0 ], [ -89.188169, 13.521932, 0.0 ], [ -89.188206, 13.52182, 0.0 ], [ -89.188285, 13.521612, 0.0 ], [ -89.188368, 13.521365, 0.0 ], [ -89.188368, 13.521162, 0.0 ], [ -89.188365, 13.521131, 0.0 ], [ -89.188335, 13.520843, 0.0 ], [ -89.188333, 13.520829, 0.0 ], [ -89.188331, 13.52082, 0.0 ], [ -89.188269, 13.52063, 0.0 ], [ -89.188148, 13.520473, 0.0 ], [ -89.188136, 13.520457, 0.0 ], [ -89.188002, 13.520336, 0.0 ], [ -89.187933, 13.520244, 0.0 ], [ -89.187874, 13.520062, 0.0 ], [ -89.187874, 13.52006, 0.0 ], [ -89.187854, 13.519881, 0.0 ], [ -89.187932, 13.519712, 0.0 ], [ -89.187967, 13.519635, 0.0 ], [ -89.188327, 13.519074, 0.0 ], [ -89.188569, 13.518793, 0.0 ], [ -89.188608, 13.518659, 0.0 ], [ -89.188613, 13.518643, 0.0 ], [ -89.188578, 13.518498, 0.0 ], [ -89.188567, 13.518478, 0.0 ], [ -89.188456, 13.518287, 0.0 ], [ -89.188455, 13.518286, 0.0 ], [ -89.188454, 13.518285, 0.0 ], [ -89.188227, 13.517996, 0.0 ], [ -89.187857, 13.517614, 0.0 ], [ -89.187674, 13.517358, 0.0 ], [ -89.187634, 13.51716, 0.0 ], [ -89.187676, 13.517031, 0.0 ], [ -89.187713, 13.516918, 0.0 ], [ -89.187772, 13.516823, 0.0 ], [ -89.187881, 13.516647, 0.0 ], [ -89.188078, 13.516492, 0.0 ], [ -89.188384, 13.516386, 0.0 ], [ -89.18848, 13.516356, 0.0 ], [ -89.188557, 13.516333, 0.0 ], [ -89.18867, 13.516187, 0.0 ], [ -89.188682, 13.516158, 0.0 ], [ -89.188739, 13.516018, 0.0 ], [ -89.188714, 13.515718, 0.0 ], [ -89.188596, 13.515501, 0.0 ], [ -89.188443, 13.515313, 0.0 ], [ -89.188294, 13.515163, 0.0 ], [ -89.188243, 13.515066, 0.0 ], [ -89.18823, 13.515042, 0.0 ], [ -89.188204, 13.514985, 0.0 ], [ -89.188171, 13.514912, 0.0 ], [ -89.188184, 13.514845, 0.0 ], [ -89.188195, 13.514786, 0.0 ], [ -89.188269, 13.514641, 0.0 ], [ -89.188388, 13.514549, 0.0 ], [ -89.188396, 13.514544, 0.0 ], [ -89.188669, 13.514365, 0.0 ], [ -89.188743, 13.514283, 0.0 ], [ -89.188881, 13.514142, 0.0 ], [ -89.189019, 13.513809, 0.0 ], [ -89.189144, 13.513562, 0.0 ], [ -89.189246, 13.51336, 0.0 ], [ -89.189399, 13.513059, 0.0 ], [ -89.189508, 13.51282, 0.0 ], [ -89.189546, 13.512736, 0.0 ], [ -89.189571, 13.512682, 0.0 ], [ -89.18963, 13.51245, 0.0 ], [ -89.189643, 13.512298, 0.0 ], [ -89.189652, 13.512194, 0.0 ], [ -89.189655, 13.51216, 0.0 ], [ -89.189653, 13.512151, 0.0 ], [ -89.189633, 13.512042, 0.0 ], [ -89.189615, 13.511942, 0.0 ], [ -89.189437, 13.511749, 0.0 ], [ -89.189418, 13.511729, 0.0 ], [ -89.189239, 13.511541, 0.0 ], [ -89.189047, 13.511309, 0.0 ], [ -89.189003, 13.511194, 0.0 ], [ -89.188972, 13.511111, 0.0 ], [ -89.189007, 13.510966, 0.0 ], [ -89.189031, 13.510691, 0.0 ], [ -89.189023, 13.510611, 0.0 ], [ -89.189017, 13.510549, 0.0 ], [ -89.189001, 13.510396, 0.0 ], [ -89.188977, 13.51012, 0.0 ], [ -89.189055, 13.509936, 0.0 ], [ -89.189189, 13.509762, 0.0 ], [ -89.189228, 13.509714, 0.0 ], [ -89.189366, 13.509545, 0.0 ], [ -89.189511, 13.509441, 0.0 ], [ -89.189623, 13.509361, 0.0 ], [ -89.189829, 13.509256, 0.0 ], [ -89.189889, 13.509225, 0.0 ], [ -89.190264, 13.509133, 0.0 ], [ -89.19052, 13.50906, 0.0 ], [ -89.19064, 13.509026, 0.0 ], [ -89.190723, 13.508987, 0.0 ], [ -89.1913, 13.508714, 0.0 ], [ -89.191336, 13.508697, 0.0 ], [ -89.191467, 13.508605, 0.0 ], [ -89.191612, 13.508503, 0.0 ], [ -89.191854, 13.508247, 0.0 ], [ -89.191963, 13.50807, 0.0 ], [ -89.191992, 13.508025, 0.0 ], [ -89.192095, 13.507821, 0.0 ], [ -89.19212, 13.507594, 0.0 ], [ -89.192113, 13.507419, 0.0 ], [ -89.19211, 13.507333, 0.0 ], [ -89.192114, 13.507255, 0.0 ], [ -89.192121, 13.507124, 0.0 ], [ -89.192124, 13.507067, 0.0 ], [ -89.19214, 13.506949, 0.0 ], [ -89.192154, 13.506847, 0.0 ], [ -89.192159, 13.506811, 0.0 ], [ -89.192227, 13.506584, 0.0 ], [ -89.192321, 13.506303, 0.0 ], [ -89.19236, 13.506023, 0.0 ], [ -89.192256, 13.505757, 0.0 ], [ -89.192098, 13.505549, 0.0 ], [ -89.191871, 13.50538, 0.0 ], [ -89.191673, 13.505182, 0.0 ], [ -89.191624, 13.505013, 0.0 ], [ -89.191657, 13.504908, 0.0 ], [ -89.191693, 13.504796, 0.0 ], [ -89.191717, 13.504621, 0.0 ], [ -89.191821, 13.504486, 0.0 ], [ -89.191867, 13.504436, 0.0 ], [ -89.191915, 13.504384, 0.0 ], [ -89.192171, 13.504379, 0.0 ], [ -89.192606, 13.504408, 0.0 ], [ -89.192937, 13.504345, 0.0 ], [ -89.193091, 13.504246, 0.0 ], [ -89.193119, 13.504229, 0.0 ], [ -89.193213, 13.504069, 0.0 ], [ -89.193213, 13.503871, 0.0 ], [ -89.193128, 13.50367, 0.0 ], [ -89.193119, 13.503648, 0.0 ], [ -89.193074, 13.503542, 0.0 ], [ -89.193022, 13.503452, 0.0 ], [ -89.192941, 13.503315, 0.0 ], [ -89.192872, 13.503194, 0.0 ], [ -89.192777, 13.502711, 0.0 ], [ -89.192744, 13.50257, 0.0 ], [ -89.192693, 13.502357, 0.0 ], [ -89.192673, 13.502276, 0.0 ], [ -89.19254, 13.501894, 0.0 ], [ -89.192401, 13.501653, 0.0 ], [ -89.192359, 13.501584, 0.0 ], [ -89.192233, 13.501377, 0.0 ], [ -89.192124, 13.50102, 0.0 ], [ -89.19205, 13.500681, 0.0 ], [ -89.192048, 13.500669, 0.0 ], [ -89.192004, 13.500259, 0.0 ], [ -89.191995, 13.500174, 0.0 ], [ -89.19198, 13.499647, 0.0 ], [ -89.192035, 13.499397, 0.0 ], [ -89.192059, 13.499289, 0.0 ], [ -89.192153, 13.49899, 0.0 ], [ -89.192167, 13.498946, 0.0 ], [ -89.19218, 13.498888, 0.0 ], [ -89.192255, 13.498554, 0.0 ], [ -89.19224, 13.498488, 0.0 ], [ -89.192216, 13.498385, 0.0 ], [ -89.192122, 13.498293, 0.0 ], [ -89.19192, 13.498313, 0.0 ], [ -89.191589, 13.49839, 0.0 ], [ -89.191468, 13.498339, 0.0 ], [ -89.19145, 13.498332, 0.0 ], [ -89.191386, 13.498192, 0.0 ], [ -89.191394, 13.498159, 0.0 ], [ -89.19143, 13.497999, 0.0 ], [ -89.191467, 13.497884, 0.0 ], [ -89.191474, 13.497862, 0.0 ], [ -89.191578, 13.497535, 0.0 ], [ -89.191646, 13.497421, 0.0 ], [ -89.191893, 13.497004, 0.0 ], [ -89.191894, 13.497003, 0.0 ], [ -89.192293, 13.496519, 0.0 ], [ -89.192658, 13.496286, 0.0 ], [ -89.192989, 13.49616, 0.0 ], [ -89.193085, 13.496088, 0.0 ], [ -89.193162, 13.49603, 0.0 ], [ -89.19324, 13.495843, 0.0 ], [ -89.193251, 13.495817, 0.0 ], [ -89.193269, 13.495549, 0.0 ], [ -89.19327, 13.495537, 0.0 ], [ -89.193239, 13.495455, 0.0 ], [ -89.193146, 13.495208, 0.0 ], [ -89.192943, 13.494881, 0.0 ], [ -89.192894, 13.494802, 0.0 ], [ -89.192754, 13.494646, 0.0 ], [ -89.192751, 13.494643, 0.0 ], [ -89.192739, 13.494611, 0.0 ], [ -89.192715, 13.494548, 0.0 ], [ -89.192692, 13.494488, 0.0 ], [ -89.192693, 13.494455, 0.0 ], [ -89.192696, 13.494367, 0.0 ], [ -89.192696, 13.494353, 0.0 ], [ -89.192834, 13.494154, 0.0 ], [ -89.193056, 13.493898, 0.0 ], [ -89.193147, 13.493674, 0.0 ], [ -89.19315, 13.493666, 0.0 ], [ -89.193152, 13.493624, 0.0 ], [ -89.193165, 13.493356, 0.0 ], [ -89.193217, 13.492999, 0.0 ], [ -89.193223, 13.492955, 0.0 ], [ -89.193229, 13.492889, 0.0 ], [ -89.193258, 13.49251, 0.0 ], [ -89.193302, 13.491916, 0.0 ], [ -89.193329, 13.491655, 0.0 ], [ -89.193351, 13.491447, 0.0 ], [ -89.193434, 13.491123, 0.0 ], [ -89.193503, 13.490794, 0.0 ], [ -89.193429, 13.490219, 0.0 ], [ -89.193407, 13.489999, 0.0 ], [ -89.193399, 13.489919, 0.0 ], [ -89.193442, 13.489781, 0.0 ], [ -89.193453, 13.489745, 0.0 ], [ -89.193517, 13.489594, 0.0 ], [ -89.193537, 13.489547, 0.0 ], [ -89.193676, 13.48937, 0.0 ], [ -89.193773, 13.489247, 0.0 ], [ -89.193844, 13.48917, 0.0 ], [ -89.194, 13.489, 0.0 ], [ -89.194052, 13.488969, 0.0 ], [ -89.194193, 13.488884, 0.0 ], [ -89.194484, 13.488855, 0.0 ], [ -89.194531, 13.488857, 0.0 ], [ -89.194854, 13.488869, 0.0 ], [ -89.194983, 13.488874, 0.0 ], [ -89.195205, 13.488772, 0.0 ], [ -89.195373, 13.488622, 0.0 ], [ -89.195525, 13.488312, 0.0 ], [ -89.195562, 13.488147, 0.0 ], [ -89.195579, 13.488071, 0.0 ], [ -89.195528, 13.487969, 0.0 ], [ -89.195456, 13.487824, 0.0 ], [ -89.195391, 13.487621, 0.0 ], [ -89.195391, 13.487479, 0.0 ], [ -89.195391, 13.487418, 0.0 ], [ -89.195402, 13.4874, 0.0 ], [ -89.19549, 13.487249, 0.0 ], [ -89.195532, 13.487171, 0.0 ], [ -89.195606, 13.487033, 0.0 ], [ -89.195677, 13.486901, 0.0 ], [ -89.195682, 13.486885, 0.0 ], [ -89.195749, 13.48669, 0.0 ], [ -89.19579, 13.486567, 0.0 ], [ -89.195822, 13.486383, 0.0 ], [ -89.195825, 13.486363, 0.0 ], [ -89.195844, 13.486248, 0.0 ], [ -89.195859, 13.485803, 0.0 ], [ -89.195918, 13.485383, 0.0 ], [ -89.195888, 13.484986, 0.0 ], [ -89.195809, 13.484754, 0.0 ], [ -89.195833, 13.48457, 0.0 ], [ -89.195917, 13.484411, 0.0 ], [ -89.195963, 13.484391, 0.0 ], [ -89.196065, 13.484348, 0.0 ], [ -89.196138, 13.484356, 0.0 ], [ -89.196308, 13.484216, 0.0 ], [ -89.196558, 13.484012, 0.0 ], [ -89.19599, 13.48378, 0.0 ], [ -89.196458, 13.483069, 0.0 ], [ -89.196622, 13.48282, 0.0 ], [ -89.196606, 13.482809, 0.0 ], [ -89.196132, 13.482488, 0.0 ], [ -89.195808, 13.482287, 0.0 ], [ -89.195806, 13.482277, 0.0 ], [ -89.195803, 13.482251, 0.0 ], [ -89.195384, 13.482103, 0.0 ], [ -89.19532, 13.48208, 0.0 ], [ -89.195332, 13.482067, 0.0 ], [ -89.195324, 13.482065, 0.0 ], [ -89.195323, 13.48207, 0.0 ], [ -89.194405, 13.481754, 0.0 ], [ -89.194154, 13.481667, 0.0 ], [ -89.194009, 13.481617, 0.0 ], [ -89.194001, 13.481615, 0.0 ], [ -89.193285, 13.481427, 0.0 ], [ -89.193169, 13.481397, 0.0 ], [ -89.190219, 13.480629, 0.0 ], [ -89.190178, 13.480605, 0.0 ], [ -89.190137, 13.480581, 0.0 ], [ -89.189904, 13.480519, 0.0 ], [ -89.189688, 13.480464, 0.0 ], [ -89.18951, 13.480415, 0.0 ], [ -89.189422, 13.480391, 0.0 ], [ -89.189332, 13.480367, 0.0 ], [ -89.189065, 13.480297, 0.0 ], [ -89.188857, 13.480245, 0.0 ], [ -89.188708, 13.480204, 0.0 ], [ -89.188529, 13.480157, 0.0 ], [ -89.188126, 13.480048, 0.0 ], [ -89.188048, 13.480242, 0.0 ], [ -89.187968, 13.480463, 0.0 ], [ -89.187897, 13.480649, 0.0 ], [ -89.187654, 13.481315, 0.0 ], [ -89.187618, 13.481408, 0.0 ], [ -89.187408, 13.481941, 0.0 ], [ -89.187375, 13.482025, 0.0 ], [ -89.187165, 13.482555, 0.0 ], [ -89.186956, 13.483142, 0.0 ], [ -89.186748, 13.483688, 0.0 ], [ -89.186737, 13.483715, 0.0 ], [ -89.18649, 13.484306, 0.0 ], [ -89.186353, 13.484675, 0.0 ], [ -89.186451, 13.484871, 0.0 ], [ -89.186613, 13.485174, 0.0 ], [ -89.186654, 13.485578, 0.0 ], [ -89.18666, 13.485639, 0.0 ], [ -89.18664, 13.485722, 0.0 ], [ -89.185443, 13.485369, 0.0 ], [ -89.184692, 13.48511, 0.0 ], [ -89.183301, 13.484633, 0.0 ], [ -89.183185, 13.484717, 0.0 ], [ -89.182865, 13.484601, 0.0 ], [ -89.182819, 13.484584, 0.0 ], [ -89.182799, 13.484613, 0.0 ], [ -89.182758, 13.484681, 0.0 ], [ -89.182705, 13.484775, 0.0 ], [ -89.182622, 13.484934, 0.0 ], [ -89.182567, 13.485024, 0.0 ], [ -89.182487, 13.485161, 0.0 ], [ -89.182414, 13.485292, 0.0 ], [ -89.182353, 13.485392, 0.0 ], [ -89.182298, 13.485482, 0.0 ], [ -89.182268, 13.48554, 0.0 ], [ -89.182251, 13.485575, 0.0 ], [ -89.182227, 13.485628, 0.0 ], [ -89.182209, 13.485671, 0.0 ], [ -89.182188, 13.48574, 0.0 ], [ -89.182172, 13.485803, 0.0 ], [ -89.182147, 13.48591, 0.0 ], [ -89.182117, 13.486036, 0.0 ], [ -89.182107, 13.486087, 0.0 ], [ -89.182099, 13.486139, 0.0 ], [ -89.18209, 13.486199, 0.0 ], [ -89.182077, 13.48625, 0.0 ], [ -89.182057, 13.486306, 0.0 ], [ -89.18205, 13.486326, 0.0 ], [ -89.182047, 13.486353, 0.0 ], [ -89.182047, 13.486382, 0.0 ], [ -89.182052, 13.486425, 0.0 ], [ -89.182067, 13.486489, 0.0 ], [ -89.18212, 13.486681, 0.0 ], [ -89.182128, 13.486712, 0.0 ], [ -89.182131, 13.486733, 0.0 ], [ -89.182134, 13.486766, 0.0 ], [ -89.182136, 13.48681, 0.0 ], [ -89.182137, 13.486859, 0.0 ], [ -89.182135, 13.486905, 0.0 ], [ -89.182133, 13.48695, 0.0 ], [ -89.182129, 13.48698, 0.0 ], [ -89.182123, 13.487011, 0.0 ], [ -89.182115, 13.48704, 0.0 ], [ -89.182098, 13.487091, 0.0 ], [ -89.182071, 13.487158, 0.0 ], [ -89.182046, 13.487233, 0.0 ], [ -89.182026, 13.487294, 0.0 ], [ -89.182011, 13.487344, 0.0 ], [ -89.182001, 13.487388, 0.0 ], [ -89.181993, 13.487437, 0.0 ], [ -89.181984, 13.487505, 0.0 ], [ -89.181973, 13.487568, 0.0 ], [ -89.181958, 13.487633, 0.0 ], [ -89.181944, 13.487686, 0.0 ], [ -89.181934, 13.487716, 0.0 ], [ -89.181923, 13.487737, 0.0 ], [ -89.181905, 13.487768, 0.0 ], [ -89.181874, 13.487812, 0.0 ], [ -89.181818, 13.487889, 0.0 ], [ -89.181744, 13.487999, 0.0 ], [ -89.18168, 13.488089, 0.0 ], [ -89.181613, 13.488186, 0.0 ], [ -89.181566, 13.488253, 0.0 ], [ -89.181534, 13.488306, 0.0 ], [ -89.181508, 13.488349, 0.0 ], [ -89.181487, 13.488393, 0.0 ], [ -89.181466, 13.48844, 0.0 ], [ -89.181449, 13.488485, 0.0 ], [ -89.181436, 13.488538, 0.0 ], [ -89.181427, 13.488593, 0.0 ], [ -89.181409, 13.488716, 0.0 ], [ -89.181388, 13.48887, 0.0 ], [ -89.181379, 13.488963, 0.0 ], [ -89.181361, 13.489096, 0.0 ], [ -89.181343, 13.489232, 0.0 ], [ -89.181313, 13.489415, 0.0 ], [ -89.181297, 13.489531, 0.0 ], [ -89.181289, 13.489612, 0.0 ], [ -89.181283, 13.489682, 0.0 ], [ -89.181259, 13.489858, 0.0 ], [ -89.181241, 13.490017, 0.0 ], [ -89.181211, 13.490257, 0.0 ], [ -89.181189, 13.490438, 0.0 ], [ -89.181165, 13.490649, 0.0 ], [ -89.181157, 13.490718, 0.0 ], [ -89.181137, 13.490841, 0.0 ], [ -89.181121, 13.490941, 0.0 ], [ -89.181098, 13.491055, 0.0 ], [ -89.181071, 13.491197, 0.0 ], [ -89.181052, 13.491314, 0.0 ], [ -89.181029, 13.49144, 0.0 ], [ -89.181, 13.491556, 0.0 ], [ -89.180976, 13.491659, 0.0 ], [ -89.180968, 13.491735, 0.0 ], [ -89.181384, 13.491905, 0.0 ], [ -89.181452, 13.491922, 0.0 ], [ -89.182007, 13.49214, 0.0 ], [ -89.182, 13.492178, 0.0 ], [ -89.181908, 13.492713, 0.0 ], [ -89.181836, 13.493131, 0.0 ], [ -89.181614, 13.493087, 0.0 ], [ -89.181557, 13.493087, 0.0 ], [ -89.180913, 13.493081, 0.0 ], [ -89.180799, 13.49308, 0.0 ], [ -89.180829, 13.493099, 0.0 ], [ -89.180855, 13.493117, 0.0 ], [ -89.180874, 13.493132, 0.0 ], [ -89.18089, 13.493148, 0.0 ], [ -89.180909, 13.493172, 0.0 ], [ -89.180965, 13.493252, 0.0 ], [ -89.181006, 13.493326, 0.0 ], [ -89.181017, 13.49335, 0.0 ], [ -89.181026, 13.493372, 0.0 ], [ -89.181038, 13.493422, 0.0 ], [ -89.181055, 13.493498, 0.0 ], [ -89.181068, 13.493584, 0.0 ], [ -89.181071, 13.493637, 0.0 ], [ -89.181073, 13.493697, 0.0 ], [ -89.181072, 13.493722, 0.0 ], [ -89.181073, 13.493744, 0.0 ], [ -89.181075, 13.493762, 0.0 ], [ -89.18108, 13.49378, 0.0 ], [ -89.181088, 13.493801, 0.0 ], [ -89.181108, 13.493844, 0.0 ], [ -89.181126, 13.493873, 0.0 ], [ -89.181138, 13.493898, 0.0 ], [ -89.181156, 13.493942, 0.0 ], [ -89.181171, 13.493993, 0.0 ], [ -89.181191, 13.494046, 0.0 ], [ -89.181216, 13.49411, 0.0 ], [ -89.181237, 13.494157, 0.0 ], [ -89.181247, 13.494181, 0.0 ], [ -89.181255, 13.494204, 0.0 ], [ -89.18126, 13.494229, 0.0 ], [ -89.181263, 13.494266, 0.0 ], [ -89.18126, 13.494317, 0.0 ], [ -89.181201, 13.494321, 0.0 ], [ -89.181144, 13.494325, 0.0 ], [ -89.181081, 13.49433, 0.0 ], [ -89.180982, 13.494342, 0.0 ], [ -89.180917, 13.494348, 0.0 ], [ -89.180865, 13.494349, 0.0 ], [ -89.180818, 13.494348, 0.0 ], [ -89.18079, 13.494349, 0.0 ], [ -89.180769, 13.49435, 0.0 ], [ -89.180747, 13.494354, 0.0 ], [ -89.180721, 13.494361, 0.0 ], [ -89.180694, 13.494373, 0.0 ], [ -89.180656, 13.494393, 0.0 ], [ -89.180621, 13.494414, 0.0 ], [ -89.180514, 13.494486, 0.0 ], [ -89.180457, 13.494521, 0.0 ], [ -89.180421, 13.494542, 0.0 ], [ -89.180387, 13.494559, 0.0 ], [ -89.18026, 13.494612, 0.0 ], [ -89.180221, 13.494628, 0.0 ], [ -89.180182, 13.494645, 0.0 ], [ -89.180161, 13.494656, 0.0 ], [ -89.180141, 13.494669, 0.0 ], [ -89.180127, 13.494682, 0.0 ], [ -89.180112, 13.494701, 0.0 ], [ -89.18007, 13.494769, 0.0 ], [ -89.180005, 13.49488, 0.0 ], [ -89.179952, 13.494973, 0.0 ], [ -89.1799, 13.495064, 0.0 ], [ -89.179877, 13.495096, 0.0 ], [ -89.179862, 13.495114, 0.0 ], [ -89.179848, 13.495126, 0.0 ], [ -89.179827, 13.495137, 0.0 ], [ -89.179805, 13.495148, 0.0 ], [ -89.179782, 13.495152, 0.0 ], [ -89.179763, 13.495153, 0.0 ], [ -89.179733, 13.495152, 0.0 ], [ -89.179706, 13.49515, 0.0 ], [ -89.179681, 13.495145, 0.0 ], [ -89.179649, 13.495136, 0.0 ], [ -89.179619, 13.495126, 0.0 ], [ -89.179594, 13.495116, 0.0 ], [ -89.179533, 13.495093, 0.0 ], [ -89.179502, 13.495079, 0.0 ], [ -89.179482, 13.495072, 0.0 ], [ -89.179466, 13.495068, 0.0 ], [ -89.179443, 13.495064, 0.0 ], [ -89.179418, 13.495061, 0.0 ], [ -89.179393, 13.495061, 0.0 ], [ -89.179325, 13.49506, 0.0 ], [ -89.179266, 13.49506, 0.0 ], [ -89.179231, 13.495066, 0.0 ], [ -89.179198, 13.495075, 0.0 ], [ -89.179153, 13.495088, 0.0 ], [ -89.179109, 13.495109, 0.0 ], [ -89.179052, 13.495135, 0.0 ], [ -89.179017, 13.495148, 0.0 ], [ -89.178988, 13.495154, 0.0 ], [ -89.178958, 13.495153, 0.0 ], [ -89.178925, 13.495147, 0.0 ], [ -89.17887, 13.495136, 0.0 ], [ -89.178831, 13.495125, 0.0 ], [ -89.178786, 13.495106, 0.0 ], [ -89.178721, 13.495075, 0.0 ], [ -89.178651, 13.495038, 0.0 ], [ -89.178599, 13.495008, 0.0 ], [ -89.178547, 13.494974, 0.0 ], [ -89.178506, 13.49495, 0.0 ], [ -89.178462, 13.494925, 0.0 ], [ -89.178419, 13.4949, 0.0 ], [ -89.178378, 13.494881, 0.0 ], [ -89.178345, 13.494868, 0.0 ], [ -89.178308, 13.494856, 0.0 ], [ -89.178264, 13.494847, 0.0 ], [ -89.178208, 13.494838, 0.0 ], [ -89.178153, 13.494832, 0.0 ], [ -89.178092, 13.494827, 0.0 ], [ -89.17802, 13.494824, 0.0 ], [ -89.17797, 13.494823, 0.0 ], [ -89.177932, 13.494822, 0.0 ], [ -89.177902, 13.49482, 0.0 ], [ -89.177879, 13.494816, 0.0 ], [ -89.177846, 13.494808, 0.0 ], [ -89.177811, 13.494796, 0.0 ], [ -89.177766, 13.494779, 0.0 ], [ -89.177723, 13.494759, 0.0 ], [ -89.177687, 13.494739, 0.0 ], [ -89.17766, 13.49472, 0.0 ], [ -89.177632, 13.494699, 0.0 ], [ -89.177604, 13.494679, 0.0 ], [ -89.177577, 13.494661, 0.0 ], [ -89.177549, 13.494645, 0.0 ], [ -89.177515, 13.494627, 0.0 ], [ -89.17748, 13.494608, 0.0 ], [ -89.177454, 13.494595, 0.0 ], [ -89.177415, 13.494579, 0.0 ], [ -89.177373, 13.494563, 0.0 ], [ -89.177338, 13.494548, 0.0 ], [ -89.1773, 13.494531, 0.0 ], [ -89.17727, 13.494512, 0.0 ], [ -89.177237, 13.494489, 0.0 ], [ -89.177188, 13.494456, 0.0 ], [ -89.177113, 13.4944, 0.0 ], [ -89.177056, 13.49436, 0.0 ], [ -89.176999, 13.494324, 0.0 ], [ -89.176947, 13.494285, 0.0 ], [ -89.176893, 13.494244, 0.0 ], [ -89.176844, 13.494207, 0.0 ], [ -89.176816, 13.494185, 0.0 ], [ -89.176793, 13.494166, 0.0 ], [ -89.176764, 13.494142, 0.0 ], [ -89.176729, 13.494109, 0.0 ], [ -89.176692, 13.494068, 0.0 ], [ -89.176643, 13.494018, 0.0 ], [ -89.176588, 13.493957, 0.0 ], [ -89.176564, 13.493927, 0.0 ], [ -89.176534, 13.493888, 0.0 ], [ -89.176506, 13.493846, 0.0 ], [ -89.176488, 13.493819, 0.0 ], [ -89.176469, 13.493788, 0.0 ], [ -89.176452, 13.493759, 0.0 ], [ -89.176439, 13.493738, 0.0 ], [ -89.176432, 13.493721, 0.0 ], [ -89.176427, 13.493705, 0.0 ], [ -89.176421, 13.49368, 0.0 ], [ -89.176419, 13.493674, 0.0 ], [ -89.176412, 13.493666, 0.0 ], [ -89.1764, 13.493656, 0.0 ], [ -89.176384, 13.493647, 0.0 ], [ -89.176361, 13.493635, 0.0 ], [ -89.17633, 13.493621, 0.0 ], [ -89.176298, 13.493611, 0.0 ], [ -89.176268, 13.493601, 0.0 ], [ -89.176244, 13.493599, 0.0 ], [ -89.17622, 13.493597, 0.0 ], [ -89.176192, 13.493595, 0.0 ], [ -89.17617, 13.493591, 0.0 ], [ -89.176144, 13.493582, 0.0 ], [ -89.176114, 13.493569, 0.0 ], [ -89.176076, 13.493547, 0.0 ], [ -89.176057, 13.493534, 0.0 ], [ -89.176024, 13.493509, 0.0 ], [ -89.175999, 13.493487, 0.0 ], [ -89.175979, 13.493463, 0.0 ], [ -89.175962, 13.493437, 0.0 ], [ -89.17595, 13.493414, 0.0 ], [ -89.175937, 13.493397, 0.0 ], [ -89.175857, 13.493298, 0.0 ], [ -89.175757, 13.493209, 0.0 ], [ -89.175735, 13.493182, 0.0 ], [ -89.175716, 13.493154, 0.0 ], [ -89.175694, 13.493116, 0.0 ], [ -89.175661, 13.493049, 0.0 ], [ -89.175707, 13.493028, 0.0 ], [ -89.175762, 13.493004, 0.0 ], [ -89.175811, 13.492982, 0.0 ], [ -89.175853, 13.492958, 0.0 ], [ -89.17588, 13.492941, 0.0 ], [ -89.175903, 13.492923, 0.0 ], [ -89.175928, 13.492901, 0.0 ], [ -89.175942, 13.492885, 0.0 ], [ -89.175955, 13.492864, 0.0 ], [ -89.175967, 13.492838, 0.0 ], [ -89.175976, 13.492806, 0.0 ], [ -89.17598, 13.492782, 0.0 ], [ -89.17598, 13.492758, 0.0 ], [ -89.175977, 13.492735, 0.0 ], [ -89.175972, 13.492711, 0.0 ], [ -89.175958, 13.492675, 0.0 ], [ -89.175936, 13.492625, 0.0 ], [ -89.175884, 13.492507, 0.0 ], [ -89.175835, 13.492499, 0.0 ], [ -89.175366, 13.492429, 0.0 ], [ -89.17533, 13.492687, 0.0 ], [ -89.174965, 13.492654, 0.0 ], [ -89.174992, 13.492372, 0.0 ], [ -89.174934, 13.492364, 0.0 ], [ -89.17418, 13.49225, 0.0 ], [ -89.173905, 13.49255, 0.0 ], [ -89.17377, 13.492688, 0.0 ], [ -89.173402, 13.492848, 0.0 ], [ -89.173372, 13.492881, 0.0 ], [ -89.172648, 13.492786, 0.0 ], [ -89.172269, 13.492739, 0.0 ], [ -89.171968, 13.492695, 0.0 ], [ -89.171908, 13.492689, 0.0 ], [ -89.171127, 13.492599, 0.0 ], [ -89.170614, 13.492533, 0.0 ], [ -89.17061, 13.492533, 0.0 ], [ -89.170607, 13.492532, 0.0 ], [ -89.169294, 13.492369, 0.0 ], [ -89.169278, 13.492698, 0.0 ], [ -89.168707, 13.492606, 0.0 ], [ -89.168723, 13.492297, 0.0 ], [ -89.168681, 13.492292, 0.0 ], [ -89.167694, 13.49218, 0.0 ], [ -89.167215, 13.492134, 0.0 ], [ -89.166354, 13.49206, 0.0 ], [ -89.165667, 13.492193, 0.0 ], [ -89.165462, 13.492285, 0.0 ], [ -89.165346, 13.49226, 0.0 ], [ -89.165228, 13.492235, 0.0 ], [ -89.16447, 13.491975, 0.0 ], [ -89.163937, 13.491963, 0.0 ], [ -89.163457, 13.491529, 0.0 ], [ -89.162583, 13.490974, 0.0 ], [ -89.162105, 13.490521, 0.0 ], [ -89.161822, 13.490376, 0.0 ], [ -89.160993, 13.490298, 0.0 ], [ -89.160802, 13.490674, 0.0 ], [ -89.1608, 13.491079, 0.0 ], [ -89.16081, 13.491474, 0.0 ], [ -89.160923, 13.49166, 0.0 ], [ -89.160995, 13.491751, 0.0 ], [ -89.161097, 13.491875, 0.0 ], [ -89.161222, 13.492017, 0.0 ], [ -89.16131, 13.492122, 0.0 ], [ -89.161346, 13.492163, 0.0 ], [ -89.161436, 13.492264, 0.0 ], [ -89.161491, 13.492352, 0.0 ], [ -89.161527, 13.492423, 0.0 ], [ -89.161547, 13.492494, 0.0 ], [ -89.161556, 13.492571, 0.0 ], [ -89.161561, 13.492664, 0.0 ], [ -89.161555, 13.492763, 0.0 ], [ -89.161553, 13.492794, 0.0 ], [ -89.161558, 13.492965, 0.0 ], [ -89.161563, 13.493083, 0.0 ], [ -89.161569, 13.493147, 0.0 ], [ -89.161572, 13.493173, 0.0 ], [ -89.161577, 13.493285, 0.0 ], [ -89.161574, 13.493332, 0.0 ], [ -89.161571, 13.493397, 0.0 ], [ -89.16156, 13.493555, 0.0 ], [ -89.161555, 13.493703, 0.0 ], [ -89.161563, 13.493797, 0.0 ], [ -89.161586, 13.493888, 0.0 ], [ -89.161607, 13.493987, 0.0 ], [ -89.161623, 13.494052, 0.0 ], [ -89.161627, 13.494067, 0.0 ], [ -89.161644, 13.494233, 0.0 ], [ -89.161654, 13.494327, 0.0 ], [ -89.161658, 13.49437, 0.0 ], [ -89.161664, 13.494425, 0.0 ], [ -89.161664, 13.494458, 0.0 ], [ -89.161666, 13.494606, 0.0 ], [ -89.161656, 13.494733, 0.0 ], [ -89.161635, 13.49486, 0.0 ], [ -89.161609, 13.49497, 0.0 ], [ -89.161581, 13.495046, 0.0 ], [ -89.161527, 13.495135, 0.0 ], [ -89.161442, 13.495265, 0.0 ], [ -89.161316, 13.495443, 0.0 ], [ -89.161189, 13.49565, 0.0 ], [ -89.161082, 13.49585, 0.0 ], [ -89.160995, 13.495996, 0.0 ], [ -89.1609, 13.496196, 0.0 ], [ -89.160786, 13.496463, 0.0 ], [ -89.160781, 13.496475, 0.0 ], [ -89.160768, 13.496501, 0.0 ], [ -89.160685, 13.496662, 0.0 ], [ -89.160664, 13.496703, 0.0 ], [ -89.160579, 13.496844, 0.0 ], [ -89.160511, 13.496942, 0.0 ], [ -89.160422, 13.497037, 0.0 ], [ -89.160357, 13.497114, 0.0 ], [ -89.160348, 13.497124, 0.0 ], [ -89.16026, 13.497212, 0.0 ], [ -89.160174, 13.49729, 0.0 ], [ -89.160084, 13.497359, 0.0 ], [ -89.159965, 13.49743, 0.0 ], [ -89.159779, 13.49753, 0.0 ], [ -89.159618, 13.497615, 0.0 ], [ -89.159365, 13.497752, 0.0 ], [ -89.159185, 13.497869, 0.0 ], [ -89.158983, 13.497999, 0.0 ], [ -89.158842, 13.498086, 0.0 ], [ -89.158771, 13.498142, 0.0 ], [ -89.158717, 13.498203, 0.0 ], [ -89.158654, 13.498272, 0.0 ], [ -89.158596, 13.49836, 0.0 ], [ -89.158562, 13.498438, 0.0 ], [ -89.158536, 13.498508, 0.0 ], [ -89.15852, 13.498574, 0.0 ], [ -89.158513, 13.498618, 0.0 ], [ -89.158508, 13.49865, 0.0 ], [ -89.158502, 13.498744, 0.0 ], [ -89.158496, 13.498843, 0.0 ], [ -89.158491, 13.498937, 0.0 ], [ -89.158496, 13.499059, 0.0 ], [ -89.158504, 13.499257, 0.0 ], [ -89.158504, 13.499396, 0.0 ], [ -89.158496, 13.49955, 0.0 ], [ -89.158487, 13.499681, 0.0 ], [ -89.158472, 13.499808, 0.0 ], [ -89.15845, 13.499925, 0.0 ], [ -89.158409, 13.500065, 0.0 ], [ -89.158399, 13.5001, 0.0 ], [ -89.158313, 13.500394, 0.0 ], [ -89.158219, 13.500709, 0.0 ], [ -89.158128, 13.501015, 0.0 ], [ -89.158028, 13.501341, 0.0 ], [ -89.157965, 13.501539, 0.0 ], [ -89.157903, 13.501742, 0.0 ], [ -89.157839, 13.501979, 0.0 ], [ -89.15779, 13.502183, 0.0 ], [ -89.157748, 13.502379, 0.0 ], [ -89.157717, 13.502601, 0.0 ], [ -89.157693, 13.502764, 0.0 ], [ -89.157691, 13.502864, 0.0 ], [ -89.157696, 13.502944, 0.0 ], [ -89.157711, 13.503009, 0.0 ], [ -89.15775, 13.503089, 0.0 ], [ -89.157793, 13.50317, 0.0 ], [ -89.15782, 13.503221, 0.0 ], [ -89.157844, 13.503267, 0.0 ], [ -89.157892, 13.503379, 0.0 ], [ -89.157937, 13.503507, 0.0 ], [ -89.157954, 13.503608, 0.0 ], [ -89.157961, 13.503681, 0.0 ], [ -89.157967, 13.503747, 0.0 ], [ -89.157977, 13.503891, 0.0 ], [ -89.157976, 13.504061, 0.0 ], [ -89.157956, 13.504312, 0.0 ], [ -89.157939, 13.504573, 0.0 ], [ -89.15793, 13.504755, 0.0 ], [ -89.15791, 13.504945, 0.0 ], [ -89.157884, 13.505099, 0.0 ], [ -89.157863, 13.50525, 0.0 ], [ -89.157843, 13.505392, 0.0 ], [ -89.157809, 13.505546, 0.0 ], [ -89.157775, 13.505694, 0.0 ], [ -89.157727, 13.505823, 0.0 ], [ -89.157678, 13.505945, 0.0 ], [ -89.15763, 13.506082, 0.0 ], [ -89.157582, 13.506239, 0.0 ], [ -89.157552, 13.50641, 0.0 ], [ -89.157547, 13.50644, 0.0 ], [ -89.157496, 13.506602, 0.0 ], [ -89.157452, 13.506777, 0.0 ], [ -89.157424, 13.506922, 0.0 ], [ -89.157382, 13.507023, 0.0 ], [ -89.157359, 13.507064, 0.0 ], [ -89.15735, 13.507081, 0.0 ], [ -89.157245, 13.507203, 0.0 ], [ -89.157058, 13.507383, 0.0 ], [ -89.156864, 13.507601, 0.0 ], [ -89.156719, 13.507761, 0.0 ], [ -89.156599, 13.507875, 0.0 ], [ -89.156554, 13.507918, 0.0 ], [ -89.156432, 13.508049, 0.0 ], [ -89.156322, 13.508176, 0.0 ], [ -89.156307, 13.508193, 0.0 ], [ -89.15622, 13.508311, 0.0 ], [ -89.156107, 13.508447, 0.0 ], [ -89.156024, 13.508534, 0.0 ], [ -89.155954, 13.508607, 0.0 ], [ -89.155862, 13.508664, 0.0 ], [ -89.155724, 13.508713, 0.0 ], [ -89.15559, 13.508745, 0.0 ], [ -89.155445, 13.508767, 0.0 ], [ -89.155385, 13.508779, 0.0 ], [ -89.155309, 13.508793, 0.0 ], [ -89.155087, 13.508864, 0.0 ], [ -89.154845, 13.508952, 0.0 ], [ -89.15462, 13.509035, 0.0 ], [ -89.154447, 13.509106, 0.0 ], [ -89.15414, 13.509236, 0.0 ], [ -89.153706, 13.509416, 0.0 ], [ -89.153403, 13.509516, 0.0 ], [ -89.153216, 13.509578, 0.0 ], [ -89.153049, 13.50963, 0.0 ], [ -89.152885, 13.509662, 0.0 ], [ -89.152726, 13.509687, 0.0 ], [ -89.152592, 13.50971, 0.0 ], [ -89.152359, 13.50975, 0.0 ], [ -89.15212, 13.509792, 0.0 ], [ -89.151779, 13.50986, 0.0 ], [ -89.151512, 13.509915, 0.0 ], [ -89.151361, 13.509942, 0.0 ], [ -89.151302, 13.509953, 0.0 ], [ -89.1511, 13.510007, 0.0 ], [ -89.150943, 13.510055, 0.0 ], [ -89.150762, 13.510124, 0.0 ], [ -89.150586, 13.510195, 0.0 ], [ -89.150538, 13.510214, 0.0 ], [ -89.150307, 13.510311, 0.0 ], [ -89.150111, 13.510384, 0.0 ], [ -89.149938, 13.510431, 0.0 ], [ -89.149804, 13.510455, 0.0 ], [ -89.149677, 13.510472, 0.0 ], [ -89.149587, 13.510478, 0.0 ], [ -89.149494, 13.510485, 0.0 ], [ -89.14931, 13.510493, 0.0 ], [ -89.149088, 13.510501, 0.0 ], [ -89.148836, 13.510496, 0.0 ], [ -89.148582, 13.510496, 0.0 ], [ -89.14842, 13.510494, 0.0 ], [ -89.148392, 13.510493, 0.0 ], [ -89.148265, 13.510478, 0.0 ], [ -89.148191, 13.510468, 0.0 ], [ -89.148187, 13.510467, 0.0 ], [ -89.148103, 13.510442, 0.0 ], [ -89.147978, 13.510418, 0.0 ], [ -89.147869, 13.510418, 0.0 ], [ -89.147787, 13.510433, 0.0 ], [ -89.14773, 13.510458, 0.0 ], [ -89.147674, 13.510488, 0.0 ], [ -89.147606, 13.510536, 0.0 ], [ -89.147522, 13.510609, 0.0 ], [ -89.147492, 13.510647, 0.0 ], [ -89.147483, 13.510658, 0.0 ], [ -89.147446, 13.510707, 0.0 ], [ -89.147389, 13.510802, 0.0 ], [ -89.147338, 13.510899, 0.0 ], [ -89.14729, 13.511026, 0.0 ], [ -89.147255, 13.511145, 0.0 ], [ -89.147216, 13.511308, 0.0 ], [ -89.147186, 13.511452, 0.0 ], [ -89.147163, 13.511625, 0.0 ], [ -89.147143, 13.511773, 0.0 ], [ -89.14712, 13.511982, 0.0 ], [ -89.147109, 13.512172, 0.0 ], [ -89.147103, 13.512272, 0.0 ], [ -89.147097, 13.512396, 0.0 ], [ -89.147086, 13.512482, 0.0 ], [ -89.147063, 13.512562, 0.0 ], [ -89.147014, 13.512645, 0.0 ], [ -89.146956, 13.512711, 0.0 ], [ -89.146887, 13.512755, 0.0 ], [ -89.146801, 13.512784, 0.0 ], [ -89.146731, 13.512796, 0.0 ], [ -89.14666, 13.512799, 0.0 ], [ -89.146595, 13.512795, 0.0 ], [ -89.146518, 13.512784, 0.0 ], [ -89.146449, 13.512778, 0.0 ], [ -89.14631, 13.512768, 0.0 ], [ -89.146129, 13.512768, 0.0 ], [ -89.146003, 13.512771, 0.0 ], [ -89.145747, 13.512788, 0.0 ], [ -89.145531, 13.512818, 0.0 ], [ -89.145356, 13.512866, 0.0 ], [ -89.14535, 13.512868, 0.0 ], [ -89.145276, 13.5129, 0.0 ], [ -89.145251, 13.512912, 0.0 ], [ -89.145208, 13.512934, 0.0 ], [ -89.145128, 13.512987, 0.0 ], [ -89.14506, 13.513049, 0.0 ], [ -89.145012, 13.513107, 0.0 ], [ -89.144981, 13.513154, 0.0 ], [ -89.144972, 13.513181, 0.0 ], [ -89.144954, 13.513234, 0.0 ], [ -89.144949, 13.513286, 0.0 ], [ -89.144949, 13.513288, 0.0 ], [ -89.144949, 13.513291, 0.0 ], [ -89.144954, 13.51335, 0.0 ], [ -89.144969, 13.513415, 0.0 ], [ -89.144985, 13.51346, 0.0 ], [ -89.145023, 13.513549, 0.0 ], [ -89.14507, 13.513629, 0.0 ], [ -89.145138, 13.513733, 0.0 ], [ -89.145218, 13.513822, 0.0 ], [ -89.145273, 13.513881, 0.0 ], [ -89.145333, 13.513941, 0.0 ], [ -89.145346, 13.513954, 0.0 ], [ -89.145414, 13.514004, 0.0 ], [ -89.145432, 13.514014, 0.0 ], [ -89.145502, 13.514056, 0.0 ], [ -89.145575, 13.514097, 0.0 ], [ -89.145652, 13.514129, 0.0 ], [ -89.14574, 13.514153, 0.0 ], [ -89.145855, 13.514177, 0.0 ], [ -89.145888, 13.514179, 0.0 ], [ -89.145953, 13.514183, 0.0 ], [ -89.146038, 13.514178, 0.0 ], [ -89.146118, 13.51416, 0.0 ], [ -89.146209, 13.514122, 0.0 ], [ -89.146326, 13.514075, 0.0 ], [ -89.146435, 13.514027, 0.0 ], [ -89.1465, 13.513998, 0.0 ], [ -89.146598, 13.513962, 0.0 ], [ -89.146686, 13.513945, 0.0 ], [ -89.146761, 13.513938, 0.0 ], [ -89.146846, 13.513942, 0.0 ], [ -89.146948, 13.513957, 0.0 ], [ -89.147016, 13.513977, 0.0 ], [ -89.147068, 13.513997, 0.0 ], [ -89.147113, 13.514021, 0.0 ], [ -89.147161, 13.514061, 0.0 ], [ -89.147195, 13.514111, 0.0 ], [ -89.147215, 13.514167, 0.0 ], [ -89.147228, 13.514238, 0.0 ], [ -89.147231, 13.514308, 0.0 ], [ -89.147228, 13.514328, 0.0 ], [ -89.147223, 13.514374, 0.0 ], [ -89.1472, 13.514443, 0.0 ], [ -89.147178, 13.514516, 0.0 ], [ -89.147129, 13.514626, 0.0 ], [ -89.147109, 13.514705, 0.0 ], [ -89.147109, 13.514761, 0.0 ], [ -89.147121, 13.514832, 0.0 ], [ -89.147152, 13.514878, 0.0 ], [ -89.147189, 13.514913, 0.0 ], [ -89.147236, 13.51494, 0.0 ], [ -89.14729, 13.51496, 0.0 ], [ -89.147369, 13.514995, 0.0 ], [ -89.147372, 13.514996, 0.0 ], [ -89.147424, 13.515023, 0.0 ], [ -89.147501, 13.515078, 0.0 ], [ -89.147537, 13.515108, 0.0 ], [ -89.147575, 13.515142, 0.0 ], [ -89.147606, 13.515192, 0.0 ], [ -89.147631, 13.515247, 0.0 ], [ -89.147645, 13.515296, 0.0 ], [ -89.147665, 13.515358, 0.0 ], [ -89.147713, 13.515512, 0.0 ], [ -89.147778, 13.515719, 0.0 ], [ -89.14783, 13.515943, 0.0 ], [ -89.147878, 13.516104, 0.0 ], [ -89.147977, 13.51639, 0.0 ], [ -89.148007, 13.516482, 0.0 ], [ -89.148069, 13.516672, 0.0 ], [ -89.148126, 13.51684, 0.0 ], [ -89.148185, 13.517001, 0.0 ], [ -89.148217, 13.517094, 0.0 ], [ -89.148226, 13.517121, 0.0 ], [ -89.14824, 13.517184, 0.0 ], [ -89.148235, 13.517228, 0.0 ], [ -89.148233, 13.517249, 0.0 ], [ -89.148226, 13.517273, 0.0 ], [ -89.148214, 13.517312, 0.0 ], [ -89.148179, 13.517371, 0.0 ], [ -89.148145, 13.517424, 0.0 ], [ -89.148125, 13.517456, 0.0 ], [ -89.148114, 13.51747, 0.0 ], [ -89.148058, 13.517545, 0.0 ], [ -89.148006, 13.517611, 0.0 ], [ -89.147946, 13.517669, 0.0 ], [ -89.147869, 13.51772, 0.0 ], [ -89.14782, 13.517747, 0.0 ], [ -89.147787, 13.517766, 0.0 ], [ -89.147714, 13.517788, 0.0 ], [ -89.147682, 13.517797, 0.0 ], [ -89.147612, 13.517804, 0.0 ], [ -89.147554, 13.517807, 0.0 ], [ -89.147495, 13.517801, 0.0 ], [ -89.147446, 13.517784, 0.0 ], [ -89.147401, 13.517751, 0.0 ], [ -89.14735, 13.517701, 0.0 ], [ -89.147296, 13.517633, 0.0 ], [ -89.147245, 13.517571, 0.0 ], [ -89.147202, 13.51752, 0.0 ], [ -89.147121, 13.517461, 0.0 ], [ -89.147046, 13.517419, 0.0 ], [ -89.146978, 13.517396, 0.0 ], [ -89.146958, 13.517389, 0.0 ], [ -89.146912, 13.517383, 0.0 ], [ -89.146838, 13.517389, 0.0 ], [ -89.146827, 13.51739, 0.0 ], [ -89.14679, 13.517398, 0.0 ], [ -89.146649, 13.517429, 0.0 ], [ -89.146497, 13.517483, 0.0 ], [ -89.146332, 13.517553, 0.0 ], [ -89.146256, 13.517585, 0.0 ], [ -89.146134, 13.517637, 0.0 ], [ -89.14588, 13.517779, 0.0 ], [ -89.145714, 13.517888, 0.0 ], [ -89.145529, 13.518038, 0.0 ], [ -89.145355, 13.518187, 0.0 ], [ -89.144941, 13.518613, 0.0 ], [ -89.144672, 13.518894, 0.0 ], [ -89.144552, 13.51902, 0.0 ], [ -89.144464, 13.519104, 0.0 ], [ -89.144416, 13.519172, 0.0 ], [ -89.144387, 13.519226, 0.0 ], [ -89.144374, 13.519294, 0.0 ], [ -89.14438, 13.519364, 0.0 ], [ -89.144406, 13.519444, 0.0 ], [ -89.144439, 13.519497, 0.0 ], [ -89.14449, 13.519551, 0.0 ], [ -89.144553, 13.519594, 0.0 ], [ -89.144622, 13.519618, 0.0 ], [ -89.144691, 13.519627, 0.0 ], [ -89.144765, 13.519631, 0.0 ], [ -89.14484, 13.519628, 0.0 ], [ -89.144874, 13.519626, 0.0 ], [ -89.145038, 13.519616, 0.0 ], [ -89.145219, 13.519628, 0.0 ], [ -89.145389, 13.519655, 0.0 ], [ -89.145496, 13.519686, 0.0 ], [ -89.145604, 13.519739, 0.0 ], [ -89.145684, 13.519793, 0.0 ], [ -89.145753, 13.519873, 0.0 ], [ -89.145754, 13.519874, 0.0 ], [ -89.145835, 13.51998, 0.0 ], [ -89.145904, 13.520099, 0.0 ], [ -89.145957, 13.520204, 0.0 ], [ -89.145995, 13.520311, 0.0 ], [ -89.146012, 13.520438, 0.0 ], [ -89.146022, 13.520555, 0.0 ], [ -89.146019, 13.520593, 0.0 ], [ -89.146008, 13.520708, 0.0 ], [ -89.145991, 13.520814, 0.0 ], [ -89.145973, 13.520875, 0.0 ], [ -89.145934, 13.521002, 0.0 ], [ -89.145863, 13.521216, 0.0 ], [ -89.145804, 13.52136, 0.0 ], [ -89.145777, 13.521424, 0.0 ], [ -89.145754, 13.521479, 0.0 ], [ -89.145687, 13.521615, 0.0 ], [ -89.145605, 13.52174, 0.0 ], [ -89.145567, 13.5218, 0.0 ], [ -89.1455, 13.521907, 0.0 ], [ -89.145422, 13.522022, 0.0 ], [ -89.145353, 13.522149, 0.0 ], [ -89.145267, 13.522291, 0.0 ], [ -89.145185, 13.522451, 0.0 ], [ -89.145172, 13.522477, 0.0 ], [ -89.145099, 13.522584, 0.0 ], [ -89.145, 13.522688, 0.0 ], [ -89.144922, 13.522758, 0.0 ], [ -89.144847, 13.522824, 0.0 ], [ -89.144738, 13.522878, 0.0 ], [ -89.144719, 13.522888, 0.0 ], [ -89.144624, 13.522919, 0.0 ], [ -89.144524, 13.52294, 0.0 ], [ -89.144413, 13.522952, 0.0 ], [ -89.144319, 13.522968, 0.0 ], [ -89.144241, 13.522987, 0.0 ], [ -89.144152, 13.523016, 0.0 ], [ -89.144068, 13.523053, 0.0 ], [ -89.143957, 13.523121, 0.0 ], [ -89.14385, 13.523204, 0.0 ], [ -89.143772, 13.523286, 0.0 ], [ -89.143696, 13.523386, 0.0 ], [ -89.143638, 13.523488, 0.0 ], [ -89.143519, 13.523775, 0.0 ], [ -89.143481, 13.523888, 0.0 ], [ -89.143405, 13.52411, 0.0 ], [ -89.143278, 13.524602, 0.0 ], [ -89.143237, 13.524805, 0.0 ], [ -89.143184, 13.52496, 0.0 ], [ -89.143137, 13.5251, 0.0 ], [ -89.143075, 13.525307, 0.0 ], [ -89.142968, 13.525593, 0.0 ], [ -89.14287, 13.525913, 0.0 ], [ -89.142837, 13.526022, 0.0 ], [ -89.142828, 13.526053, 0.0 ], [ -89.142791, 13.526152, 0.0 ], [ -89.142788, 13.526159, 0.0 ], [ -89.142734, 13.526259, 0.0 ], [ -89.142653, 13.526376, 0.0 ], [ -89.142573, 13.526491, 0.0 ], [ -89.142464, 13.526636, 0.0 ], [ -89.1423, 13.526798, 0.0 ], [ -89.14215, 13.526955, 0.0 ], [ -89.142071, 13.527047, 0.0 ], [ -89.141979, 13.527129, 0.0 ], [ -89.141904, 13.527193, 0.0 ], [ -89.141782, 13.52728, 0.0 ], [ -89.141595, 13.527409, 0.0 ], [ -89.141472, 13.5275, 0.0 ], [ -89.141354, 13.527579, 0.0 ], [ -89.141255, 13.527635, 0.0 ], [ -89.141191, 13.527675, 0.0 ], [ -89.14113, 13.527712, 0.0 ], [ -89.1411, 13.527732, 0.0 ], [ -89.141064, 13.527776, 0.0 ], [ -89.14104, 13.527824, 0.0 ], [ -89.141028, 13.52786, 0.0 ], [ -89.141027, 13.527915, 0.0 ], [ -89.141036, 13.527962, 0.0 ], [ -89.14105, 13.528002, 0.0 ], [ -89.141067, 13.528028, 0.0 ], [ -89.141098, 13.528071, 0.0 ], [ -89.141142, 13.528121, 0.0 ], [ -89.141198, 13.528185, 0.0 ], [ -89.14128, 13.528286, 0.0 ], [ -89.141375, 13.528397, 0.0 ], [ -89.141486, 13.528509, 0.0 ], [ -89.141586, 13.528592, 0.0 ], [ -89.141667, 13.528659, 0.0 ], [ -89.141819, 13.528807, 0.0 ], [ -89.141915, 13.528898, 0.0 ], [ -89.142027, 13.528986, 0.0 ], [ -89.142183, 13.529102, 0.0 ], [ -89.142358, 13.529232, 0.0 ], [ -89.142507, 13.529356, 0.0 ], [ -89.14257, 13.52941, 0.0 ], [ -89.142636, 13.529467, 0.0 ], [ -89.142762, 13.529582, 0.0 ], [ -89.142772, 13.529591, 0.0 ], [ -89.142904, 13.529707, 0.0 ], [ -89.143001, 13.529797, 0.0 ], [ -89.143056, 13.529856, 0.0 ], [ -89.143101, 13.529914, 0.0 ], [ -89.143132, 13.529974, 0.0 ], [ -89.143167, 13.530054, 0.0 ], [ -89.143191, 13.530116, 0.0 ], [ -89.143197, 13.530136, 0.0 ], [ -89.143206, 13.530164, 0.0 ], [ -89.143228, 13.530226, 0.0 ], [ -89.143291, 13.530335, 0.0 ], [ -89.143313, 13.530369, 0.0 ], [ -89.143356, 13.530434, 0.0 ], [ -89.143425, 13.530533, 0.0 ], [ -89.143439, 13.530576, 0.0 ], [ -89.143454, 13.530654, 0.0 ], [ -89.143458, 13.530673, 0.0 ], [ -89.143469, 13.53073, 0.0 ], [ -89.143492, 13.530807, 0.0 ], [ -89.143531, 13.530911, 0.0 ], [ -89.143531, 13.530912, 0.0 ], [ -89.143578, 13.531022, 0.0 ], [ -89.143609, 13.531118, 0.0 ], [ -89.143626, 13.531202, 0.0 ], [ -89.143635, 13.531271, 0.0 ], [ -89.143642, 13.531355, 0.0 ], [ -89.143643, 13.531358, 0.0 ], [ -89.143649, 13.531434, 0.0 ], [ -89.143668, 13.531495, 0.0 ], [ -89.143694, 13.531554, 0.0 ], [ -89.143734, 13.531613, 0.0 ], [ -89.14379, 13.53169, 0.0 ], [ -89.143802, 13.531707, 0.0 ], [ -89.143856, 13.531782, 0.0 ], [ -89.143896, 13.531821, 0.0 ], [ -89.144021, 13.531932, 0.0 ], [ -89.144052, 13.53197, 0.0 ], [ -89.144084, 13.532011, 0.0 ], [ -89.144144, 13.532085, 0.0 ], [ -89.144231, 13.532164, 0.0 ], [ -89.1443, 13.532218, 0.0 ], [ -89.144367, 13.532269, 0.0 ], [ -89.144465, 13.532346, 0.0 ], [ -89.144521, 13.532407, 0.0 ], [ -89.144628, 13.532543, 0.0 ], [ -89.14466, 13.532582, 0.0 ], [ -89.144791, 13.532754, 0.0 ], [ -89.144835, 13.532812, 0.0 ], [ -89.144971, 13.532998, 0.0 ], [ -89.14501, 13.533054, 0.0 ], [ -89.145054, 13.533165, 0.0 ], [ -89.145097, 13.533293, 0.0 ], [ -89.145117, 13.533387, 0.0 ], [ -89.145141, 13.533487, 0.0 ], [ -89.145156, 13.533562, 0.0 ], [ -89.145168, 13.533634, 0.0 ], [ -89.145172, 13.533726, 0.0 ], [ -89.145171, 13.533775, 0.0 ], [ -89.145171, 13.533815, 0.0 ], [ -89.145176, 13.533882, 0.0 ], [ -89.145184, 13.533952, 0.0 ], [ -89.145195, 13.534018, 0.0 ], [ -89.145201, 13.534047, 0.0 ], [ -89.145208, 13.534081, 0.0 ], [ -89.145229, 13.534162, 0.0 ], [ -89.145244, 13.534217, 0.0 ], [ -89.145272, 13.534311, 0.0 ], [ -89.145295, 13.534409, 0.0 ], [ -89.145311, 13.534512, 0.0 ], [ -89.145322, 13.534629, 0.0 ], [ -89.145329, 13.534707, 0.0 ], [ -89.145331, 13.534795, 0.0 ], [ -89.14533, 13.534853, 0.0 ], [ -89.14533, 13.534914, 0.0 ], [ -89.14533, 13.534946, 0.0 ], [ -89.145336, 13.534997, 0.0 ], [ -89.145356, 13.535071, 0.0 ], [ -89.145358, 13.535077, 0.0 ], [ -89.145386, 13.535159, 0.0 ], [ -89.145412, 13.535233, 0.0 ], [ -89.145447, 13.535315, 0.0 ], [ -89.145471, 13.535379, 0.0 ], [ -89.145486, 13.535445, 0.0 ], [ -89.145495, 13.53551, 0.0 ], [ -89.145499, 13.535545, 0.0 ], [ -89.145501, 13.535562, 0.0 ], [ -89.14554, 13.535675, 0.0 ], [ -89.145585, 13.535783, 0.0 ], [ -89.145627, 13.535856, 0.0 ], [ -89.145678, 13.535941, 0.0 ], [ -89.145731, 13.536019, 0.0 ], [ -89.14578, 13.536088, 0.0 ], [ -89.145796, 13.536125, 0.0 ], [ -89.145805, 13.536154, 0.0 ], [ -89.145803, 13.536179, 0.0 ], [ -89.145783, 13.536211, 0.0 ], [ -89.145755, 13.53626, 0.0 ], [ -89.145726, 13.536328, 0.0 ], [ -89.145712, 13.536372, 0.0 ], [ -89.145701, 13.536385, 0.0 ], [ -89.145689, 13.536401, 0.0 ], [ -89.145647, 13.536438, 0.0 ], [ -89.145585, 13.536486, 0.0 ], [ -89.145531, 13.536519, 0.0 ], [ -89.145472, 13.536541, 0.0 ], [ -89.145467, 13.536543, 0.0 ], [ -89.1454, 13.536553, 0.0 ], [ -89.14536, 13.536551, 0.0 ], [ -89.145319, 13.536533, 0.0 ], [ -89.145277, 13.536505, 0.0 ], [ -89.145238, 13.536474, 0.0 ], [ -89.145216, 13.536448, 0.0 ], [ -89.145162, 13.536393, 0.0 ], [ -89.145155, 13.536385, 0.0 ], [ -89.145108, 13.536334, 0.0 ], [ -89.145029, 13.536263, 0.0 ], [ -89.144975, 13.536218, 0.0 ], [ -89.144906, 13.536164, 0.0 ], [ -89.144858, 13.53614, 0.0 ], [ -89.144808, 13.536114, 0.0 ], [ -89.144689, 13.536033, 0.0 ], [ -89.144613, 13.535969, 0.0 ], [ -89.144562, 13.535906, 0.0 ], [ -89.144556, 13.535898, 0.0 ], [ -89.144524, 13.535853, 0.0 ], [ -89.14449, 13.535812, 0.0 ], [ -89.14445, 13.535773, 0.0 ], [ -89.144397, 13.535734, 0.0 ], [ -89.144328, 13.535695, 0.0 ], [ -89.144245, 13.535656, 0.0 ], [ -89.144151, 13.535621, 0.0 ], [ -89.144061, 13.5356, 0.0 ], [ -89.143967, 13.535585, 0.0 ], [ -89.143881, 13.535583, 0.0 ], [ -89.143809, 13.53559, 0.0 ], [ -89.143735, 13.535606, 0.0 ], [ -89.14371, 13.535613, 0.0 ], [ -89.143685, 13.535619, 0.0 ], [ -89.143642, 13.535623, 0.0 ], [ -89.143603, 13.535617, 0.0 ], [ -89.14357, 13.535605, 0.0 ], [ -89.143569, 13.535605, 0.0 ], [ -89.143557, 13.535603, 0.0 ], [ -89.143518, 13.535598, 0.0 ], [ -89.143427, 13.535601, 0.0 ], [ -89.143319, 13.535604, 0.0 ], [ -89.143256, 13.535605, 0.0 ], [ -89.143154, 13.535604, 0.0 ], [ -89.143101, 13.535604, 0.0 ], [ -89.1431, 13.535604, 0.0 ], [ -89.143006, 13.535611, 0.0 ], [ -89.142881, 13.535626, 0.0 ], [ -89.142774, 13.535646, 0.0 ], [ -89.142694, 13.535671, 0.0 ], [ -89.142605, 13.535706, 0.0 ], [ -89.142538, 13.535738, 0.0 ], [ -89.142449, 13.535799, 0.0 ], [ -89.142385, 13.535844, 0.0 ], [ -89.142381, 13.535847, 0.0 ], [ -89.142379, 13.535848, 0.0 ], [ -89.142314, 13.535903, 0.0 ], [ -89.142238, 13.535982, 0.0 ], [ -89.14218, 13.536029, 0.0 ], [ -89.14213, 13.536062, 0.0 ], [ -89.14207, 13.53609, 0.0 ], [ -89.141989, 13.536119, 0.0 ], [ -89.141927, 13.536141, 0.0 ], [ -89.141915, 13.536144, 0.0 ], [ -89.141851, 13.536162, 0.0 ], [ -89.141769, 13.536182, 0.0 ], [ -89.141666, 13.536219, 0.0 ], [ -89.141544, 13.536274, 0.0 ], [ -89.141515, 13.53629, 0.0 ], [ -89.141467, 13.536316, 0.0 ], [ -89.141383, 13.536346, 0.0 ], [ -89.141343, 13.536356, 0.0 ], [ -89.14131, 13.536358, 0.0 ], [ -89.141309, 13.536358, 0.0 ], [ -89.141277, 13.53636, 0.0 ], [ -89.141238, 13.536366, 0.0 ], [ -89.141188, 13.536382, 0.0 ], [ -89.141149, 13.536404, 0.0 ], [ -89.1411, 13.536429, 0.0 ], [ -89.141093, 13.536433, 0.0 ], [ -89.141049, 13.536459, 0.0 ], [ -89.140999, 13.536475, 0.0 ], [ -89.140949, 13.536478, 0.0 ], [ -89.140901, 13.53647, 0.0 ], [ -89.140871, 13.536459, 0.0 ], [ -89.140861, 13.536455, 0.0 ], [ -89.140797, 13.536438, 0.0 ], [ -89.140732, 13.536427, 0.0 ], [ -89.140696, 13.536428, 0.0 ], [ -89.140652, 13.53643, 0.0 ], [ -89.140604, 13.536447, 0.0 ], [ -89.140568, 13.536464, 0.0 ], [ -89.140533, 13.536495, 0.0 ], [ -89.140501, 13.536531, 0.0 ], [ -89.140467, 13.536574, 0.0 ], [ -89.140466, 13.536577, 0.0 ], [ -89.14042, 13.536645, 0.0 ], [ -89.140365, 13.536737, 0.0 ], [ -89.140275, 13.536896, 0.0 ], [ -89.140227, 13.537002, 0.0 ], [ -89.140201, 13.537083, 0.0 ], [ -89.140177, 13.537136, 0.0 ], [ -89.140147, 13.53719, 0.0 ], [ -89.140109, 13.53724, 0.0 ], [ -89.140076, 13.537282, 0.0 ], [ -89.140043, 13.537318, 0.0 ], [ -89.140002, 13.537353, 0.0 ], [ -89.139973, 13.537376, 0.0 ], [ -89.139951, 13.537393, 0.0 ], [ -89.139898, 13.537433, 0.0 ], [ -89.139746, 13.537552, 0.0 ], [ -89.139568, 13.537705, 0.0 ], [ -89.139419, 13.537818, 0.0 ], [ -89.139299, 13.537892, 0.0 ], [ -89.139184, 13.537962, 0.0 ], [ -89.139094, 13.538011, 0.0 ], [ -89.139009, 13.538052, 0.0 ], [ -89.138893, 13.538098, 0.0 ], [ -89.138768, 13.538149, 0.0 ], [ -89.138618, 13.538218, 0.0 ], [ -89.138308, 13.538374, 0.0 ], [ -89.138148, 13.53845, 0.0 ], [ -89.13811, 13.538467, 0.0 ], [ -89.138027, 13.538505, 0.0 ], [ -89.137924, 13.538545, 0.0 ], [ -89.137912, 13.53855, 0.0 ], [ -89.137804, 13.538592, 0.0 ], [ -89.137694, 13.538635, 0.0 ], [ -89.137571, 13.538688, 0.0 ], [ -89.137458, 13.538749, 0.0 ], [ -89.137348, 13.538823, 0.0 ], [ -89.137289, 13.538865, 0.0 ], [ -89.137235, 13.538903, 0.0 ], [ -89.137122, 13.538964, 0.0 ], [ -89.137028, 13.538998, 0.0 ], [ -89.137023, 13.538999, 0.0 ], [ -89.136941, 13.539025, 0.0 ], [ -89.136843, 13.539068, 0.0 ], [ -89.136759, 13.539107, 0.0 ], [ -89.136651, 13.539175, 0.0 ], [ -89.136547, 13.539268, 0.0 ], [ -89.136442, 13.539354, 0.0 ], [ -89.136354, 13.53942, 0.0 ], [ -89.13629, 13.53949, 0.0 ], [ -89.136242, 13.539547, 0.0 ], [ -89.136185, 13.539612, 0.0 ], [ -89.136136, 13.539661, 0.0 ], [ -89.136076, 13.539703, 0.0 ], [ -89.136016, 13.539732, 0.0 ], [ -89.135947, 13.539784, 0.0 ], [ -89.135797, 13.539933, 0.0 ], [ -89.135679, 13.540081, 0.0 ], [ -89.135656, 13.540114, 0.0 ], [ -89.13556, 13.540252, 0.0 ], [ -89.13549, 13.540351, 0.0 ], [ -89.135477, 13.540364, 0.0 ], [ -89.135425, 13.540417, 0.0 ], [ -89.135363, 13.540474, 0.0 ], [ -89.135253, 13.540601, 0.0 ], [ -89.135182, 13.540683, 0.0 ], [ -89.135129, 13.540744, 0.0 ], [ -89.135068, 13.540802, 0.0 ], [ -89.134984, 13.540878, 0.0 ], [ -89.134946, 13.540934, 0.0 ], [ -89.134917, 13.540996, 0.0 ], [ -89.134897, 13.541048, 0.0 ], [ -89.134886, 13.541121, 0.0 ], [ -89.134886, 13.541167, 0.0 ], [ -89.134896, 13.541203, 0.0 ], [ -89.134899, 13.541212, 0.0 ], [ -89.13491, 13.541251, 0.0 ], [ -89.134922, 13.541297, 0.0 ], [ -89.134936, 13.541349, 0.0 ], [ -89.134949, 13.541423, 0.0 ], [ -89.134968, 13.541545, 0.0 ], [ -89.134972, 13.541576, 0.0 ], [ -89.134983, 13.54168, 0.0 ], [ -89.13499, 13.541764, 0.0 ], [ -89.134994, 13.541831, 0.0 ], [ -89.134999, 13.541908, 0.0 ], [ -89.135011, 13.541999, 0.0 ], [ -89.135028, 13.542092, 0.0 ], [ -89.135055, 13.542199, 0.0 ], [ -89.135066, 13.54225, 0.0 ], [ -89.135071, 13.542296, 0.0 ], [ -89.135068, 13.542328, 0.0 ], [ -89.135067, 13.542346, 0.0 ], [ -89.135054, 13.542388, 0.0 ], [ -89.135052, 13.542392, 0.0 ], [ -89.135029, 13.54244, 0.0 ], [ -89.135013, 13.542496, 0.0 ], [ -89.134995, 13.542561, 0.0 ], [ -89.134994, 13.54258, 0.0 ], [ -89.134992, 13.542606, 0.0 ], [ -89.134992, 13.542611, 0.0 ], [ -89.134996, 13.542671, 0.0 ], [ -89.135006, 13.542722, 0.0 ], [ -89.135021, 13.542765, 0.0 ], [ -89.135042, 13.5428, 0.0 ], [ -89.135068, 13.542844, 0.0 ], [ -89.13509, 13.542896, 0.0 ], [ -89.135108, 13.542948, 0.0 ], [ -89.135121, 13.543009, 0.0 ], [ -89.135132, 13.543072, 0.0 ], [ -89.135148, 13.543136, 0.0 ], [ -89.13518, 13.543191, 0.0 ], [ -89.135218, 13.54324, 0.0 ], [ -89.135254, 13.543291, 0.0 ], [ -89.135265, 13.543306, 0.0 ], [ -89.13529, 13.54336, 0.0 ], [ -89.135292, 13.543422, 0.0 ], [ -89.135287, 13.543507, 0.0 ], [ -89.135263, 13.543616, 0.0 ], [ -89.135243, 13.543695, 0.0 ], [ -89.135219, 13.543753, 0.0 ], [ -89.135209, 13.543768, 0.0 ], [ -89.135171, 13.543821, 0.0 ], [ -89.135124, 13.543874, 0.0 ], [ -89.135069, 13.543935, 0.0 ], [ -89.135033, 13.543989, 0.0 ], [ -89.135008, 13.544052, 0.0 ], [ -89.135003, 13.544129, 0.0 ], [ -89.134999, 13.544227, 0.0 ], [ -89.135, 13.544308, 0.0 ], [ -89.135007, 13.544412, 0.0 ], [ -89.135001, 13.544474, 0.0 ], [ -89.134983, 13.544542, 0.0 ], [ -89.134955, 13.544608, 0.0 ], [ -89.134946, 13.544672, 0.0 ], [ -89.134953, 13.544724, 0.0 ], [ -89.134977, 13.544774, 0.0 ], [ -89.135004, 13.544815, 0.0 ], [ -89.135013, 13.544828, 0.0 ], [ -89.135049, 13.544883, 0.0 ], [ -89.135063, 13.544911, 0.0 ], [ -89.135109, 13.545002, 0.0 ], [ -89.135154, 13.545106, 0.0 ], [ -89.135199, 13.545209, 0.0 ], [ -89.13526, 13.545322, 0.0 ], [ -89.135267, 13.545332, 0.0 ], [ -89.135324, 13.545418, 0.0 ], [ -89.135363, 13.545481, 0.0 ], [ -89.135383, 13.545531, 0.0 ], [ -89.1354, 13.545604, 0.0 ], [ -89.135411, 13.545674, 0.0 ], [ -89.135422, 13.54579, 0.0 ], [ -89.135426, 13.545826, 0.0 ], [ -89.135433, 13.545905, 0.0 ], [ -89.135436, 13.545925, 0.0 ], [ -89.135464, 13.5461, 0.0 ], [ -89.135505, 13.546329, 0.0 ], [ -89.135537, 13.546505, 0.0 ], [ -89.135542, 13.546525, 0.0 ], [ -89.135561, 13.546597, 0.0 ], [ -89.135577, 13.546676, 0.0 ], [ -89.135589, 13.546759, 0.0 ], [ -89.1356, 13.546846, 0.0 ], [ -89.135619, 13.546917, 0.0 ], [ -89.135643, 13.546984, 0.0 ], [ -89.135657, 13.547013, 0.0 ], [ -89.13568, 13.547058, 0.0 ], [ -89.135728, 13.547161, 0.0 ], [ -89.135786, 13.547293, 0.0 ], [ -89.135792, 13.547309, 0.0 ], [ -89.135853, 13.547484, 0.0 ], [ -89.135875, 13.547551, 0.0 ], [ -89.135882, 13.547572, 0.0 ], [ -89.135904, 13.547674, 0.0 ], [ -89.135915, 13.547769, 0.0 ], [ -89.135913, 13.547807, 0.0 ], [ -89.13591, 13.547852, 0.0 ], [ -89.135893, 13.547922, 0.0 ], [ -89.135877, 13.547981, 0.0 ], [ -89.135855, 13.548042, 0.0 ], [ -89.135831, 13.548104, 0.0 ], [ -89.135812, 13.548198, 0.0 ], [ -89.135788, 13.548286, 0.0 ], [ -89.135769, 13.54843, 0.0 ], [ -89.135761, 13.548537, 0.0 ], [ -89.13576, 13.548563, 0.0 ], [ -89.135757, 13.548634, 0.0 ], [ -89.135742, 13.548707, 0.0 ], [ -89.135716, 13.548768, 0.0 ], [ -89.135714, 13.548771, 0.0 ], [ -89.135695, 13.548817, 0.0 ], [ -89.135663, 13.548859, 0.0 ], [ -89.135627, 13.548899, 0.0 ], [ -89.135583, 13.54899, 0.0 ], [ -89.135555, 13.549056, 0.0 ], [ -89.135533, 13.54912, 0.0 ], [ -89.13552, 13.549205, 0.0 ], [ -89.135506, 13.549282, 0.0 ], [ -89.135492, 13.549351, 0.0 ], [ -89.135477, 13.5494, 0.0 ], [ -89.135473, 13.549415, 0.0 ], [ -89.135441, 13.549469, 0.0 ], [ -89.135405, 13.549524, 0.0 ], [ -89.135368, 13.549571, 0.0 ], [ -89.13534, 13.549612, 0.0 ], [ -89.135319, 13.549665, 0.0 ], [ -89.13531, 13.549782, 0.0 ], [ -89.135313, 13.549938, 0.0 ], [ -89.135315, 13.549965, 0.0 ], [ -89.135317, 13.54998, 0.0 ], [ -89.135323, 13.550039, 0.0 ], [ -89.135324, 13.550045, 0.0 ], [ -89.13534, 13.550112, 0.0 ], [ -89.135372, 13.550183, 0.0 ], [ -89.135395, 13.550222, 0.0 ], [ -89.135404, 13.550239, 0.0 ], [ -89.135415, 13.550258, 0.0 ], [ -89.135469, 13.55033, 0.0 ], [ -89.135509, 13.5504, 0.0 ], [ -89.135547, 13.550473, 0.0 ], [ -89.135566, 13.550547, 0.0 ], [ -89.135595, 13.550725, 0.0 ], [ -89.135624, 13.550864, 0.0 ], [ -89.135646, 13.55097, 0.0 ], [ -89.135648, 13.55098, 0.0 ], [ -89.135665, 13.551032, 0.0 ], [ -89.135695, 13.551121, 0.0 ], [ -89.13572, 13.551198, 0.0 ], [ -89.135783, 13.551358, 0.0 ], [ -89.135844, 13.551511, 0.0 ], [ -89.135869, 13.551594, 0.0 ], [ -89.135883, 13.551687, 0.0 ], [ -89.13589, 13.551786, 0.0 ], [ -89.135884, 13.551897, 0.0 ], [ -89.13588, 13.551984, 0.0 ], [ -89.135879, 13.552059, 0.0 ], [ -89.135883, 13.552141, 0.0 ], [ -89.1359, 13.552237, 0.0 ], [ -89.135925, 13.552345, 0.0 ], [ -89.135959, 13.552449, 0.0 ], [ -89.135959, 13.552451, 0.0 ], [ -89.136001, 13.552539, 0.0 ], [ -89.136037, 13.552594, 0.0 ], [ -89.136065, 13.55262, 0.0 ], [ -89.136102, 13.552651, 0.0 ], [ -89.13612, 13.552665, 0.0 ], [ -89.136147, 13.552686, 0.0 ], [ -89.136215, 13.552745, 0.0 ], [ -89.136304, 13.552829, 0.0 ], [ -89.136409, 13.552935, 0.0 ], [ -89.136494, 13.553016, 0.0 ], [ -89.136573, 13.553095, 0.0 ], [ -89.13664, 13.553157, 0.0 ], [ -89.136738, 13.553241, 0.0 ], [ -89.136792, 13.553302, 0.0 ], [ -89.136825, 13.553348, 0.0 ], [ -89.136858, 13.55341, 0.0 ], [ -89.136921, 13.5535, 0.0 ], [ -89.13693, 13.553514, 0.0 ], [ -89.136995, 13.553605, 0.0 ], [ -89.137075, 13.553671, 0.0 ], [ -89.137148, 13.55372, 0.0 ], [ -89.137169, 13.55373, 0.0 ], [ -89.13723, 13.55376, 0.0 ], [ -89.137325, 13.553815, 0.0 ], [ -89.13739, 13.553865, 0.0 ], [ -89.13745, 13.553934, 0.0 ], [ -89.137502, 13.553999, 0.0 ], [ -89.137518, 13.554024, 0.0 ], [ -89.137572, 13.554113, 0.0 ], [ -89.137624, 13.554207, 0.0 ], [ -89.137652, 13.554285, 0.0 ], [ -89.137689, 13.554376, 0.0 ], [ -89.137693, 13.554385, 0.0 ], [ -89.137709, 13.554468, 0.0 ], [ -89.13771, 13.554506, 0.0 ], [ -89.137711, 13.554544, 0.0 ], [ -89.137696, 13.554643, 0.0 ], [ -89.137695, 13.554647, 0.0 ], [ -89.137667, 13.554741, 0.0 ], [ -89.137628, 13.55485, 0.0 ], [ -89.137589, 13.554956, 0.0 ], [ -89.137538, 13.555098, 0.0 ], [ -89.137498, 13.555215, 0.0 ], [ -89.137422, 13.555499, 0.0 ], [ -89.137373, 13.555729, 0.0 ], [ -89.137265, 13.556167, 0.0 ], [ -89.1372, 13.556411, 0.0 ], [ -89.137145, 13.556601, 0.0 ], [ -89.137115, 13.556703, 0.0 ], [ -89.137069, 13.556847, 0.0 ], [ -89.137036, 13.556916, 0.0 ], [ -89.137003, 13.556977, 0.0 ], [ -89.136971, 13.557022, 0.0 ], [ -89.136929, 13.557072, 0.0 ], [ -89.136889, 13.55712, 0.0 ], [ -89.136829, 13.557189, 0.0 ], [ -89.136784, 13.557249, 0.0 ], [ -89.136755, 13.557287, 0.0 ], [ -89.136733, 13.557329, 0.0 ], [ -89.136715, 13.55737, 0.0 ], [ -89.136693, 13.557426, 0.0 ], [ -89.13664, 13.557551, 0.0 ], [ -89.136544, 13.557825, 0.0 ], [ -89.136476, 13.558012, 0.0 ], [ -89.136442, 13.558148, 0.0 ], [ -89.136428, 13.558222, 0.0 ], [ -89.136417, 13.558292, 0.0 ], [ -89.136391, 13.558373, 0.0 ], [ -89.13636, 13.558434, 0.0 ], [ -89.13634, 13.558461, 0.0 ], [ -89.136268, 13.558519, 0.0 ], [ -89.136203, 13.558547, 0.0 ], [ -89.136124, 13.558567, 0.0 ], [ -89.136021, 13.5586, 0.0 ], [ -89.135913, 13.55866, 0.0 ], [ -89.135803, 13.558756, 0.0 ], [ -89.135751, 13.558821, 0.0 ], [ -89.135664, 13.558967, 0.0 ], [ -89.135502, 13.55926, 0.0 ], [ -89.135324, 13.559593, 0.0 ], [ -89.135308, 13.559624, 0.0 ], [ -89.135293, 13.559646, 0.0 ], [ -89.135019, 13.560058, 0.0 ], [ -89.1349, 13.560213, 0.0 ], [ -89.134847, 13.560277, 0.0 ], [ -89.134811, 13.560314, 0.0 ], [ -89.13477, 13.560349, 0.0 ], [ -89.134673, 13.56043, 0.0 ], [ -89.134631, 13.560469, 0.0 ], [ -89.134604, 13.560509, 0.0 ], [ -89.134583, 13.560558, 0.0 ], [ -89.134565, 13.560612, 0.0 ], [ -89.134565, 13.560613, 0.0 ], [ -89.134556, 13.560647, 0.0 ], [ -89.134544, 13.560699, 0.0 ], [ -89.134535, 13.560742, 0.0 ], [ -89.13453, 13.560769, 0.0 ], [ -89.134527, 13.56078, 0.0 ], [ -89.134521, 13.560812, 0.0 ], [ -89.13452, 13.56082, 0.0 ], [ -89.13451, 13.560872, 0.0 ], [ -89.134476, 13.561065, 0.0 ], [ -89.134431, 13.561324, 0.0 ], [ -89.13443, 13.561384, 0.0 ], [ -89.13443, 13.561493, 0.0 ], [ -89.134439, 13.561606, 0.0 ], [ -89.13445, 13.561683, 0.0 ], [ -89.13445, 13.561686, 0.0 ], [ -89.134451, 13.561689, 0.0 ], [ -89.134457, 13.561716, 0.0 ], [ -89.134468, 13.561753, 0.0 ], [ -89.134488, 13.561798, 0.0 ], [ -89.134524, 13.561864, 0.0 ], [ -89.134544, 13.561901, 0.0 ], [ -89.134569, 13.561943, 0.0 ], [ -89.134613, 13.562031, 0.0 ], [ -89.134681, 13.562191, 0.0 ], [ -89.134681, 13.562192, 0.0 ], [ -89.134682, 13.562195, 0.0 ], [ -89.134708, 13.562256, 0.0 ], [ -89.134709, 13.562257, 0.0 ], [ -89.134807, 13.562515, 0.0 ], [ -89.134809, 13.562521, 0.0 ], [ -89.134914, 13.562806, 0.0 ], [ -89.135023, 13.563111, 0.0 ], [ -89.135143, 13.563503, 0.0 ], [ -89.135248, 13.563746, 0.0 ], [ -89.135271, 13.563804, 0.0 ], [ -89.135373, 13.564067, 0.0 ], [ -89.135414, 13.564199, 0.0 ], [ -89.13543, 13.564268, 0.0 ], [ -89.135435, 13.564287, 0.0 ], [ -89.135449, 13.56439, 0.0 ], [ -89.135479, 13.564585, 0.0 ], [ -89.135499, 13.564834, 0.0 ], [ -89.135488, 13.565139, 0.0 ], [ -89.135498, 13.565322, 0.0 ], [ -89.135512, 13.565429, 0.0 ], [ -89.135508, 13.565475, 0.0 ], [ -89.135507, 13.565497, 0.0 ], [ -89.135481, 13.565686, 0.0 ], [ -89.135469, 13.565755, 0.0 ], [ -89.135444, 13.565835, 0.0 ], [ -89.135383, 13.565988, 0.0 ], [ -89.135352, 13.56605, 0.0 ], [ -89.1353, 13.566157, 0.0 ], [ -89.135289, 13.566192, 0.0 ], [ -89.135265, 13.566332, 0.0 ], [ -89.135262, 13.566365, 0.0 ], [ -89.135266, 13.5664, 0.0 ], [ -89.135279, 13.566429, 0.0 ], [ -89.135299, 13.566458, 0.0 ], [ -89.135328, 13.566486, 0.0 ], [ -89.135352, 13.566505, 0.0 ], [ -89.135393, 13.566531, 0.0 ], [ -89.135402, 13.566535, 0.0 ], [ -89.135436, 13.56655, 0.0 ], [ -89.135546, 13.566581, 0.0 ], [ -89.135676, 13.566616, 0.0 ], [ -89.135796, 13.56665, 0.0 ], [ -89.135881, 13.566677, 0.0 ], [ -89.135935, 13.566698, 0.0 ], [ -89.135954, 13.566711, 0.0 ], [ -89.135963, 13.566717, 0.0 ], [ -89.135976, 13.566726, 0.0 ], [ -89.135988, 13.566735, 0.0 ], [ -89.136003, 13.566748, 0.0 ], [ -89.136025, 13.566768, 0.0 ], [ -89.136075, 13.566815, 0.0 ], [ -89.136167, 13.566896, 0.0 ], [ -89.13651, 13.567178, 0.0 ], [ -89.136557, 13.567218, 0.0 ], [ -89.136742, 13.567353, 0.0 ], [ -89.136952, 13.567535, 0.0 ], [ -89.137089, 13.567663, 0.0 ], [ -89.137265, 13.567905, 0.0 ], [ -89.137287, 13.56794, 0.0 ], [ -89.137305, 13.567988, 0.0 ], [ -89.137342, 13.568115, 0.0 ], [ -89.137345, 13.568126, 0.0 ], [ -89.13735, 13.568142, 0.0 ], [ -89.137586, 13.568812, 0.0 ], [ -89.137655, 13.568943, 0.0 ], [ -89.137915, 13.569436, 0.0 ], [ -89.137966, 13.569533, 0.0 ], [ -89.138008, 13.56958, 0.0 ], [ -89.138126, 13.569714, 0.0 ], [ -89.138184, 13.569733, 0.0 ], [ -89.138607, 13.569866, 0.0 ], [ -89.138709, 13.569899, 0.0 ], [ -89.138765, 13.569933, 0.0 ], [ -89.139171, 13.570184, 0.0 ], [ -89.139286, 13.57038, 0.0 ], [ -89.139518, 13.570778, 0.0 ], [ -89.139523, 13.570786, 0.0 ], [ -89.139523, 13.57079, 0.0 ], [ -89.139662, 13.571724, 0.0 ], [ -89.13967, 13.571736, 0.0 ], [ -89.139781, 13.571908, 0.0 ], [ -89.139881, 13.572062, 0.0 ], [ -89.139895, 13.572071, 0.0 ], [ -89.140459, 13.572454, 0.0 ], [ -89.140461, 13.572456, 0.0 ], [ -89.140543, 13.572527, 0.0 ], [ -89.14068, 13.572646, 0.0 ], [ -89.140777, 13.572768, 0.0 ], [ -89.140932, 13.572948, 0.0 ], [ -89.140975, 13.572991, 0.0 ], [ -89.140993, 13.573022, 0.0 ], [ -89.140995, 13.573026, 0.0 ], [ -89.140999, 13.573036, 0.0 ], [ -89.141006, 13.573057, 0.0 ], [ -89.141017, 13.573108, 0.0 ], [ -89.141037, 13.573256, 0.0 ], [ -89.141038, 13.573266, 0.0 ], [ -89.141104, 13.573645, 0.0 ], [ -89.141167, 13.573859, 0.0 ], [ -89.141193, 13.573949, 0.0 ], [ -89.141207, 13.574009, 0.0 ], [ -89.141211, 13.574028, 0.0 ], [ -89.141213, 13.574045, 0.0 ], [ -89.141215, 13.574076, 0.0 ], [ -89.141219, 13.574147, 0.0 ], [ -89.141218, 13.574225, 0.0 ], [ -89.141214, 13.574309, 0.0 ], [ -89.141209, 13.574419, 0.0 ], [ -89.141207, 13.574481, 0.0 ], [ -89.141211, 13.574533, 0.0 ], [ -89.141221, 13.574589, 0.0 ], [ -89.141233, 13.574638, 0.0 ], [ -89.141253, 13.574715, 0.0 ], [ -89.141265, 13.574771, 0.0 ], [ -89.141289, 13.574818, 0.0 ], [ -89.141297, 13.574826, 0.0 ], [ -89.14132, 13.574851, 0.0 ], [ -89.14135, 13.574871, 0.0 ], [ -89.141354, 13.574874, 0.0 ], [ -89.141411, 13.574903, 0.0 ], [ -89.141519, 13.574949, 0.0 ], [ -89.14155, 13.574962, 0.0 ], [ -89.141569, 13.574968, 0.0 ], [ -89.142067, 13.575114, 0.0 ], [ -89.142175, 13.575188, 0.0 ], [ -89.142314, 13.575285, 0.0 ], [ -89.142511, 13.575354, 0.0 ], [ -89.142774, 13.575447, 0.0 ], [ -89.14282, 13.575457, 0.0 ], [ -89.142834, 13.575457, 0.0 ], [ -89.142864, 13.575457, 0.0 ], [ -89.142913, 13.575449, 0.0 ], [ -89.142916, 13.575449, 0.0 ], [ -89.143244, 13.575374, 0.0 ], [ -89.143343, 13.575402, 0.0 ], [ -89.143355, 13.575407, 0.0 ], [ -89.143789, 13.575586, 0.0 ], [ -89.143827, 13.575605, 0.0 ], [ -89.14385, 13.575626, 0.0 ], [ -89.143852, 13.57563, 0.0 ], [ -89.143862, 13.575649, 0.0 ], [ -89.143863, 13.575654, 0.0 ], [ -89.143872, 13.575682, 0.0 ], [ -89.143876, 13.575731, 0.0 ], [ -89.143876, 13.575732, 0.0 ], [ -89.143905, 13.575986, 0.0 ], [ -89.143919, 13.576048, 0.0 ], [ -89.143928, 13.576067, 0.0 ], [ -89.143942, 13.576096, 0.0 ], [ -89.143966, 13.576132, 0.0 ], [ -89.14397, 13.576138, 0.0 ], [ -89.144032, 13.576213, 0.0 ], [ -89.144115, 13.576318, 0.0 ], [ -89.144182, 13.576397, 0.0 ], [ -89.144258, 13.576483, 0.0 ], [ -89.144345, 13.576564, 0.0 ], [ -89.144386, 13.576599, 0.0 ], [ -89.144389, 13.576601, 0.0 ], [ -89.14444, 13.57664, 0.0 ], [ -89.144496, 13.576683, 0.0 ], [ -89.144539, 13.576724, 0.0 ], [ -89.144561, 13.576754, 0.0 ], [ -89.144564, 13.576757, 0.0 ], [ -89.144564, 13.576758, 0.0 ], [ -89.144587, 13.576806, 0.0 ], [ -89.144748, 13.577265, 0.0 ], [ -89.144758, 13.577316, 0.0 ], [ -89.144758, 13.57733, 0.0 ], [ -89.144757, 13.577365, 0.0 ], [ -89.144753, 13.577417, 0.0 ], [ -89.144735, 13.57759, 0.0 ], [ -89.144733, 13.577656, 0.0 ], [ -89.144735, 13.577684, 0.0 ], [ -89.14474, 13.5777, 0.0 ], [ -89.144747, 13.577723, 0.0 ], [ -89.144762, 13.57776, 0.0 ], [ -89.144793, 13.577827, 0.0 ], [ -89.144808, 13.577865, 0.0 ], [ -89.144837, 13.578001, 0.0 ], [ -89.14486, 13.578119, 0.0 ], [ -89.14487, 13.578197, 0.0 ], [ -89.144876, 13.578277, 0.0 ], [ -89.144876, 13.578326, 0.0 ], [ -89.144875, 13.578336, 0.0 ], [ -89.14487, 13.57838, 0.0 ], [ -89.144858, 13.578421, 0.0 ], [ -89.144847, 13.578464, 0.0 ], [ -89.144833, 13.578512, 0.0 ], [ -89.144823, 13.578558, 0.0 ], [ -89.144818, 13.578598, 0.0 ], [ -89.144816, 13.578658, 0.0 ], [ -89.14481, 13.5787, 0.0 ], [ -89.144806, 13.578733, 0.0 ], [ -89.144791, 13.578796, 0.0 ], [ -89.144764, 13.578877, 0.0 ], [ -89.144715, 13.578989, 0.0 ], [ -89.14469, 13.579037, 0.0 ], [ -89.144639, 13.579125, 0.0 ], [ -89.144588, 13.579224, 0.0 ], [ -89.144561, 13.579299, 0.0 ], [ -89.144542, 13.579363, 0.0 ], [ -89.144528, 13.579429, 0.0 ], [ -89.144527, 13.579434, 0.0 ], [ -89.144517, 13.579484, 0.0 ], [ -89.144511, 13.579557, 0.0 ], [ -89.144508, 13.579588, 0.0 ], [ -89.144506, 13.579604, 0.0 ], [ -89.144503, 13.57974, 0.0 ], [ -89.144503, 13.579801, 0.0 ], [ -89.144499, 13.579844, 0.0 ], [ -89.144498, 13.579853, 0.0 ], [ -89.144493, 13.57987, 0.0 ], [ -89.144485, 13.579898, 0.0 ], [ -89.144465, 13.579938, 0.0 ], [ -89.14444, 13.579979, 0.0 ], [ -89.144395, 13.580071, 0.0 ], [ -89.144387, 13.5801, 0.0 ], [ -89.14438, 13.580165, 0.0 ], [ -89.144375, 13.580232, 0.0 ], [ -89.144375, 13.580238, 0.0 ], [ -89.144375, 13.580339, 0.0 ], [ -89.144375, 13.580347, 0.0 ], [ -89.144374, 13.58039, 0.0 ], [ -89.144376, 13.580411, 0.0 ], [ -89.144377, 13.580428, 0.0 ], [ -89.144381, 13.580439, 0.0 ], [ -89.144394, 13.580475, 0.0 ], [ -89.144415, 13.580516, 0.0 ], [ -89.144463, 13.580593, 0.0 ], [ -89.144526, 13.580678, 0.0 ], [ -89.144572, 13.580737, 0.0 ], [ -89.14463, 13.580803, 0.0 ], [ -89.144677, 13.580852, 0.0 ], [ -89.144696, 13.580876, 0.0 ], [ -89.144703, 13.580885, 0.0 ], [ -89.144722, 13.580919, 0.0 ], [ -89.144737, 13.580958, 0.0 ], [ -89.144741, 13.58097, 0.0 ], [ -89.144758, 13.581013, 0.0 ], [ -89.144776, 13.581045, 0.0 ], [ -89.14479, 13.58107, 0.0 ], [ -89.144797, 13.581078, 0.0 ], [ -89.144824, 13.581115, 0.0 ], [ -89.144862, 13.581154, 0.0 ], [ -89.144911, 13.581191, 0.0 ], [ -89.144967, 13.581231, 0.0 ], [ -89.145013, 13.581261, 0.0 ], [ -89.145057, 13.581279, 0.0 ], [ -89.145106, 13.581292, 0.0 ], [ -89.145175, 13.581305, 0.0 ], [ -89.145176, 13.581305, 0.0 ], [ -89.145213, 13.581319, 0.0 ], [ -89.145242, 13.581337, 0.0 ], [ -89.145262, 13.581357, 0.0 ], [ -89.145279, 13.581382, 0.0 ], [ -89.145279, 13.581383, 0.0 ], [ -89.145305, 13.581409, 0.0 ], [ -89.145452, 13.58151, 0.0 ], [ -89.145542, 13.58157, 0.0 ], [ -89.145584, 13.581583, 0.0 ], [ -89.145589, 13.581583, 0.0 ], [ -89.145615, 13.581583, 0.0 ], [ -89.145617, 13.581582, 0.0 ], [ -89.14566, 13.581572, 0.0 ], [ -89.145704, 13.581555, 0.0 ], [ -89.145732, 13.581543, 0.0 ], [ -89.145753, 13.581534, 0.0 ], [ -89.145801, 13.581503, 0.0 ], [ -89.145805, 13.581501, 0.0 ], [ -89.145859, 13.58145, 0.0 ], [ -89.145942, 13.581361, 0.0 ], [ -89.145984, 13.581305, 0.0 ], [ -89.146059, 13.581207, 0.0 ], [ -89.146135, 13.581123, 0.0 ], [ -89.146175, 13.581095, 0.0 ], [ -89.146201, 13.581087, 0.0 ], [ -89.146221, 13.581083, 0.0 ], [ -89.146252, 13.58108, 0.0 ], [ -89.146254, 13.581081, 0.0 ], [ -89.146283, 13.581083, 0.0 ], [ -89.146306, 13.581087, 0.0 ], [ -89.146341, 13.581094, 0.0 ], [ -89.146444, 13.581124, 0.0 ], [ -89.14647, 13.581137, 0.0 ], [ -89.146497, 13.581151, 0.0 ], [ -89.146543, 13.581179, 0.0 ], [ -89.146752, 13.581324, 0.0 ], [ -89.147022, 13.581522, 0.0 ], [ -89.14711, 13.581578, 0.0 ], [ -89.147208, 13.581636, 0.0 ], [ -89.147295, 13.581686, 0.0 ], [ -89.147324, 13.581714, 0.0 ], [ -89.14733, 13.581723, 0.0 ], [ -89.147346, 13.581746, 0.0 ], [ -89.147425, 13.581942, 0.0 ], [ -89.147448, 13.582011, 0.0 ], [ -89.147451, 13.582047, 0.0 ], [ -89.147452, 13.582092, 0.0 ], [ -89.147448, 13.582148, 0.0 ], [ -89.147437, 13.582198, 0.0 ], [ -89.147424, 13.582242, 0.0 ], [ -89.147386, 13.582354, 0.0 ], [ -89.147382, 13.58237, 0.0 ], [ -89.147371, 13.582418, 0.0 ], [ -89.147368, 13.582474, 0.0 ], [ -89.147373, 13.58255, 0.0 ], [ -89.14738, 13.582614, 0.0 ], [ -89.14738, 13.582622, 0.0 ], [ -89.147395, 13.582712, 0.0 ], [ -89.147404, 13.582757, 0.0 ], [ -89.147427, 13.582807, 0.0 ], [ -89.147455, 13.582846, 0.0 ], [ -89.147483, 13.582882, 0.0 ], [ -89.147499, 13.582903, 0.0 ], [ -89.147514, 13.582923, 0.0 ], [ -89.147531, 13.582955, 0.0 ], [ -89.14754, 13.582977, 0.0 ], [ -89.147546, 13.582994, 0.0 ], [ -89.147556, 13.58303, 0.0 ], [ -89.147561, 13.583081, 0.0 ], [ -89.147562, 13.583141, 0.0 ], [ -89.147553, 13.583209, 0.0 ], [ -89.147542, 13.583271, 0.0 ], [ -89.147533, 13.583329, 0.0 ], [ -89.147531, 13.583433, 0.0 ], [ -89.147531, 13.583519, 0.0 ], [ -89.147529, 13.583557, 0.0 ], [ -89.147526, 13.58358, 0.0 ], [ -89.147521, 13.583617, 0.0 ], [ -89.147508, 13.583672, 0.0 ], [ -89.147491, 13.583711, 0.0 ], [ -89.147468, 13.583741, 0.0 ], [ -89.147463, 13.583745, 0.0 ], [ -89.14745, 13.583758, 0.0 ], [ -89.147411, 13.583793, 0.0 ], [ -89.147373, 13.583832, 0.0 ], [ -89.147346, 13.583868, 0.0 ], [ -89.147336, 13.583887, 0.0 ], [ -89.147331, 13.583898, 0.0 ], [ -89.147319, 13.583929, 0.0 ], [ -89.147313, 13.583944, 0.0 ], [ -89.147302, 13.583991, 0.0 ], [ -89.1473, 13.584035, 0.0 ], [ -89.147311, 13.58407, 0.0 ], [ -89.147312, 13.584072, 0.0 ], [ -89.147315, 13.584079, 0.0 ], [ -89.147316, 13.584079, 0.0 ], [ -89.147329, 13.584105, 0.0 ], [ -89.147361, 13.58415, 0.0 ], [ -89.147398, 13.584196, 0.0 ], [ -89.14744, 13.58423, 0.0 ], [ -89.147489, 13.584271, 0.0 ], [ -89.147555, 13.584314, 0.0 ], [ -89.147623, 13.584349, 0.0 ], [ -89.147672, 13.584371, 0.0 ], [ -89.147739, 13.584385, 0.0 ], [ -89.147768, 13.58439, 0.0 ], [ -89.147832, 13.584401, 0.0 ], [ -89.147888, 13.584413, 0.0 ], [ -89.147956, 13.584433, 0.0 ], [ -89.148017, 13.58446, 0.0 ], [ -89.148064, 13.584484, 0.0 ], [ -89.148086, 13.584495, 0.0 ], [ -89.148096, 13.5845, 0.0 ], [ -89.148157, 13.58454, 0.0 ], [ -89.148406, 13.584711, 0.0 ], [ -89.14845, 13.584747, 0.0 ], [ -89.148478, 13.584773, 0.0 ], [ -89.148531, 13.584822, 0.0 ], [ -89.148576, 13.584857, 0.0 ], [ -89.148651, 13.584908, 0.0 ], [ -89.148703, 13.584933, 0.0 ], [ -89.148758, 13.584952, 0.0 ], [ -89.148842, 13.58497, 0.0 ], [ -89.148908, 13.584976, 0.0 ], [ -89.148969, 13.584974, 0.0 ], [ -89.149088, 13.58497, 0.0 ], [ -89.149216, 13.584965, 0.0 ], [ -89.14922, 13.584965, 0.0 ], [ -89.149315, 13.584971, 0.0 ], [ -89.149339, 13.584973, 0.0 ], [ -89.149361, 13.584976, 0.0 ], [ -89.149415, 13.584996, 0.0 ], [ -89.149449, 13.585012, 0.0 ], [ -89.149457, 13.585016, 0.0 ], [ -89.149465, 13.585022, 0.0 ], [ -89.149506, 13.585055, 0.0 ], [ -89.149581, 13.585121, 0.0 ], [ -89.149757, 13.585326, 0.0 ], [ -89.149786, 13.585363, 0.0 ], [ -89.149818, 13.58541, 0.0 ], [ -89.149819, 13.585411, 0.0 ], [ -89.149853, 13.585476, 0.0 ], [ -89.1499, 13.585563, 0.0 ], [ -89.150022, 13.585802, 0.0 ], [ -89.150049, 13.585845, 0.0 ], [ -89.150081, 13.585881, 0.0 ], [ -89.150126, 13.585925, 0.0 ], [ -89.150161, 13.585961, 0.0 ], [ -89.150263, 13.586065, 0.0 ], [ -89.150319, 13.586127, 0.0 ], [ -89.150355, 13.586152, 0.0 ], [ -89.150389, 13.58617, 0.0 ], [ -89.150436, 13.586193, 0.0 ], [ -89.150437, 13.586193, 0.0 ], [ -89.150475, 13.586215, 0.0 ], [ -89.150514, 13.586241, 0.0 ], [ -89.150558, 13.586284, 0.0 ], [ -89.150615, 13.586354, 0.0 ], [ -89.150719, 13.586498, 0.0 ], [ -89.150719, 13.586499, 0.0 ], [ -89.150724, 13.586504, 0.0 ], [ -89.150765, 13.586553, 0.0 ], [ -89.150802, 13.586588, 0.0 ], [ -89.150854, 13.586626, 0.0 ], [ -89.151077, 13.586766, 0.0 ], [ -89.151287, 13.586907, 0.0 ], [ -89.151376, 13.586964, 0.0 ], [ -89.151419, 13.586994, 0.0 ], [ -89.151424, 13.586998, 0.0 ], [ -89.151468, 13.587024, 0.0 ], [ -89.151504, 13.587034, 0.0 ], [ -89.151536, 13.587043, 0.0 ], [ -89.15154, 13.587043, 0.0 ], [ -89.151584, 13.587055, 0.0 ], [ -89.151603, 13.587068, 0.0 ], [ -89.151606, 13.587072, 0.0 ], [ -89.151628, 13.587096, 0.0 ], [ -89.151659, 13.587127, 0.0 ], [ -89.1517, 13.587148, 0.0 ], [ -89.151747, 13.587165, 0.0 ], [ -89.151759, 13.587168, 0.0 ], [ -89.151806, 13.587181, 0.0 ], [ -89.151832, 13.587193, 0.0 ], [ -89.151856, 13.587213, 0.0 ], [ -89.151884, 13.587243, 0.0 ], [ -89.151904, 13.58727, 0.0 ], [ -89.151928, 13.587308, 0.0 ], [ -89.15197, 13.587389, 0.0 ], [ -89.152003, 13.587458, 0.0 ], [ -89.152054, 13.587566, 0.0 ], [ -89.152087, 13.587616, 0.0 ], [ -89.152131, 13.587662, 0.0 ], [ -89.152169, 13.587686, 0.0 ], [ -89.152218, 13.587714, 0.0 ], [ -89.152224, 13.587717, 0.0 ], [ -89.152244, 13.587737, 0.0 ], [ -89.15225, 13.587746, 0.0 ], [ -89.152261, 13.587762, 0.0 ], [ -89.152271, 13.587785, 0.0 ], [ -89.152275, 13.587816, 0.0 ], [ -89.152278, 13.587847, 0.0 ], [ -89.152267, 13.587886, 0.0 ], [ -89.152251, 13.587921, 0.0 ], [ -89.152229, 13.587951, 0.0 ], [ -89.15219, 13.58799, 0.0 ], [ -89.151881, 13.588263, 0.0 ], [ -89.151874, 13.588279, 0.0 ], [ -89.151869, 13.58829, 0.0 ], [ -89.151863, 13.588323, 0.0 ], [ -89.15186, 13.588358, 0.0 ], [ -89.151864, 13.588388, 0.0 ], [ -89.151864, 13.588396, 0.0 ], [ -89.151868, 13.588408, 0.0 ], [ -89.151871, 13.588421, 0.0 ], [ -89.151873, 13.588429, 0.0 ], [ -89.151892, 13.588464, 0.0 ], [ -89.151975, 13.588557, 0.0 ], [ -89.15206, 13.588642, 0.0 ], [ -89.152075, 13.588658, 0.0 ], [ -89.152082, 13.588665, 0.0 ], [ -89.152083, 13.588667, 0.0 ], [ -89.152096, 13.588691, 0.0 ], [ -89.152104, 13.588725, 0.0 ], [ -89.152106, 13.588763, 0.0 ], [ -89.152103, 13.588809, 0.0 ], [ -89.152092, 13.588886, 0.0 ], [ -89.152086, 13.588925, 0.0 ], [ -89.152075, 13.58897, 0.0 ], [ -89.152052, 13.589009, 0.0 ], [ -89.152026, 13.589038, 0.0 ], [ -89.152023, 13.589041, 0.0 ], [ -89.151986, 13.589066, 0.0 ], [ -89.15195, 13.589082, 0.0 ], [ -89.151906, 13.589089, 0.0 ], [ -89.151873, 13.589091, 0.0 ], [ -89.151829, 13.589089, 0.0 ], [ -89.151798, 13.589087, 0.0 ], [ -89.151783, 13.589085, 0.0 ], [ -89.151732, 13.589086, 0.0 ], [ -89.151683, 13.589089, 0.0 ], [ -89.151623, 13.589099, 0.0 ], [ -89.151559, 13.589117, 0.0 ], [ -89.151515, 13.589141, 0.0 ], [ -89.151482, 13.589173, 0.0 ], [ -89.151481, 13.589175, 0.0 ], [ -89.15146, 13.589211, 0.0 ], [ -89.151453, 13.589232, 0.0 ], [ -89.151444, 13.589259, 0.0 ], [ -89.151425, 13.589361, 0.0 ], [ -89.151423, 13.589374, 0.0 ], [ -89.151399, 13.589546, 0.0 ], [ -89.151394, 13.589597, 0.0 ], [ -89.15139, 13.58964, 0.0 ], [ -89.151389, 13.589649, 0.0 ], [ -89.151379, 13.589704, 0.0 ], [ -89.151376, 13.589746, 0.0 ], [ -89.151378, 13.589783, 0.0 ], [ -89.151378, 13.589788, 0.0 ], [ -89.151385, 13.589826, 0.0 ], [ -89.151394, 13.589856, 0.0 ], [ -89.151404, 13.58988, 0.0 ], [ -89.151426, 13.58991, 0.0 ], [ -89.151451, 13.589944, 0.0 ], [ -89.151468, 13.589983, 0.0 ], [ -89.151484, 13.590027, 0.0 ], [ -89.151499, 13.590082, 0.0 ], [ -89.151512, 13.590143, 0.0 ], [ -89.151525, 13.590195, 0.0 ], [ -89.151533, 13.590226, 0.0 ], [ -89.151541, 13.590256, 0.0 ], [ -89.15156, 13.590313, 0.0 ], [ -89.151564, 13.590323, 0.0 ], [ -89.151583, 13.590369, 0.0 ], [ -89.151619, 13.590458, 0.0 ], [ -89.151638, 13.590521, 0.0 ], [ -89.151655, 13.590585, 0.0 ], [ -89.151658, 13.590597, 0.0 ], [ -89.151671, 13.590644, 0.0 ], [ -89.15169, 13.590699, 0.0 ], [ -89.151699, 13.590745, 0.0 ], [ -89.151702, 13.590779, 0.0 ], [ -89.1517, 13.590817, 0.0 ], [ -89.151694, 13.590856, 0.0 ], [ -89.151679, 13.590902, 0.0 ], [ -89.151661, 13.590942, 0.0 ], [ -89.151625, 13.591014, 0.0 ], [ -89.151576, 13.591116, 0.0 ], [ -89.151554, 13.591168, 0.0 ], [ -89.151542, 13.591198, 0.0 ], [ -89.15153, 13.591238, 0.0 ], [ -89.151519, 13.591275, 0.0 ], [ -89.151512, 13.591324, 0.0 ], [ -89.151512, 13.591325, 0.0 ], [ -89.151508, 13.591365, 0.0 ], [ -89.151513, 13.591401, 0.0 ], [ -89.151524, 13.591438, 0.0 ], [ -89.151544, 13.591471, 0.0 ], [ -89.151567, 13.591495, 0.0 ], [ -89.151605, 13.591518, 0.0 ], [ -89.151607, 13.591519, 0.0 ], [ -89.151656, 13.59154, 0.0 ], [ -89.151727, 13.591565, 0.0 ], [ -89.151781, 13.591589, 0.0 ], [ -89.151791, 13.591593, 0.0 ], [ -89.151796, 13.591596, 0.0 ], [ -89.151798, 13.591598, 0.0 ], [ -89.15183, 13.591618, 0.0 ], [ -89.151872, 13.59166, 0.0 ], [ -89.151907, 13.591706, 0.0 ], [ -89.151931, 13.591748, 0.0 ], [ -89.151943, 13.591786, 0.0 ], [ -89.151947, 13.591813, 0.0 ], [ -89.151948, 13.591819, 0.0 ], [ -89.151948, 13.591867, 0.0 ], [ -89.151948, 13.591892, 0.0 ], [ -89.151948, 13.591927, 0.0 ], [ -89.151947, 13.591955, 0.0 ], [ -89.151946, 13.591979, 0.0 ], [ -89.151944, 13.592059, 0.0 ], [ -89.151942, 13.592109, 0.0 ], [ -89.151936, 13.592141, 0.0 ], [ -89.151924, 13.592178, 0.0 ], [ -89.15191, 13.592205, 0.0 ], [ -89.151888, 13.592228, 0.0 ], [ -89.151851, 13.592259, 0.0 ], [ -89.151788, 13.592301, 0.0 ], [ -89.151704, 13.592363, 0.0 ], [ -89.151557, 13.592451, 0.0 ], [ -89.151467, 13.592495, 0.0 ], [ -89.15141, 13.592528, 0.0 ], [ -89.151389, 13.592546, 0.0 ], [ -89.151389, 13.592547, 0.0 ], [ -89.151378, 13.592564, 0.0 ], [ -89.151372, 13.592582, 0.0 ], [ -89.151372, 13.592584, 0.0 ], [ -89.151369, 13.59261, 0.0 ], [ -89.151368, 13.592652, 0.0 ], [ -89.151368, 13.592704, 0.0 ], [ -89.151374, 13.592771, 0.0 ], [ -89.151383, 13.592844, 0.0 ], [ -89.151391, 13.592894, 0.0 ], [ -89.151404, 13.592944, 0.0 ], [ -89.151418, 13.592979, 0.0 ], [ -89.151436, 13.593017, 0.0 ], [ -89.151448, 13.593051, 0.0 ], [ -89.151454, 13.593073, 0.0 ], [ -89.151457, 13.593084, 0.0 ], [ -89.151461, 13.593137, 0.0 ], [ -89.15146, 13.593161, 0.0 ], [ -89.151459, 13.593177, 0.0 ], [ -89.151459, 13.593229, 0.0 ], [ -89.151466, 13.593277, 0.0 ], [ -89.151475, 13.593321, 0.0 ], [ -89.151488, 13.59336, 0.0 ], [ -89.151496, 13.593387, 0.0 ], [ -89.151513, 13.593455, 0.0 ], [ -89.151518, 13.593478, 0.0 ], [ -89.151539, 13.593546, 0.0 ], [ -89.151545, 13.593562, 0.0 ], [ -89.151558, 13.593594, 0.0 ], [ -89.151589, 13.593644, 0.0 ], [ -89.151627, 13.593694, 0.0 ], [ -89.151675, 13.593751, 0.0 ], [ -89.151711, 13.593784, 0.0 ], [ -89.151732, 13.593804, 0.0 ], [ -89.151808, 13.593874, 0.0 ], [ -89.151883, 13.593937, 0.0 ], [ -89.151932, 13.593976, 0.0 ], [ -89.15199, 13.594014, 0.0 ], [ -89.152071, 13.594059, 0.0 ], [ -89.152132, 13.594096, 0.0 ], [ -89.152187, 13.594132, 0.0 ], [ -89.15223, 13.594165, 0.0 ], [ -89.152269, 13.594205, 0.0 ], [ -89.152307, 13.594247, 0.0 ], [ -89.152368, 13.594319, 0.0 ], [ -89.152428, 13.594373, 0.0 ], [ -89.152431, 13.594376, 0.0 ], [ -89.152472, 13.594415, 0.0 ], [ -89.152496, 13.594456, 0.0 ], [ -89.152502, 13.594473, 0.0 ], [ -89.152511, 13.594496, 0.0 ], [ -89.152516, 13.594533, 0.0 ], [ -89.152521, 13.594586, 0.0 ], [ -89.152534, 13.594611, 0.0 ], [ -89.152553, 13.594639, 0.0 ], [ -89.152578, 13.594661, 0.0 ], [ -89.152599, 13.594679, 0.0 ], [ -89.152623, 13.594703, 0.0 ], [ -89.152629, 13.594711, 0.0 ], [ -89.152645, 13.594734, 0.0 ], [ -89.152662, 13.594767, 0.0 ], [ -89.152664, 13.594772, 0.0 ], [ -89.152686, 13.594823, 0.0 ], [ -89.152691, 13.594835, 0.0 ], [ -89.15271, 13.594893, 0.0 ], [ -89.152717, 13.594913, 0.0 ], [ -89.152725, 13.594932, 0.0 ], [ -89.152755, 13.594982, 0.0 ], [ -89.152793, 13.595025, 0.0 ], [ -89.152842, 13.595068, 0.0 ], [ -89.152868, 13.59509, 0.0 ], [ -89.152904, 13.595119, 0.0 ], [ -89.152945, 13.595161, 0.0 ], [ -89.152971, 13.595195, 0.0 ], [ -89.152973, 13.595198, 0.0 ], [ -89.152987, 13.595225, 0.0 ], [ -89.152992, 13.595241, 0.0 ], [ -89.152999, 13.595262, 0.0 ], [ -89.153002, 13.595296, 0.0 ], [ -89.153003, 13.595305, 0.0 ], [ -89.153004, 13.595346, 0.0 ], [ -89.153002, 13.595392, 0.0 ], [ -89.153, 13.595436, 0.0 ], [ -89.152996, 13.595473, 0.0 ], [ -89.153001, 13.595506, 0.0 ], [ -89.153009, 13.595536, 0.0 ], [ -89.153024, 13.595566, 0.0 ], [ -89.153035, 13.595585, 0.0 ], [ -89.153045, 13.595601, 0.0 ], [ -89.153076, 13.595638, 0.0 ], [ -89.153078, 13.59564, 0.0 ], [ -89.15312, 13.595674, 0.0 ], [ -89.153196, 13.595712, 0.0 ], [ -89.153225, 13.59572, 0.0 ], [ -89.153239, 13.595724, 0.0 ], [ -89.153272, 13.595728, 0.0 ], [ -89.153316, 13.59573, 0.0 ], [ -89.153363, 13.595732, 0.0 ], [ -89.153486, 13.595734, 0.0 ], [ -89.153504, 13.595735, 0.0 ], [ -89.153716, 13.595761, 0.0 ], [ -89.154186, 13.595896, 0.0 ], [ -89.154379, 13.596255, 0.0 ], [ -89.154402, 13.596297, 0.0 ], [ -89.15443, 13.596335, 0.0 ], [ -89.154468, 13.596364, 0.0 ], [ -89.154529, 13.596405, 0.0 ], [ -89.154627, 13.596471, 0.0 ], [ -89.154629, 13.596473, 0.0 ], [ -89.154922, 13.596749, 0.0 ], [ -89.155028, 13.596841, 0.0 ], [ -89.155154, 13.596949, 0.0 ], [ -89.155177, 13.596972, 0.0 ], [ -89.155193, 13.596999, 0.0 ], [ -89.155248, 13.597106, 0.0 ], [ -89.155313, 13.597232, 0.0 ], [ -89.155435, 13.597464, 0.0 ], [ -89.155473, 13.597535, 0.0 ], [ -89.155501, 13.597587, 0.0 ], [ -89.15552, 13.597619, 0.0 ], [ -89.155549, 13.597662, 0.0 ], [ -89.155584, 13.597702, 0.0 ], [ -89.155624, 13.59775, 0.0 ], [ -89.155667, 13.597791, 0.0 ], [ -89.155672, 13.597795, 0.0 ], [ -89.155708, 13.597825, 0.0 ], [ -89.155752, 13.597859, 0.0 ], [ -89.155771, 13.597874, 0.0 ], [ -89.155807, 13.597898, 0.0 ], [ -89.155815, 13.597903, 0.0 ], [ -89.15584, 13.59792, 0.0 ], [ -89.155842, 13.597922, 0.0 ], [ -89.155857, 13.59794, 0.0 ], [ -89.155867, 13.597966, 0.0 ], [ -89.155875, 13.597994, 0.0 ], [ -89.155882, 13.598023, 0.0 ], [ -89.155897, 13.598068, 0.0 ], [ -89.155925, 13.598136, 0.0 ], [ -89.156, 13.598294, 0.0 ], [ -89.156048, 13.59838, 0.0 ], [ -89.156084, 13.598456, 0.0 ], [ -89.156093, 13.598488, 0.0 ], [ -89.156092, 13.598515, 0.0 ], [ -89.156082, 13.59855, 0.0 ], [ -89.156061, 13.598651, 0.0 ], [ -89.156041, 13.598725, 0.0 ], [ -89.15603, 13.598748, 0.0 ], [ -89.156015, 13.598766, 0.0 ], [ -89.155992, 13.598784, 0.0 ], [ -89.15597, 13.598798, 0.0 ], [ -89.155945, 13.598821, 0.0 ], [ -89.15592, 13.598852, 0.0 ], [ -89.155895, 13.598887, 0.0 ], [ -89.155879, 13.598926, 0.0 ], [ -89.155864, 13.598972, 0.0 ], [ -89.155852, 13.599028, 0.0 ], [ -89.155845, 13.599079, 0.0 ], [ -89.155844, 13.599122, 0.0 ], [ -89.155846, 13.59917, 0.0 ], [ -89.15585, 13.599216, 0.0 ], [ -89.15585, 13.599218, 0.0 ], [ -89.155857, 13.599265, 0.0 ], [ -89.155858, 13.5993, 0.0 ], [ -89.155855, 13.599332, 0.0 ], [ -89.155848, 13.599359, 0.0 ], [ -89.15584, 13.599381, 0.0 ], [ -89.155839, 13.599383, 0.0 ], [ -89.155831, 13.599411, 0.0 ], [ -89.155826, 13.599438, 0.0 ], [ -89.155826, 13.599441, 0.0 ], [ -89.155826, 13.599471, 0.0 ], [ -89.155831, 13.599511, 0.0 ], [ -89.155839, 13.599543, 0.0 ], [ -89.155851, 13.599577, 0.0 ], [ -89.155869, 13.599621, 0.0 ], [ -89.155895, 13.599692, 0.0 ], [ -89.155911, 13.599769, 0.0 ], [ -89.155913, 13.59979, 0.0 ], [ -89.155916, 13.599821, 0.0 ], [ -89.155915, 13.599849, 0.0 ], [ -89.155913, 13.599901, 0.0 ], [ -89.155909, 13.599974, 0.0 ], [ -89.155902, 13.600022, 0.0 ], [ -89.155897, 13.600056, 0.0 ], [ -89.155888, 13.600114, 0.0 ], [ -89.155878, 13.600159, 0.0 ], [ -89.155871, 13.600171, 0.0 ], [ -89.155858, 13.600193, 0.0 ], [ -89.155827, 13.600226, 0.0 ], [ -89.155806, 13.600262, 0.0 ], [ -89.155798, 13.600301, 0.0 ], [ -89.155787, 13.600357, 0.0 ], [ -89.15578, 13.600433, 0.0 ], [ -89.15578, 13.600505, 0.0 ], [ -89.15579, 13.60059, 0.0 ], [ -89.15579, 13.600597, 0.0 ], [ -89.155792, 13.600609, 0.0 ], [ -89.155797, 13.600657, 0.0 ], [ -89.15581, 13.60071, 0.0 ], [ -89.155828, 13.600772, 0.0 ], [ -89.155839, 13.600801, 0.0 ], [ -89.155852, 13.600846, 0.0 ], [ -89.155863, 13.600886, 0.0 ], [ -89.155878, 13.600948, 0.0 ], [ -89.155889, 13.601005, 0.0 ], [ -89.155889, 13.601063, 0.0 ], [ -89.155887, 13.601096, 0.0 ], [ -89.155873, 13.601132, 0.0 ], [ -89.155862, 13.601152, 0.0 ], [ -89.155836, 13.601196, 0.0 ], [ -89.155781, 13.601274, 0.0 ], [ -89.155747, 13.601332, 0.0 ], [ -89.15571, 13.601406, 0.0 ], [ -89.155695, 13.601449, 0.0 ], [ -89.155684, 13.601488, 0.0 ], [ -89.155676, 13.601518, 0.0 ], [ -89.155663, 13.601546, 0.0 ], [ -89.15565, 13.601573, 0.0 ], [ -89.155645, 13.601602, 0.0 ], [ -89.155647, 13.601636, 0.0 ], [ -89.155654, 13.601666, 0.0 ], [ -89.155664, 13.601686, 0.0 ], [ -89.155669, 13.601696, 0.0 ], [ -89.155687, 13.601732, 0.0 ], [ -89.155695, 13.601765, 0.0 ], [ -89.155696, 13.601793, 0.0 ], [ -89.155696, 13.601794, 0.0 ], [ -89.155691, 13.601835, 0.0 ], [ -89.15568, 13.601871, 0.0 ], [ -89.155665, 13.60191, 0.0 ], [ -89.155643, 13.601953, 0.0 ], [ -89.155623, 13.601985, 0.0 ], [ -89.155599, 13.602024, 0.0 ], [ -89.155584, 13.602046, 0.0 ], [ -89.155556, 13.602081, 0.0 ], [ -89.155532, 13.602115, 0.0 ], [ -89.155521, 13.602137, 0.0 ], [ -89.15551, 13.602176, 0.0 ], [ -89.155508, 13.602191, 0.0 ], [ -89.155505, 13.602213, 0.0 ], [ -89.155507, 13.602246, 0.0 ], [ -89.155516, 13.602279, 0.0 ], [ -89.155524, 13.602306, 0.0 ], [ -89.155533, 13.602325, 0.0 ], [ -89.155536, 13.602332, 0.0 ], [ -89.155556, 13.602357, 0.0 ], [ -89.155593, 13.602379, 0.0 ], [ -89.155623, 13.602389, 0.0 ], [ -89.155629, 13.602391, 0.0 ], [ -89.155659, 13.602399, 0.0 ], [ -89.155691, 13.602416, 0.0 ], [ -89.155724, 13.60244, 0.0 ], [ -89.15575, 13.602459, 0.0 ], [ -89.155759, 13.602465, 0.0 ], [ -89.155783, 13.602482, 0.0 ], [ -89.155804, 13.602493, 0.0 ], [ -89.155832, 13.602501, 0.0 ], [ -89.155842, 13.602504, 0.0 ], [ -89.155883, 13.602518, 0.0 ], [ -89.155922, 13.602535, 0.0 ], [ -89.155957, 13.602556, 0.0 ], [ -89.156029, 13.602609, 0.0 ], [ -89.156069, 13.602644, 0.0 ], [ -89.156094, 13.602668, 0.0 ], [ -89.15611, 13.602691, 0.0 ], [ -89.156126, 13.602718, 0.0 ], [ -89.156127, 13.60272, 0.0 ], [ -89.156128, 13.602725, 0.0 ], [ -89.156136, 13.602751, 0.0 ], [ -89.156139, 13.602789, 0.0 ], [ -89.156139, 13.602809, 0.0 ], [ -89.156139, 13.60283, 0.0 ], [ -89.156136, 13.602878, 0.0 ], [ -89.156126, 13.60293, 0.0 ], [ -89.156102, 13.603054, 0.0 ], [ -89.156084, 13.603122, 0.0 ], [ -89.156071, 13.603157, 0.0 ], [ -89.156065, 13.603169, 0.0 ], [ -89.15606, 13.60318, 0.0 ], [ -89.156041, 13.603202, 0.0 ], [ -89.156025, 13.603216, 0.0 ], [ -89.156021, 13.603219, 0.0 ], [ -89.156, 13.603237, 0.0 ], [ -89.155977, 13.603262, 0.0 ], [ -89.155955, 13.603288, 0.0 ], [ -89.155924, 13.603334, 0.0 ], [ -89.155878, 13.603421, 0.0 ], [ -89.15585, 13.603487, 0.0 ], [ -89.155839, 13.60352, 0.0 ], [ -89.155835, 13.603533, 0.0 ], [ -89.155832, 13.603556, 0.0 ], [ -89.155833, 13.603579, 0.0 ], [ -89.155836, 13.603608, 0.0 ], [ -89.155843, 13.603637, 0.0 ], [ -89.155854, 13.603661, 0.0 ], [ -89.155866, 13.603678, 0.0 ], [ -89.155888, 13.603703, 0.0 ], [ -89.155941, 13.603755, 0.0 ], [ -89.156032, 13.603845, 0.0 ], [ -89.156098, 13.603922, 0.0 ], [ -89.156127, 13.603961, 0.0 ], [ -89.156171, 13.604036, 0.0 ], [ -89.15621, 13.604111, 0.0 ], [ -89.156232, 13.604156, 0.0 ], [ -89.156247, 13.604197, 0.0 ], [ -89.15626, 13.604239, 0.0 ], [ -89.15626, 13.604241, 0.0 ], [ -89.156271, 13.604271, 0.0 ], [ -89.156274, 13.604277, 0.0 ], [ -89.156287, 13.604302, 0.0 ], [ -89.156308, 13.604348, 0.0 ], [ -89.156326, 13.604396, 0.0 ], [ -89.156335, 13.604434, 0.0 ], [ -89.156341, 13.604459, 0.0 ], [ -89.156341, 13.604481, 0.0 ], [ -89.156341, 13.604487, 0.0 ], [ -89.156338, 13.604514, 0.0 ], [ -89.156337, 13.60452, 0.0 ], [ -89.156334, 13.604549, 0.0 ], [ -89.156328, 13.604585, 0.0 ], [ -89.156328, 13.604619, 0.0 ], [ -89.156329, 13.604639, 0.0 ], [ -89.156329, 13.604648, 0.0 ], [ -89.156336, 13.604694, 0.0 ], [ -89.156341, 13.60471, 0.0 ], [ -89.156348, 13.604735, 0.0 ], [ -89.156365, 13.604789, 0.0 ], [ -89.156408, 13.604945, 0.0 ], [ -89.156416, 13.604988, 0.0 ], [ -89.156424, 13.60503, 0.0 ], [ -89.156429, 13.605065, 0.0 ], [ -89.15643, 13.605098, 0.0 ], [ -89.156425, 13.605127, 0.0 ], [ -89.156419, 13.605161, 0.0 ], [ -89.156409, 13.605192, 0.0 ], [ -89.156399, 13.605228, 0.0 ], [ -89.156386, 13.605275, 0.0 ], [ -89.156375, 13.605307, 0.0 ], [ -89.15637, 13.605323, 0.0 ], [ -89.15636, 13.605363, 0.0 ], [ -89.156351, 13.605419, 0.0 ], [ -89.156346, 13.605479, 0.0 ], [ -89.156344, 13.605553, 0.0 ], [ -89.156341, 13.605615, 0.0 ], [ -89.15634, 13.605629, 0.0 ], [ -89.156337, 13.605676, 0.0 ], [ -89.156325, 13.605745, 0.0 ], [ -89.156308, 13.605823, 0.0 ], [ -89.156307, 13.605825, 0.0 ], [ -89.156298, 13.605861, 0.0 ], [ -89.15629, 13.605879, 0.0 ], [ -89.15628, 13.605903, 0.0 ], [ -89.156271, 13.605923, 0.0 ], [ -89.156267, 13.605947, 0.0 ], [ -89.156267, 13.60597, 0.0 ], [ -89.156268, 13.605989, 0.0 ], [ -89.156273, 13.606013, 0.0 ], [ -89.156278, 13.606035, 0.0 ], [ -89.156283, 13.606059, 0.0 ], [ -89.156301, 13.606134, 0.0 ], [ -89.156316, 13.606192, 0.0 ], [ -89.156321, 13.606223, 0.0 ], [ -89.156322, 13.60625, 0.0 ], [ -89.156323, 13.606255, 0.0 ], [ -89.156328, 13.606284, 0.0 ], [ -89.156333, 13.606308, 0.0 ], [ -89.156345, 13.60633, 0.0 ], [ -89.156358, 13.606349, 0.0 ], [ -89.156364, 13.606365, 0.0 ], [ -89.156371, 13.60639, 0.0 ], [ -89.156373, 13.606413, 0.0 ], [ -89.156367, 13.60644, 0.0 ], [ -89.15636, 13.60646, 0.0 ], [ -89.156348, 13.606482, 0.0 ], [ -89.156327, 13.606515, 0.0 ], [ -89.156314, 13.606537, 0.0 ], [ -89.156308, 13.606552, 0.0 ], [ -89.156305, 13.60656, 0.0 ], [ -89.156306, 13.606575, 0.0 ], [ -89.156306, 13.606579, 0.0 ], [ -89.156307, 13.606583, 0.0 ], [ -89.156311, 13.606595, 0.0 ], [ -89.156314, 13.606601, 0.0 ], [ -89.156334, 13.606619, 0.0 ], [ -89.156341, 13.606624, 0.0 ], [ -89.156356, 13.606634, 0.0 ], [ -89.156381, 13.606645, 0.0 ], [ -89.156423, 13.60666, 0.0 ], [ -89.156454, 13.606679, 0.0 ], [ -89.156478, 13.606702, 0.0 ], [ -89.156494, 13.606725, 0.0 ], [ -89.156511, 13.606763, 0.0 ], [ -89.156518, 13.606781, 0.0 ], [ -89.156528, 13.606802, 0.0 ], [ -89.15654, 13.606824, 0.0 ], [ -89.15655, 13.606843, 0.0 ], [ -89.156562, 13.606862, 0.0 ], [ -89.156575, 13.606883, 0.0 ], [ -89.156584, 13.606909, 0.0 ], [ -89.156588, 13.606928, 0.0 ], [ -89.156588, 13.606929, 0.0 ], [ -89.156591, 13.606948, 0.0 ], [ -89.156592, 13.606969, 0.0 ], [ -89.156597, 13.606988, 0.0 ], [ -89.156603, 13.607004, 0.0 ], [ -89.156604, 13.607006, 0.0 ], [ -89.156615, 13.607025, 0.0 ], [ -89.156625, 13.607041, 0.0 ], [ -89.156638, 13.607056, 0.0 ], [ -89.15665, 13.607068, 0.0 ], [ -89.156663, 13.60708, 0.0 ], [ -89.156665, 13.607082, 0.0 ], [ -89.156681, 13.607098, 0.0 ], [ -89.156689, 13.607108, 0.0 ], [ -89.156702, 13.607124, 0.0 ], [ -89.156721, 13.607151, 0.0 ], [ -89.15674, 13.60718, 0.0 ], [ -89.156756, 13.607216, 0.0 ], [ -89.156772, 13.607257, 0.0 ], [ -89.156784, 13.60729, 0.0 ], [ -89.156799, 13.607339, 0.0 ], [ -89.156809, 13.607372, 0.0 ], [ -89.156812, 13.607381, 0.0 ], [ -89.156832, 13.607426, 0.0 ], [ -89.156844, 13.607454, 0.0 ], [ -89.15686, 13.607481, 0.0 ], [ -89.156875, 13.607505, 0.0 ], [ -89.156887, 13.607529, 0.0 ], [ -89.156898, 13.607562, 0.0 ], [ -89.156901, 13.607577, 0.0 ], [ -89.156906, 13.6076, 0.0 ], [ -89.156924, 13.607679, 0.0 ], [ -89.156933, 13.607719, 0.0 ], [ -89.156934, 13.607725, 0.0 ], [ -89.156949, 13.607791, 0.0 ], [ -89.156952, 13.607801, 0.0 ], [ -89.156962, 13.607841, 0.0 ], [ -89.156965, 13.607876, 0.0 ], [ -89.156962, 13.607911, 0.0 ], [ -89.156958, 13.607937, 0.0 ], [ -89.156947, 13.607965, 0.0 ], [ -89.156943, 13.607977, 0.0 ], [ -89.156934, 13.607999, 0.0 ], [ -89.156919, 13.608041, 0.0 ], [ -89.156914, 13.608074, 0.0 ], [ -89.156913, 13.608095, 0.0 ], [ -89.156913, 13.608108, 0.0 ], [ -89.156914, 13.608145, 0.0 ], [ -89.156917, 13.608177, 0.0 ], [ -89.156917, 13.608181, 0.0 ], [ -89.156923, 13.608215, 0.0 ], [ -89.156935, 13.608258, 0.0 ], [ -89.15694, 13.608278, 0.0 ], [ -89.156946, 13.608301, 0.0 ], [ -89.156962, 13.608335, 0.0 ], [ -89.156981, 13.60837, 0.0 ], [ -89.157006, 13.608413, 0.0 ], [ -89.157038, 13.608471, 0.0 ], [ -89.15707, 13.608533, 0.0 ], [ -89.157099, 13.60859, 0.0 ], [ -89.157131, 13.608641, 0.0 ], [ -89.157132, 13.608642, 0.0 ], [ -89.157149, 13.608663, 0.0 ], [ -89.157167, 13.608684, 0.0 ], [ -89.157208, 13.608718, 0.0 ], [ -89.157257, 13.608754, 0.0 ], [ -89.157262, 13.608757, 0.0 ], [ -89.157303, 13.608786, 0.0 ], [ -89.157363, 13.608828, 0.0 ], [ -89.15739, 13.608846, 0.0 ], [ -89.157406, 13.608856, 0.0 ], [ -89.157433, 13.608863, 0.0 ], [ -89.157474, 13.608862, 0.0 ], [ -89.157506, 13.608857, 0.0 ], [ -89.157515, 13.608856, 0.0 ], [ -89.157548, 13.608843, 0.0 ], [ -89.157562, 13.608833, 0.0 ], [ -89.157568, 13.608829, 0.0 ], [ -89.157583, 13.608813, 0.0 ], [ -89.1576, 13.60879, 0.0 ], [ -89.157636, 13.608766, 0.0 ], [ -89.157664, 13.608756, 0.0 ], [ -89.157693, 13.608758, 0.0 ], [ -89.157711, 13.60877, 0.0 ], [ -89.157721, 13.608797, 0.0 ], [ -89.157719, 13.608822, 0.0 ], [ -89.157717, 13.608838, 0.0 ], [ -89.157708, 13.608855, 0.0 ], [ -89.157704, 13.608869, 0.0 ], [ -89.157704, 13.608871, 0.0 ], [ -89.157705, 13.608882, 0.0 ], [ -89.157709, 13.608891, 0.0 ], [ -89.157713, 13.608902, 0.0 ], [ -89.157714, 13.608912, 0.0 ], [ -89.157713, 13.608927, 0.0 ], [ -89.157715, 13.608945, 0.0 ], [ -89.157719, 13.608961, 0.0 ], [ -89.157736, 13.608987, 0.0 ], [ -89.159911, 13.613927, 0.0 ], [ -89.16309, 13.621149, 0.0 ], [ -89.163591, 13.622734, 0.0 ], [ -89.166988, 13.633489, 0.0 ], [ -89.167008, 13.633561, 0.0 ], [ -89.168278, 13.638094, 0.0 ], [ -89.168426, 13.63862, 0.0 ], [ -89.169908, 13.643909, 0.0 ], [ -89.18353, 13.642511, 0.0 ], [ -89.183905, 13.64282, 0.0 ] ] ] ] } },
{ "type": "Feature", "properties": { "id": null, "Name": "", "description": "descripción: Descripción: <br>NOMBRE: ROSARIO DE MORA<br>PPTO: 2290455.740<br>HABITANTES: 11337<br>AT: 392<br>MUNICIPIO: SAN SALVADOR SUR<br>Descripción: <br>NOMBRE: ROSARIO DE MORA<br>PPTO: 2290455.740<br>HABITANTES: 11337<br>AT: 392<br>MUNICIPIO: SAN SALVADOR SUR", "timestamp": null, "begin": null, "end": null, "altitudeMode": null, "tessellate": -1, "extrude": 0, "visibility": -1, "drawOrder": null, "icon": null, "descripci__n": "", "NOMBRE": "ROSARIO DE MORA", "PPTO": "2290455.740", "HABITANTES": "11337", "AT": "392", "MUNICIPIO": "SAN SALVADOR SUR" }, "geometry": { "type": "MultiPolygon", "coordinates": [ [ [ [ -89.221507, 13.587901, 0.0 ], [ -89.221568, 13.587981, 0.0 ], [ -89.221714, 13.588035, 0.0 ], [ -89.221874, 13.588098, 0.0 ], [ -89.222004, 13.588158, 0.0 ], [ -89.222119, 13.588212, 0.0 ], [ -89.222223, 13.588216, 0.0 ], [ -89.22223, 13.588216, 0.0 ], [ -89.222567, 13.588199, 0.0 ], [ -89.222819, 13.588167, 0.0 ], [ -89.223032, 13.588136, 0.0 ], [ -89.223049, 13.588134, 0.0 ], [ -89.22318, 13.588101, 0.0 ], [ -89.223339, 13.588052, 0.0 ], [ -89.223379, 13.58804, 0.0 ], [ -89.223469, 13.588011, 0.0 ], [ -89.223678, 13.587971, 0.0 ], [ -89.223692, 13.587968, 0.0 ], [ -89.223916, 13.587911, 0.0 ], [ -89.224076, 13.587859, 0.0 ], [ -89.224144, 13.587836, 0.0 ], [ -89.224207, 13.587839, 0.0 ], [ -89.224303, 13.58788, 0.0 ], [ -89.224423, 13.587967, 0.0 ], [ -89.224495, 13.587988, 0.0 ], [ -89.224576, 13.588, 0.0 ], [ -89.224645, 13.588012, 0.0 ], [ -89.224713, 13.587998, 0.0 ], [ -89.225067, 13.587894, 0.0 ], [ -89.225167, 13.587879, 0.0 ], [ -89.225291, 13.587859, 0.0 ], [ -89.22539, 13.587844, 0.0 ], [ -89.225679, 13.587787, 0.0 ], [ -89.225752, 13.587772, 0.0 ], [ -89.225778, 13.587751, 0.0 ], [ -89.225891, 13.587663, 0.0 ], [ -89.225903, 13.587653, 0.0 ], [ -89.226062, 13.587502, 0.0 ], [ -89.226116, 13.587411, 0.0 ], [ -89.226159, 13.58734, 0.0 ], [ -89.226203, 13.587243, 0.0 ], [ -89.226389, 13.586834, 0.0 ], [ -89.2264, 13.586825, 0.0 ], [ -89.226555, 13.586667, 0.0 ], [ -89.226584, 13.586481, 0.0 ], [ -89.226585, 13.586475, 0.0 ], [ -89.226615, 13.586481, 0.0 ], [ -89.226681, 13.586492, 0.0 ], [ -89.226786, 13.586524, 0.0 ], [ -89.226821, 13.586355, 0.0 ], [ -89.226822, 13.586348, 0.0 ], [ -89.227004, 13.586374, 0.0 ], [ -89.227114, 13.586264, 0.0 ], [ -89.227136, 13.586263, 0.0 ], [ -89.227305, 13.586262, 0.0 ], [ -89.227424, 13.586082, 0.0 ], [ -89.227636, 13.586112, 0.0 ], [ -89.227742, 13.585932, 0.0 ], [ -89.227966, 13.585973, 0.0 ], [ -89.228047, 13.585843, 0.0 ], [ -89.228185, 13.585887, 0.0 ], [ -89.228234, 13.585747, 0.0 ], [ -89.22831, 13.585923, 0.0 ], [ -89.228503, 13.58595, 0.0 ], [ -89.228638, 13.585969, 0.0 ], [ -89.228552, 13.585761, 0.0 ], [ -89.228495, 13.585646, 0.0 ], [ -89.228486, 13.585626, 0.0 ], [ -89.228471, 13.585596, 0.0 ], [ -89.228438, 13.585534, 0.0 ], [ -89.228391, 13.585456, 0.0 ], [ -89.228325, 13.585368, 0.0 ], [ -89.228235, 13.585264, 0.0 ], [ -89.228125, 13.585163, 0.0 ], [ -89.227992, 13.585062, 0.0 ], [ -89.227934, 13.58502, 0.0 ], [ -89.227877, 13.584978, 0.0 ], [ -89.227777, 13.584901, 0.0 ], [ -89.227737, 13.584871, 0.0 ], [ -89.227675, 13.584823, 0.0 ], [ -89.227597, 13.584767, 0.0 ], [ -89.227536, 13.584722, 0.0 ], [ -89.227493, 13.5847, 0.0 ], [ -89.227451, 13.584679, 0.0 ], [ -89.227409, 13.58467, 0.0 ], [ -89.227369, 13.584665, 0.0 ], [ -89.227332, 13.584663, 0.0 ], [ -89.227321, 13.584663, 0.0 ], [ -89.227278, 13.584656, 0.0 ], [ -89.227219, 13.584636, 0.0 ], [ -89.227157, 13.584599, 0.0 ], [ -89.227127, 13.584577, 0.0 ], [ -89.227096, 13.584555, 0.0 ], [ -89.227036, 13.584505, 0.0 ], [ -89.226971, 13.584445, 0.0 ], [ -89.226902, 13.584366, 0.0 ], [ -89.226842, 13.58429, 0.0 ], [ -89.2268, 13.584224, 0.0 ], [ -89.22677, 13.584164, 0.0 ], [ -89.226768, 13.58416, 0.0 ], [ -89.226751, 13.584103, 0.0 ], [ -89.226734, 13.584038, 0.0 ], [ -89.226716, 13.583942, 0.0 ], [ -89.226708, 13.583902, 0.0 ], [ -89.226641, 13.583517, 0.0 ], [ -89.22659, 13.583321, 0.0 ], [ -89.226556, 13.583179, 0.0 ], [ -89.226525, 13.583106, 0.0 ], [ -89.226495, 13.583048, 0.0 ], [ -89.226454, 13.582995, 0.0 ], [ -89.226414, 13.582944, 0.0 ], [ -89.226371, 13.582899, 0.0 ], [ -89.226296, 13.582841, 0.0 ], [ -89.226202, 13.58279, 0.0 ], [ -89.226103, 13.582746, 0.0 ], [ -89.225965, 13.582697, 0.0 ], [ -89.225878, 13.582667, 0.0 ], [ -89.225775, 13.58263, 0.0 ], [ -89.225695, 13.582604, 0.0 ], [ -89.225636, 13.582585, 0.0 ], [ -89.225464, 13.582523, 0.0 ], [ -89.225229, 13.582437, 0.0 ], [ -89.225017, 13.582347, 0.0 ], [ -89.224859, 13.582272, 0.0 ], [ -89.224742, 13.582216, 0.0 ], [ -89.224741, 13.582215, 0.0 ], [ -89.22466, 13.582171, 0.0 ], [ -89.224581, 13.582128, 0.0 ], [ -89.224453, 13.582068, 0.0 ], [ -89.224269, 13.582003, 0.0 ], [ -89.224102, 13.581935, 0.0 ], [ -89.224033, 13.581905, 0.0 ], [ -89.223933, 13.581854, 0.0 ], [ -89.223867, 13.581812, 0.0 ], [ -89.223793, 13.581754, 0.0 ], [ -89.223714, 13.581682, 0.0 ], [ -89.223707, 13.581675, 0.0 ], [ -89.223659, 13.581622, 0.0 ], [ -89.223629, 13.581577, 0.0 ], [ -89.223606, 13.581541, 0.0 ], [ -89.223573, 13.581477, 0.0 ], [ -89.223545, 13.581399, 0.0 ], [ -89.223517, 13.581304, 0.0 ], [ -89.223489, 13.581236, 0.0 ], [ -89.223449, 13.581163, 0.0 ], [ -89.223397, 13.581097, 0.0 ], [ -89.223349, 13.581051, 0.0 ], [ -89.223254, 13.58098, 0.0 ], [ -89.223185, 13.580941, 0.0 ], [ -89.223164, 13.580932, 0.0 ], [ -89.223091, 13.580899, 0.0 ], [ -89.223038, 13.580885, 0.0 ], [ -89.223014, 13.580885, 0.0 ], [ -89.222982, 13.580884, 0.0 ], [ -89.22291, 13.580902, 0.0 ], [ -89.222774, 13.580945, 0.0 ], [ -89.222691, 13.580977, 0.0 ], [ -89.222628, 13.581004, 0.0 ], [ -89.222572, 13.581032, 0.0 ], [ -89.222557, 13.581039, 0.0 ], [ -89.2225, 13.581055, 0.0 ], [ -89.222432, 13.581063, 0.0 ], [ -89.222421, 13.581062, 0.0 ], [ -89.222403, 13.581061, 0.0 ], [ -89.222375, 13.58106, 0.0 ], [ -89.222327, 13.581053, 0.0 ], [ -89.222272, 13.581037, 0.0 ], [ -89.222238, 13.581019, 0.0 ], [ -89.222206, 13.580999, 0.0 ], [ -89.22217, 13.580969, 0.0 ], [ -89.22213, 13.580929, 0.0 ], [ -89.22208, 13.580871, 0.0 ], [ -89.222014, 13.580785, 0.0 ], [ -89.221959, 13.580707, 0.0 ], [ -89.221912, 13.580598, 0.0 ], [ -89.221881, 13.580501, 0.0 ], [ -89.221874, 13.580433, 0.0 ], [ -89.22188, 13.580362, 0.0 ], [ -89.221893, 13.580263, 0.0 ], [ -89.221902, 13.580169, 0.0 ], [ -89.221905, 13.580066, 0.0 ], [ -89.221902, 13.579953, 0.0 ], [ -89.221889, 13.57982, 0.0 ], [ -89.221874, 13.579737, 0.0 ], [ -89.221847, 13.579654, 0.0 ], [ -89.221826, 13.579598, 0.0 ], [ -89.221765, 13.57947, 0.0 ], [ -89.221673, 13.579326, 0.0 ], [ -89.221606, 13.579218, 0.0 ], [ -89.221524, 13.579085, 0.0 ], [ -89.221412, 13.578877, 0.0 ], [ -89.221393, 13.578842, 0.0 ], [ -89.221354, 13.578776, 0.0 ], [ -89.221322, 13.57872, 0.0 ], [ -89.221243, 13.578561, 0.0 ], [ -89.22113, 13.578318, 0.0 ], [ -89.221083, 13.578176, 0.0 ], [ -89.221065, 13.57812, 0.0 ], [ -89.221012, 13.577993, 0.0 ], [ -89.220978, 13.577923, 0.0 ], [ -89.220953, 13.577891, 0.0 ], [ -89.22092, 13.577862, 0.0 ], [ -89.220907, 13.57785, 0.0 ], [ -89.220858, 13.577812, 0.0 ], [ -89.220849, 13.577808, 0.0 ], [ -89.2208, 13.577782, 0.0 ], [ -89.2207, 13.577748, 0.0 ], [ -89.220617, 13.57773, 0.0 ], [ -89.220529, 13.577718, 0.0 ], [ -89.220396, 13.57771, 0.0 ], [ -89.220212, 13.577709, 0.0 ], [ -89.220107, 13.577706, 0.0 ], [ -89.220032, 13.577706, 0.0 ], [ -89.220008, 13.577706, 0.0 ], [ -89.219953, 13.577706, 0.0 ], [ -89.219879, 13.5777, 0.0 ], [ -89.219809, 13.577688, 0.0 ], [ -89.219758, 13.577673, 0.0 ], [ -89.219701, 13.577644, 0.0 ], [ -89.219687, 13.577634, 0.0 ], [ -89.219669, 13.57762, 0.0 ], [ -89.219632, 13.577588, 0.0 ], [ -89.219602, 13.577552, 0.0 ], [ -89.219568, 13.577513, 0.0 ], [ -89.219563, 13.577505, 0.0 ], [ -89.219544, 13.577477, 0.0 ], [ -89.219522, 13.577438, 0.0 ], [ -89.2195, 13.577385, 0.0 ], [ -89.219485, 13.577321, 0.0 ], [ -89.219478, 13.57728, 0.0 ], [ -89.219475, 13.577261, 0.0 ], [ -89.219472, 13.57719, 0.0 ], [ -89.219475, 13.577108, 0.0 ], [ -89.219479, 13.57706, 0.0 ], [ -89.219483, 13.577006, 0.0 ], [ -89.219497, 13.57693, 0.0 ], [ -89.21954, 13.576761, 0.0 ], [ -89.219603, 13.576562, 0.0 ], [ -89.219683, 13.576385, 0.0 ], [ -89.219785, 13.576193, 0.0 ], [ -89.219933, 13.575939, 0.0 ], [ -89.220004, 13.575832, 0.0 ], [ -89.220088, 13.575729, 0.0 ], [ -89.220215, 13.575613, 0.0 ], [ -89.220397, 13.575464, 0.0 ], [ -89.220506, 13.575362, 0.0 ], [ -89.220581, 13.575266, 0.0 ], [ -89.220584, 13.575262, 0.0 ], [ -89.220633, 13.575161, 0.0 ], [ -89.220634, 13.575158, 0.0 ], [ -89.220699, 13.574991, 0.0 ], [ -89.220761, 13.574825, 0.0 ], [ -89.220778, 13.574788, 0.0 ], [ -89.220836, 13.574667, 0.0 ], [ -89.220853, 13.57463, 0.0 ], [ -89.220892, 13.574544, 0.0 ], [ -89.220952, 13.574372, 0.0 ], [ -89.220989, 13.574262, 0.0 ], [ -89.221007, 13.574123, 0.0 ], [ -89.221016, 13.574014, 0.0 ], [ -89.221015, 13.573966, 0.0 ], [ -89.221013, 13.5738, 0.0 ], [ -89.220993, 13.573562, 0.0 ], [ -89.220963, 13.573373, 0.0 ], [ -89.220955, 13.573321, 0.0 ], [ -89.220916, 13.573103, 0.0 ], [ -89.220889, 13.572895, 0.0 ], [ -89.220888, 13.572881, 0.0 ], [ -89.220878, 13.572706, 0.0 ], [ -89.220876, 13.572673, 0.0 ], [ -89.220876, 13.572584, 0.0 ], [ -89.220877, 13.57243, 0.0 ], [ -89.220893, 13.572318, 0.0 ], [ -89.220928, 13.572211, 0.0 ], [ -89.220997, 13.572058, 0.0 ], [ -89.221121, 13.571835, 0.0 ], [ -89.221218, 13.571628, 0.0 ], [ -89.221265, 13.571528, 0.0 ], [ -89.221301, 13.571434, 0.0 ], [ -89.221319, 13.571351, 0.0 ], [ -89.221335, 13.571244, 0.0 ], [ -89.221341, 13.571099, 0.0 ], [ -89.221331, 13.570921, 0.0 ], [ -89.221311, 13.570685, 0.0 ], [ -89.221275, 13.570454, 0.0 ], [ -89.221229, 13.57027, 0.0 ], [ -89.221153, 13.569983, 0.0 ], [ -89.221117, 13.569877, 0.0 ], [ -89.221113, 13.569806, 0.0 ], [ -89.22112, 13.569725, 0.0 ], [ -89.221143, 13.569628, 0.0 ], [ -89.221179, 13.569527, 0.0 ], [ -89.221222, 13.569439, 0.0 ], [ -89.22127, 13.569355, 0.0 ], [ -89.22132, 13.56927, 0.0 ], [ -89.221394, 13.56917, 0.0 ], [ -89.22149, 13.569052, 0.0 ], [ -89.221587, 13.568892, 0.0 ], [ -89.221629, 13.568791, 0.0 ], [ -89.221663, 13.5687, 0.0 ], [ -89.221678, 13.568605, 0.0 ], [ -89.221686, 13.568527, 0.0 ], [ -89.221679, 13.568444, 0.0 ], [ -89.221665, 13.568362, 0.0 ], [ -89.22163, 13.568282, 0.0 ], [ -89.221515, 13.568125, 0.0 ], [ -89.22131, 13.567866, 0.0 ], [ -89.221084, 13.567592, 0.0 ], [ -89.220993, 13.567476, 0.0 ], [ -89.220951, 13.567411, 0.0 ], [ -89.220914, 13.567337, 0.0 ], [ -89.220892, 13.56726, 0.0 ], [ -89.220875, 13.567186, 0.0 ], [ -89.220874, 13.567097, 0.0 ], [ -89.220875, 13.56699, 0.0 ], [ -89.220898, 13.566859, 0.0 ], [ -89.220924, 13.566721, 0.0 ], [ -89.220975, 13.566541, 0.0 ], [ -89.221035, 13.566365, 0.0 ], [ -89.221125, 13.566179, 0.0 ], [ -89.221192, 13.566047, 0.0 ], [ -89.221257, 13.565955, 0.0 ], [ -89.22133, 13.565861, 0.0 ], [ -89.22141, 13.565747, 0.0 ], [ -89.221474, 13.565653, 0.0 ], [ -89.221513, 13.565588, 0.0 ], [ -89.221531, 13.565526, 0.0 ], [ -89.221538, 13.565473, 0.0 ], [ -89.221536, 13.565405, 0.0 ], [ -89.221536, 13.565387, 0.0 ], [ -89.221536, 13.565353, 0.0 ], [ -89.221536, 13.565351, 0.0 ], [ -89.221531, 13.565292, 0.0 ], [ -89.22154, 13.565218, 0.0 ], [ -89.221559, 13.565166, 0.0 ], [ -89.221593, 13.565114, 0.0 ], [ -89.221627, 13.565062, 0.0 ], [ -89.221651, 13.564993, 0.0 ], [ -89.221662, 13.564925, 0.0 ], [ -89.22167, 13.564845, 0.0 ], [ -89.221671, 13.56475, 0.0 ], [ -89.221654, 13.564556, 0.0 ], [ -89.221626, 13.564325, 0.0 ], [ -89.221612, 13.564121, 0.0 ], [ -89.221601, 13.563919, 0.0 ], [ -89.221582, 13.56381, 0.0 ], [ -89.221561, 13.563706, 0.0 ], [ -89.221499, 13.563523, 0.0 ], [ -89.221432, 13.563339, 0.0 ], [ -89.22137, 13.563188, 0.0 ], [ -89.221296, 13.563063, 0.0 ], [ -89.221217, 13.562945, 0.0 ], [ -89.221167, 13.562871, 0.0 ], [ -89.221158, 13.562859, 0.0 ], [ -89.221094, 13.562791, 0.0 ], [ -89.221058, 13.562729, 0.0 ], [ -89.221057, 13.562728, 0.0 ], [ -89.22103, 13.562652, 0.0 ], [ -89.221021, 13.562583, 0.0 ], [ -89.221029, 13.562518, 0.0 ], [ -89.221052, 13.562447, 0.0 ], [ -89.221082, 13.562408, 0.0 ], [ -89.221138, 13.562367, 0.0 ], [ -89.221158, 13.562348, 0.0 ], [ -89.22117, 13.562337, 0.0 ], [ -89.221214, 13.562272, 0.0 ], [ -89.221238, 13.562204, 0.0 ], [ -89.221254, 13.56213, 0.0 ], [ -89.221252, 13.562028, 0.0 ], [ -89.221239, 13.561933, 0.0 ], [ -89.221221, 13.56179, 0.0 ], [ -89.221202, 13.561677, 0.0 ], [ -89.22121, 13.561577, 0.0 ], [ -89.221227, 13.561495, 0.0 ], [ -89.221237, 13.561446, 0.0 ], [ -89.221281, 13.561341, 0.0 ], [ -89.221348, 13.561234, 0.0 ], [ -89.221427, 13.561139, 0.0 ], [ -89.221492, 13.561075, 0.0 ], [ -89.221592, 13.561006, 0.0 ], [ -89.221709, 13.560941, 0.0 ], [ -89.221794, 13.560877, 0.0 ], [ -89.221864, 13.560821, 0.0 ], [ -89.221896, 13.560775, 0.0 ], [ -89.221905, 13.560762, 0.0 ], [ -89.221965, 13.560667, 0.0 ], [ -89.222019, 13.560531, 0.0 ], [ -89.222058, 13.560445, 0.0 ], [ -89.222079, 13.560339, 0.0 ], [ -89.222088, 13.560246, 0.0 ], [ -89.222093, 13.560157, 0.0 ], [ -89.222096, 13.560113, 0.0 ], [ -89.222101, 13.560061, 0.0 ], [ -89.222129, 13.559957, 0.0 ], [ -89.222133, 13.559944, 0.0 ], [ -89.222157, 13.559823, 0.0 ], [ -89.22217, 13.55969, 0.0 ], [ -89.222166, 13.559592, 0.0 ], [ -89.222151, 13.559471, 0.0 ], [ -89.222122, 13.559371, 0.0 ], [ -89.222077, 13.559246, 0.0 ], [ -89.222053, 13.55916, 0.0 ], [ -89.222043, 13.55908, 0.0 ], [ -89.222045, 13.559017, 0.0 ], [ -89.222046, 13.559004, 0.0 ], [ -89.222061, 13.558929, 0.0 ], [ -89.222099, 13.558868, 0.0 ], [ -89.222135, 13.558835, 0.0 ], [ -89.222203, 13.558787, 0.0 ], [ -89.222306, 13.558727, 0.0 ], [ -89.222318, 13.55872, 0.0 ], [ -89.222484, 13.558644, 0.0 ], [ -89.222503, 13.558637, 0.0 ], [ -89.222592, 13.558604, 0.0 ], [ -89.222727, 13.558561, 0.0 ], [ -89.22288, 13.55852, 0.0 ], [ -89.22291, 13.558513, 0.0 ], [ -89.223072, 13.558478, 0.0 ], [ -89.22332, 13.55842, 0.0 ], [ -89.223545, 13.55837, 0.0 ], [ -89.223618, 13.55834, 0.0 ], [ -89.223706, 13.558288, 0.0 ], [ -89.223714, 13.558281, 0.0 ], [ -89.223794, 13.558216, 0.0 ], [ -89.223811, 13.558202, 0.0 ], [ -89.223855, 13.558157, 0.0 ], [ -89.223894, 13.558107, 0.0 ], [ -89.223932, 13.558042, 0.0 ], [ -89.223965, 13.557974, 0.0 ], [ -89.224005, 13.557844, 0.0 ], [ -89.224059, 13.557655, 0.0 ], [ -89.224186, 13.557264, 0.0 ], [ -89.224293, 13.556894, 0.0 ], [ -89.22436, 13.556698, 0.0 ], [ -89.22446, 13.55646, 0.0 ], [ -89.224564, 13.556193, 0.0 ], [ -89.224581, 13.556133, 0.0 ], [ -89.224627, 13.55598, 0.0 ], [ -89.224651, 13.555839, 0.0 ], [ -89.224654, 13.555767, 0.0 ], [ -89.224657, 13.555658, 0.0 ], [ -89.224652, 13.555489, 0.0 ], [ -89.224643, 13.555195, 0.0 ], [ -89.224647, 13.555061, 0.0 ], [ -89.224658, 13.554707, 0.0 ], [ -89.224699, 13.554405, 0.0 ], [ -89.22475, 13.554255, 0.0 ], [ -89.224824, 13.554125, 0.0 ], [ -89.224875, 13.554066, 0.0 ], [ -89.22495, 13.554003, 0.0 ], [ -89.225074, 13.553915, 0.0 ], [ -89.225239, 13.553808, 0.0 ], [ -89.225426, 13.553675, 0.0 ], [ -89.225578, 13.553541, 0.0 ], [ -89.225642, 13.553467, 0.0 ], [ -89.225726, 13.553369, 0.0 ], [ -89.225782, 13.553285, 0.0 ], [ -89.225787, 13.553264, 0.0 ], [ -89.225803, 13.553208, 0.0 ], [ -89.225794, 13.553149, 0.0 ], [ -89.22576, 13.553079, 0.0 ], [ -89.225728, 13.553019, 0.0 ], [ -89.225706, 13.552977, 0.0 ], [ -89.225594, 13.552714, 0.0 ], [ -89.225553, 13.552549, 0.0 ], [ -89.225511, 13.552284, 0.0 ], [ -89.225507, 13.552239, 0.0 ], [ -89.225493, 13.552063, 0.0 ], [ -89.22551, 13.551664, 0.0 ], [ -89.225525, 13.551438, 0.0 ], [ -89.225528, 13.551309, 0.0 ], [ -89.225561, 13.551167, 0.0 ], [ -89.225582, 13.551105, 0.0 ], [ -89.225599, 13.551057, 0.0 ], [ -89.225648, 13.550977, 0.0 ], [ -89.225727, 13.550901, 0.0 ], [ -89.225867, 13.55077, 0.0 ], [ -89.226003, 13.550649, 0.0 ], [ -89.226023, 13.550628, 0.0 ], [ -89.226071, 13.550576, 0.0 ], [ -89.226109, 13.550524, 0.0 ], [ -89.226146, 13.550456, 0.0 ], [ -89.226225, 13.550268, 0.0 ], [ -89.226332, 13.549986, 0.0 ], [ -89.226348, 13.549943, 0.0 ], [ -89.226358, 13.549922, 0.0 ], [ -89.22647, 13.54968, 0.0 ], [ -89.226506, 13.549625, 0.0 ], [ -89.226525, 13.549594, 0.0 ], [ -89.226584, 13.549535, 0.0 ], [ -89.22663, 13.549501, 0.0 ], [ -89.226715, 13.549451, 0.0 ], [ -89.226831, 13.549376, 0.0 ], [ -89.226846, 13.549366, 0.0 ], [ -89.227179, 13.549127, 0.0 ], [ -89.227283, 13.549042, 0.0 ], [ -89.227417, 13.548934, 0.0 ], [ -89.227534, 13.548831, 0.0 ], [ -89.227543, 13.548823, 0.0 ], [ -89.227622, 13.548737, 0.0 ], [ -89.227696, 13.54863, 0.0 ], [ -89.227804, 13.548432, 0.0 ], [ -89.227852, 13.54833, 0.0 ], [ -89.227922, 13.548182, 0.0 ], [ -89.227928, 13.548171, 0.0 ], [ -89.227998, 13.548021, 0.0 ], [ -89.228064, 13.547852, 0.0 ], [ -89.228078, 13.547807, 0.0 ], [ -89.228107, 13.547713, 0.0 ], [ -89.228156, 13.547531, 0.0 ], [ -89.22816, 13.547516, 0.0 ], [ -89.228215, 13.547296, 0.0 ], [ -89.228285, 13.547006, 0.0 ], [ -89.228321, 13.546912, 0.0 ], [ -89.228347, 13.546844, 0.0 ], [ -89.228419, 13.546697, 0.0 ], [ -89.228462, 13.546599, 0.0 ], [ -89.228466, 13.546592, 0.0 ], [ -89.228538, 13.546441, 0.0 ], [ -89.228621, 13.546309, 0.0 ], [ -89.228689, 13.546214, 0.0 ], [ -89.228772, 13.546104, 0.0 ], [ -89.228846, 13.546027, 0.0 ], [ -89.228942, 13.545952, 0.0 ], [ -89.228996, 13.545918, 0.0 ], [ -89.229035, 13.545893, 0.0 ], [ -89.229158, 13.545815, 0.0 ], [ -89.229272, 13.545727, 0.0 ], [ -89.229358, 13.545645, 0.0 ], [ -89.229429, 13.545564, 0.0 ], [ -89.229516, 13.54546, 0.0 ], [ -89.229534, 13.545439, 0.0 ], [ -89.229591, 13.545375, 0.0 ], [ -89.229676, 13.545305, 0.0 ], [ -89.229697, 13.545291, 0.0 ], [ -89.229755, 13.545251, 0.0 ], [ -89.229847, 13.545184, 0.0 ], [ -89.229915, 13.545128, 0.0 ], [ -89.229985, 13.545048, 0.0 ], [ -89.230011, 13.545013, 0.0 ], [ -89.230054, 13.544958, 0.0 ], [ -89.230122, 13.544875, 0.0 ], [ -89.230197, 13.544808, 0.0 ], [ -89.230279, 13.544763, 0.0 ], [ -89.230367, 13.544741, 0.0 ], [ -89.230408, 13.544738, 0.0 ], [ -89.230452, 13.544735, 0.0 ], [ -89.230518, 13.544723, 0.0 ], [ -89.230561, 13.544708, 0.0 ], [ -89.230606, 13.544676, 0.0 ], [ -89.230635, 13.54465, 0.0 ], [ -89.230643, 13.544643, 0.0 ], [ -89.23068, 13.544584, 0.0 ], [ -89.230714, 13.544519, 0.0 ], [ -89.230729, 13.54445, 0.0 ], [ -89.230739, 13.544374, 0.0 ], [ -89.230734, 13.544293, 0.0 ], [ -89.230714, 13.544208, 0.0 ], [ -89.230664, 13.544092, 0.0 ], [ -89.230615, 13.543975, 0.0 ], [ -89.230551, 13.543841, 0.0 ], [ -89.230424, 13.543512, 0.0 ], [ -89.230327, 13.543224, 0.0 ], [ -89.230214, 13.542864, 0.0 ], [ -89.230185, 13.542652, 0.0 ], [ -89.230173, 13.542567, 0.0 ], [ -89.230159, 13.542315, 0.0 ], [ -89.230162, 13.542213, 0.0 ], [ -89.230168, 13.542177, 0.0 ], [ -89.230173, 13.542143, 0.0 ], [ -89.230173, 13.542142, 0.0 ], [ -89.23021, 13.542084, 0.0 ], [ -89.230256, 13.542043, 0.0 ], [ -89.230292, 13.542025, 0.0 ], [ -89.230312, 13.542015, 0.0 ], [ -89.230392, 13.541985, 0.0 ], [ -89.230468, 13.541953, 0.0 ], [ -89.230553, 13.541884, 0.0 ], [ -89.230631, 13.541798, 0.0 ], [ -89.230699, 13.541704, 0.0 ], [ -89.230742, 13.54163, 0.0 ], [ -89.230785, 13.541533, 0.0 ], [ -89.230813, 13.541455, 0.0 ], [ -89.230825, 13.541381, 0.0 ], [ -89.230833, 13.541326, 0.0 ], [ -89.230837, 13.541236, 0.0 ], [ -89.230834, 13.541124, 0.0 ], [ -89.23082, 13.540999, 0.0 ], [ -89.230795, 13.54081, 0.0 ], [ -89.230792, 13.540787, 0.0 ], [ -89.230758, 13.540399, 0.0 ], [ -89.230757, 13.540391, 0.0 ], [ -89.230724, 13.539988, 0.0 ], [ -89.230729, 13.539615, 0.0 ], [ -89.230729, 13.539451, 0.0 ], [ -89.23073, 13.53943, 0.0 ], [ -89.230735, 13.539348, 0.0 ], [ -89.230749, 13.539277, 0.0 ], [ -89.230764, 13.539235, 0.0 ], [ -89.230795, 13.539188, 0.0 ], [ -89.23084, 13.53913, 0.0 ], [ -89.230897, 13.539062, 0.0 ], [ -89.230905, 13.539053, 0.0 ], [ -89.23096, 13.538985, 0.0 ], [ -89.231113, 13.538804, 0.0 ], [ -89.231213, 13.538675, 0.0 ], [ -89.231276, 13.53858, 0.0 ], [ -89.231322, 13.538471, 0.0 ], [ -89.231353, 13.538361, 0.0 ], [ -89.231366, 13.538306, 0.0 ], [ -89.231384, 13.538233, 0.0 ], [ -89.231462, 13.537949, 0.0 ], [ -89.231516, 13.537796, 0.0 ], [ -89.231561, 13.537693, 0.0 ], [ -89.231606, 13.537628, 0.0 ], [ -89.231689, 13.537557, 0.0 ], [ -89.231743, 13.537527, 0.0 ], [ -89.23181, 13.537494, 0.0 ], [ -89.23184, 13.537479, 0.0 ], [ -89.231957, 13.537414, 0.0 ], [ -89.232081, 13.537318, 0.0 ], [ -89.232167, 13.53724, 0.0 ], [ -89.232224, 13.537175, 0.0 ], [ -89.232298, 13.537057, 0.0 ], [ -89.232343, 13.536965, 0.0 ], [ -89.232381, 13.536859, 0.0 ], [ -89.232403, 13.536723, 0.0 ], [ -89.232412, 13.536607, 0.0 ], [ -89.232404, 13.536444, 0.0 ], [ -89.232388, 13.536361, 0.0 ], [ -89.232356, 13.536279, 0.0 ], [ -89.232322, 13.536214, 0.0 ], [ -89.232309, 13.536197, 0.0 ], [ -89.232276, 13.536152, 0.0 ], [ -89.232214, 13.536083, 0.0 ], [ -89.232133, 13.536007, 0.0 ], [ -89.232053, 13.535935, 0.0 ], [ -89.23196, 13.535848, 0.0 ], [ -89.231953, 13.535839, 0.0 ], [ -89.231857, 13.535733, 0.0 ], [ -89.231806, 13.535668, 0.0 ], [ -89.231772, 13.5356, 0.0 ], [ -89.231744, 13.535526, 0.0 ], [ -89.231725, 13.535452, 0.0 ], [ -89.231722, 13.535372, 0.0 ], [ -89.231733, 13.535248, 0.0 ], [ -89.231756, 13.535061, 0.0 ], [ -89.231771, 13.534889, 0.0 ], [ -89.231782, 13.534748, 0.0 ], [ -89.231782, 13.534647, 0.0 ], [ -89.231779, 13.534572, 0.0 ], [ -89.231765, 13.534496, 0.0 ], [ -89.231746, 13.534431, 0.0 ], [ -89.231712, 13.534359, 0.0 ], [ -89.231673, 13.53431, 0.0 ], [ -89.231627, 13.534271, 0.0 ], [ -89.231559, 13.53423, 0.0 ], [ -89.231437, 13.534151, 0.0 ], [ -89.231364, 13.534102, 0.0 ], [ -89.231301, 13.534053, 0.0 ], [ -89.231256, 13.534017, 0.0 ], [ -89.231238, 13.534003, 0.0 ], [ -89.231206, 13.53397, 0.0 ], [ -89.231184, 13.533947, 0.0 ], [ -89.231131, 13.53389, 0.0 ], [ -89.231076, 13.533813, 0.0 ], [ -89.231029, 13.533739, 0.0 ], [ -89.230969, 13.533634, 0.0 ], [ -89.23091, 13.533506, 0.0 ], [ -89.230788, 13.533239, 0.0 ], [ -89.230763, 13.533186, 0.0 ], [ -89.23053, 13.532691, 0.0 ], [ -89.230329, 13.53233, 0.0 ], [ -89.230227, 13.532187, 0.0 ], [ -89.230015, 13.531947, 0.0 ], [ -89.229862, 13.531826, 0.0 ], [ -89.229704, 13.531718, 0.0 ], [ -89.229513, 13.531593, 0.0 ], [ -89.22934, 13.531481, 0.0 ], [ -89.229107, 13.531338, 0.0 ], [ -89.22894, 13.531235, 0.0 ], [ -89.228713, 13.53109, 0.0 ], [ -89.228529, 13.53097, 0.0 ], [ -89.228393, 13.530906, 0.0 ], [ -89.228347, 13.530888, 0.0 ], [ -89.228279, 13.530861, 0.0 ], [ -89.228179, 13.530837, 0.0 ], [ -89.228034, 13.530813, 0.0 ], [ -89.227834, 13.530782, 0.0 ], [ -89.227638, 13.530747, 0.0 ], [ -89.227462, 13.5307, 0.0 ], [ -89.227185, 13.530639, 0.0 ], [ -89.226944, 13.530588, 0.0 ], [ -89.226806, 13.530545, 0.0 ], [ -89.226692, 13.530496, 0.0 ], [ -89.226581, 13.530441, 0.0 ], [ -89.226499, 13.53039, 0.0 ], [ -89.22649, 13.53038, 0.0 ], [ -89.226459, 13.530345, 0.0 ], [ -89.226423, 13.530259, 0.0 ], [ -89.226395, 13.530135, 0.0 ], [ -89.226383, 13.53004, 0.0 ], [ -89.226381, 13.529934, 0.0 ], [ -89.22639, 13.529848, 0.0 ], [ -89.226409, 13.529759, 0.0 ], [ -89.226437, 13.529655, 0.0 ], [ -89.226477, 13.529525, 0.0 ], [ -89.226489, 13.529446, 0.0 ], [ -89.226493, 13.529419, 0.0 ], [ -89.226495, 13.529309, 0.0 ], [ -89.226481, 13.529218, 0.0 ], [ -89.22645, 13.529117, 0.0 ], [ -89.226397, 13.529008, 0.0 ], [ -89.226331, 13.528907, 0.0 ], [ -89.226272, 13.528824, 0.0 ], [ -89.226195, 13.528737, 0.0 ], [ -89.226091, 13.528648, 0.0 ], [ -89.226055, 13.528622, 0.0 ], [ -89.225928, 13.528532, 0.0 ], [ -89.225776, 13.528438, 0.0 ], [ -89.22561, 13.528322, 0.0 ], [ -89.225468, 13.528227, 0.0 ], [ -89.225367, 13.528156, 0.0 ], [ -89.225282, 13.528072, 0.0 ], [ -89.225242, 13.528033, 0.0 ], [ -89.225165, 13.527957, 0.0 ], [ -89.225152, 13.527945, 0.0 ], [ -89.225148, 13.52794, 0.0 ], [ -89.224999, 13.527765, 0.0 ], [ -89.22491, 13.527665, 0.0 ], [ -89.224874, 13.527626, 0.0 ], [ -89.224829, 13.527563, 0.0 ], [ -89.224789, 13.527486, 0.0 ], [ -89.224768, 13.527424, 0.0 ], [ -89.224757, 13.527341, 0.0 ], [ -89.22476, 13.527276, 0.0 ], [ -89.224775, 13.527193, 0.0 ], [ -89.224798, 13.527117, 0.0 ], [ -89.224832, 13.527031, 0.0 ], [ -89.224869, 13.526941, 0.0 ], [ -89.22492, 13.52685, 0.0 ], [ -89.224991, 13.526747, 0.0 ], [ -89.225097, 13.526614, 0.0 ], [ -89.225227, 13.526407, 0.0 ], [ -89.225333, 13.526202, 0.0 ], [ -89.225421, 13.526002, 0.0 ], [ -89.225482, 13.525836, 0.0 ], [ -89.225528, 13.525658, 0.0 ], [ -89.225565, 13.52544, 0.0 ], [ -89.22558, 13.525304, 0.0 ], [ -89.22559, 13.525159, 0.0 ], [ -89.225593, 13.524984, 0.0 ], [ -89.225591, 13.524906, 0.0 ], [ -89.225589, 13.524857, 0.0 ], [ -89.225578, 13.524738, 0.0 ], [ -89.225557, 13.524595, 0.0 ], [ -89.225543, 13.524534, 0.0 ], [ -89.22553, 13.524477, 0.0 ], [ -89.225516, 13.524418, 0.0 ], [ -89.225468, 13.524253, 0.0 ], [ -89.225402, 13.524072, 0.0 ], [ -89.225351, 13.523935, 0.0 ], [ -89.225306, 13.523817, 0.0 ], [ -89.22525, 13.523716, 0.0 ], [ -89.225196, 13.523624, 0.0 ], [ -89.225103, 13.523509, 0.0 ], [ -89.224961, 13.523351, 0.0 ], [ -89.224821, 13.523203, 0.0 ], [ -89.224762, 13.523143, 0.0 ], [ -89.224702, 13.523082, 0.0 ], [ -89.224603, 13.522978, 0.0 ], [ -89.224552, 13.522901, 0.0 ], [ -89.224518, 13.522829, 0.0 ], [ -89.224508, 13.522753, 0.0 ], [ -89.224513, 13.522684, 0.0 ], [ -89.224528, 13.522607, 0.0 ], [ -89.224531, 13.522586, 0.0 ], [ -89.224536, 13.522531, 0.0 ], [ -89.224536, 13.522468, 0.0 ], [ -89.224536, 13.522415, 0.0 ], [ -89.224527, 13.522362, 0.0 ], [ -89.224508, 13.5223, 0.0 ], [ -89.224499, 13.522247, 0.0 ], [ -89.224486, 13.522172, 0.0 ], [ -89.224483, 13.52209, 0.0 ], [ -89.224489, 13.522009, 0.0 ], [ -89.224498, 13.521829, 0.0 ], [ -89.224504, 13.521708, 0.0 ], [ -89.224497, 13.52156, 0.0 ], [ -89.22449, 13.521421, 0.0 ], [ -89.224481, 13.521317, 0.0 ], [ -89.22445, 13.521199, 0.0 ], [ -89.224424, 13.521112, 0.0 ], [ -89.224369, 13.520997, 0.0 ], [ -89.224329, 13.520935, 0.0 ], [ -89.224295, 13.5209, 0.0 ], [ -89.22425, 13.52087, 0.0 ], [ -89.224186, 13.520847, 0.0 ], [ -89.224115, 13.520822, 0.0 ], [ -89.224088, 13.520812, 0.0 ], [ -89.224041, 13.520793, 0.0 ], [ -89.223965, 13.52076, 0.0 ], [ -89.223889, 13.520707, 0.0 ], [ -89.223821, 13.520661, 0.0 ], [ -89.223794, 13.52063, 0.0 ], [ -89.223769, 13.520602, 0.0 ], [ -89.223718, 13.520523, 0.0 ], [ -89.223665, 13.520457, 0.0 ], [ -89.223514, 13.520339, 0.0 ], [ -89.223316, 13.520163, 0.0 ], [ -89.223211, 13.520037, 0.0 ], [ -89.223106, 13.519923, 0.0 ], [ -89.223027, 13.519847, 0.0 ], [ -89.222928, 13.519769, 0.0 ], [ -89.222842, 13.51971, 0.0 ], [ -89.222775, 13.519669, 0.0 ], [ -89.22272, 13.519644, 0.0 ], [ -89.222686, 13.519637, 0.0 ], [ -89.22266, 13.519632, 0.0 ], [ -89.222593, 13.519614, 0.0 ], [ -89.222515, 13.519577, 0.0 ], [ -89.222462, 13.51955, 0.0 ], [ -89.222405, 13.519514, 0.0 ], [ -89.22234, 13.51946, 0.0 ], [ -89.222309, 13.51943, 0.0 ], [ -89.222286, 13.519408, 0.0 ], [ -89.222241, 13.519369, 0.0 ], [ -89.222203, 13.519338, 0.0 ], [ -89.222169, 13.519325, 0.0 ], [ -89.222111, 13.51932, 0.0 ], [ -89.222056, 13.519332, 0.0 ], [ -89.221987, 13.519353, 0.0 ], [ -89.221903, 13.519385, 0.0 ], [ -89.221895, 13.519388, 0.0 ], [ -89.221808, 13.519412, 0.0 ], [ -89.221752, 13.519415, 0.0 ], [ -89.221695, 13.519412, 0.0 ], [ -89.221645, 13.519392, 0.0 ], [ -89.221627, 13.519383, 0.0 ], [ -89.221585, 13.519362, 0.0 ], [ -89.22154, 13.519334, 0.0 ], [ -89.221473, 13.519285, 0.0 ], [ -89.221415, 13.519236, 0.0 ], [ -89.221414, 13.519236, 0.0 ], [ -89.22133, 13.519169, 0.0 ], [ -89.221275, 13.519112, 0.0 ], [ -89.221184, 13.518987, 0.0 ], [ -89.221083, 13.518818, 0.0 ], [ -89.221014, 13.518675, 0.0 ], [ -89.22101, 13.518667, 0.0 ], [ -89.220975, 13.518593, 0.0 ], [ -89.220882, 13.518396, 0.0 ], [ -89.220774, 13.518129, 0.0 ], [ -89.220749, 13.518055, 0.0 ], [ -89.220737, 13.517987, 0.0 ], [ -89.22074, 13.517921, 0.0 ], [ -89.22075, 13.517847, 0.0 ], [ -89.220777, 13.51775, 0.0 ], [ -89.220803, 13.517652, 0.0 ], [ -89.220833, 13.51757, 0.0 ], [ -89.220843, 13.517542, 0.0 ], [ -89.220881, 13.517452, 0.0 ], [ -89.220943, 13.517313, 0.0 ], [ -89.220987, 13.517165, 0.0 ], [ -89.221012, 13.517017, 0.0 ], [ -89.221027, 13.516907, 0.0 ], [ -89.22103, 13.516812, 0.0 ], [ -89.221032, 13.516733, 0.0 ], [ -89.221024, 13.516628, 0.0 ], [ -89.221004, 13.516504, 0.0 ], [ -89.22097, 13.51635, 0.0 ], [ -89.220905, 13.515998, 0.0 ], [ -89.220883, 13.515808, 0.0 ], [ -89.220858, 13.515672, 0.0 ], [ -89.220833, 13.515551, 0.0 ], [ -89.220793, 13.515438, 0.0 ], [ -89.220748, 13.515331, 0.0 ], [ -89.220697, 13.515246, 0.0 ], [ -89.2206, 13.515122, 0.0 ], [ -89.220505, 13.515015, 0.0 ], [ -89.22043, 13.514946, 0.0 ], [ -89.220336, 13.514893, 0.0 ], [ -89.220258, 13.514864, 0.0 ], [ -89.220177, 13.514842, 0.0 ], [ -89.220042, 13.514792, 0.0 ], [ -89.219951, 13.514751, 0.0 ], [ -89.219809, 13.514686, 0.0 ], [ -89.219801, 13.514682, 0.0 ], [ -89.219608, 13.514602, 0.0 ], [ -89.219368, 13.514531, 0.0 ], [ -89.219222, 13.514504, 0.0 ], [ -89.219097, 13.514492, 0.0 ], [ -89.218963, 13.514488, 0.0 ], [ -89.218829, 13.514488, 0.0 ], [ -89.218702, 13.514502, 0.0 ], [ -89.218568, 13.514541, 0.0 ], [ -89.21844, 13.514591, 0.0 ], [ -89.218267, 13.514664, 0.0 ], [ -89.218107, 13.514726, 0.0 ], [ -89.218016, 13.514776, 0.0 ], [ -89.217868, 13.514864, 0.0 ], [ -89.217744, 13.514921, 0.0 ], [ -89.21774, 13.514923, 0.0 ], [ -89.217635, 13.51495, 0.0 ], [ -89.217527, 13.514968, 0.0 ], [ -89.217413, 13.514979, 0.0 ], [ -89.217317, 13.514985, 0.0 ], [ -89.217195, 13.514974, 0.0 ], [ -89.217096, 13.51497, 0.0 ], [ -89.216974, 13.514967, 0.0 ], [ -89.216752, 13.514948, 0.0 ], [ -89.216582, 13.514945, 0.0 ], [ -89.216446, 13.514936, 0.0 ], [ -89.216254, 13.51491, 0.0 ], [ -89.216184, 13.514892, 0.0 ], [ -89.216082, 13.514858, 0.0 ], [ -89.215988, 13.514806, 0.0 ], [ -89.215911, 13.514751, 0.0 ], [ -89.215838, 13.514683, 0.0 ], [ -89.215767, 13.514598, 0.0 ], [ -89.215705, 13.514495, 0.0 ], [ -89.215683, 13.514447, 0.0 ], [ -89.21565, 13.514373, 0.0 ], [ -89.215612, 13.514251, 0.0 ], [ -89.215602, 13.514139, 0.0 ], [ -89.215594, 13.514039, 0.0 ], [ -89.2156, 13.513937, 0.0 ], [ -89.215615, 13.513828, 0.0 ], [ -89.215649, 13.513712, 0.0 ], [ -89.215691, 13.513605, 0.0 ], [ -89.215692, 13.513603, 0.0 ], [ -89.215738, 13.513494, 0.0 ], [ -89.215848, 13.513281, 0.0 ], [ -89.215977, 13.513032, 0.0 ], [ -89.216099, 13.512775, 0.0 ], [ -89.216122, 13.512724, 0.0 ], [ -89.216207, 13.512538, 0.0 ], [ -89.216277, 13.512421, 0.0 ], [ -89.216365, 13.512314, 0.0 ], [ -89.216473, 13.512202, 0.0 ], [ -89.21656, 13.512119, 0.0 ], [ -89.216657, 13.512033, 0.0 ], [ -89.216765, 13.511935, 0.0 ], [ -89.216822, 13.511883, 0.0 ], [ -89.217004, 13.511678, 0.0 ], [ -89.217156, 13.511522, 0.0 ], [ -89.217192, 13.51148, 0.0 ], [ -89.217314, 13.511339, 0.0 ], [ -89.2174, 13.511218, 0.0 ], [ -89.217457, 13.511119, 0.0 ], [ -89.217489, 13.511038, 0.0 ], [ -89.217492, 13.511028, 0.0 ], [ -89.217511, 13.510964, 0.0 ], [ -89.217517, 13.510895, 0.0 ], [ -89.217512, 13.510782, 0.0 ], [ -89.217498, 13.510668, 0.0 ], [ -89.217475, 13.510549, 0.0 ], [ -89.217424, 13.510365, 0.0 ], [ -89.21736, 13.510132, 0.0 ], [ -89.217212, 13.509752, 0.0 ], [ -89.217165, 13.509618, 0.0 ], [ -89.217121, 13.509491, 0.0 ], [ -89.216997, 13.509219, 0.0 ], [ -89.216995, 13.509216, 0.0 ], [ -89.216947, 13.509124, 0.0 ], [ -89.216912, 13.509056, 0.0 ], [ -89.216871, 13.508988, 0.0 ], [ -89.216768, 13.508818, 0.0 ], [ -89.216578, 13.508498, 0.0 ], [ -89.216425, 13.508164, 0.0 ], [ -89.216388, 13.508023, 0.0 ], [ -89.216368, 13.50788, 0.0 ], [ -89.216366, 13.507865, 0.0 ], [ -89.216366, 13.507773, 0.0 ], [ -89.216366, 13.507718, 0.0 ], [ -89.21638, 13.507573, 0.0 ], [ -89.216399, 13.507447, 0.0 ], [ -89.216447, 13.507267, 0.0 ], [ -89.216475, 13.507167, 0.0 ], [ -89.216496, 13.507042, 0.0 ], [ -89.216504, 13.506933, 0.0 ], [ -89.216506, 13.506881, 0.0 ], [ -89.216507, 13.506867, 0.0 ], [ -89.2165, 13.506822, 0.0 ], [ -89.216496, 13.5068, 0.0 ], [ -89.216481, 13.506731, 0.0 ], [ -89.216453, 13.50666, 0.0 ], [ -89.216396, 13.506581, 0.0 ], [ -89.216338, 13.506527, 0.0 ], [ -89.216253, 13.506457, 0.0 ], [ -89.216133, 13.506361, 0.0 ], [ -89.216016, 13.506263, 0.0 ], [ -89.215892, 13.506154, 0.0 ], [ -89.215761, 13.506015, 0.0 ], [ -89.215671, 13.505887, 0.0 ], [ -89.215662, 13.505874, 0.0 ], [ -89.215597, 13.505736, 0.0 ], [ -89.215546, 13.505555, 0.0 ], [ -89.215499, 13.505292, 0.0 ], [ -89.215451, 13.505123, 0.0 ], [ -89.215399, 13.504991, 0.0 ], [ -89.215386, 13.50496, 0.0 ], [ -89.215323, 13.50483, 0.0 ], [ -89.21528, 13.504744, 0.0 ], [ -89.215246, 13.504652, 0.0 ], [ -89.21523, 13.504568, 0.0 ], [ -89.215229, 13.504486, 0.0 ], [ -89.215239, 13.504404, 0.0 ], [ -89.21525, 13.50435, 0.0 ], [ -89.215259, 13.504302, 0.0 ], [ -89.215268, 13.504185, 0.0 ], [ -89.215267, 13.504077, 0.0 ], [ -89.215254, 13.503909, 0.0 ], [ -89.215214, 13.503713, 0.0 ], [ -89.215178, 13.503613, 0.0 ], [ -89.21517, 13.503596, 0.0 ], [ -89.215146, 13.503547, 0.0 ], [ -89.215062, 13.503406, 0.0 ], [ -89.214984, 13.503257, 0.0 ], [ -89.214912, 13.503103, 0.0 ], [ -89.214872, 13.503018, 0.0 ], [ -89.214714, 13.50271, 0.0 ], [ -89.214679, 13.502641, 0.0 ], [ -89.214544, 13.50239, 0.0 ], [ -89.214515, 13.502316, 0.0 ], [ -89.214493, 13.502223, 0.0 ], [ -89.214484, 13.502152, 0.0 ], [ -89.214484, 13.502051, 0.0 ], [ -89.214492, 13.501958, 0.0 ], [ -89.214508, 13.501827, 0.0 ], [ -89.214542, 13.501618, 0.0 ], [ -89.214552, 13.501563, 0.0 ], [ -89.214555, 13.50152, 0.0 ], [ -89.21456, 13.501488, 0.0 ], [ -89.214573, 13.501454, 0.0 ], [ -89.214592, 13.501415, 0.0 ], [ -89.214611, 13.501371, 0.0 ], [ -89.214627, 13.501336, 0.0 ], [ -89.214664, 13.501238, 0.0 ], [ -89.214706, 13.501114, 0.0 ], [ -89.214747, 13.500977, 0.0 ], [ -89.214782, 13.500824, 0.0 ], [ -89.214806, 13.500711, 0.0 ], [ -89.214814, 13.500669, 0.0 ], [ -89.214845, 13.500494, 0.0 ], [ -89.214897, 13.500291, 0.0 ], [ -89.214936, 13.500101, 0.0 ], [ -89.214977, 13.499958, 0.0 ], [ -89.214996, 13.499844, 0.0 ], [ -89.215041, 13.499704, 0.0 ], [ -89.215092, 13.499574, 0.0 ], [ -89.215134, 13.49944, 0.0 ], [ -89.215155, 13.499353, 0.0 ], [ -89.215166, 13.499254, 0.0 ], [ -89.215166, 13.499172, 0.0 ], [ -89.215174, 13.499042, 0.0 ], [ -89.215193, 13.4989, 0.0 ], [ -89.215208, 13.498785, 0.0 ], [ -89.215214, 13.498705, 0.0 ], [ -89.215212, 13.498646, 0.0 ], [ -89.215196, 13.498608, 0.0 ], [ -89.215181, 13.498573, 0.0 ], [ -89.215159, 13.498543, 0.0 ], [ -89.215134, 13.498524, 0.0 ], [ -89.2151, 13.498512, 0.0 ], [ -89.215052, 13.498493, 0.0 ], [ -89.214987, 13.498481, 0.0 ], [ -89.214914, 13.49847, 0.0 ], [ -89.214854, 13.498461, 0.0 ], [ -89.214799, 13.498455, 0.0 ], [ -89.214748, 13.498445, 0.0 ], [ -89.214693, 13.498431, 0.0 ], [ -89.21461, 13.498414, 0.0 ], [ -89.214544, 13.49841, 0.0 ], [ -89.214492, 13.498414, 0.0 ], [ -89.214427, 13.498434, 0.0 ], [ -89.214328, 13.498484, 0.0 ], [ -89.214249, 13.49853, 0.0 ], [ -89.21415, 13.498592, 0.0 ], [ -89.21404, 13.49866, 0.0 ], [ -89.213892, 13.498738, 0.0 ], [ -89.213779, 13.498794, 0.0 ], [ -89.213651, 13.498848, 0.0 ], [ -89.213552, 13.49888, 0.0 ], [ -89.213443, 13.498907, 0.0 ], [ -89.213362, 13.498921, 0.0 ], [ -89.213252, 13.498929, 0.0 ], [ -89.213187, 13.498929, 0.0 ], [ -89.213127, 13.498923, 0.0 ], [ -89.213046, 13.49891, 0.0 ], [ -89.212967, 13.498891, 0.0 ], [ -89.212834, 13.498861, 0.0 ], [ -89.212694, 13.498834, 0.0 ], [ -89.212598, 13.498819, 0.0 ], [ -89.212501, 13.498808, 0.0 ], [ -89.212386, 13.4988, 0.0 ], [ -89.212274, 13.498787, 0.0 ], [ -89.212177, 13.498765, 0.0 ], [ -89.212107, 13.498746, 0.0 ], [ -89.212036, 13.498719, 0.0 ], [ -89.211966, 13.498702, 0.0 ], [ -89.211882, 13.498687, 0.0 ], [ -89.211721, 13.498656, 0.0 ], [ -89.21162, 13.498629, 0.0 ], [ -89.211531, 13.498596, 0.0 ], [ -89.211458, 13.498553, 0.0 ], [ -89.211397, 13.498505, 0.0 ], [ -89.211359, 13.498459, 0.0 ], [ -89.211324, 13.498385, 0.0 ], [ -89.211291, 13.498291, 0.0 ], [ -89.211254, 13.498166, 0.0 ], [ -89.211224, 13.498072, 0.0 ], [ -89.211189, 13.49798, 0.0 ], [ -89.211143, 13.497913, 0.0 ], [ -89.211083, 13.497842, 0.0 ], [ -89.211025, 13.497786, 0.0 ], [ -89.210965, 13.497748, 0.0 ], [ -89.210914, 13.497728, 0.0 ], [ -89.210851, 13.497718, 0.0 ], [ -89.210813, 13.497719, 0.0 ], [ -89.210789, 13.49772, 0.0 ], [ -89.210713, 13.497736, 0.0 ], [ -89.210631, 13.497763, 0.0 ], [ -89.21053, 13.497796, 0.0 ], [ -89.210396, 13.497846, 0.0 ], [ -89.210301, 13.497879, 0.0 ], [ -89.210263, 13.497892, 0.0 ], [ -89.21016, 13.497914, 0.0 ], [ -89.21006, 13.497927, 0.0 ], [ -89.209977, 13.497927, 0.0 ], [ -89.209859, 13.497916, 0.0 ], [ -89.209789, 13.497902, 0.0 ], [ -89.209727, 13.497878, 0.0 ], [ -89.209661, 13.497848, 0.0 ], [ -89.209596, 13.497802, 0.0 ], [ -89.209523, 13.497748, 0.0 ], [ -89.209385, 13.497632, 0.0 ], [ -89.209195, 13.497494, 0.0 ], [ -89.209088, 13.497405, 0.0 ], [ -89.20899, 13.497335, 0.0 ], [ -89.208882, 13.497256, 0.0 ], [ -89.208692, 13.497122, 0.0 ], [ -89.208552, 13.497008, 0.0 ], [ -89.208538, 13.496996, 0.0 ], [ -89.208411, 13.496876, 0.0 ], [ -89.208345, 13.496785, 0.0 ], [ -89.208283, 13.496685, 0.0 ], [ -89.208247, 13.4966, 0.0 ], [ -89.208222, 13.496528, 0.0 ], [ -89.208207, 13.496487, 0.0 ], [ -89.20816, 13.496344, 0.0 ], [ -89.208126, 13.496235, 0.0 ], [ -89.20808, 13.496104, 0.0 ], [ -89.208039, 13.496004, 0.0 ], [ -89.208036, 13.495998, 0.0 ], [ -89.207944, 13.495816, 0.0 ], [ -89.207857, 13.495647, 0.0 ], [ -89.207765, 13.495468, 0.0 ], [ -89.207708, 13.495336, 0.0 ], [ -89.207662, 13.495201, 0.0 ], [ -89.207643, 13.495097, 0.0 ], [ -89.20763, 13.494976, 0.0 ], [ -89.207625, 13.494784, 0.0 ], [ -89.207634, 13.494627, 0.0 ], [ -89.207636, 13.494505, 0.0 ], [ -89.207636, 13.494478, 0.0 ], [ -89.207636, 13.494395, 0.0 ], [ -89.207618, 13.494284, 0.0 ], [ -89.207602, 13.494206, 0.0 ], [ -89.207558, 13.494074, 0.0 ], [ -89.207498, 13.493887, 0.0 ], [ -89.207486, 13.493834, 0.0 ], [ -89.207473, 13.493778, 0.0 ], [ -89.207454, 13.493668, 0.0 ], [ -89.207439, 13.493547, 0.0 ], [ -89.207429, 13.493444, 0.0 ], [ -89.207429, 13.493354, 0.0 ], [ -89.207435, 13.493281, 0.0 ], [ -89.207456, 13.493184, 0.0 ], [ -89.207484, 13.493082, 0.0 ], [ -89.207516, 13.492944, 0.0 ], [ -89.207545, 13.492773, 0.0 ], [ -89.207568, 13.492584, 0.0 ], [ -89.207577, 13.492428, 0.0 ], [ -89.207584, 13.492285, 0.0 ], [ -89.207575, 13.492115, 0.0 ], [ -89.207566, 13.492009, 0.0 ], [ -89.207561, 13.491926, 0.0 ], [ -89.207551, 13.491852, 0.0 ], [ -89.207528, 13.49178, 0.0 ], [ -89.207494, 13.491717, 0.0 ], [ -89.207458, 13.491676, 0.0 ], [ -89.207392, 13.491625, 0.0 ], [ -89.207294, 13.491552, 0.0 ], [ -89.207174, 13.491456, 0.0 ], [ -89.207078, 13.491381, 0.0 ], [ -89.206952, 13.491283, 0.0 ], [ -89.206826, 13.491195, 0.0 ], [ -89.206697, 13.491105, 0.0 ], [ -89.206591, 13.491028, 0.0 ], [ -89.206556, 13.491003, 0.0 ], [ -89.206409, 13.490896, 0.0 ], [ -89.206248, 13.490785, 0.0 ], [ -89.20617, 13.490738, 0.0 ], [ -89.206086, 13.490688, 0.0 ], [ -89.206001, 13.490632, 0.0 ], [ -89.205939, 13.490585, 0.0 ], [ -89.205889, 13.490543, 0.0 ], [ -89.205856, 13.490509, 0.0 ], [ -89.205825, 13.490469, 0.0 ], [ -89.205811, 13.490436, 0.0 ], [ -89.205806, 13.490407, 0.0 ], [ -89.20581, 13.490379, 0.0 ], [ -89.205818, 13.490357, 0.0 ], [ -89.205833, 13.490338, 0.0 ], [ -89.205851, 13.490321, 0.0 ], [ -89.205874, 13.490305, 0.0 ], [ -89.205895, 13.490288, 0.0 ], [ -89.205909, 13.490265, 0.0 ], [ -89.205917, 13.490247, 0.0 ], [ -89.205919, 13.490227, 0.0 ], [ -89.205923, 13.490199, 0.0 ], [ -89.205933, 13.490148, 0.0 ], [ -89.205941, 13.49012, 0.0 ], [ -89.205952, 13.490088, 0.0 ], [ -89.205965, 13.490059, 0.0 ], [ -89.205986, 13.49003, 0.0 ], [ -89.206011, 13.490003, 0.0 ], [ -89.206051, 13.489974, 0.0 ], [ -89.206107, 13.489939, 0.0 ], [ -89.206108, 13.489938, 0.0 ], [ -89.206156, 13.489903, 0.0 ], [ -89.20619, 13.489867, 0.0 ], [ -89.206217, 13.489831, 0.0 ], [ -89.206235, 13.489797, 0.0 ], [ -89.206256, 13.489739, 0.0 ], [ -89.206272, 13.48969, 0.0 ], [ -89.206298, 13.48964, 0.0 ], [ -89.206326, 13.489597, 0.0 ], [ -89.206353, 13.48956, 0.0 ], [ -89.20639, 13.489519, 0.0 ], [ -89.20641, 13.4895, 0.0 ], [ -89.206435, 13.489477, 0.0 ], [ -89.206491, 13.489424, 0.0 ], [ -89.206554, 13.489369, 0.0 ], [ -89.206682, 13.489251, 0.0 ], [ -89.206755, 13.48919, 0.0 ], [ -89.20687, 13.489092, 0.0 ], [ -89.206976, 13.488991, 0.0 ], [ -89.207004, 13.488955, 0.0 ], [ -89.20703, 13.488911, 0.0 ], [ -89.207055, 13.488855, 0.0 ], [ -89.207068, 13.488813, 0.0 ], [ -89.207075, 13.488772, 0.0 ], [ -89.207077, 13.488737, 0.0 ], [ -89.207076, 13.488711, 0.0 ], [ -89.207072, 13.488684, 0.0 ], [ -89.20706, 13.48866, 0.0 ], [ -89.207042, 13.488637, 0.0 ], [ -89.207018, 13.488618, 0.0 ], [ -89.206999, 13.488603, 0.0 ], [ -89.206963, 13.488581, 0.0 ], [ -89.206932, 13.488559, 0.0 ], [ -89.206903, 13.488537, 0.0 ], [ -89.206857, 13.488492, 0.0 ], [ -89.206848, 13.488482, 0.0 ], [ -89.206812, 13.488445, 0.0 ], [ -89.206765, 13.488388, 0.0 ], [ -89.206722, 13.488325, 0.0 ], [ -89.20669, 13.48826, 0.0 ], [ -89.206668, 13.488207, 0.0 ], [ -89.206659, 13.488156, 0.0 ], [ -89.206657, 13.488091, 0.0 ], [ -89.206662, 13.488029, 0.0 ], [ -89.206673, 13.487972, 0.0 ], [ -89.206689, 13.487899, 0.0 ], [ -89.206704, 13.487824, 0.0 ], [ -89.206706, 13.487813, 0.0 ], [ -89.206715, 13.487703, 0.0 ], [ -89.206716, 13.487604, 0.0 ], [ -89.206721, 13.487512, 0.0 ], [ -89.206727, 13.487448, 0.0 ], [ -89.206737, 13.487386, 0.0 ], [ -89.206751, 13.487321, 0.0 ], [ -89.206768, 13.487252, 0.0 ], [ -89.206781, 13.487196, 0.0 ], [ -89.206791, 13.487152, 0.0 ], [ -89.206797, 13.487113, 0.0 ], [ -89.206797, 13.487077, 0.0 ], [ -89.206792, 13.487032, 0.0 ], [ -89.206783, 13.486986, 0.0 ], [ -89.206768, 13.486914, 0.0 ], [ -89.206757, 13.486852, 0.0 ], [ -89.206749, 13.486795, 0.0 ], [ -89.206744, 13.48673, 0.0 ], [ -89.206746, 13.486672, 0.0 ], [ -89.206763, 13.486572, 0.0 ], [ -89.206785, 13.486484, 0.0 ], [ -89.206805, 13.486435, 0.0 ], [ -89.206835, 13.486389, 0.0 ], [ -89.206865, 13.486354, 0.0 ], [ -89.206906, 13.486321, 0.0 ], [ -89.206963, 13.486281, 0.0 ], [ -89.207062, 13.486203, 0.0 ], [ -89.207105, 13.486167, 0.0 ], [ -89.207193, 13.486094, 0.0 ], [ -89.207329, 13.485975, 0.0 ], [ -89.207455, 13.485862, 0.0 ], [ -89.207577, 13.485756, 0.0 ], [ -89.20768, 13.485669, 0.0 ], [ -89.207759, 13.485598, 0.0 ], [ -89.207823, 13.485527, 0.0 ], [ -89.207899, 13.48542, 0.0 ], [ -89.207976, 13.485308, 0.0 ], [ -89.20803, 13.485221, 0.0 ], [ -89.208065, 13.485158, 0.0 ], [ -89.208086, 13.48511, 0.0 ], [ -89.208097, 13.485072, 0.0 ], [ -89.208108, 13.485019, 0.0 ], [ -89.208119, 13.484954, 0.0 ], [ -89.208126, 13.484894, 0.0 ], [ -89.208128, 13.484841, 0.0 ], [ -89.208125, 13.484768, 0.0 ], [ -89.208125, 13.484762, 0.0 ], [ -89.208122, 13.484693, 0.0 ], [ -89.208119, 13.484608, 0.0 ], [ -89.208117, 13.484572, 0.0 ], [ -89.208116, 13.48454, 0.0 ], [ -89.208119, 13.48448, 0.0 ], [ -89.208126, 13.484433, 0.0 ], [ -89.208138, 13.484366, 0.0 ], [ -89.208153, 13.484277, 0.0 ], [ -89.208155, 13.484266, 0.0 ], [ -89.208177, 13.484149, 0.0 ], [ -89.208203, 13.483989, 0.0 ], [ -89.208222, 13.483809, 0.0 ], [ -89.208239, 13.48364, 0.0 ], [ -89.208248, 13.483538, 0.0 ], [ -89.208263, 13.483401, 0.0 ], [ -89.208272, 13.483285, 0.0 ], [ -89.208278, 13.483179, 0.0 ], [ -89.208287, 13.483054, 0.0 ], [ -89.208289, 13.48297, 0.0 ], [ -89.208289, 13.482941, 0.0 ], [ -89.208288, 13.482905, 0.0 ], [ -89.208286, 13.482826, 0.0 ], [ -89.208285, 13.482745, 0.0 ], [ -89.208279, 13.482663, 0.0 ], [ -89.208269, 13.48256, 0.0 ], [ -89.208252, 13.482427, 0.0 ], [ -89.208246, 13.482376, 0.0 ], [ -89.208245, 13.482346, 0.0 ], [ -89.208249, 13.482316, 0.0 ], [ -89.20826, 13.482275, 0.0 ], [ -89.208271, 13.482237, 0.0 ], [ -89.208274, 13.482229, 0.0 ], [ -89.208281, 13.482191, 0.0 ], [ -89.208285, 13.482155, 0.0 ], [ -89.208283, 13.482123, 0.0 ], [ -89.208275, 13.482086, 0.0 ], [ -89.208243, 13.482001, 0.0 ], [ -89.208204, 13.481908, 0.0 ], [ -89.208169, 13.48183, 0.0 ], [ -89.208122, 13.481743, 0.0 ], [ -89.208053, 13.481621, 0.0 ], [ -89.207974, 13.481478, 0.0 ], [ -89.207906, 13.481361, 0.0 ], [ -89.207863, 13.481283, 0.0 ], [ -89.207816, 13.481207, 0.0 ], [ -89.207772, 13.481132, 0.0 ], [ -89.207732, 13.481076, 0.0 ], [ -89.207698, 13.481032, 0.0 ], [ -89.207657, 13.480996, 0.0 ], [ -89.207623, 13.480968, 0.0 ], [ -89.20762, 13.480965, 0.0 ], [ -89.207578, 13.480933, 0.0 ], [ -89.207531, 13.480894, 0.0 ], [ -89.207482, 13.480848, 0.0 ], [ -89.207423, 13.480778, 0.0 ], [ -89.207349, 13.480679, 0.0 ], [ -89.207298, 13.480606, 0.0 ], [ -89.207248, 13.480533, 0.0 ], [ -89.207192, 13.480438, 0.0 ], [ -89.207119, 13.480315, 0.0 ], [ -89.207075, 13.480244, 0.0 ], [ -89.207038, 13.480178, 0.0 ], [ -89.207006, 13.480128, 0.0 ], [ -89.206966, 13.480071, 0.0 ], [ -89.206934, 13.48002, 0.0 ], [ -89.20692, 13.479988, 0.0 ], [ -89.206913, 13.479966, 0.0 ], [ -89.206908, 13.479943, 0.0 ], [ -89.206906, 13.479919, 0.0 ], [ -89.206902, 13.479885, 0.0 ], [ -89.206901, 13.47986, 0.0 ], [ -89.206901, 13.479834, 0.0 ], [ -89.206902, 13.47981, 0.0 ], [ -89.206904, 13.479787, 0.0 ], [ -89.206911, 13.47975, 0.0 ], [ -89.206914, 13.479731, 0.0 ], [ -89.206902, 13.479756, 0.0 ], [ -89.206898, 13.479762, 0.0 ], [ -89.206891, 13.479775, 0.0 ], [ -89.206881, 13.479789, 0.0 ], [ -89.206869, 13.4798, 0.0 ], [ -89.206849, 13.479812, 0.0 ], [ -89.206845, 13.479813, 0.0 ], [ -89.206832, 13.479819, 0.0 ], [ -89.206819, 13.479824, 0.0 ], [ -89.206797, 13.479832, 0.0 ], [ -89.206775, 13.479841, 0.0 ], [ -89.206758, 13.479848, 0.0 ], [ -89.20674, 13.479856, 0.0 ], [ -89.206718, 13.47987, 0.0 ], [ -89.206697, 13.479886, 0.0 ], [ -89.206672, 13.479911, 0.0 ], [ -89.206655, 13.479936, 0.0 ], [ -89.206626, 13.479977, 0.0 ], [ -89.206596, 13.480016, 0.0 ], [ -89.206568, 13.480052, 0.0 ], [ -89.206551, 13.480075, 0.0 ], [ -89.206532, 13.480103, 0.0 ], [ -89.206519, 13.480129, 0.0 ], [ -89.206509, 13.480152, 0.0 ], [ -89.206495, 13.480185, 0.0 ], [ -89.206478, 13.480227, 0.0 ], [ -89.206465, 13.480268, 0.0 ], [ -89.206432, 13.480385, 0.0 ], [ -89.206399, 13.480492, 0.0 ], [ -89.206393, 13.480514, 0.0 ], [ -89.206372, 13.480594, 0.0 ], [ -89.206356, 13.480679, 0.0 ], [ -89.206347, 13.480724, 0.0 ], [ -89.20634, 13.480747, 0.0 ], [ -89.206333, 13.480767, 0.0 ], [ -89.20632, 13.480797, 0.0 ], [ -89.206308, 13.480826, 0.0 ], [ -89.206292, 13.480854, 0.0 ], [ -89.206252, 13.480907, 0.0 ], [ -89.206195, 13.480975, 0.0 ], [ -89.206153, 13.481027, 0.0 ], [ -89.206102, 13.481084, 0.0 ], [ -89.206078, 13.48112, 0.0 ], [ -89.206076, 13.481122, 0.0 ], [ -89.206051, 13.481172, 0.0 ], [ -89.20603, 13.481239, 0.0 ], [ -89.20596, 13.481457, 0.0 ], [ -89.205958, 13.481463, 0.0 ], [ -89.205957, 13.481466, 0.0 ], [ -89.205885, 13.481643, 0.0 ], [ -89.205792, 13.48183, 0.0 ], [ -89.205773, 13.481871, 0.0 ], [ -89.205708, 13.482018, 0.0 ], [ -89.20566, 13.482134, 0.0 ], [ -89.205628, 13.48221, 0.0 ], [ -89.205599, 13.482265, 0.0 ], [ -89.205566, 13.48232, 0.0 ], [ -89.205525, 13.48238, 0.0 ], [ -89.205467, 13.482454, 0.0 ], [ -89.205354, 13.482593, 0.0 ], [ -89.205214, 13.482749, 0.0 ], [ -89.205064, 13.482898, 0.0 ], [ -89.204697, 13.48325, 0.0 ], [ -89.204493, 13.483439, 0.0 ], [ -89.204485, 13.483446, 0.0 ], [ -89.20429, 13.483637, 0.0 ], [ -89.204094, 13.483817, 0.0 ], [ -89.204018, 13.483886, 0.0 ], [ -89.203911, 13.483975, 0.0 ], [ -89.203889, 13.48399, 0.0 ], [ -89.203805, 13.484049, 0.0 ], [ -89.20371, 13.484107, 0.0 ], [ -89.203598, 13.484169, 0.0 ], [ -89.203535, 13.484199, 0.0 ], [ -89.203489, 13.484218, 0.0 ], [ -89.20346, 13.48423, 0.0 ], [ -89.203423, 13.484243, 0.0 ], [ -89.20339, 13.484248, 0.0 ], [ -89.203359, 13.484248, 0.0 ], [ -89.20333, 13.484247, 0.0 ], [ -89.20331, 13.484243, 0.0 ], [ -89.203304, 13.484242, 0.0 ], [ -89.203299, 13.484241, 0.0 ], [ -89.203258, 13.484225, 0.0 ], [ -89.203221, 13.484206, 0.0 ], [ -89.203176, 13.484175, 0.0 ], [ -89.203123, 13.484135, 0.0 ], [ -89.203041, 13.484067, 0.0 ], [ -89.202985, 13.484014, 0.0 ], [ -89.202934, 13.483961, 0.0 ], [ -89.202869, 13.483902, 0.0 ], [ -89.202765, 13.483811, 0.0 ], [ -89.202616, 13.483673, 0.0 ], [ -89.202484, 13.483558, 0.0 ], [ -89.202444, 13.483525, 0.0 ], [ -89.202438, 13.48352, 0.0 ], [ -89.202399, 13.483486, 0.0 ], [ -89.202376, 13.483463, 0.0 ], [ -89.202356, 13.483442, 0.0 ], [ -89.202317, 13.483395, 0.0 ], [ -89.20223, 13.483281, 0.0 ], [ -89.202018, 13.48306, 0.0 ], [ -89.201907, 13.482937, 0.0 ], [ -89.201816, 13.482805, 0.0 ], [ -89.201781, 13.482727, 0.0 ], [ -89.201759, 13.482611, 0.0 ], [ -89.201717, 13.482486, 0.0 ], [ -89.201655, 13.48232, 0.0 ], [ -89.201617, 13.482251, 0.0 ], [ -89.201612, 13.482245, 0.0 ], [ -89.201562, 13.482197, 0.0 ], [ -89.201502, 13.482149, 0.0 ], [ -89.201462, 13.482108, 0.0 ], [ -89.201425, 13.482065, 0.0 ], [ -89.201298, 13.481937, 0.0 ], [ -89.201238, 13.481893, 0.0 ], [ -89.201228, 13.481887, 0.0 ], [ -89.201157, 13.481843, 0.0 ], [ -89.20105, 13.481814, 0.0 ], [ -89.200902, 13.481795, 0.0 ], [ -89.200769, 13.481816, 0.0 ], [ -89.200635, 13.48187, 0.0 ], [ -89.200465, 13.481979, 0.0 ], [ -89.200369, 13.482061, 0.0 ], [ -89.20029, 13.482145, 0.0 ], [ -89.200209, 13.482271, 0.0 ], [ -89.200193, 13.482295, 0.0 ], [ -89.200112, 13.482419, 0.0 ], [ -89.199961, 13.482639, 0.0 ], [ -89.199825, 13.482791, 0.0 ], [ -89.199633, 13.482958, 0.0 ], [ -89.199471, 13.483089, 0.0 ], [ -89.199375, 13.48316, 0.0 ], [ -89.199229, 13.483233, 0.0 ], [ -89.199022, 13.48333, 0.0 ], [ -89.198637, 13.483485, 0.0 ], [ -89.198479, 13.483578, 0.0 ], [ -89.198248, 13.483717, 0.0 ], [ -89.19808, 13.483856, 0.0 ], [ -89.197966, 13.483945, 0.0 ], [ -89.197915, 13.483985, 0.0 ], [ -89.197869, 13.484037, 0.0 ], [ -89.197835, 13.484087, 0.0 ], [ -89.197791, 13.484167, 0.0 ], [ -89.197738, 13.484272, 0.0 ], [ -89.197665, 13.484384, 0.0 ], [ -89.197547, 13.484486, 0.0 ], [ -89.197376, 13.484583, 0.0 ], [ -89.197239, 13.484631, 0.0 ], [ -89.197081, 13.484651, 0.0 ], [ -89.196959, 13.484649, 0.0 ], [ -89.196802, 13.484626, 0.0 ], [ -89.19652, 13.484587, 0.0 ], [ -89.196447, 13.484573, 0.0 ], [ -89.196428, 13.484569, 0.0 ], [ -89.196339, 13.484541, 0.0 ], [ -89.196295, 13.484523, 0.0 ], [ -89.196177, 13.484477, 0.0 ], [ -89.196075, 13.484427, 0.0 ], [ -89.196025, 13.484413, 0.0 ], [ -89.195952, 13.484405, 0.0 ], [ -89.19585, 13.484448, 0.0 ], [ -89.195804, 13.484468, 0.0 ], [ -89.19572, 13.484627, 0.0 ], [ -89.195696, 13.484811, 0.0 ], [ -89.195775, 13.485043, 0.0 ], [ -89.195805, 13.48544, 0.0 ], [ -89.195746, 13.48586, 0.0 ], [ -89.195731, 13.486305, 0.0 ], [ -89.195712, 13.48642, 0.0 ], [ -89.195709, 13.48644, 0.0 ], [ -89.195677, 13.486624, 0.0 ], [ -89.195636, 13.486747, 0.0 ], [ -89.195569, 13.486942, 0.0 ], [ -89.195564, 13.486958, 0.0 ], [ -89.195493, 13.48709, 0.0 ], [ -89.195419, 13.487228, 0.0 ], [ -89.195377, 13.487306, 0.0 ], [ -89.195289, 13.487457, 0.0 ], [ -89.195278, 13.487475, 0.0 ], [ -89.195278, 13.487536, 0.0 ], [ -89.195278, 13.487678, 0.0 ], [ -89.195343, 13.487881, 0.0 ], [ -89.195415, 13.488026, 0.0 ], [ -89.195466, 13.488128, 0.0 ], [ -89.195449, 13.488204, 0.0 ], [ -89.195412, 13.488369, 0.0 ], [ -89.19526, 13.488679, 0.0 ], [ -89.195092, 13.488829, 0.0 ], [ -89.19487, 13.488931, 0.0 ], [ -89.194741, 13.488926, 0.0 ], [ -89.194418, 13.488914, 0.0 ], [ -89.194371, 13.488912, 0.0 ], [ -89.19408, 13.488941, 0.0 ], [ -89.193939, 13.489026, 0.0 ], [ -89.193887, 13.489057, 0.0 ], [ -89.193731, 13.489227, 0.0 ], [ -89.19366, 13.489304, 0.0 ], [ -89.193563, 13.489427, 0.0 ], [ -89.193424, 13.489604, 0.0 ], [ -89.193404, 13.489651, 0.0 ], [ -89.19334, 13.489802, 0.0 ], [ -89.193329, 13.489838, 0.0 ], [ -89.193286, 13.489976, 0.0 ], [ -89.193294, 13.490056, 0.0 ], [ -89.193316, 13.490276, 0.0 ], [ -89.19339, 13.490851, 0.0 ], [ -89.193321, 13.49118, 0.0 ], [ -89.193238, 13.491504, 0.0 ], [ -89.193216, 13.491712, 0.0 ], [ -89.193189, 13.491973, 0.0 ], [ -89.193145, 13.492567, 0.0 ], [ -89.193116, 13.492946, 0.0 ], [ -89.19311, 13.493012, 0.0 ], [ -89.193104, 13.493056, 0.0 ], [ -89.193052, 13.493413, 0.0 ], [ -89.193039, 13.493681, 0.0 ], [ -89.193037, 13.493723, 0.0 ], [ -89.193034, 13.493731, 0.0 ], [ -89.192943, 13.493955, 0.0 ], [ -89.192721, 13.494211, 0.0 ], [ -89.192583, 13.49441, 0.0 ], [ -89.192583, 13.494424, 0.0 ], [ -89.19258, 13.494512, 0.0 ], [ -89.192579, 13.494545, 0.0 ], [ -89.192602, 13.494605, 0.0 ], [ -89.192626, 13.494668, 0.0 ], [ -89.192638, 13.4947, 0.0 ], [ -89.192641, 13.494703, 0.0 ], [ -89.192781, 13.494859, 0.0 ], [ -89.19283, 13.494938, 0.0 ], [ -89.193033, 13.495265, 0.0 ], [ -89.193126, 13.495512, 0.0 ], [ -89.193157, 13.495594, 0.0 ], [ -89.193156, 13.495606, 0.0 ], [ -89.193138, 13.495874, 0.0 ], [ -89.193127, 13.4959, 0.0 ], [ -89.193049, 13.496087, 0.0 ], [ -89.192972, 13.496145, 0.0 ], [ -89.192876, 13.496217, 0.0 ], [ -89.192545, 13.496343, 0.0 ], [ -89.19218, 13.496576, 0.0 ], [ -89.191781, 13.49706, 0.0 ], [ -89.19178, 13.497061, 0.0 ], [ -89.191533, 13.497478, 0.0 ], [ -89.191465, 13.497592, 0.0 ], [ -89.191361, 13.497919, 0.0 ], [ -89.191354, 13.497941, 0.0 ], [ -89.191317, 13.498056, 0.0 ], [ -89.191281, 13.498216, 0.0 ], [ -89.191273, 13.498249, 0.0 ], [ -89.191337, 13.498389, 0.0 ], [ -89.191355, 13.498396, 0.0 ], [ -89.191476, 13.498447, 0.0 ], [ -89.191807, 13.49837, 0.0 ], [ -89.192009, 13.49835, 0.0 ], [ -89.192103, 13.498442, 0.0 ], [ -89.192127, 13.498545, 0.0 ], [ -89.192142, 13.498611, 0.0 ], [ -89.192067, 13.498945, 0.0 ], [ -89.192054, 13.499003, 0.0 ], [ -89.19204, 13.499047, 0.0 ], [ -89.191946, 13.499346, 0.0 ], [ -89.191922, 13.499454, 0.0 ], [ -89.191867, 13.499704, 0.0 ], [ -89.191882, 13.500231, 0.0 ], [ -89.191891, 13.500316, 0.0 ], [ -89.191935, 13.500726, 0.0 ], [ -89.191937, 13.500738, 0.0 ], [ -89.192011, 13.501077, 0.0 ], [ -89.19212, 13.501434, 0.0 ], [ -89.192246, 13.501641, 0.0 ], [ -89.192288, 13.50171, 0.0 ], [ -89.192427, 13.501951, 0.0 ], [ -89.19256, 13.502333, 0.0 ], [ -89.19258, 13.502414, 0.0 ], [ -89.192631, 13.502627, 0.0 ], [ -89.192664, 13.502768, 0.0 ], [ -89.192759, 13.503251, 0.0 ], [ -89.192828, 13.503372, 0.0 ], [ -89.192909, 13.503509, 0.0 ], [ -89.192961, 13.503599, 0.0 ], [ -89.193006, 13.503705, 0.0 ], [ -89.193015, 13.503727, 0.0 ], [ -89.1931, 13.503928, 0.0 ], [ -89.1931, 13.504126, 0.0 ], [ -89.193006, 13.504286, 0.0 ], [ -89.192978, 13.504303, 0.0 ], [ -89.192824, 13.504402, 0.0 ], [ -89.192493, 13.504465, 0.0 ], [ -89.192058, 13.504436, 0.0 ], [ -89.191802, 13.504441, 0.0 ], [ -89.191754, 13.504493, 0.0 ], [ -89.191708, 13.504543, 0.0 ], [ -89.191604, 13.504678, 0.0 ], [ -89.19158, 13.504853, 0.0 ], [ -89.191544, 13.504965, 0.0 ], [ -89.191511, 13.50507, 0.0 ], [ -89.19156, 13.505239, 0.0 ], [ -89.191758, 13.505437, 0.0 ], [ -89.191985, 13.505606, 0.0 ], [ -89.192143, 13.505814, 0.0 ], [ -89.192247, 13.50608, 0.0 ], [ -89.192208, 13.50636, 0.0 ], [ -89.192114, 13.506641, 0.0 ], [ -89.192046, 13.506868, 0.0 ], [ -89.192041, 13.506904, 0.0 ], [ -89.192027, 13.507006, 0.0 ], [ -89.192011, 13.507124, 0.0 ], [ -89.192008, 13.507181, 0.0 ], [ -89.192001, 13.507312, 0.0 ], [ -89.191997, 13.50739, 0.0 ], [ -89.192, 13.507476, 0.0 ], [ -89.192007, 13.507651, 0.0 ], [ -89.191982, 13.507878, 0.0 ], [ -89.191879, 13.508082, 0.0 ], [ -89.19185, 13.508127, 0.0 ], [ -89.191741, 13.508304, 0.0 ], [ -89.191499, 13.50856, 0.0 ], [ -89.191354, 13.508662, 0.0 ], [ -89.191223, 13.508754, 0.0 ], [ -89.191187, 13.508771, 0.0 ], [ -89.19061, 13.509044, 0.0 ], [ -89.190527, 13.509083, 0.0 ], [ -89.190407, 13.509117, 0.0 ], [ -89.190151, 13.50919, 0.0 ], [ -89.189776, 13.509282, 0.0 ], [ -89.189716, 13.509313, 0.0 ], [ -89.18951, 13.509418, 0.0 ], [ -89.189398, 13.509498, 0.0 ], [ -89.189253, 13.509602, 0.0 ], [ -89.189115, 13.509771, 0.0 ], [ -89.189076, 13.509819, 0.0 ], [ -89.188942, 13.509993, 0.0 ], [ -89.188864, 13.510177, 0.0 ], [ -89.188888, 13.510453, 0.0 ], [ -89.188904, 13.510606, 0.0 ], [ -89.18891, 13.510668, 0.0 ], [ -89.188918, 13.510748, 0.0 ], [ -89.188894, 13.511023, 0.0 ], [ -89.188859, 13.511168, 0.0 ], [ -89.18889, 13.511251, 0.0 ], [ -89.188934, 13.511366, 0.0 ], [ -89.189126, 13.511598, 0.0 ], [ -89.189305, 13.511786, 0.0 ], [ -89.189324, 13.511806, 0.0 ], [ -89.189502, 13.511999, 0.0 ], [ -89.18952, 13.512099, 0.0 ], [ -89.18954, 13.512208, 0.0 ], [ -89.189542, 13.512217, 0.0 ], [ -89.189539, 13.512251, 0.0 ], [ -89.18953, 13.512355, 0.0 ], [ -89.189517, 13.512507, 0.0 ], [ -89.189458, 13.512739, 0.0 ], [ -89.189433, 13.512793, 0.0 ], [ -89.189395, 13.512877, 0.0 ], [ -89.189286, 13.513116, 0.0 ], [ -89.189133, 13.513417, 0.0 ], [ -89.189031, 13.513619, 0.0 ], [ -89.188906, 13.513866, 0.0 ], [ -89.188768, 13.514199, 0.0 ], [ -89.18863, 13.51434, 0.0 ], [ -89.188556, 13.514422, 0.0 ], [ -89.188283, 13.514601, 0.0 ], [ -89.188275, 13.514606, 0.0 ], [ -89.188156, 13.514698, 0.0 ], [ -89.188082, 13.514843, 0.0 ], [ -89.188071, 13.514902, 0.0 ], [ -89.188058, 13.514969, 0.0 ], [ -89.188091, 13.515042, 0.0 ], [ -89.188117, 13.515099, 0.0 ], [ -89.18813, 13.515123, 0.0 ], [ -89.188181, 13.51522, 0.0 ], [ -89.18833, 13.51537, 0.0 ], [ -89.188483, 13.515558, 0.0 ], [ -89.188601, 13.515775, 0.0 ], [ -89.188626, 13.516075, 0.0 ], [ -89.188569, 13.516215, 0.0 ], [ -89.188557, 13.516244, 0.0 ], [ -89.188444, 13.51639, 0.0 ], [ -89.188367, 13.516413, 0.0 ], [ -89.188271, 13.516443, 0.0 ], [ -89.187965, 13.516549, 0.0 ], [ -89.187768, 13.516704, 0.0 ], [ -89.187659, 13.51688, 0.0 ], [ -89.1876, 13.516975, 0.0 ], [ -89.187563, 13.517088, 0.0 ], [ -89.187521, 13.517217, 0.0 ], [ -89.187561, 13.517415, 0.0 ], [ -89.187744, 13.517671, 0.0 ], [ -89.188114, 13.518053, 0.0 ], [ -89.188341, 13.518342, 0.0 ], [ -89.188342, 13.518343, 0.0 ], [ -89.188343, 13.518344, 0.0 ], [ -89.188454, 13.518535, 0.0 ], [ -89.188465, 13.518555, 0.0 ], [ -89.1885, 13.5187, 0.0 ], [ -89.188495, 13.518716, 0.0 ], [ -89.188456, 13.51885, 0.0 ], [ -89.188214, 13.519131, 0.0 ], [ -89.187854, 13.519692, 0.0 ], [ -89.187819, 13.519769, 0.0 ], [ -89.187741, 13.519938, 0.0 ], [ -89.187761, 13.520117, 0.0 ], [ -89.187761, 13.520119, 0.0 ], [ -89.18782, 13.520301, 0.0 ], [ -89.187889, 13.520393, 0.0 ], [ -89.188023, 13.520514, 0.0 ], [ -89.188035, 13.52053, 0.0 ], [ -89.188156, 13.520687, 0.0 ], [ -89.188218, 13.520877, 0.0 ], [ -89.18822, 13.520886, 0.0 ], [ -89.188222, 13.5209, 0.0 ], [ -89.188252, 13.521188, 0.0 ], [ -89.188255, 13.521219, 0.0 ], [ -89.188255, 13.521422, 0.0 ], [ -89.188172, 13.521669, 0.0 ], [ -89.188093, 13.521877, 0.0 ], [ -89.188056, 13.521989, 0.0 ], [ -89.188019, 13.522099, 0.0 ], [ -89.188, 13.522221, 0.0 ], [ -89.18797, 13.522413, 0.0 ], [ -89.18796, 13.522824, 0.0 ], [ -89.187985, 13.523085, 0.0 ], [ -89.188035, 13.523375, 0.0 ], [ -89.188032, 13.523466, 0.0 ], [ -89.188048, 13.523594, 0.0 ], [ -89.188057, 13.523673, 0.0 ], [ -89.188135, 13.523702, 0.0 ], [ -89.188362, 13.523784, 0.0 ], [ -89.188664, 13.523908, 0.0 ], [ -89.188749, 13.523952, 0.0 ], [ -89.18885, 13.524003, 0.0 ], [ -89.189049, 13.52406, 0.0 ], [ -89.189156, 13.52409, 0.0 ], [ -89.189188, 13.52411, 0.0 ], [ -89.189304, 13.524184, 0.0 ], [ -89.189354, 13.524216, 0.0 ], [ -89.189472, 13.524324, 0.0 ], [ -89.189512, 13.524361, 0.0 ], [ -89.189547, 13.524564, 0.0 ], [ -89.189535, 13.524705, 0.0 ], [ -89.189527, 13.524791, 0.0 ], [ -89.189433, 13.525028, 0.0 ], [ -89.189339, 13.525135, 0.0 ], [ -89.18931, 13.525168, 0.0 ], [ -89.189119, 13.525371, 0.0 ], [ -89.189073, 13.52542, 0.0 ], [ -89.188837, 13.525637, 0.0 ], [ -89.188476, 13.525942, 0.0 ], [ -89.188249, 13.526189, 0.0 ], [ -89.188116, 13.526416, 0.0 ], [ -89.188028, 13.526706, 0.0 ], [ -89.188005, 13.526967, 0.0 ], [ -89.187984, 13.527219, 0.0 ], [ -89.188023, 13.527789, 0.0 ], [ -89.188047, 13.527941, 0.0 ], [ -89.188078, 13.528137, 0.0 ], [ -89.188098, 13.528379, 0.0 ], [ -89.188125, 13.528488, 0.0 ], [ -89.188148, 13.528577, 0.0 ], [ -89.188242, 13.528882, 0.0 ], [ -89.188291, 13.52908, 0.0 ], [ -89.188228, 13.529289, 0.0 ], [ -89.188222, 13.529307, 0.0 ], [ -89.1882, 13.529342, 0.0 ], [ -89.188064, 13.529554, 0.0 ], [ -89.188044, 13.529597, 0.0 ], [ -89.187961, 13.529771, 0.0 ], [ -89.187877, 13.529921, 0.0 ], [ -89.187848, 13.53009, 0.0 ], [ -89.187853, 13.530279, 0.0 ], [ -89.187893, 13.530426, 0.0 ], [ -89.187907, 13.530477, 0.0 ], [ -89.187939, 13.530558, 0.0 ], [ -89.187971, 13.530641, 0.0 ], [ -89.188109, 13.530812, 0.0 ], [ -89.18814, 13.530849, 0.0 ], [ -89.18839, 13.53114, 0.0 ], [ -89.188402, 13.531154, 0.0 ], [ -89.188447, 13.531218, 0.0 ], [ -89.188575, 13.5314, 0.0 ], [ -89.188678, 13.531593, 0.0 ], [ -89.188718, 13.531849, 0.0 ], [ -89.188709, 13.532003, 0.0 ], [ -89.188708, 13.532014, 0.0 ], [ -89.188659, 13.532101, 0.0 ], [ -89.188595, 13.532217, 0.0 ], [ -89.188422, 13.532444, 0.0 ], [ -89.188227, 13.532594, 0.0 ], [ -89.188042, 13.532735, 0.0 ], [ -89.187766, 13.532865, 0.0 ], [ -89.187623, 13.532986, 0.0 ], [ -89.187424, 13.533203, 0.0 ], [ -89.187411, 13.533219, 0.0 ], [ -89.187272, 13.533393, 0.0 ], [ -89.187199, 13.533528, 0.0 ], [ -89.187199, 13.53355, 0.0 ], [ -89.187204, 13.533668, 0.0 ], [ -89.187213, 13.533732, 0.0 ], [ -89.187223, 13.533804, 0.0 ], [ -89.187298, 13.53391, 0.0 ], [ -89.187401, 13.534094, 0.0 ], [ -89.18756, 13.534258, 0.0 ], [ -89.187625, 13.534306, 0.0 ], [ -89.187718, 13.534374, 0.0 ], [ -89.187823, 13.534443, 0.0 ], [ -89.18793, 13.534514, 0.0 ], [ -89.188083, 13.534625, 0.0 ], [ -89.188197, 13.534736, 0.0 ], [ -89.188271, 13.534895, 0.0 ], [ -89.188298, 13.534983, 0.0 ], [ -89.188331, 13.535089, 0.0 ], [ -89.188328, 13.535127, 0.0 ], [ -89.188321, 13.535224, 0.0 ], [ -89.188286, 13.535308, 0.0 ], [ -89.188242, 13.535413, 0.0 ], [ -89.188138, 13.53564, 0.0 ], [ -89.18806, 13.53578, 0.0 ], [ -89.188028, 13.53591, 0.0 ], [ -89.188015, 13.535964, 0.0 ], [ -89.188035, 13.53602, 0.0 ], [ -89.188054, 13.536072, 0.0 ], [ -89.188104, 13.53621, 0.0 ], [ -89.188198, 13.536515, 0.0 ], [ -89.188337, 13.536829, 0.0 ], [ -89.188451, 13.537076, 0.0 ], [ -89.188466, 13.537308, 0.0 ], [ -89.188442, 13.537505, 0.0 ], [ -89.188436, 13.537549, 0.0 ], [ -89.188427, 13.537569, 0.0 ], [ -89.188333, 13.537762, 0.0 ], [ -89.188101, 13.538052, 0.0 ], [ -89.1878, 13.538396, 0.0 ], [ -89.187461, 13.538661, 0.0 ], [ -89.18743, 13.538686, 0.0 ], [ -89.187005, 13.538967, 0.0 ], [ -89.186645, 13.539252, 0.0 ], [ -89.186512, 13.539388, 0.0 ], [ -89.186433, 13.539538, 0.0 ], [ -89.186334, 13.539828, 0.0 ], [ -89.186182, 13.540278, 0.0 ], [ -89.186068, 13.540587, 0.0 ], [ -89.186024, 13.540911, 0.0 ], [ -89.185995, 13.541303, 0.0 ], [ -89.185961, 13.541892, 0.0 ], [ -89.185902, 13.542274, 0.0 ], [ -89.185867, 13.542393, 0.0 ], [ -89.185814, 13.542573, 0.0 ], [ -89.185793, 13.542642, 0.0 ], [ -89.185641, 13.542956, 0.0 ], [ -89.185463, 13.543348, 0.0 ], [ -89.185377, 13.543511, 0.0 ], [ -89.185315, 13.543628, 0.0 ], [ -89.185231, 13.543856, 0.0 ], [ -89.185232, 13.543945, 0.0 ], [ -89.185232, 13.543965, 0.0 ], [ -89.185232, 13.54402, 0.0 ], [ -89.185306, 13.5443, 0.0 ], [ -89.1854, 13.544856, 0.0 ], [ -89.185445, 13.545108, 0.0 ], [ -89.18544, 13.545319, 0.0 ], [ -89.18544, 13.545325, 0.0 ], [ -89.185435, 13.545347, 0.0 ], [ -89.185371, 13.545601, 0.0 ], [ -89.185355, 13.545709, 0.0 ], [ -89.185351, 13.545736, 0.0 ], [ -89.185332, 13.545838, 0.0 ], [ -89.185332, 13.545973, 0.0 ], [ -89.185316, 13.546073, 0.0 ], [ -89.185302, 13.546162, 0.0 ], [ -89.185288, 13.546365, 0.0 ], [ -89.185312, 13.546584, 0.0 ], [ -89.185313, 13.546592, 0.0 ], [ -89.185312, 13.546598, 0.0 ], [ -89.185273, 13.546838, 0.0 ], [ -89.185206, 13.546941, 0.0 ], [ -89.185125, 13.547066, 0.0 ], [ -89.18475, 13.547438, 0.0 ], [ -89.184593, 13.54768, 0.0 ], [ -89.184523, 13.547825, 0.0 ], [ -89.184514, 13.548004, 0.0 ], [ -89.184632, 13.548105, 0.0 ], [ -89.184766, 13.548212, 0.0 ], [ -89.184791, 13.548251, 0.0 ], [ -89.184899, 13.548424, 0.0 ], [ -89.184934, 13.548526, 0.0 ], [ -89.184962, 13.548593, 0.0 ], [ -89.184988, 13.548656, 0.0 ], [ -89.184993, 13.548874, 0.0 ], [ -89.184998, 13.548922, 0.0 ], [ -89.185028, 13.548999, 0.0 ], [ -89.185048, 13.549024, 0.0 ], [ -89.185157, 13.549125, 0.0 ], [ -89.185241, 13.549255, 0.0 ], [ -89.185295, 13.549381, 0.0 ], [ -89.185305, 13.549502, 0.0 ], [ -89.18533, 13.549603, 0.0 ], [ -89.185394, 13.5497, 0.0 ], [ -89.18552, 13.549847, 0.0 ], [ -89.185547, 13.549879, 0.0 ], [ -89.185635, 13.549945, 0.0 ], [ -89.18575, 13.550033, 0.0 ], [ -89.185761, 13.550054, 0.0 ], [ -89.185859, 13.550241, 0.0 ], [ -89.185882, 13.550352, 0.0 ], [ -89.185884, 13.550362, 0.0 ], [ -89.185936, 13.550564, 0.0 ], [ -89.185958, 13.550647, 0.0 ], [ -89.186093, 13.55087, 0.0 ], [ -89.186101, 13.550884, 0.0 ], [ -89.186245, 13.551145, 0.0 ], [ -89.186383, 13.551382, 0.0 ], [ -89.186488, 13.551561, 0.0 ], [ -89.186536, 13.551643, 0.0 ], [ -89.186594, 13.551669, 0.0 ], [ -89.18665, 13.551696, 0.0 ], [ -89.186769, 13.551698, 0.0 ], [ -89.186897, 13.5517, 0.0 ], [ -89.1871, 13.551773, 0.0 ], [ -89.187381, 13.55199, 0.0 ], [ -89.187648, 13.552217, 0.0 ], [ -89.187762, 13.552386, 0.0 ], [ -89.187747, 13.55256, 0.0 ], [ -89.187683, 13.552681, 0.0 ], [ -89.187569, 13.552759, 0.0 ], [ -89.187488, 13.552835, 0.0 ], [ -89.187446, 13.552875, 0.0 ], [ -89.187383, 13.552914, 0.0 ], [ -89.187283, 13.552976, 0.0 ], [ -89.187227, 13.553042, 0.0 ], [ -89.187185, 13.553092, 0.0 ], [ -89.187144, 13.55318, 0.0 ], [ -89.187111, 13.553252, 0.0 ], [ -89.187057, 13.553392, 0.0 ], [ -89.187022, 13.553484, 0.0 ], [ -89.186993, 13.553583, 0.0 ], [ -89.186948, 13.55374, 0.0 ], [ -89.186963, 13.553914, 0.0 ], [ -89.187017, 13.554084, 0.0 ], [ -89.187055, 13.554139, 0.0 ], [ -89.187096, 13.554199, 0.0 ], [ -89.187146, 13.554272, 0.0 ], [ -89.187329, 13.554407, 0.0 ], [ -89.187571, 13.554586, 0.0 ], [ -89.187669, 13.55468, 0.0 ], [ -89.187848, 13.554852, 0.0 ], [ -89.188164, 13.555185, 0.0 ], [ -89.188168, 13.555194, 0.0 ], [ -89.188233, 13.555354, 0.0 ], [ -89.188219, 13.55546, 0.0 ], [ -89.188176, 13.555581, 0.0 ], [ -89.188169, 13.555601, 0.0 ], [ -89.187953, 13.555771, 0.0 ], [ -89.187898, 13.555814, 0.0 ], [ -89.187856, 13.555853, 0.0 ], [ -89.18771, 13.555988, 0.0 ], [ -89.187596, 13.556129, 0.0 ], [ -89.187557, 13.556176, 0.0 ], [ -89.187513, 13.55626, 0.0 ], [ -89.187301, 13.55666, 0.0 ], [ -89.187178, 13.557003, 0.0 ], [ -89.187079, 13.557293, 0.0 ], [ -89.186996, 13.557772, 0.0 ], [ -89.186958, 13.558145, 0.0 ], [ -89.186957, 13.558159, 0.0 ], [ -89.186957, 13.558175, 0.0 ], [ -89.186957, 13.558319, 0.0 ], [ -89.186957, 13.558444, 0.0 ], [ -89.187001, 13.558778, 0.0 ], [ -89.187023, 13.558858, 0.0 ], [ -89.187101, 13.55915, 0.0 ], [ -89.187204, 13.55943, 0.0 ], [ -89.187308, 13.559822, 0.0 ], [ -89.187378, 13.560063, 0.0 ], [ -89.187391, 13.560122, 0.0 ], [ -89.187502, 13.560605, 0.0 ], [ -89.187504, 13.560615, 0.0 ], [ -89.187621, 13.561146, 0.0 ], [ -89.187675, 13.561504, 0.0 ], [ -89.18768, 13.561703, 0.0 ], [ -89.18768, 13.561716, 0.0 ], [ -89.187681, 13.561837, 0.0 ], [ -89.187651, 13.561958, 0.0 ], [ -89.187577, 13.562016, 0.0 ], [ -89.187503, 13.562103, 0.0 ], [ -89.187459, 13.56219, 0.0 ], [ -89.187444, 13.562316, 0.0 ], [ -89.187444, 13.562428, 0.0 ], [ -89.187444, 13.562432, 0.0 ], [ -89.187508, 13.562538, 0.0 ], [ -89.187647, 13.562616, 0.0 ], [ -89.187738, 13.562658, 0.0 ], [ -89.187908, 13.562736, 0.0 ], [ -89.188042, 13.562862, 0.0 ], [ -89.18817, 13.562944, 0.0 ], [ -89.188244, 13.563055, 0.0 ], [ -89.188324, 13.563306, 0.0 ], [ -89.188438, 13.563611, 0.0 ], [ -89.188507, 13.563882, 0.0 ], [ -89.188534, 13.564011, 0.0 ], [ -89.188513, 13.564066, 0.0 ], [ -89.188447, 13.564238, 0.0 ], [ -89.188321, 13.564428, 0.0 ], [ -89.188212, 13.564542, 0.0 ], [ -89.188026, 13.564735, 0.0 ], [ -89.187897, 13.564879, 0.0 ], [ -89.187824, 13.564964, 0.0 ], [ -89.187659, 13.565131, 0.0 ], [ -89.187412, 13.565388, 0.0 ], [ -89.1874, 13.5654, 0.0 ], [ -89.187402, 13.565421, 0.0 ], [ -89.187425, 13.565716, 0.0 ], [ -89.18743, 13.565771, 0.0 ], [ -89.187505, 13.565871, 0.0 ], [ -89.187593, 13.565989, 0.0 ], [ -89.187926, 13.566139, 0.0 ], [ -89.18798, 13.566163, 0.0 ], [ -89.188351, 13.566351, 0.0 ], [ -89.188391, 13.56637, 0.0 ], [ -89.188614, 13.566472, 0.0 ], [ -89.188811, 13.566562, 0.0 ], [ -89.188967, 13.566816, 0.0 ], [ -89.188997, 13.567063, 0.0 ], [ -89.188954, 13.567312, 0.0 ], [ -89.188946, 13.567361, 0.0 ], [ -89.188901, 13.567587, 0.0 ], [ -89.188906, 13.567761, 0.0 ], [ -89.188909, 13.567899, 0.0 ], [ -89.188983, 13.5682, 0.0 ], [ -89.188998, 13.568263, 0.0 ], [ -89.189017, 13.568308, 0.0 ], [ -89.189073, 13.568437, 0.0 ], [ -89.18908, 13.568503, 0.0 ], [ -89.189103, 13.568699, 0.0 ], [ -89.189133, 13.569288, 0.0 ], [ -89.189096, 13.569549, 0.0 ], [ -89.188918, 13.569811, 0.0 ], [ -89.188718, 13.570051, 0.0 ], [ -89.188614, 13.570349, 0.0 ], [ -89.18862, 13.570453, 0.0 ], [ -89.188629, 13.570618, 0.0 ], [ -89.188644, 13.570902, 0.0 ], [ -89.188721, 13.571397, 0.0 ], [ -89.188732, 13.571489, 0.0 ], [ -89.188757, 13.571699, 0.0 ], [ -89.188773, 13.571968, 0.0 ], [ -89.188811, 13.571976, 0.0 ], [ -89.197254, 13.573861, 0.0 ], [ -89.197285, 13.573868, 0.0 ], [ -89.197204, 13.574069, 0.0 ], [ -89.197171, 13.574301, 0.0 ], [ -89.197052, 13.574737, 0.0 ], [ -89.197048, 13.574751, 0.0 ], [ -89.197011, 13.574909, 0.0 ], [ -89.19695, 13.575168, 0.0 ], [ -89.196863, 13.575408, 0.0 ], [ -89.196828, 13.575505, 0.0 ], [ -89.196817, 13.575545, 0.0 ], [ -89.196722, 13.575906, 0.0 ], [ -89.19672, 13.575926, 0.0 ], [ -89.196684, 13.576304, 0.0 ], [ -89.196682, 13.576321, 0.0 ], [ -89.196617, 13.57651, 0.0 ], [ -89.196431, 13.576966, 0.0 ], [ -89.19641, 13.57713, 0.0 ], [ -89.196346, 13.577531, 0.0 ], [ -89.196337, 13.577733, 0.0 ], [ -89.196329, 13.577864, 0.0 ], [ -89.196345, 13.577984, 0.0 ], [ -89.196346, 13.577991, 0.0 ], [ -89.196348, 13.577996, 0.0 ], [ -89.196381, 13.578071, 0.0 ], [ -89.196412, 13.578107, 0.0 ], [ -89.196419, 13.578116, 0.0 ], [ -89.196442, 13.578126, 0.0 ], [ -89.196553, 13.578175, 0.0 ], [ -89.196833, 13.578314, 0.0 ], [ -89.196884, 13.578362, 0.0 ], [ -89.196932, 13.578407, 0.0 ], [ -89.19699, 13.578477, 0.0 ], [ -89.197001, 13.578491, 0.0 ], [ -89.19704, 13.578588, 0.0 ], [ -89.197062, 13.578786, 0.0 ], [ -89.197075, 13.578921, 0.0 ], [ -89.197091, 13.579077, 0.0 ], [ -89.197126, 13.579174, 0.0 ], [ -89.197166, 13.579274, 0.0 ], [ -89.19717, 13.579283, 0.0 ], [ -89.197243, 13.579414, 0.0 ], [ -89.197346, 13.579553, 0.0 ], [ -89.197407, 13.579622, 0.0 ], [ -89.19745, 13.579671, 0.0 ], [ -89.197489, 13.579772, 0.0 ], [ -89.19748, 13.579856, 0.0 ], [ -89.197479, 13.579858, 0.0 ], [ -89.197453, 13.579899, 0.0 ], [ -89.197424, 13.579945, 0.0 ], [ -89.197291, 13.58005, 0.0 ], [ -89.197114, 13.58016, 0.0 ], [ -89.197071, 13.580227, 0.0 ], [ -89.19696, 13.58043, 0.0 ], [ -89.19695, 13.580455, 0.0 ], [ -89.196891, 13.580602, 0.0 ], [ -89.196876, 13.580649, 0.0 ], [ -89.196873, 13.580659, 0.0 ], [ -89.196871, 13.580666, 0.0 ], [ -89.196845, 13.580746, 0.0 ], [ -89.196831, 13.580792, 0.0 ], [ -89.196792, 13.580919, 0.0 ], [ -89.196805, 13.581075, 0.0 ], [ -89.196826, 13.58114, 0.0 ], [ -89.196853, 13.581226, 0.0 ], [ -89.196893, 13.581294, 0.0 ], [ -89.196935, 13.581365, 0.0 ], [ -89.197146, 13.581677, 0.0 ], [ -89.197305, 13.58193, 0.0 ], [ -89.197413, 13.582292, 0.0 ], [ -89.197547, 13.58265, 0.0 ], [ -89.197616, 13.582911, 0.0 ], [ -89.197653, 13.583019, 0.0 ], [ -89.197681, 13.583101, 0.0 ], [ -89.197766, 13.583389, 0.0 ], [ -89.197785, 13.583451, 0.0 ], [ -89.198034, 13.583324, 0.0 ], [ -89.198142, 13.583269, 0.0 ], [ -89.198219, 13.583254, 0.0 ], [ -89.198426, 13.583214, 0.0 ], [ -89.198706, 13.583159, 0.0 ], [ -89.198964, 13.58315, 0.0 ], [ -89.199119, 13.583167, 0.0 ], [ -89.199304, 13.583209, 0.0 ], [ -89.199343, 13.583222, 0.0 ], [ -89.199438, 13.583255, 0.0 ], [ -89.19955, 13.583276, 0.0 ], [ -89.199809, 13.583332, 0.0 ], [ -89.199864, 13.583343, 0.0 ], [ -89.199917, 13.583343, 0.0 ], [ -89.199981, 13.583343, 0.0 ], [ -89.200064, 13.583343, 0.0 ], [ -89.200065, 13.583405, 0.0 ], [ -89.200039, 13.58349, 0.0 ], [ -89.200016, 13.583563, 0.0 ], [ -89.200009, 13.583568, 0.0 ], [ -89.199817, 13.583685, 0.0 ], [ -89.19959, 13.583802, 0.0 ], [ -89.199142, 13.583955, 0.0 ], [ -89.198894, 13.584193, 0.0 ], [ -89.19863, 13.5846, 0.0 ], [ -89.198502, 13.584928, 0.0 ], [ -89.198479, 13.584986, 0.0 ], [ -89.198474, 13.585034, 0.0 ], [ -89.198448, 13.585256, 0.0 ], [ -89.198409, 13.585584, 0.0 ], [ -89.198428, 13.585845, 0.0 ], [ -89.198448, 13.586123, 0.0 ], [ -89.198421, 13.586487, 0.0 ], [ -89.198483, 13.586621, 0.0 ], [ -89.198509, 13.586549, 0.0 ], [ -89.198571, 13.586311, 0.0 ], [ -89.198596, 13.586098, 0.0 ], [ -89.198667, 13.58599, 0.0 ], [ -89.198722, 13.585955, 0.0 ], [ -89.198799, 13.585907, 0.0 ], [ -89.198966, 13.585879, 0.0 ], [ -89.199127, 13.585846, 0.0 ], [ -89.199254, 13.585793, 0.0 ], [ -89.199322, 13.585696, 0.0 ], [ -89.199335, 13.58568, 0.0 ], [ -89.199345, 13.585666, 0.0 ], [ -89.199454, 13.585525, 0.0 ], [ -89.199457, 13.585522, 0.0 ], [ -89.19946, 13.585522, 0.0 ], [ -89.199559, 13.585527, 0.0 ], [ -89.199663, 13.585599, 0.0 ], [ -89.199822, 13.58571, 0.0 ], [ -89.199929, 13.585704, 0.0 ], [ -89.200028, 13.585649, 0.0 ], [ -89.200163, 13.585516, 0.0 ], [ -89.20031, 13.585372, 0.0 ], [ -89.200372, 13.585289, 0.0 ], [ -89.200406, 13.585252, 0.0 ], [ -89.200598, 13.58504, 0.0 ], [ -89.200646, 13.585022, 0.0 ], [ -89.200762, 13.584979, 0.0 ], [ -89.200956, 13.584918, 0.0 ], [ -89.201092, 13.584884, 0.0 ], [ -89.20123, 13.584848, 0.0 ], [ -89.201467, 13.584768, 0.0 ], [ -89.201527, 13.584753, 0.0 ], [ -89.201657, 13.584719, 0.0 ], [ -89.201716, 13.584704, 0.0 ], [ -89.201922, 13.584635, 0.0 ], [ -89.201981, 13.584616, 0.0 ], [ -89.202131, 13.584505, 0.0 ], [ -89.202264, 13.584339, 0.0 ], [ -89.202271, 13.584331, 0.0 ], [ -89.202419, 13.584178, 0.0 ], [ -89.202557, 13.584067, 0.0 ], [ -89.20265, 13.58404, 0.0 ], [ -89.20278, 13.583937, 0.0 ], [ -89.20289, 13.583816, 0.0 ], [ -89.202956, 13.583736, 0.0 ], [ -89.203029, 13.583648, 0.0 ], [ -89.203047, 13.583627, 0.0 ], [ -89.20306, 13.583611, 0.0 ], [ -89.203132, 13.583448, 0.0 ], [ -89.203152, 13.583402, 0.0 ], [ -89.203245, 13.583332, 0.0 ], [ -89.203351, 13.583252, 0.0 ], [ -89.203506, 13.583197, 0.0 ], [ -89.203633, 13.583174, 0.0 ], [ -89.203644, 13.583172, 0.0 ], [ -89.203654, 13.583171, 0.0 ], [ -89.203782, 13.583167, 0.0 ], [ -89.203863, 13.583148, 0.0 ], [ -89.203928, 13.583132, 0.0 ], [ -89.204, 13.583157, 0.0 ], [ -89.204002, 13.583158, 0.0 ], [ -89.204036, 13.58317, 0.0 ], [ -89.204059, 13.583182, 0.0 ], [ -89.204191, 13.583251, 0.0 ], [ -89.20435, 13.583327, 0.0 ], [ -89.204553, 13.583394, 0.0 ], [ -89.204691, 13.583432, 0.0 ], [ -89.20488, 13.583462, 0.0 ], [ -89.204983, 13.583461, 0.0 ], [ -89.20516, 13.583436, 0.0 ], [ -89.205298, 13.583436, 0.0 ], [ -89.205475, 13.583454, 0.0 ], [ -89.2055, 13.583457, 0.0 ], [ -89.205504, 13.583459, 0.0 ], [ -89.205648, 13.583546, 0.0 ], [ -89.205858, 13.583652, 0.0 ], [ -89.20602, 13.583727, 0.0 ], [ -89.206155, 13.583844, 0.0 ], [ -89.206349, 13.58397, 0.0 ], [ -89.206383, 13.583976, 0.0 ], [ -89.206422, 13.583983, 0.0 ], [ -89.206465, 13.583985, 0.0 ], [ -89.206629, 13.583995, 0.0 ], [ -89.206874, 13.583987, 0.0 ], [ -89.207113, 13.583985, 0.0 ], [ -89.207257, 13.583932, 0.0 ], [ -89.207365, 13.583868, 0.0 ], [ -89.207468, 13.583797, 0.0 ], [ -89.207576, 13.583687, 0.0 ], [ -89.207666, 13.583607, 0.0 ], [ -89.207713, 13.583581, 0.0 ], [ -89.207748, 13.583607, 0.0 ], [ -89.207774, 13.58367, 0.0 ], [ -89.20775, 13.583794, 0.0 ], [ -89.207743, 13.583826, 0.0 ], [ -89.207731, 13.583965, 0.0 ], [ -89.207731, 13.583981, 0.0 ], [ -89.207729, 13.584058, 0.0 ], [ -89.207744, 13.584146, 0.0 ], [ -89.207759, 13.584176, 0.0 ], [ -89.207774, 13.584205, 0.0 ], [ -89.207788, 13.584245, 0.0 ], [ -89.207796, 13.584268, 0.0 ], [ -89.207828, 13.584297, 0.0 ], [ -89.207839, 13.584306, 0.0 ], [ -89.207875, 13.584335, 0.0 ], [ -89.207908, 13.584361, 0.0 ], [ -89.207981, 13.58439, 0.0 ], [ -89.208146, 13.584435, 0.0 ], [ -89.208186, 13.584422, 0.0 ], [ -89.208256, 13.58439, 0.0 ], [ -89.208381, 13.58431, 0.0 ], [ -89.208444, 13.584257, 0.0 ], [ -89.208545, 13.584171, 0.0 ], [ -89.20867, 13.584059, 0.0 ], [ -89.208793, 13.584036, 0.0 ], [ -89.208866, 13.584022, 0.0 ], [ -89.209001, 13.583991, 0.0 ], [ -89.20901, 13.583989, 0.0 ], [ -89.209014, 13.583989, 0.0 ], [ -89.209059, 13.583994, 0.0 ], [ -89.209147, 13.584002, 0.0 ], [ -89.209302, 13.584056, 0.0 ], [ -89.209548, 13.584178, 0.0 ], [ -89.209785, 13.584385, 0.0 ], [ -89.209992, 13.58454, 0.0 ], [ -89.210074, 13.584616, 0.0 ], [ -89.210121, 13.584658, 0.0 ], [ -89.210158, 13.584674, 0.0 ], [ -89.210175, 13.584681, 0.0 ], [ -89.210293, 13.58473, 0.0 ], [ -89.210392, 13.584734, 0.0 ], [ -89.210582, 13.5847, 0.0 ], [ -89.210633, 13.584676, 0.0 ], [ -89.210719, 13.584637, 0.0 ], [ -89.210844, 13.584624, 0.0 ], [ -89.210899, 13.584647, 0.0 ], [ -89.210951, 13.584668, 0.0 ], [ -89.210956, 13.58467, 0.0 ], [ -89.211107, 13.584796, 0.0 ], [ -89.21121, 13.58491, 0.0 ], [ -89.211292, 13.58503, 0.0 ], [ -89.211297, 13.585036, 0.0 ], [ -89.211396, 13.585116, 0.0 ], [ -89.211512, 13.585171, 0.0 ], [ -89.211611, 13.585179, 0.0 ], [ -89.21168, 13.585154, 0.0 ], [ -89.211861, 13.585019, 0.0 ], [ -89.212024, 13.584989, 0.0 ], [ -89.212264, 13.58497, 0.0 ], [ -89.212489, 13.584981, 0.0 ], [ -89.21267, 13.585018, 0.0 ], [ -89.212769, 13.585039, 0.0 ], [ -89.212914, 13.585095, 0.0 ], [ -89.212967, 13.585115, 0.0 ], [ -89.213187, 13.585195, 0.0 ], [ -89.213445, 13.585271, 0.0 ], [ -89.213568, 13.585305, 0.0 ], [ -89.213669, 13.585334, 0.0 ], [ -89.2138, 13.585412, 0.0 ], [ -89.213902, 13.585472, 0.0 ], [ -89.214096, 13.585628, 0.0 ], [ -89.214212, 13.585658, 0.0 ], [ -89.214552, 13.585699, 0.0 ], [ -89.215004, 13.585741, 0.0 ], [ -89.215241, 13.585754, 0.0 ], [ -89.215358, 13.58577, 0.0 ], [ -89.21556, 13.585842, 0.0 ], [ -89.215735, 13.585832, 0.0 ], [ -89.215762, 13.585831, 0.0 ], [ -89.215788, 13.585768, 0.0 ], [ -89.215805, 13.585728, 0.0 ], [ -89.215917, 13.585584, 0.0 ], [ -89.215975, 13.585512, 0.0 ], [ -89.215978, 13.585509, 0.0 ], [ -89.216033, 13.585441, 0.0 ], [ -89.216171, 13.585315, 0.0 ], [ -89.216395, 13.585125, 0.0 ], [ -89.216528, 13.584998, 0.0 ], [ -89.216632, 13.584884, 0.0 ], [ -89.216635, 13.58488, 0.0 ], [ -89.216637, 13.584877, 0.0 ], [ -89.2167, 13.584775, 0.0 ], [ -89.216739, 13.584686, 0.0 ], [ -89.216794, 13.584551, 0.0 ], [ -89.216842, 13.584433, 0.0 ], [ -89.216949, 13.584218, 0.0 ], [ -89.216977, 13.584074, 0.0 ], [ -89.216979, 13.584062, 0.0 ], [ -89.216987, 13.584048, 0.0 ], [ -89.217035, 13.583957, 0.0 ], [ -89.217093, 13.583896, 0.0 ], [ -89.217104, 13.583885, 0.0 ], [ -89.217126, 13.583872, 0.0 ], [ -89.21719, 13.583834, 0.0 ], [ -89.217242, 13.583801, 0.0 ], [ -89.217281, 13.583754, 0.0 ], [ -89.217319, 13.583699, 0.0 ], [ -89.217354, 13.583565, 0.0 ], [ -89.217397, 13.58359, 0.0 ], [ -89.21744, 13.583615, 0.0 ], [ -89.217452, 13.583631, 0.0 ], [ -89.217548, 13.583754, 0.0 ], [ -89.217553, 13.583762, 0.0 ], [ -89.217625, 13.583885, 0.0 ], [ -89.217707, 13.584032, 0.0 ], [ -89.217737, 13.584106, 0.0 ], [ -89.217755, 13.58415, 0.0 ], [ -89.217837, 13.584306, 0.0 ], [ -89.21788, 13.584428, 0.0 ], [ -89.217914, 13.584452, 0.0 ], [ -89.217957, 13.584483, 0.0 ], [ -89.218017, 13.584514, 0.0 ], [ -89.218087, 13.58455, 0.0 ], [ -89.218216, 13.584596, 0.0 ], [ -89.218258, 13.584624, 0.0 ], [ -89.218345, 13.58468, 0.0 ], [ -89.218444, 13.584744, 0.0 ], [ -89.218542, 13.58484, 0.0 ], [ -89.218659, 13.584936, 0.0 ], [ -89.218715, 13.584966, 0.0 ], [ -89.218874, 13.585109, 0.0 ], [ -89.218947, 13.585193, 0.0 ], [ -89.218977, 13.585228, 0.0 ], [ -89.219016, 13.585273, 0.0 ], [ -89.21908, 13.585546, 0.0 ], [ -89.219081, 13.585551, 0.0 ], [ -89.219128, 13.585623, 0.0 ], [ -89.21921, 13.585684, 0.0 ], [ -89.21923, 13.585698, 0.0 ], [ -89.219288, 13.585741, 0.0 ], [ -89.219498, 13.585859, 0.0 ], [ -89.219534, 13.58588, 0.0 ], [ -89.219663, 13.585981, 0.0 ], [ -89.219775, 13.586069, 0.0 ], [ -89.219798, 13.586081, 0.0 ], [ -89.219856, 13.586112, 0.0 ], [ -89.220038, 13.586208, 0.0 ], [ -89.220184, 13.586313, 0.0 ], [ -89.220223, 13.586418, 0.0 ], [ -89.220245, 13.586566, 0.0 ], [ -89.220212, 13.586706, 0.0 ], [ -89.22021, 13.586713, 0.0 ], [ -89.220205, 13.586718, 0.0 ], [ -89.220149, 13.586763, 0.0 ], [ -89.220094, 13.586806, 0.0 ], [ -89.220008, 13.586988, 0.0 ], [ -89.219949, 13.587059, 0.0 ], [ -89.219942, 13.587067, 0.0 ], [ -89.220155, 13.587232, 0.0 ], [ -89.220332, 13.587333, 0.0 ], [ -89.220495, 13.587259, 0.0 ], [ -89.220505, 13.587254, 0.0 ], [ -89.220546, 13.587236, 0.0 ], [ -89.220555, 13.587231, 0.0 ], [ -89.220719, 13.587189, 0.0 ], [ -89.220832, 13.587148, 0.0 ], [ -89.221115, 13.587303, 0.0 ], [ -89.221219, 13.587395, 0.0 ], [ -89.2213, 13.587488, 0.0 ], [ -89.221374, 13.587631, 0.0 ], [ -89.221451, 13.5878, 0.0 ], [ -89.221507, 13.587901, 0.0 ] ] ] ] } },
{ "type": "Feature", "properties": { "id": null, "Name": "", "description": "descripción: Descripción: <br>NOMBRE: SAN MARCOS<br>PPTO: 18668558.030<br>HABITANTES: 69209<br>AT: 147<br>MUNICIPIO: SAN SALVADOR SUR<br>Descripción: <br>NOMBRE: SAN MARCOS<br>PPTO: 18668558.030<br>HABITANTES: 69209<br>AT: 147<br>MUNICIPIO: SAN SALVADOR SUR", "timestamp": null, "begin": null, "end": null, "altitudeMode": null, "tessellate": -1, "extrude": 0, "visibility": -1, "drawOrder": null, "icon": null, "descripci__n": "", "NOMBRE": "SAN MARCOS", "PPTO": "18668558.030", "HABITANTES": "69209", "AT": "147", "MUNICIPIO": "SAN SALVADOR SUR" }, "geometry": { "type": "MultiPolygon", "coordinates": [ [ [ [ -89.209972, 13.639539, 0.0 ], [ -89.210001, 13.639574, 0.0 ], [ -89.210034, 13.639645, 0.0 ], [ -89.210073, 13.639755, 0.0 ], [ -89.210093, 13.639806, 0.0 ], [ -89.210155, 13.639875, 0.0 ], [ -89.210173, 13.64, 0.0 ], [ -89.210159, 13.640082, 0.0 ], [ -89.210168, 13.640154, 0.0 ], [ -89.210193, 13.640214, 0.0 ], [ -89.210241, 13.640283, 0.0 ], [ -89.210304, 13.64034, 0.0 ], [ -89.210367, 13.640396, 0.0 ], [ -89.210438, 13.640517, 0.0 ], [ -89.21046, 13.640562, 0.0 ], [ -89.210482, 13.640608, 0.0 ], [ -89.210529, 13.640688, 0.0 ], [ -89.210577, 13.640769, 0.0 ], [ -89.210633, 13.640832, 0.0 ], [ -89.210721, 13.640928, 0.0 ], [ -89.210762, 13.640951, 0.0 ], [ -89.210823, 13.640986, 0.0 ], [ -89.210925, 13.641045, 0.0 ], [ -89.210985, 13.641064, 0.0 ], [ -89.211025, 13.641077, 0.0 ], [ -89.211063, 13.641124, 0.0 ], [ -89.211076, 13.64114, 0.0 ], [ -89.211096, 13.641165, 0.0 ], [ -89.211106, 13.641178, 0.0 ], [ -89.211135, 13.641209, 0.0 ], [ -89.211142, 13.641217, 0.0 ], [ -89.211176, 13.641255, 0.0 ], [ -89.211183, 13.641262, 0.0 ], [ -89.212607, 13.642711, 0.0 ], [ -89.214294, 13.642785, 0.0 ], [ -89.215201, 13.642959, 0.0 ], [ -89.216226, 13.643165, 0.0 ], [ -89.216903, 13.643354, 0.0 ], [ -89.217213, 13.643371, 0.0 ], [ -89.218246, 13.643204, 0.0 ], [ -89.218249, 13.643273, 0.0 ], [ -89.218329, 13.643357, 0.0 ], [ -89.21842, 13.643361, 0.0 ], [ -89.21968, 13.643304, 0.0 ], [ -89.219684, 13.643264, 0.0 ], [ -89.219741, 13.643222, 0.0 ], [ -89.219821, 13.643232, 0.0 ], [ -89.219847, 13.643304, 0.0 ], [ -89.220507, 13.643304, 0.0 ], [ -89.220515, 13.643336, 0.0 ], [ -89.220502, 13.643392, 0.0 ], [ -89.220505, 13.643465, 0.0 ], [ -89.220585, 13.643466, 0.0 ], [ -89.220659, 13.643412, 0.0 ], [ -89.221644, 13.643438, 0.0 ], [ -89.221667, 13.643546, 0.0 ], [ -89.221665, 13.643642, 0.0 ], [ -89.221648, 13.64372, 0.0 ], [ -89.221613, 13.643844, 0.0 ], [ -89.2216, 13.643968, 0.0 ], [ -89.221663, 13.644201, 0.0 ], [ -89.221823, 13.644397, 0.0 ], [ -89.222227, 13.644639, 0.0 ], [ -89.222496, 13.644786, 0.0 ], [ -89.222293, 13.644934, 0.0 ], [ -89.222834, 13.645307, 0.0 ], [ -89.222939, 13.645297, 0.0 ], [ -89.22343, 13.645558, 0.0 ], [ -89.223819, 13.645075, 0.0 ], [ -89.223863, 13.64508, 0.0 ], [ -89.223867, 13.645247, 0.0 ], [ -89.223872, 13.645296, 0.0 ], [ -89.223877, 13.645331, 0.0 ], [ -89.223888, 13.645401, 0.0 ], [ -89.224152, 13.645441, 0.0 ], [ -89.224404, 13.645495, 0.0 ], [ -89.22448, 13.645556, 0.0 ], [ -89.224506, 13.645578, 0.0 ], [ -89.224609, 13.645656, 0.0 ], [ -89.224643, 13.645681, 0.0 ], [ -89.224837, 13.645837, 0.0 ], [ -89.225062, 13.646057, 0.0 ], [ -89.225195, 13.646171, 0.0 ], [ -89.225222, 13.646193, 0.0 ], [ -89.22541, 13.64634, 0.0 ], [ -89.225621, 13.646486, 0.0 ], [ -89.2257, 13.646537, 0.0 ], [ -89.225818, 13.646613, 0.0 ], [ -89.225886, 13.646662, 0.0 ], [ -89.225941, 13.646703, 0.0 ], [ -89.226042, 13.646756, 0.0 ], [ -89.226115, 13.646796, 0.0 ], [ -89.226316, 13.646929, 0.0 ], [ -89.226473, 13.647042, 0.0 ], [ -89.226519, 13.647102, 0.0 ], [ -89.226558, 13.647152, 0.0 ], [ -89.226688, 13.647282, 0.0 ], [ -89.2268, 13.647415, 0.0 ], [ -89.226901, 13.64748, 0.0 ], [ -89.226909, 13.647485, 0.0 ], [ -89.227086, 13.647584, 0.0 ], [ -89.227226, 13.647652, 0.0 ], [ -89.227318, 13.647697, 0.0 ], [ -89.227438, 13.647738, 0.0 ], [ -89.227464, 13.647747, 0.0 ], [ -89.227514, 13.647772, 0.0 ], [ -89.227553, 13.647791, 0.0 ], [ -89.227641, 13.647844, 0.0 ], [ -89.227679, 13.647867, 0.0 ], [ -89.227771, 13.64795, 0.0 ], [ -89.22789, 13.64807, 0.0 ], [ -89.227996, 13.648257, 0.0 ], [ -89.227999, 13.648261, 0.0 ], [ -89.228088, 13.648439, 0.0 ], [ -89.228088, 13.64844, 0.0 ], [ -89.228091, 13.648448, 0.0 ], [ -89.22814, 13.6486, 0.0 ], [ -89.228201, 13.648806, 0.0 ], [ -89.228259, 13.649013, 0.0 ], [ -89.228324, 13.649133, 0.0 ], [ -89.228356, 13.649163, 0.0 ], [ -89.228399, 13.649204, 0.0 ], [ -89.228436, 13.649239, 0.0 ], [ -89.228478, 13.649268, 0.0 ], [ -89.228614, 13.649362, 0.0 ], [ -89.228749, 13.649424, 0.0 ], [ -89.228818, 13.649455, 0.0 ], [ -89.228956, 13.64951, 0.0 ], [ -89.229019, 13.649535, 0.0 ], [ -89.229141, 13.649615, 0.0 ], [ -89.22915, 13.64962, 0.0 ], [ -89.229203, 13.649655, 0.0 ], [ -89.229377, 13.649815, 0.0 ], [ -89.229415, 13.649853, 0.0 ], [ -89.229435, 13.649872, 0.0 ], [ -89.229544, 13.649981, 0.0 ], [ -89.229572, 13.650023, 0.0 ], [ -89.229628, 13.650108, 0.0 ], [ -89.229643, 13.650131, 0.0 ], [ -89.229671, 13.6502, 0.0 ], [ -89.229692, 13.65025, 0.0 ], [ -89.229704, 13.650281, 0.0 ], [ -89.229717, 13.65037, 0.0 ], [ -89.229734, 13.650483, 0.0 ], [ -89.229742, 13.650537, 0.0 ], [ -89.229734, 13.650575, 0.0 ], [ -89.229691, 13.650781, 0.0 ], [ -89.229593, 13.65101, 0.0 ], [ -89.229559, 13.651178, 0.0 ], [ -89.229542, 13.651264, 0.0 ], [ -89.229505, 13.651416, 0.0 ], [ -89.229497, 13.651452, 0.0 ], [ -89.229493, 13.65149, 0.0 ], [ -89.22949, 13.651517, 0.0 ], [ -89.22948, 13.651604, 0.0 ], [ -89.229521, 13.65183, 0.0 ], [ -89.229564, 13.652082, 0.0 ], [ -89.229602, 13.652301, 0.0 ], [ -89.22962, 13.652471, 0.0 ], [ -89.229634, 13.652608, 0.0 ], [ -89.229629, 13.652629, 0.0 ], [ -89.229604, 13.652744, 0.0 ], [ -89.229601, 13.652759, 0.0 ], [ -89.229593, 13.652773, 0.0 ], [ -89.229574, 13.652809, 0.0 ], [ -89.229485, 13.652975, 0.0 ], [ -89.229389, 13.653192, 0.0 ], [ -89.229379, 13.653214, 0.0 ], [ -89.229366, 13.653269, 0.0 ], [ -89.229327, 13.653429, 0.0 ], [ -89.229329, 13.653589, 0.0 ], [ -89.229329, 13.653619, 0.0 ], [ -89.229343, 13.653745, 0.0 ], [ -89.229357, 13.653877, 0.0 ], [ -89.229372, 13.654085, 0.0 ], [ -89.229358, 13.654262, 0.0 ], [ -89.22935, 13.654328, 0.0 ], [ -89.229347, 13.654427, 0.0 ], [ -89.22945, 13.654441, 0.0 ], [ -89.232041, 13.655499, 0.0 ], [ -89.232054, 13.655417, 0.0 ], [ -89.232122, 13.655418, 0.0 ], [ -89.232122, 13.655448, 0.0 ], [ -89.232217, 13.655497, 0.0 ], [ -89.233147, 13.655578, 0.0 ], [ -89.234901, 13.655585, 0.0 ], [ -89.234988, 13.655013, 0.0 ], [ -89.235163, 13.654524, 0.0 ], [ -89.235302, 13.653401, 0.0 ], [ -89.234758, 13.653366, 0.0 ], [ -89.234305, 13.653297, 0.0 ], [ -89.234095, 13.653279, 0.0 ], [ -89.234132, 13.653145, 0.0 ], [ -89.234275, 13.652826, 0.0 ], [ -89.234406, 13.652254, 0.0 ], [ -89.234449, 13.6521, 0.0 ], [ -89.234817, 13.651572, 0.0 ], [ -89.235192, 13.651211, 0.0 ], [ -89.235243, 13.651036, 0.0 ], [ -89.23525, 13.650874, 0.0 ], [ -89.235314, 13.650747, 0.0 ], [ -89.235374, 13.650538, 0.0 ], [ -89.235341, 13.650386, 0.0 ], [ -89.235314, 13.650377, 0.0 ], [ -89.235282, 13.650374, 0.0 ], [ -89.235342, 13.64767, 0.0 ], [ -89.235357, 13.647631, 0.0 ], [ -89.235596, 13.647633, 0.0 ], [ -89.236011, 13.646606, 0.0 ], [ -89.236276, 13.645895, 0.0 ], [ -89.236335, 13.645619, 0.0 ], [ -89.234814, 13.645494, 0.0 ], [ -89.23427, 13.645264, 0.0 ], [ -89.234408, 13.645169, 0.0 ], [ -89.23443, 13.645144, 0.0 ], [ -89.234493, 13.644942, 0.0 ], [ -89.234447, 13.644726, 0.0 ], [ -89.234642, 13.644352, 0.0 ], [ -89.234824, 13.644031, 0.0 ], [ -89.234935, 13.643683, 0.0 ], [ -89.234506, 13.643484, 0.0 ], [ -89.23414, 13.643229, 0.0 ], [ -89.233673, 13.643048, 0.0 ], [ -89.233924, 13.642211, 0.0 ], [ -89.234545, 13.641437, 0.0 ], [ -89.235242, 13.640181, 0.0 ], [ -89.236205, 13.6382, 0.0 ], [ -89.236365, 13.6379, 0.0 ], [ -89.236439, 13.637827, 0.0 ], [ -89.236693, 13.637202, 0.0 ], [ -89.236944, 13.63659, 0.0 ], [ -89.236967, 13.636425, 0.0 ], [ -89.236998, 13.636269, 0.0 ], [ -89.237054, 13.6361, 0.0 ], [ -89.237135, 13.635842, 0.0 ], [ -89.237275, 13.635431, 0.0 ], [ -89.237428, 13.634657, 0.0 ], [ -89.237435, 13.634308, 0.0 ], [ -89.237474, 13.63375, 0.0 ], [ -89.237585, 13.63322, 0.0 ], [ -89.23755, 13.632537, 0.0 ], [ -89.237669, 13.632327, 0.0 ], [ -89.237711, 13.632226, 0.0 ], [ -89.237836, 13.632069, 0.0 ], [ -89.237788, 13.631975, 0.0 ], [ -89.237759, 13.631941, 0.0 ], [ -89.237752, 13.631913, 0.0 ], [ -89.237748, 13.631888, 0.0 ], [ -89.237745, 13.631862, 0.0 ], [ -89.237743, 13.631829, 0.0 ], [ -89.237743, 13.631824, 0.0 ], [ -89.237738, 13.63179, 0.0 ], [ -89.237732, 13.631633, 0.0 ], [ -89.237795, 13.631389, 0.0 ], [ -89.237906, 13.630984, 0.0 ], [ -89.238095, 13.630468, 0.0 ], [ -89.238102, 13.630252, 0.0 ], [ -89.238053, 13.629924, 0.0 ], [ -89.237945, 13.629527, 0.0 ], [ -89.237895, 13.629401, 0.0 ], [ -89.237852, 13.629283, 0.0 ], [ -89.237804, 13.629274, 0.0 ], [ -89.237479, 13.629219, 0.0 ], [ -89.237212, 13.629173, 0.0 ], [ -89.236834, 13.629108, 0.0 ], [ -89.236574, 13.629068, 0.0 ], [ -89.236382, 13.629546, 0.0 ], [ -89.236639, 13.629885, 0.0 ], [ -89.236485, 13.630047, 0.0 ], [ -89.236328, 13.630056, 0.0 ], [ -89.236029, 13.630435, 0.0 ], [ -89.235897, 13.630753, 0.0 ], [ -89.235872, 13.631074, 0.0 ], [ -89.235946, 13.631636, 0.0 ], [ -89.236075, 13.632228, 0.0 ], [ -89.235891, 13.63253, 0.0 ], [ -89.236101, 13.633153, 0.0 ], [ -89.236065, 13.633342, 0.0 ], [ -89.236052, 13.633371, 0.0 ], [ -89.235903, 13.633699, 0.0 ], [ -89.235819, 13.634187, 0.0 ], [ -89.235447, 13.634226, 0.0 ], [ -89.234552, 13.634063, 0.0 ], [ -89.234336, 13.634024, 0.0 ], [ -89.234152, 13.633977, 0.0 ], [ -89.234148, 13.633725, 0.0 ], [ -89.234327, 13.633503, 0.0 ], [ -89.234229, 13.633143, 0.0 ], [ -89.234236, 13.63313, 0.0 ], [ -89.23452, 13.632531, 0.0 ], [ -89.234587, 13.632115, 0.0 ], [ -89.234259, 13.632041, 0.0 ], [ -89.233412, 13.631937, 0.0 ], [ -89.233042, 13.631968, 0.0 ], [ -89.233022, 13.631966, 0.0 ], [ -89.232282, 13.631905, 0.0 ], [ -89.231882, 13.631881, 0.0 ], [ -89.231786, 13.631895, 0.0 ], [ -89.231691, 13.631909, 0.0 ], [ -89.230786, 13.63188, 0.0 ], [ -89.230262, 13.631751, 0.0 ], [ -89.22998, 13.631742, 0.0 ], [ -89.229956, 13.631739, 0.0 ], [ -89.229932, 13.631736, 0.0 ], [ -89.229843, 13.631723, 0.0 ], [ -89.229471, 13.631668, 0.0 ], [ -89.229013, 13.631629, 0.0 ], [ -89.228657, 13.631583, 0.0 ], [ -89.227844, 13.631522, 0.0 ], [ -89.227218, 13.631447, 0.0 ], [ -89.227032, 13.631504, 0.0 ], [ -89.227015, 13.631393, 0.0 ], [ -89.22701, 13.631361, 0.0 ], [ -89.227009, 13.63136, 0.0 ], [ -89.227004, 13.631328, 0.0 ], [ -89.227124, 13.63118, 0.0 ], [ -89.227388, 13.630958, 0.0 ], [ -89.22739, 13.630956, 0.0 ], [ -89.227391, 13.630956, 0.0 ], [ -89.227702, 13.630601, 0.0 ], [ -89.228041, 13.630215, 0.0 ], [ -89.228064, 13.630189, 0.0 ], [ -89.228368, 13.629843, 0.0 ], [ -89.22834, 13.62961, 0.0 ], [ -89.227878, 13.62965, 0.0 ], [ -89.227509, 13.629681, 0.0 ], [ -89.227117, 13.629715, 0.0 ], [ -89.226958, 13.629733, 0.0 ], [ -89.226707, 13.629736, 0.0 ], [ -89.226653, 13.629737, 0.0 ], [ -89.226533, 13.629703, 0.0 ], [ -89.226342, 13.629649, 0.0 ], [ -89.226079, 13.629574, 0.0 ], [ -89.225988, 13.629565, 0.0 ], [ -89.22573, 13.62954, 0.0 ], [ -89.225109, 13.629478, 0.0 ], [ -89.225075, 13.629509, 0.0 ], [ -89.225026, 13.629521, 0.0 ], [ -89.224977, 13.629534, 0.0 ], [ -89.224911, 13.629796, 0.0 ], [ -89.224808, 13.630205, 0.0 ], [ -89.224785, 13.630323, 0.0 ], [ -89.224762, 13.630441, 0.0 ], [ -89.224719, 13.630667, 0.0 ], [ -89.224698, 13.630774, 0.0 ], [ -89.224639, 13.631089, 0.0 ], [ -89.223967, 13.630931, 0.0 ], [ -89.223274, 13.63077, 0.0 ], [ -89.223241, 13.630762, 0.0 ], [ -89.222824, 13.63073, 0.0 ], [ -89.222359, 13.630693, 0.0 ], [ -89.222433, 13.630532, 0.0 ], [ -89.22253, 13.6304, 0.0 ], [ -89.222534, 13.630374, 0.0 ], [ -89.222563, 13.630214, 0.0 ], [ -89.222584, 13.630101, 0.0 ], [ -89.222574, 13.630047, 0.0 ], [ -89.222545, 13.629893, 0.0 ], [ -89.222477, 13.629806, 0.0 ], [ -89.222347, 13.62964, 0.0 ], [ -89.222332, 13.629621, 0.0 ], [ -89.222281, 13.629556, 0.0 ], [ -89.222175, 13.629524, 0.0 ], [ -89.222097, 13.629367, 0.0 ], [ -89.221982, 13.629132, 0.0 ], [ -89.222008, 13.629001, 0.0 ], [ -89.222033, 13.628882, 0.0 ], [ -89.222052, 13.628787, 0.0 ], [ -89.222176, 13.628713, 0.0 ], [ -89.222339, 13.628615, 0.0 ], [ -89.222233, 13.628473, 0.0 ], [ -89.222213, 13.628446, 0.0 ], [ -89.222259, 13.62811, 0.0 ], [ -89.222257, 13.628094, 0.0 ], [ -89.222247, 13.62799, 0.0 ], [ -89.222237, 13.627884, 0.0 ], [ -89.222236, 13.627863, 0.0 ], [ -89.222285, 13.627807, 0.0 ], [ -89.222332, 13.627754, 0.0 ], [ -89.22242, 13.627583, 0.0 ], [ -89.222259, 13.627322, 0.0 ], [ -89.222138, 13.627266, 0.0 ], [ -89.22189, 13.627151, 0.0 ], [ -89.221878, 13.62709, 0.0 ], [ -89.221758, 13.626478, 0.0 ], [ -89.22179, 13.626409, 0.0 ], [ -89.221927, 13.626117, 0.0 ], [ -89.221996, 13.625878, 0.0 ], [ -89.222138, 13.625735, 0.0 ], [ -89.22218, 13.625694, 0.0 ], [ -89.222185, 13.625689, 0.0 ], [ -89.222288, 13.625611, 0.0 ], [ -89.222322, 13.625492, 0.0 ], [ -89.222322, 13.625429, 0.0 ], [ -89.222323, 13.625374, 0.0 ], [ -89.222324, 13.625342, 0.0 ], [ -89.222312, 13.625294, 0.0 ], [ -89.222174, 13.625222, 0.0 ], [ -89.221903, 13.625052, 0.0 ], [ -89.221824, 13.624868, 0.0 ], [ -89.221792, 13.624793, 0.0 ], [ -89.221836, 13.624504, 0.0 ], [ -89.221956, 13.62443, 0.0 ], [ -89.221969, 13.624405, 0.0 ], [ -89.222051, 13.62424, 0.0 ], [ -89.221924, 13.624091, 0.0 ], [ -89.221759, 13.623898, 0.0 ], [ -89.221538, 13.623733, 0.0 ], [ -89.221497, 13.623703, 0.0 ], [ -89.221461, 13.623724, 0.0 ], [ -89.221428, 13.623746, 0.0 ], [ -89.221399, 13.62378, 0.0 ], [ -89.221374, 13.623832, 0.0 ], [ -89.221342, 13.623935, 0.0 ], [ -89.221314, 13.624028, 0.0 ], [ -89.221295, 13.624113, 0.0 ], [ -89.221268, 13.624235, 0.0 ], [ -89.221254, 13.624261, 0.0 ], [ -89.221216, 13.624291, 0.0 ], [ -89.22118, 13.624306, 0.0 ], [ -89.221148, 13.624306, 0.0 ], [ -89.221123, 13.624302, 0.0 ], [ -89.221096, 13.624293, 0.0 ], [ -89.221091, 13.624291, 0.0 ], [ -89.220992, 13.624281, 0.0 ], [ -89.22098, 13.624282, 0.0 ], [ -89.220978, 13.624282, 0.0 ], [ -89.220972, 13.624282, 0.0 ], [ -89.220949, 13.624294, 0.0 ], [ -89.220934, 13.624313, 0.0 ], [ -89.220932, 13.624318, 0.0 ], [ -89.22093, 13.624323, 0.0 ], [ -89.220927, 13.624335, 0.0 ], [ -89.220929, 13.624376, 0.0 ], [ -89.220935, 13.624472, 0.0 ], [ -89.220938, 13.62457, 0.0 ], [ -89.220931, 13.624605, 0.0 ], [ -89.220924, 13.624621, 0.0 ], [ -89.22091, 13.624658, 0.0 ], [ -89.220887, 13.624697, 0.0 ], [ -89.220866, 13.624719, 0.0 ], [ -89.220835, 13.624729, 0.0 ], [ -89.220778, 13.624739, 0.0 ], [ -89.220701, 13.624749, 0.0 ], [ -89.220681, 13.624751, 0.0 ], [ -89.220638, 13.624755, 0.0 ], [ -89.220612, 13.624758, 0.0 ], [ -89.220585, 13.624769, 0.0 ], [ -89.220562, 13.624779, 0.0 ], [ -89.220552, 13.624789, 0.0 ], [ -89.220547, 13.624793, 0.0 ], [ -89.220535, 13.624808, 0.0 ], [ -89.220529, 13.624826, 0.0 ], [ -89.220528, 13.624846, 0.0 ], [ -89.220529, 13.624854, 0.0 ], [ -89.220531, 13.624863, 0.0 ], [ -89.220548, 13.624894, 0.0 ], [ -89.220563, 13.624911, 0.0 ], [ -89.220579, 13.624929, 0.0 ], [ -89.220613, 13.624975, 0.0 ], [ -89.220613, 13.624976, 0.0 ], [ -89.220618, 13.624993, 0.0 ], [ -89.220618, 13.624994, 0.0 ], [ -89.220618, 13.624996, 0.0 ], [ -89.220616, 13.625045, 0.0 ], [ -89.220605, 13.625132, 0.0 ], [ -89.220602, 13.625158, 0.0 ], [ -89.220505, 13.625353, 0.0 ], [ -89.220428, 13.625509, 0.0 ], [ -89.220354, 13.625619, 0.0 ], [ -89.220347, 13.62563, 0.0 ], [ -89.220322, 13.625652, 0.0 ], [ -89.220299, 13.625666, 0.0 ], [ -89.22029, 13.625668, 0.0 ], [ -89.220272, 13.625673, 0.0 ], [ -89.220271, 13.625673, 0.0 ], [ -89.220267, 13.625673, 0.0 ], [ -89.220233, 13.625673, 0.0 ], [ -89.220112, 13.625665, 0.0 ], [ -89.220025, 13.625666, 0.0 ], [ -89.220002, 13.625668, 0.0 ], [ -89.219978, 13.625674, 0.0 ], [ -89.219973, 13.625677, 0.0 ], [ -89.219968, 13.62568, 0.0 ], [ -89.21996, 13.625686, 0.0 ], [ -89.219955, 13.625692, 0.0 ], [ -89.219948, 13.625701, 0.0 ], [ -89.219851, 13.625868, 0.0 ], [ -89.219793, 13.625942, 0.0 ], [ -89.219769, 13.625973, 0.0 ], [ -89.219746, 13.625996, 0.0 ], [ -89.219744, 13.625998, 0.0 ], [ -89.219696, 13.626027, 0.0 ], [ -89.219585, 13.626078, 0.0 ], [ -89.219582, 13.62608, 0.0 ], [ -89.219579, 13.626081, 0.0 ], [ -89.219554, 13.626087, 0.0 ], [ -89.219518, 13.626095, 0.0 ], [ -89.219493, 13.626094, 0.0 ], [ -89.219483, 13.626093, 0.0 ], [ -89.219444, 13.626085, 0.0 ], [ -89.219398, 13.626066, 0.0 ], [ -89.219354, 13.626045, 0.0 ], [ -89.21927, 13.625992, 0.0 ], [ -89.219256, 13.625983, 0.0 ], [ -89.21924, 13.625977, 0.0 ], [ -89.219228, 13.625972, 0.0 ], [ -89.219208, 13.625966, 0.0 ], [ -89.219189, 13.625965, 0.0 ], [ -89.219174, 13.625967, 0.0 ], [ -89.219162, 13.625973, 0.0 ], [ -89.219149, 13.625986, 0.0 ], [ -89.21914, 13.625997, 0.0 ], [ -89.219134, 13.626003, 0.0 ], [ -89.219125, 13.626006, 0.0 ], [ -89.219107, 13.62601, 0.0 ], [ -89.219101, 13.626012, 0.0 ], [ -89.218978, 13.62603, 0.0 ], [ -89.218969, 13.626031, 0.0 ], [ -89.218965, 13.626032, 0.0 ], [ -89.21891, 13.626028, 0.0 ], [ -89.218806, 13.626021, 0.0 ], [ -89.218783, 13.626019, 0.0 ], [ -89.218697, 13.626011, 0.0 ], [ -89.218566, 13.625995, 0.0 ], [ -89.218549, 13.625999, 0.0 ], [ -89.21843, 13.626027, 0.0 ], [ -89.218378, 13.626044, 0.0 ], [ -89.218374, 13.626045, 0.0 ], [ -89.218361, 13.626046, 0.0 ], [ -89.218159, 13.626061, 0.0 ], [ -89.218158, 13.626061, 0.0 ], [ -89.218153, 13.626061, 0.0 ], [ -89.218152, 13.626061, 0.0 ], [ -89.218083, 13.626062, 0.0 ], [ -89.218082, 13.626062, 0.0 ], [ -89.217866, 13.626064, 0.0 ], [ -89.217865, 13.626064, 0.0 ], [ -89.217756, 13.626024, 0.0 ], [ -89.217738, 13.626019, 0.0 ], [ -89.21771, 13.626011, 0.0 ], [ -89.217667, 13.626006, 0.0 ], [ -89.217654, 13.626005, 0.0 ], [ -89.217651, 13.626006, 0.0 ], [ -89.217641, 13.626009, 0.0 ], [ -89.217618, 13.626028, 0.0 ], [ -89.217591, 13.626134, 0.0 ], [ -89.217592, 13.626189, 0.0 ], [ -89.217618, 13.626293, 0.0 ], [ -89.217522, 13.626441, 0.0 ], [ -89.217392, 13.626614, 0.0 ], [ -89.217175, 13.626649, 0.0 ], [ -89.217168, 13.626651, 0.0 ], [ -89.217106, 13.626694, 0.0 ], [ -89.217046, 13.626735, 0.0 ], [ -89.216811, 13.626805, 0.0 ], [ -89.216806, 13.626807, 0.0 ], [ -89.216647, 13.626858, 0.0 ], [ -89.216601, 13.626889, 0.0 ], [ -89.216597, 13.626894, 0.0 ], [ -89.216552, 13.626948, 0.0 ], [ -89.216545, 13.626956, 0.0 ], [ -89.216545, 13.626957, 0.0 ], [ -89.21654, 13.626965, 0.0 ], [ -89.216515, 13.62701, 0.0 ], [ -89.216515, 13.627014, 0.0 ], [ -89.216509, 13.62714, 0.0 ], [ -89.216506, 13.627189, 0.0 ], [ -89.216486, 13.627283, 0.0 ], [ -89.216468, 13.627331, 0.0 ], [ -89.216417, 13.627386, 0.0 ], [ -89.216327, 13.62746, 0.0 ], [ -89.216285, 13.627494, 0.0 ], [ -89.216246, 13.627519, 0.0 ], [ -89.216191, 13.627553, 0.0 ], [ -89.215859, 13.627749, 0.0 ], [ -89.215856, 13.627753, 0.0 ], [ -89.215819, 13.627807, 0.0 ], [ -89.215758, 13.627935, 0.0 ], [ -89.215747, 13.628042, 0.0 ], [ -89.215746, 13.628049, 0.0 ], [ -89.21575, 13.628222, 0.0 ], [ -89.215752, 13.628289, 0.0 ], [ -89.215749, 13.628346, 0.0 ], [ -89.215749, 13.628357, 0.0 ], [ -89.215723, 13.628412, 0.0 ], [ -89.215711, 13.628437, 0.0 ], [ -89.215664, 13.628531, 0.0 ], [ -89.215641, 13.628573, 0.0 ], [ -89.215638, 13.628578, 0.0 ], [ -89.215636, 13.62858, 0.0 ], [ -89.215614, 13.62861, 0.0 ], [ -89.215565, 13.628676, 0.0 ], [ -89.215511, 13.628729, 0.0 ], [ -89.215382, 13.628853, 0.0 ], [ -89.215367, 13.628877, 0.0 ], [ -89.215339, 13.628921, 0.0 ], [ -89.215173, 13.629089, 0.0 ], [ -89.215137, 13.629118, 0.0 ], [ -89.214996, 13.629273, 0.0 ], [ -89.21483, 13.629423, 0.0 ], [ -89.214787, 13.629463, 0.0 ], [ -89.214785, 13.629465, 0.0 ], [ -89.214678, 13.629579, 0.0 ], [ -89.214664, 13.629628, 0.0 ], [ -89.214644, 13.629713, 0.0 ], [ -89.214544, 13.629822, 0.0 ], [ -89.214372, 13.629952, 0.0 ], [ -89.21408, 13.630169, 0.0 ], [ -89.213857, 13.630275, 0.0 ], [ -89.213796, 13.630301, 0.0 ], [ -89.213561, 13.630402, 0.0 ], [ -89.213216, 13.63066, 0.0 ], [ -89.212982, 13.630969, 0.0 ], [ -89.212952, 13.631119, 0.0 ], [ -89.212782, 13.631338, 0.0 ], [ -89.212572, 13.631589, 0.0 ], [ -89.212309, 13.631895, 0.0 ], [ -89.212217, 13.632026, 0.0 ], [ -89.212162, 13.632087, 0.0 ], [ -89.212142, 13.632142, 0.0 ], [ -89.212115, 13.632175, 0.0 ], [ -89.212092, 13.63219, 0.0 ], [ -89.212073, 13.632196, 0.0 ], [ -89.212061, 13.632197, 0.0 ], [ -89.212058, 13.632197, 0.0 ], [ -89.212043, 13.632193, 0.0 ], [ -89.212027, 13.632185, 0.0 ], [ -89.211999, 13.632169, 0.0 ], [ -89.211873, 13.632114, 0.0 ], [ -89.211871, 13.632117, 0.0 ], [ -89.211744, 13.632249, 0.0 ], [ -89.211731, 13.632383, 0.0 ], [ -89.211643, 13.632414, 0.0 ], [ -89.211524, 13.632455, 0.0 ], [ -89.211391, 13.632548, 0.0 ], [ -89.211313, 13.632602, 0.0 ], [ -89.211254, 13.632635, 0.0 ], [ -89.211094, 13.632725, 0.0 ], [ -89.210986, 13.632849, 0.0 ], [ -89.21087, 13.632984, 0.0 ], [ -89.210606, 13.633041, 0.0 ], [ -89.210562, 13.633228, 0.0 ], [ -89.210519, 13.63349, 0.0 ], [ -89.210372, 13.633668, 0.0 ], [ -89.210157, 13.633791, 0.0 ], [ -89.21013, 13.633806, 0.0 ], [ -89.210008, 13.633868, 0.0 ], [ -89.209817, 13.633964, 0.0 ], [ -89.209679, 13.634022, 0.0 ], [ -89.209629, 13.634173, 0.0 ], [ -89.209576, 13.634321, 0.0 ], [ -89.2095, 13.634372, 0.0 ], [ -89.209484, 13.634383, 0.0 ], [ -89.209486, 13.634386, 0.0 ], [ -89.209561, 13.634522, 0.0 ], [ -89.209573, 13.634638, 0.0 ], [ -89.209551, 13.634708, 0.0 ], [ -89.209555, 13.634784, 0.0 ], [ -89.209584, 13.634851, 0.0 ], [ -89.209569, 13.634979, 0.0 ], [ -89.209563, 13.635008, 0.0 ], [ -89.209536, 13.635131, 0.0 ], [ -89.209469, 13.635243, 0.0 ], [ -89.209355, 13.635393, 0.0 ], [ -89.209228, 13.635535, 0.0 ], [ -89.2092, 13.635566, 0.0 ], [ -89.209167, 13.635606, 0.0 ], [ -89.208988, 13.635824, 0.0 ], [ -89.208987, 13.635826, 0.0 ], [ -89.208926, 13.635909, 0.0 ], [ -89.208911, 13.635935, 0.0 ], [ -89.208881, 13.635987, 0.0 ], [ -89.208859, 13.636033, 0.0 ], [ -89.208843, 13.636067, 0.0 ], [ -89.208829, 13.636086, 0.0 ], [ -89.208823, 13.636094, 0.0 ], [ -89.208789, 13.636124, 0.0 ], [ -89.208759, 13.636142, 0.0 ], [ -89.208678, 13.63618, 0.0 ], [ -89.208642, 13.636197, 0.0 ], [ -89.208599, 13.636238, 0.0 ], [ -89.208546, 13.636309, 0.0 ], [ -89.208544, 13.636312, 0.0 ], [ -89.208541, 13.636316, 0.0 ], [ -89.208513, 13.636423, 0.0 ], [ -89.208509, 13.636435, 0.0 ], [ -89.208508, 13.636441, 0.0 ], [ -89.208508, 13.636482, 0.0 ], [ -89.208514, 13.636525, 0.0 ], [ -89.208543, 13.636618, 0.0 ], [ -89.208559, 13.636669, 0.0 ], [ -89.208566, 13.636705, 0.0 ], [ -89.208566, 13.636737, 0.0 ], [ -89.208566, 13.636741, 0.0 ], [ -89.20856, 13.636774, 0.0 ], [ -89.208553, 13.636793, 0.0 ], [ -89.208548, 13.636806, 0.0 ], [ -89.208546, 13.636811, 0.0 ], [ -89.20854, 13.636824, 0.0 ], [ -89.208534, 13.636836, 0.0 ], [ -89.20851, 13.636869, 0.0 ], [ -89.208463, 13.636916, 0.0 ], [ -89.208475, 13.637004, 0.0 ], [ -89.20854, 13.637114, 0.0 ], [ -89.208583, 13.637201, 0.0 ], [ -89.208595, 13.637306, 0.0 ], [ -89.208608, 13.637306, 0.0 ], [ -89.208622, 13.637311, 0.0 ], [ -89.208658, 13.637377, 0.0 ], [ -89.208692, 13.637502, 0.0 ], [ -89.208712, 13.637576, 0.0 ], [ -89.208726, 13.637626, 0.0 ], [ -89.208788, 13.637823, 0.0 ], [ -89.208803, 13.637921, 0.0 ], [ -89.208839, 13.638083, 0.0 ], [ -89.208853, 13.638142, 0.0 ], [ -89.208876, 13.638245, 0.0 ], [ -89.208852, 13.638295, 0.0 ], [ -89.20884, 13.63832, 0.0 ], [ -89.208818, 13.638405, 0.0 ], [ -89.208817, 13.638428, 0.0 ], [ -89.208816, 13.638492, 0.0 ], [ -89.20885, 13.638535, 0.0 ], [ -89.208885, 13.638578, 0.0 ], [ -89.20891, 13.638589, 0.0 ], [ -89.208973, 13.638616, 0.0 ], [ -89.209065, 13.638614, 0.0 ], [ -89.209068, 13.638614, 0.0 ], [ -89.209071, 13.638615, 0.0 ], [ -89.209158, 13.638642, 0.0 ], [ -89.209162, 13.638643, 0.0 ], [ -89.209198, 13.638664, 0.0 ], [ -89.209303, 13.63873, 0.0 ], [ -89.209371, 13.638775, 0.0 ], [ -89.209417, 13.638825, 0.0 ], [ -89.209466, 13.638952, 0.0 ], [ -89.209513, 13.639034, 0.0 ], [ -89.209559, 13.639117, 0.0 ], [ -89.209602, 13.639176, 0.0 ], [ -89.209619, 13.639199, 0.0 ], [ -89.209671, 13.639254, 0.0 ], [ -89.209684, 13.639267, 0.0 ], [ -89.209724, 13.639309, 0.0 ], [ -89.209757, 13.639374, 0.0 ], [ -89.20979, 13.639438, 0.0 ], [ -89.20986, 13.639516, 0.0 ], [ -89.209881, 13.63954, 0.0 ], [ -89.209898, 13.639531, 0.0 ], [ -89.209933, 13.639513, 0.0 ], [ -89.209972, 13.639539, 0.0 ] ] ], [ [ [ -89.16464, 13.673713, 0.0 ], [ -89.163391, 13.67432, 0.0 ], [ -89.163443, 13.674407, 0.0 ], [ -89.163609, 13.674589, 0.0 ], [ -89.163715, 13.674793, 0.0 ], [ -89.163795, 13.674993, 0.0 ], [ -89.163798, 13.675006, 0.0 ], [ -89.163821, 13.67509, 0.0 ], [ -89.163836, 13.67537, 0.0 ], [ -89.16385, 13.67565, 0.0 ], [ -89.163758, 13.675888, 0.0 ], [ -89.163699, 13.676137, 0.0 ], [ -89.163714, 13.676344, 0.0 ], [ -89.164172, 13.677105, 0.0 ], [ -89.164255, 13.67739, 0.0 ], [ -89.164311, 13.678099, 0.0 ], [ -89.16443, 13.678417, 0.0 ], [ -89.164471, 13.678575, 0.0 ], [ -89.164548, 13.678893, 0.0 ], [ -89.165396, 13.67905, 0.0 ], [ -89.165444, 13.679059, 0.0 ], [ -89.173829, 13.672974, 0.0 ], [ -89.180168, 13.670168, 0.0 ], [ -89.181492, 13.669582, 0.0 ], [ -89.187607, 13.6669, 0.0 ], [ -89.188112, 13.667202, 0.0 ], [ -89.188456, 13.667326, 0.0 ], [ -89.188755, 13.667359, 0.0 ], [ -89.189065, 13.667348, 0.0 ], [ -89.189432, 13.667291, 0.0 ], [ -89.18965, 13.667235, 0.0 ], [ -89.189799, 13.667123, 0.0 ], [ -89.189971, 13.666988, 0.0 ], [ -89.190166, 13.666853, 0.0 ], [ -89.190209, 13.66685, 0.0 ], [ -89.190476, 13.66683, 0.0 ], [ -89.190175, 13.664562, 0.0 ], [ -89.190174, 13.664555, 0.0 ], [ -89.189656, 13.660913, 0.0 ], [ -89.189632, 13.66075, 0.0 ], [ -89.189461, 13.659603, 0.0 ], [ -89.18946, 13.659599, 0.0 ], [ -89.189464, 13.659596, 0.0 ], [ -89.189908, 13.659234, 0.0 ], [ -89.190068, 13.659105, 0.0 ], [ -89.190322, 13.658847, 0.0 ], [ -89.190483, 13.658467, 0.0 ], [ -89.190465, 13.658022, 0.0 ], [ -89.190331, 13.657779, 0.0 ], [ -89.190433, 13.657437, 0.0 ], [ -89.190844, 13.657212, 0.0 ], [ -89.191064, 13.65717, 0.0 ], [ -89.191212, 13.657155, 0.0 ], [ -89.191481, 13.657267, 0.0 ], [ -89.191678, 13.657169, 0.0 ], [ -89.191928, 13.656922, 0.0 ], [ -89.192069, 13.656728, 0.0 ], [ -89.192248, 13.656618, 0.0 ], [ -89.192381, 13.656658, 0.0 ], [ -89.192473, 13.656657, 0.0 ], [ -89.192638, 13.656511, 0.0 ], [ -89.192696, 13.656508, 0.0 ], [ -89.192718, 13.656175, 0.0 ], [ -89.192789, 13.655981, 0.0 ], [ -89.19283, 13.655453, 0.0 ], [ -89.192853, 13.655139, 0.0 ], [ -89.19314, 13.654602, 0.0 ], [ -89.19344, 13.654415, 0.0 ], [ -89.193472, 13.654392, 0.0 ], [ -89.193581, 13.654314, 0.0 ], [ -89.19373, 13.65417, 0.0 ], [ -89.193783, 13.653968, 0.0 ], [ -89.193783, 13.653966, 0.0 ], [ -89.193828, 13.653798, 0.0 ], [ -89.194077, 13.6537, 0.0 ], [ -89.194176, 13.653533, 0.0 ], [ -89.194197, 13.653509, 0.0 ], [ -89.194283, 13.653474, 0.0 ], [ -89.19426, 13.653332, 0.0 ], [ -89.194381, 13.653235, 0.0 ], [ -89.194409, 13.653199, 0.0 ], [ -89.194476, 13.653167, 0.0 ], [ -89.194559, 13.653157, 0.0 ], [ -89.194603, 13.65317, 0.0 ], [ -89.194738, 13.652953, 0.0 ], [ -89.194981, 13.652712, 0.0 ], [ -89.195082, 13.652579, 0.0 ], [ -89.195346, 13.652401, 0.0 ], [ -89.195541, 13.65218, 0.0 ], [ -89.195761, 13.651936, 0.0 ], [ -89.195816, 13.651846, 0.0 ], [ -89.195847, 13.651716, 0.0 ], [ -89.195947, 13.651456, 0.0 ], [ -89.195904, 13.651107, 0.0 ], [ -89.195944, 13.650697, 0.0 ], [ -89.195973, 13.650347, 0.0 ], [ -89.196098, 13.650139, 0.0 ], [ -89.196114, 13.650113, 0.0 ], [ -89.195994, 13.64979, 0.0 ], [ -89.195856, 13.64942, 0.0 ], [ -89.195826, 13.649221, 0.0 ], [ -89.195806, 13.649093, 0.0 ], [ -89.195765, 13.649012, 0.0 ], [ -89.195751, 13.648985, 0.0 ], [ -89.195649, 13.648787, 0.0 ], [ -89.195436, 13.648481, 0.0 ], [ -89.195182, 13.648011, 0.0 ], [ -89.195158, 13.647966, 0.0 ], [ -89.195079, 13.647741, 0.0 ], [ -89.195065, 13.647701, 0.0 ], [ -89.195059, 13.647696, 0.0 ], [ -89.194811, 13.647486, 0.0 ], [ -89.194496, 13.64722, 0.0 ], [ -89.194269, 13.647066, 0.0 ], [ -89.193884, 13.646784, 0.0 ], [ -89.193508, 13.64663, 0.0 ], [ -89.192703, 13.646297, 0.0 ], [ -89.192379, 13.64634, 0.0 ], [ -89.192242, 13.646399, 0.0 ], [ -89.192039, 13.646486, 0.0 ], [ -89.191768, 13.646643, 0.0 ], [ -89.191715, 13.646674, 0.0 ], [ -89.191693, 13.646691, 0.0 ], [ -89.191243, 13.647026, 0.0 ], [ -89.190606, 13.647668, 0.0 ], [ -89.1903, 13.647933, 0.0 ], [ -89.189775, 13.647994, 0.0 ], [ -89.189513, 13.647849, 0.0 ], [ -89.189363, 13.647698, 0.0 ], [ -89.189189, 13.647524, 0.0 ], [ -89.189081, 13.647289, 0.0 ], [ -89.188891, 13.646873, 0.0 ], [ -89.18875, 13.646537, 0.0 ], [ -89.18855, 13.646059, 0.0 ], [ -89.188514, 13.645975, 0.0 ], [ -89.188427, 13.645812, 0.0 ], [ -89.188103, 13.645265, 0.0 ], [ -89.187707, 13.644831, 0.0 ], [ -89.187684, 13.644805, 0.0 ], [ -89.187486, 13.644712, 0.0 ], [ -89.187327, 13.644636, 0.0 ], [ -89.186891, 13.64445, 0.0 ], [ -89.18669, 13.644324, 0.0 ], [ -89.186541, 13.644231, 0.0 ], [ -89.186408, 13.64414, 0.0 ], [ -89.18622, 13.644012, 0.0 ], [ -89.185944, 13.643838, 0.0 ], [ -89.185875, 13.643794, 0.0 ], [ -89.185874, 13.643794, 0.0 ], [ -89.185636, 13.643689, 0.0 ], [ -89.185457, 13.643655, 0.0 ], [ -89.185315, 13.643627, 0.0 ], [ -89.18508, 13.643573, 0.0 ], [ -89.185028, 13.643561, 0.0 ], [ -89.185026, 13.643561, 0.0 ], [ -89.184799, 13.643476, 0.0 ], [ -89.184735, 13.643446, 0.0 ], [ -89.184591, 13.643378, 0.0 ], [ -89.184517, 13.643342, 0.0 ], [ -89.184293, 13.643238, 0.0 ], [ -89.184127, 13.643127, 0.0 ], [ -89.18403, 13.643062, 0.0 ], [ -89.183911, 13.642969, 0.0 ], [ -89.183792, 13.642877, 0.0 ], [ -89.183417, 13.642568, 0.0 ], [ -89.169795, 13.643966, 0.0 ], [ -89.168177, 13.644413, 0.0 ], [ -89.167127, 13.644703, 0.0 ], [ -89.165316, 13.645203, 0.0 ], [ -89.164951, 13.645408, 0.0 ], [ -89.164899, 13.645432, 0.0 ], [ -89.164791, 13.645465, 0.0 ], [ -89.164703, 13.645487, 0.0 ], [ -89.164459, 13.645539, 0.0 ], [ -89.164319, 13.645556, 0.0 ], [ -89.164146, 13.64558, 0.0 ], [ -89.163988, 13.645613, 0.0 ], [ -89.163833, 13.645634, 0.0 ], [ -89.16361, 13.645654, 0.0 ], [ -89.163568, 13.645667, 0.0 ], [ -89.163388, 13.645688, 0.0 ], [ -89.163301, 13.645699, 0.0 ], [ -89.163268, 13.645704, 0.0 ], [ -89.163244, 13.645707, 0.0 ], [ -89.163209, 13.645716, 0.0 ], [ -89.163173, 13.645724, 0.0 ], [ -89.162893, 13.645823, 0.0 ], [ -89.162759, 13.645872, 0.0 ], [ -89.162757, 13.645879, 0.0 ], [ -89.16275, 13.645906, 0.0 ], [ -89.161997, 13.648907, 0.0 ], [ -89.161953, 13.649026, 0.0 ], [ -89.161519, 13.650344, 0.0 ], [ -89.161218, 13.651191, 0.0 ], [ -89.161162, 13.651283, 0.0 ], [ -89.161099, 13.651323, 0.0 ], [ -89.161075, 13.65146, 0.0 ], [ -89.161085, 13.651506, 0.0 ], [ -89.161104, 13.651592, 0.0 ], [ -89.161059, 13.651697, 0.0 ], [ -89.161033, 13.65175, 0.0 ], [ -89.161018, 13.651804, 0.0 ], [ -89.161003, 13.651867, 0.0 ], [ -89.160986, 13.651924, 0.0 ], [ -89.160966, 13.651989, 0.0 ], [ -89.160946, 13.652053, 0.0 ], [ -89.16093, 13.652121, 0.0 ], [ -89.160921, 13.652164, 0.0 ], [ -89.160916, 13.652181, 0.0 ], [ -89.160897, 13.652243, 0.0 ], [ -89.16088, 13.652299, 0.0 ], [ -89.160861, 13.65236, 0.0 ], [ -89.160839, 13.652429, 0.0 ], [ -89.160823, 13.652481, 0.0 ], [ -89.160807, 13.652533, 0.0 ], [ -89.160773, 13.652668, 0.0 ], [ -89.160729, 13.65273, 0.0 ], [ -89.160856, 13.652899, 0.0 ], [ -89.160874, 13.652922, 0.0 ], [ -89.161008, 13.653098, 0.0 ], [ -89.161032, 13.653128, 0.0 ], [ -89.16105, 13.65316, 0.0 ], [ -89.161062, 13.653176, 0.0 ], [ -89.161064, 13.653179, 0.0 ], [ -89.161079, 13.653202, 0.0 ], [ -89.161082, 13.653206, 0.0 ], [ -89.161088, 13.653212, 0.0 ], [ -89.161136, 13.653268, 0.0 ], [ -89.161151, 13.653285, 0.0 ], [ -89.161347, 13.653459, 0.0 ], [ -89.161358, 13.653469, 0.0 ], [ -89.161678, 13.653786, 0.0 ], [ -89.161685, 13.653793, 0.0 ], [ -89.161688, 13.653795, 0.0 ], [ -89.161691, 13.653796, 0.0 ], [ -89.161708, 13.653805, 0.0 ], [ -89.161765, 13.653826, 0.0 ], [ -89.161795, 13.65383, 0.0 ], [ -89.161965, 13.653854, 0.0 ], [ -89.162041, 13.653862, 0.0 ], [ -89.162059, 13.653865, 0.0 ], [ -89.162095, 13.65387, 0.0 ], [ -89.162141, 13.653873, 0.0 ], [ -89.162189, 13.653873, 0.0 ], [ -89.162223, 13.653875, 0.0 ], [ -89.162296, 13.65387, 0.0 ], [ -89.162326, 13.653868, 0.0 ], [ -89.162423, 13.65384, 0.0 ], [ -89.162454, 13.653831, 0.0 ], [ -89.162452, 13.653833, 0.0 ], [ -89.162364, 13.653933, 0.0 ], [ -89.162359, 13.653938, 0.0 ], [ -89.162302, 13.65397, 0.0 ], [ -89.162297, 13.653971, 0.0 ], [ -89.162243, 13.653984, 0.0 ], [ -89.162242, 13.653984, 0.0 ], [ -89.16224, 13.653984, 0.0 ], [ -89.162173, 13.653984, 0.0 ], [ -89.162162, 13.653984, 0.0 ], [ -89.162137, 13.653983, 0.0 ], [ -89.16208, 13.653977, 0.0 ], [ -89.162005, 13.653966, 0.0 ], [ -89.161971, 13.653968, 0.0 ], [ -89.161952, 13.65397, 0.0 ], [ -89.16192, 13.653975, 0.0 ], [ -89.161898, 13.653983, 0.0 ], [ -89.161889, 13.653986, 0.0 ], [ -89.161865, 13.65399, 0.0 ], [ -89.161819, 13.65399, 0.0 ], [ -89.16178, 13.654002, 0.0 ], [ -89.161765, 13.654006, 0.0 ], [ -89.161725, 13.654016, 0.0 ], [ -89.161664, 13.65403, 0.0 ], [ -89.161624, 13.654039, 0.0 ], [ -89.16157, 13.654059, 0.0 ], [ -89.161506, 13.654097, 0.0 ], [ -89.161468, 13.654119, 0.0 ], [ -89.161358, 13.654178, 0.0 ], [ -89.161319, 13.654152, 0.0 ], [ -89.161228, 13.654112, 0.0 ], [ -89.161202, 13.654095, 0.0 ], [ -89.1611, 13.654043, 0.0 ], [ -89.161032, 13.654016, 0.0 ], [ -89.161006, 13.654009, 0.0 ], [ -89.160929, 13.653989, 0.0 ], [ -89.160853, 13.653976, 0.0 ], [ -89.160851, 13.654018, 0.0 ], [ -89.160841, 13.654216, 0.0 ], [ -89.160838, 13.654282, 0.0 ], [ -89.160824, 13.654393, 0.0 ], [ -89.160721, 13.655221, 0.0 ], [ -89.160725, 13.655324, 0.0 ], [ -89.160793, 13.655325, 0.0 ], [ -89.160785, 13.655935, 0.0 ], [ -89.160739, 13.656225, 0.0 ], [ -89.160718, 13.656356, 0.0 ], [ -89.160707, 13.65671, 0.0 ], [ -89.160699, 13.656984, 0.0 ], [ -89.160672, 13.657298, 0.0 ], [ -89.160652, 13.657525, 0.0 ], [ -89.160649, 13.657525, 0.0 ], [ -89.160596, 13.657519, 0.0 ], [ -89.160517, 13.657483, 0.0 ], [ -89.160455, 13.657477, 0.0 ], [ -89.160416, 13.657483, 0.0 ], [ -89.16015, 13.657517, 0.0 ], [ -89.160075, 13.657503, 0.0 ], [ -89.159878, 13.657465, 0.0 ], [ -89.159834, 13.657472, 0.0 ], [ -89.159808, 13.657495, 0.0 ], [ -89.159698, 13.657561, 0.0 ], [ -89.159654, 13.657587, 0.0 ], [ -89.15955, 13.657593, 0.0 ], [ -89.159341, 13.657695, 0.0 ], [ -89.159153, 13.657705, 0.0 ], [ -89.159038, 13.657664, 0.0 ], [ -89.158975, 13.657622, 0.0 ], [ -89.158904, 13.657611, 0.0 ], [ -89.158773, 13.657814, 0.0 ], [ -89.15873, 13.657883, 0.0 ], [ -89.15872, 13.657878, 0.0 ], [ -89.158668, 13.657851, 0.0 ], [ -89.158566, 13.657794, 0.0 ], [ -89.158542, 13.657777, 0.0 ], [ -89.158471, 13.657698, 0.0 ], [ -89.158424, 13.657666, 0.0 ], [ -89.15838, 13.657641, 0.0 ], [ -89.158254, 13.657588, 0.0 ], [ -89.158127, 13.65754, 0.0 ], [ -89.158018, 13.657495, 0.0 ], [ -89.158009, 13.657491, 0.0 ], [ -89.15802, 13.65747, 0.0 ], [ -89.157723, 13.657414, 0.0 ], [ -89.157359, 13.657321, 0.0 ], [ -89.156987, 13.657223, 0.0 ], [ -89.156647, 13.657101, 0.0 ], [ -89.156568, 13.65707, 0.0 ], [ -89.156571, 13.657038, 0.0 ], [ -89.1565, 13.657042, 0.0 ], [ -89.156432, 13.65702, 0.0 ], [ -89.156345, 13.657043, 0.0 ], [ -89.156166, 13.657081, 0.0 ], [ -89.155869, 13.657138, 0.0 ], [ -89.155728, 13.657217, 0.0 ], [ -89.155777, 13.657301, 0.0 ], [ -89.155851, 13.657428, 0.0 ], [ -89.155898, 13.657462, 0.0 ], [ -89.156192, 13.657594, 0.0 ], [ -89.156327, 13.657618, 0.0 ], [ -89.156629, 13.65774, 0.0 ], [ -89.156993, 13.6581, 0.0 ], [ -89.156941, 13.658312, 0.0 ], [ -89.156873, 13.658378, 0.0 ], [ -89.156858, 13.658394, 0.0 ], [ -89.157035, 13.658353, 0.0 ], [ -89.157147, 13.658354, 0.0 ], [ -89.15721, 13.658355, 0.0 ], [ -89.1573, 13.658405, 0.0 ], [ -89.157334, 13.658424, 0.0 ], [ -89.157399, 13.658438, 0.0 ], [ -89.157405, 13.658443, 0.0 ], [ -89.157493, 13.658526, 0.0 ], [ -89.157742, 13.658581, 0.0 ], [ -89.157841, 13.658603, 0.0 ], [ -89.158023, 13.658644, 0.0 ], [ -89.158031, 13.658657, 0.0 ], [ -89.158041, 13.658675, 0.0 ], [ -89.158178, 13.658743, 0.0 ], [ -89.158218, 13.658735, 0.0 ], [ -89.158159, 13.658858, 0.0 ], [ -89.158154, 13.658869, 0.0 ], [ -89.158312, 13.658971, 0.0 ], [ -89.158321, 13.658978, 0.0 ], [ -89.158489, 13.658942, 0.0 ], [ -89.158516, 13.658937, 0.0 ], [ -89.158513, 13.658949, 0.0 ], [ -89.15845, 13.659232, 0.0 ], [ -89.158561, 13.659247, 0.0 ], [ -89.158501, 13.659587, 0.0 ], [ -89.158386, 13.659563, 0.0 ], [ -89.158353, 13.659794, 0.0 ], [ -89.158224, 13.660706, 0.0 ], [ -89.158168, 13.66135, 0.0 ], [ -89.158432, 13.661344, 0.0 ], [ -89.158401, 13.661468, 0.0 ], [ -89.158251, 13.662062, 0.0 ], [ -89.157771, 13.662343, 0.0 ], [ -89.157684, 13.662425, 0.0 ], [ -89.15757, 13.662533, 0.0 ], [ -89.157239, 13.662757, 0.0 ], [ -89.15694, 13.663045, 0.0 ], [ -89.156937, 13.662653, 0.0 ], [ -89.156931, 13.662043, 0.0 ], [ -89.156922, 13.661537, 0.0 ], [ -89.15688, 13.661182, 0.0 ], [ -89.156232, 13.661379, 0.0 ], [ -89.156247, 13.662263, 0.0 ], [ -89.155984, 13.663086, 0.0 ], [ -89.155185, 13.662223, 0.0 ], [ -89.155041, 13.662387, 0.0 ], [ -89.154939, 13.662575, 0.0 ], [ -89.154318, 13.662177, 0.0 ], [ -89.154251, 13.662569, 0.0 ], [ -89.153913, 13.663369, 0.0 ], [ -89.153985, 13.664505, 0.0 ], [ -89.153953, 13.664518, 0.0 ], [ -89.153958, 13.664734, 0.0 ], [ -89.153968, 13.664909, 0.0 ], [ -89.153985, 13.665146, 0.0 ], [ -89.153994, 13.665614, 0.0 ], [ -89.154088, 13.665681, 0.0 ], [ -89.154398, 13.665759, 0.0 ], [ -89.154597, 13.665836, 0.0 ], [ -89.154686, 13.66659, 0.0 ], [ -89.154857, 13.668219, 0.0 ], [ -89.154894, 13.668235, 0.0 ], [ -89.154963, 13.668278, 0.0 ], [ -89.155391, 13.668496, 0.0 ], [ -89.155746, 13.668648, 0.0 ], [ -89.155967, 13.66876, 0.0 ], [ -89.156129, 13.668867, 0.0 ], [ -89.1563, 13.669018, 0.0 ], [ -89.157188, 13.665963, 0.0 ], [ -89.157645, 13.666159, 0.0 ], [ -89.158113, 13.665939, 0.0 ], [ -89.159502, 13.665457, 0.0 ], [ -89.160173, 13.665557, 0.0 ], [ -89.160456, 13.665943, 0.0 ], [ -89.160738, 13.666329, 0.0 ], [ -89.160901, 13.666491, 0.0 ], [ -89.161196, 13.666544, 0.0 ], [ -89.161501, 13.666609, 0.0 ], [ -89.161987, 13.666556, 0.0 ], [ -89.162002, 13.666555, 0.0 ], [ -89.162354, 13.66653, 0.0 ], [ -89.162588, 13.666609, 0.0 ], [ -89.162668, 13.666749, 0.0 ], [ -89.162713, 13.666889, 0.0 ], [ -89.162633, 13.667197, 0.0 ], [ -89.162947, 13.667539, 0.0 ], [ -89.163378, 13.667872, 0.0 ], [ -89.163548, 13.667666, 0.0 ], [ -89.163719, 13.667459, 0.0 ], [ -89.163933, 13.667029, 0.0 ], [ -89.164148, 13.666598, 0.0 ], [ -89.16454, 13.667012, 0.0 ], [ -89.164711, 13.667163, 0.0 ], [ -89.16492, 13.667328, 0.0 ], [ -89.164981, 13.667354, 0.0 ], [ -89.165022, 13.66737, 0.0 ], [ -89.165284, 13.667478, 0.0 ], [ -89.165442, 13.667522, 0.0 ], [ -89.165834, 13.667625, 0.0 ], [ -89.165862, 13.667628, 0.0 ], [ -89.166046, 13.667668, 0.0 ], [ -89.166639, 13.667747, 0.0 ], [ -89.166656, 13.66775, 0.0 ], [ -89.16668, 13.667754, 0.0 ], [ -89.166681, 13.667754, 0.0 ], [ -89.166678, 13.667771, 0.0 ], [ -89.166676, 13.667778, 0.0 ], [ -89.166655, 13.667875, 0.0 ], [ -89.166574, 13.668075, 0.0 ], [ -89.166594, 13.668088, 0.0 ], [ -89.166825, 13.668239, 0.0 ], [ -89.166888, 13.668151, 0.0 ], [ -89.167286, 13.668154, 0.0 ], [ -89.167303, 13.668184, 0.0 ], [ -89.167738, 13.668643, 0.0 ], [ -89.168126, 13.668949, 0.0 ], [ -89.168575, 13.669282, 0.0 ], [ -89.168701, 13.669366, 0.0 ], [ -89.168849, 13.669529, 0.0 ], [ -89.168997, 13.669691, 0.0 ], [ -89.168374, 13.669999, 0.0 ], [ -89.167751, 13.670306, 0.0 ], [ -89.167589, 13.670464, 0.0 ], [ -89.167276, 13.670956, 0.0 ], [ -89.167045, 13.671244, 0.0 ], [ -89.166815, 13.671532, 0.0 ], [ -89.166952, 13.671835, 0.0 ], [ -89.167178, 13.672335, 0.0 ], [ -89.167304, 13.672554, 0.0 ], [ -89.167432, 13.673023, 0.0 ], [ -89.166035, 13.673303, 0.0 ], [ -89.165967, 13.673317, 0.0 ], [ -89.165952, 13.673308, 0.0 ], [ -89.165653, 13.673133, 0.0 ], [ -89.165644, 13.673212, 0.0 ], [ -89.16464, 13.673713, 0.0 ] ] ] ] } },
{ "type": "Feature", "properties": { "id": null, "Name": "", "description": "descripción: Descripción: <br>NOMBRE: SANTIAGO TEXACUANGOS<br>PPTO: 1727064.880<br>HABITANTES: 19428<br>AT: 305<br>MUNICIPIO: SAN SALVADOR SUR<br>Descripción: <br>NOMBRE: SANTIAGO TEXACUANGOS<br>PPTO: 1727064.880<br>HABITANTES: 19428<br>AT: 305<br>MUNICIPIO: SAN SALVADOR SUR", "timestamp": null, "begin": null, "end": null, "altitudeMode": null, "tessellate": -1, "extrude": 0, "visibility": -1, "drawOrder": null, "icon": null, "descripci__n": "", "NOMBRE": "SANTIAGO TEXACUANGOS", "PPTO": "1727064.880", "HABITANTES": "19428", "AT": "305", "MUNICIPIO": "SAN SALVADOR SUR" }, "geometry": { "type": "MultiPolygon", "coordinates": [ [ [ [ -89.103211, 13.675215, 0.0 ], [ -89.103232, 13.675244, 0.0 ], [ -89.103251, 13.67527, 0.0 ], [ -89.103253, 13.675273, 0.0 ], [ -89.103267, 13.675373, 0.0 ], [ -89.103325, 13.675799, 0.0 ], [ -89.103398, 13.676322, 0.0 ], [ -89.103453, 13.676726, 0.0 ], [ -89.103571, 13.677579, 0.0 ], [ -89.103609, 13.677765, 0.0 ], [ -89.103665, 13.678163, 0.0 ], [ -89.103746, 13.678624, 0.0 ], [ -89.103805, 13.678983, 0.0 ], [ -89.103878, 13.67933, 0.0 ], [ -89.103887, 13.679329, 0.0 ], [ -89.103919, 13.679327, 0.0 ], [ -89.104581, 13.67928, 0.0 ], [ -89.104626, 13.679276, 0.0 ], [ -89.104823, 13.679262, 0.0 ], [ -89.104821, 13.678881, 0.0 ], [ -89.104821, 13.678862, 0.0 ], [ -89.104803, 13.678661, 0.0 ], [ -89.104802, 13.678646, 0.0 ], [ -89.104756, 13.678501, 0.0 ], [ -89.104751, 13.678487, 0.0 ], [ -89.104601, 13.678264, 0.0 ], [ -89.104582, 13.678236, 0.0 ], [ -89.104424, 13.677915, 0.0 ], [ -89.1044, 13.677865, 0.0 ], [ -89.104266, 13.677496, 0.0 ], [ -89.104241, 13.677427, 0.0 ], [ -89.104117, 13.676976, 0.0 ], [ -89.104089, 13.676878, 0.0 ], [ -89.103927, 13.676173, 0.0 ], [ -89.103887, 13.675997, 0.0 ], [ -89.103784, 13.675689, 0.0 ], [ -89.103755, 13.675601, 0.0 ], [ -89.103366, 13.6746, 0.0 ], [ -89.103241, 13.674278, 0.0 ], [ -89.103162, 13.673918, 0.0 ], [ -89.103134, 13.673788, 0.0 ], [ -89.10304, 13.673514, 0.0 ], [ -89.103002, 13.673404, 0.0 ], [ -89.102655, 13.672329, 0.0 ], [ -89.1025, 13.671851, 0.0 ], [ -89.102294, 13.671202, 0.0 ], [ -89.102297, 13.6712, 0.0 ], [ -89.10236, 13.671166, 0.0 ], [ -89.1028, 13.670927, 0.0 ], [ -89.103716, 13.67048, 0.0 ], [ -89.104294, 13.670199, 0.0 ], [ -89.103886, 13.669582, 0.0 ], [ -89.103873, 13.66957, 0.0 ], [ -89.103632, 13.669489, 0.0 ], [ -89.103687, 13.669473, 0.0 ], [ -89.103726, 13.669472, 0.0 ], [ -89.103775, 13.669473, 0.0 ], [ -89.103829, 13.66948, 0.0 ], [ -89.103888, 13.66949, 0.0 ], [ -89.103943, 13.669502, 0.0 ], [ -89.104054, 13.669541, 0.0 ], [ -89.104193, 13.66959, 0.0 ], [ -89.104326, 13.669629, 0.0 ], [ -89.104428, 13.669651, 0.0 ], [ -89.10452, 13.669658, 0.0 ], [ -89.104592, 13.66966, 0.0 ], [ -89.10466, 13.669654, 0.0 ], [ -89.104748, 13.669638, 0.0 ], [ -89.104868, 13.66963, 0.0 ], [ -89.104979, 13.66963, 0.0 ], [ -89.105166, 13.669647, 0.0 ], [ -89.105227, 13.669653, 0.0 ], [ -89.105321, 13.66966, 0.0 ], [ -89.105416, 13.66966, 0.0 ], [ -89.105504, 13.669644, 0.0 ], [ -89.105589, 13.66962, 0.0 ], [ -89.105669, 13.669581, 0.0 ], [ -89.105758, 13.669536, 0.0 ], [ -89.105824, 13.669498, 0.0 ], [ -89.105909, 13.669453, 0.0 ], [ -89.106123, 13.669353, 0.0 ], [ -89.106702, 13.66911, 0.0 ], [ -89.106887, 13.66927, 0.0 ], [ -89.107206, 13.669546, 0.0 ], [ -89.107429, 13.669683, 0.0 ], [ -89.107852, 13.669944, 0.0 ], [ -89.108094, 13.670045, 0.0 ], [ -89.108602, 13.670254, 0.0 ], [ -89.10867, 13.670273, 0.0 ], [ -89.108829, 13.670316, 0.0 ], [ -89.108963, 13.670353, 0.0 ], [ -89.109309, 13.67045, 0.0 ], [ -89.109416, 13.670487, 0.0 ], [ -89.109724, 13.670593, 0.0 ], [ -89.109833, 13.670636, 0.0 ], [ -89.110186, 13.670777, 0.0 ], [ -89.110232, 13.670815, 0.0 ], [ -89.110399, 13.670955, 0.0 ], [ -89.110413, 13.670974, 0.0 ], [ -89.110472, 13.671052, 0.0 ], [ -89.110477, 13.671083, 0.0 ], [ -89.1105, 13.671231, 0.0 ], [ -89.11051, 13.671246, 0.0 ], [ -89.110563, 13.671336, 0.0 ], [ -89.110604, 13.671384, 0.0 ], [ -89.110885, 13.67171, 0.0 ], [ -89.110934, 13.671746, 0.0 ], [ -89.111337, 13.672047, 0.0 ], [ -89.111384, 13.672082, 0.0 ], [ -89.111892, 13.672455, 0.0 ], [ -89.111906, 13.672467, 0.0 ], [ -89.112109, 13.672639, 0.0 ], [ -89.112118, 13.67265, 0.0 ], [ -89.112318, 13.672887, 0.0 ], [ -89.112326, 13.672888, 0.0 ], [ -89.112641, 13.67293, 0.0 ], [ -89.112728, 13.672942, 0.0 ], [ -89.112729, 13.672942, 0.0 ], [ -89.112798, 13.672914, 0.0 ], [ -89.112826, 13.672906, 0.0 ], [ -89.112855, 13.672904, 0.0 ], [ -89.112899, 13.672907, 0.0 ], [ -89.112962, 13.67292, 0.0 ], [ -89.113038, 13.672939, 0.0 ], [ -89.113123, 13.672961, 0.0 ], [ -89.113249, 13.672999, 0.0 ], [ -89.113406, 13.673039, 0.0 ], [ -89.113465, 13.67305, 0.0 ], [ -89.113516, 13.673057, 0.0 ], [ -89.113587, 13.673061, 0.0 ], [ -89.113856, 13.673062, 0.0 ], [ -89.114241, 13.67307, 0.0 ], [ -89.114357, 13.673085, 0.0 ], [ -89.114465, 13.673109, 0.0 ], [ -89.114602, 13.673163, 0.0 ], [ -89.114603, 13.673163, 0.0 ], [ -89.114759, 13.67325, 0.0 ], [ -89.114953, 13.673346, 0.0 ], [ -89.115078, 13.673394, 0.0 ], [ -89.115151, 13.673433, 0.0 ], [ -89.11523, 13.67348, 0.0 ], [ -89.1153, 13.673533, 0.0 ], [ -89.115369, 13.673599, 0.0 ], [ -89.115417, 13.673676, 0.0 ], [ -89.115452, 13.673766, 0.0 ], [ -89.115481, 13.67386, 0.0 ], [ -89.115488, 13.673939, 0.0 ], [ -89.115494, 13.67404, 0.0 ], [ -89.115501, 13.674153, 0.0 ], [ -89.115514, 13.674237, 0.0 ], [ -89.115533, 13.674336, 0.0 ], [ -89.115558, 13.674442, 0.0 ], [ -89.115581, 13.674508, 0.0 ], [ -89.115613, 13.674586, 0.0 ], [ -89.115635, 13.674654, 0.0 ], [ -89.115653, 13.67471, 0.0 ], [ -89.115669, 13.674793, 0.0 ], [ -89.115674, 13.67492, 0.0 ], [ -89.115672, 13.675031, 0.0 ], [ -89.115652, 13.675435, 0.0 ], [ -89.115781, 13.675218, 0.0 ], [ -89.115807, 13.675174, 0.0 ], [ -89.115828, 13.67511, 0.0 ], [ -89.116482, 13.673157, 0.0 ], [ -89.116533, 13.673002, 0.0 ], [ -89.116772, 13.67237, 0.0 ], [ -89.116992, 13.671789, 0.0 ], [ -89.117229, 13.671161, 0.0 ], [ -89.117263, 13.671071, 0.0 ], [ -89.117265, 13.671051, 0.0 ], [ -89.116562, 13.669481, 0.0 ], [ -89.116864, 13.669099, 0.0 ], [ -89.119202, 13.66615, 0.0 ], [ -89.120117, 13.664994, 0.0 ], [ -89.120546, 13.664453, 0.0 ], [ -89.120548, 13.664449, 0.0 ], [ -89.120594, 13.664348, 0.0 ], [ -89.126018, 13.652387, 0.0 ], [ -89.126876, 13.650495, 0.0 ], [ -89.126862, 13.650422, 0.0 ], [ -89.126331, 13.647793, 0.0 ], [ -89.12629, 13.64759, 0.0 ], [ -89.126205, 13.647168, 0.0 ], [ -89.125983, 13.646068, 0.0 ], [ -89.125832, 13.645322, 0.0 ], [ -89.12545, 13.64343, 0.0 ], [ -89.125284, 13.642603, 0.0 ], [ -89.125249, 13.64243, 0.0 ], [ -89.125191, 13.642143, 0.0 ], [ -89.125171, 13.642046, 0.0 ], [ -89.12516, 13.641991, 0.0 ], [ -89.123899, 13.63574, 0.0 ], [ -89.123886, 13.635675, 0.0 ], [ -89.123812, 13.63531, 0.0 ], [ -89.12364, 13.634458, 0.0 ], [ -89.123433, 13.633433, 0.0 ], [ -89.123288, 13.632714, 0.0 ], [ -89.123828, 13.632709, 0.0 ], [ -89.124573, 13.632708, 0.0 ], [ -89.125175, 13.632563, 0.0 ], [ -89.125572, 13.632219, 0.0 ], [ -89.125605, 13.63219, 0.0 ], [ -89.125542, 13.632064, 0.0 ], [ -89.125536, 13.632051, 0.0 ], [ -89.125511, 13.632002, 0.0 ], [ -89.125491, 13.6319, 0.0 ], [ -89.125428, 13.631626, 0.0 ], [ -89.125392, 13.631474, 0.0 ], [ -89.125399, 13.631146, 0.0 ], [ -89.1254, 13.631092, 0.0 ], [ -89.125574, 13.630864, 0.0 ], [ -89.125584, 13.630851, 0.0 ], [ -89.125645, 13.630765, 0.0 ], [ -89.125674, 13.630692, 0.0 ], [ -89.125731, 13.63055, 0.0 ], [ -89.125777, 13.630312, 0.0 ], [ -89.125793, 13.630104, 0.0 ], [ -89.125842, 13.629852, 0.0 ], [ -89.12588, 13.629655, 0.0 ], [ -89.125889, 13.629579, 0.0 ], [ -89.125897, 13.629508, 0.0 ], [ -89.125894, 13.629476, 0.0 ], [ -89.12588, 13.629258, 0.0 ], [ -89.125837, 13.628838, 0.0 ], [ -89.125842, 13.628812, 0.0 ], [ -89.125843, 13.628808, 0.0 ], [ -89.125857, 13.62873, 0.0 ], [ -89.125869, 13.628702, 0.0 ], [ -89.1259, 13.628627, 0.0 ], [ -89.125943, 13.628523, 0.0 ], [ -89.126019, 13.628427, 0.0 ], [ -89.126054, 13.628372, 0.0 ], [ -89.126109, 13.628285, 0.0 ], [ -89.126154, 13.628112, 0.0 ], [ -89.126156, 13.628086, 0.0 ], [ -89.12616, 13.627999, 0.0 ], [ -89.126163, 13.627851, 0.0 ], [ -89.126175, 13.627762, 0.0 ], [ -89.126182, 13.627708, 0.0 ], [ -89.126121, 13.627589, 0.0 ], [ -89.126071, 13.627484, 0.0 ], [ -89.126049, 13.627345, 0.0 ], [ -89.12606, 13.627283, 0.0 ], [ -89.126069, 13.627233, 0.0 ], [ -89.126095, 13.627151, 0.0 ], [ -89.126101, 13.627132, 0.0 ], [ -89.126096, 13.627124, 0.0 ], [ -89.126064, 13.627073, 0.0 ], [ -89.126021, 13.627002, 0.0 ], [ -89.126016, 13.626994, 0.0 ], [ -89.126032, 13.626685, 0.0 ], [ -89.126024, 13.626567, 0.0 ], [ -89.126051, 13.62648, 0.0 ], [ -89.126071, 13.626416, 0.0 ], [ -89.1261, 13.626387, 0.0 ], [ -89.126098, 13.626354, 0.0 ], [ -89.126092, 13.626242, 0.0 ], [ -89.126067, 13.626192, 0.0 ], [ -89.126042, 13.626182, 0.0 ], [ -89.126011, 13.626166, 0.0 ], [ -89.125956, 13.626138, 0.0 ], [ -89.125931, 13.626136, 0.0 ], [ -89.125886, 13.626132, 0.0 ], [ -89.125839, 13.626094, 0.0 ], [ -89.125762, 13.626031, 0.0 ], [ -89.125759, 13.626029, 0.0 ], [ -89.125737, 13.625935, 0.0 ], [ -89.125737, 13.625931, 0.0 ], [ -89.125739, 13.625853, 0.0 ], [ -89.125737, 13.625844, 0.0 ], [ -89.125706, 13.625686, 0.0 ], [ -89.125706, 13.625674, 0.0 ], [ -89.12571, 13.625482, 0.0 ], [ -89.125711, 13.625411, 0.0 ], [ -89.125731, 13.625325, 0.0 ], [ -89.125795, 13.625151, 0.0 ], [ -89.125836, 13.62504, 0.0 ], [ -89.125948, 13.624902, 0.0 ], [ -89.125995, 13.62486, 0.0 ], [ -89.126101, 13.624765, 0.0 ], [ -89.126269, 13.624662, 0.0 ], [ -89.126299, 13.624628, 0.0 ], [ -89.126321, 13.624602, 0.0 ], [ -89.126381, 13.624349, 0.0 ], [ -89.126389, 13.624327, 0.0 ], [ -89.126397, 13.624302, 0.0 ], [ -89.126424, 13.624227, 0.0 ], [ -89.126524, 13.624064, 0.0 ], [ -89.126604, 13.62399, 0.0 ], [ -89.126663, 13.623923, 0.0 ], [ -89.126668, 13.623817, 0.0 ], [ -89.12667, 13.623787, 0.0 ], [ -89.126663, 13.623777, 0.0 ], [ -89.126636, 13.623732, 0.0 ], [ -89.12662, 13.623706, 0.0 ], [ -89.126544, 13.623678, 0.0 ], [ -89.126491, 13.623663, 0.0 ], [ -89.126407, 13.623681, 0.0 ], [ -89.126298, 13.623705, 0.0 ], [ -89.126239, 13.623708, 0.0 ], [ -89.126183, 13.623711, 0.0 ], [ -89.126112, 13.62369, 0.0 ], [ -89.126054, 13.623674, 0.0 ], [ -89.126029, 13.623666, 0.0 ], [ -89.126006, 13.623654, 0.0 ], [ -89.125895, 13.623596, 0.0 ], [ -89.125872, 13.623584, 0.0 ], [ -89.125888, 13.623561, 0.0 ], [ -89.125949, 13.623471, 0.0 ], [ -89.125954, 13.623461, 0.0 ], [ -89.125958, 13.623454, 0.0 ], [ -89.125982, 13.623425, 0.0 ], [ -89.126011, 13.623332, 0.0 ], [ -89.126045, 13.623283, 0.0 ], [ -89.12611, 13.623186, 0.0 ], [ -89.126101, 13.6231, 0.0 ], [ -89.126084, 13.622935, 0.0 ], [ -89.12609, 13.622915, 0.0 ], [ -89.126108, 13.622859, 0.0 ], [ -89.126139, 13.622762, 0.0 ], [ -89.126266, 13.622686, 0.0 ], [ -89.126273, 13.622684, 0.0 ], [ -89.126445, 13.622649, 0.0 ], [ -89.126558, 13.622626, 0.0 ], [ -89.126563, 13.622625, 0.0 ], [ -89.126567, 13.62262, 0.0 ], [ -89.126625, 13.622554, 0.0 ], [ -89.126622, 13.622405, 0.0 ], [ -89.126627, 13.622338, 0.0 ], [ -89.12663, 13.622285, 0.0 ], [ -89.126635, 13.622226, 0.0 ], [ -89.126751, 13.622095, 0.0 ], [ -89.126785, 13.622058, 0.0 ], [ -89.126932, 13.621946, 0.0 ], [ -89.126933, 13.621917, 0.0 ], [ -89.126936, 13.621848, 0.0 ], [ -89.126913, 13.62179, 0.0 ], [ -89.126874, 13.621688, 0.0 ], [ -89.126851, 13.621628, 0.0 ], [ -89.126739, 13.621506, 0.0 ], [ -89.126726, 13.621492, 0.0 ], [ -89.126602, 13.621337, 0.0 ], [ -89.126571, 13.621267, 0.0 ], [ -89.126536, 13.621191, 0.0 ], [ -89.126524, 13.621164, 0.0 ], [ -89.126498, 13.620987, 0.0 ], [ -89.126588, 13.620816, 0.0 ], [ -89.126612, 13.620771, 0.0 ], [ -89.126614, 13.620741, 0.0 ], [ -89.126638, 13.620447, 0.0 ], [ -89.126621, 13.620153, 0.0 ], [ -89.126621, 13.620148, 0.0 ], [ -89.12662, 13.620126, 0.0 ], [ -89.126724, 13.61996, 0.0 ], [ -89.126762, 13.619918, 0.0 ], [ -89.126824, 13.61985, 0.0 ], [ -89.126851, 13.61982, 0.0 ], [ -89.127098, 13.619796, 0.0 ], [ -89.127349, 13.619742, 0.0 ], [ -89.127512, 13.619682, 0.0 ], [ -89.127587, 13.619638, 0.0 ], [ -89.12767, 13.619548, 0.0 ], [ -89.12777, 13.619354, 0.0 ], [ -89.127806, 13.619293, 0.0 ], [ -89.127858, 13.619205, 0.0 ], [ -89.127866, 13.619149, 0.0 ], [ -89.127874, 13.619094, 0.0 ], [ -89.127869, 13.619017, 0.0 ], [ -89.127918, 13.618895, 0.0 ], [ -89.127968, 13.61877, 0.0 ], [ -89.12813, 13.61846, 0.0 ], [ -89.12828, 13.618333, 0.0 ], [ -89.128355, 13.61827, 0.0 ], [ -89.128448, 13.618194, 0.0 ], [ -89.128528, 13.618047, 0.0 ], [ -89.128552, 13.617872, 0.0 ], [ -89.128529, 13.617734, 0.0 ], [ -89.128506, 13.617574, 0.0 ], [ -89.128501, 13.617542, 0.0 ], [ -89.128483, 13.617414, 0.0 ], [ -89.128498, 13.617358, 0.0 ], [ -89.128535, 13.617214, 0.0 ], [ -89.128546, 13.617174, 0.0 ], [ -89.128575, 13.617158, 0.0 ], [ -89.128668, 13.617106, 0.0 ], [ -89.128735, 13.617076, 0.0 ], [ -89.128752, 13.617068, 0.0 ], [ -89.128858, 13.617076, 0.0 ], [ -89.128964, 13.617085, 0.0 ], [ -89.129106, 13.617096, 0.0 ], [ -89.129193, 13.617127, 0.0 ], [ -89.129281, 13.617158, 0.0 ], [ -89.129353, 13.617137, 0.0 ], [ -89.129531, 13.617086, 0.0 ], [ -89.129521, 13.616912, 0.0 ], [ -89.12952, 13.616902, 0.0 ], [ -89.129513, 13.616873, 0.0 ], [ -89.129488, 13.616784, 0.0 ], [ -89.129478, 13.616716, 0.0 ], [ -89.129457, 13.616563, 0.0 ], [ -89.129371, 13.616245, 0.0 ], [ -89.129361, 13.616207, 0.0 ], [ -89.12932, 13.616027, 0.0 ], [ -89.129318, 13.616002, 0.0 ], [ -89.129299, 13.615776, 0.0 ], [ -89.129295, 13.615728, 0.0 ], [ -89.129413, 13.61563, 0.0 ], [ -89.129924, 13.615213, 0.0 ], [ -89.130072, 13.615093, 0.0 ], [ -89.130084, 13.615083, 0.0 ], [ -89.130064, 13.614744, 0.0 ], [ -89.130021, 13.614592, 0.0 ], [ -89.129999, 13.614468, 0.0 ], [ -89.129968, 13.614424, 0.0 ], [ -89.12995, 13.6144, 0.0 ], [ -89.129869, 13.61426, 0.0 ], [ -89.129844, 13.614217, 0.0 ], [ -89.129751, 13.614086, 0.0 ], [ -89.129596, 13.613687, 0.0 ], [ -89.129502, 13.613369, 0.0 ], [ -89.129488, 13.613322, 0.0 ], [ -89.12953, 13.613064, 0.0 ], [ -89.129556, 13.612955, 0.0 ], [ -89.129637, 13.612733, 0.0 ], [ -89.129688, 13.612633, 0.0 ], [ -89.129709, 13.612592, 0.0 ], [ -89.129711, 13.612447, 0.0 ], [ -89.12971, 13.612445, 0.0 ], [ -89.129706, 13.612375, 0.0 ], [ -89.129702, 13.612317, 0.0 ], [ -89.129695, 13.61229, 0.0 ], [ -89.129661, 13.61219, 0.0 ], [ -89.129623, 13.612104, 0.0 ], [ -89.129541, 13.611978, 0.0 ], [ -89.129443, 13.611826, 0.0 ], [ -89.12933, 13.611618, 0.0 ], [ -89.12932, 13.611549, 0.0 ], [ -89.129313, 13.611507, 0.0 ], [ -89.129366, 13.611337, 0.0 ], [ -89.129373, 13.611241, 0.0 ], [ -89.129399, 13.61119, 0.0 ], [ -89.129406, 13.611178, 0.0 ], [ -89.129437, 13.611021, 0.0 ], [ -89.12946, 13.610902, 0.0 ], [ -89.129524, 13.610608, 0.0 ], [ -89.129529, 13.610584, 0.0 ], [ -89.129536, 13.610544, 0.0 ], [ -89.129529, 13.61043, 0.0 ], [ -89.129519, 13.61028, 0.0 ], [ -89.129516, 13.610229, 0.0 ], [ -89.129467, 13.610179, 0.0 ], [ -89.129292, 13.609997, 0.0 ], [ -89.129043, 13.609698, 0.0 ], [ -89.129042, 13.609698, 0.0 ], [ -89.129013, 13.609731, 0.0 ], [ -89.128969, 13.609749, 0.0 ], [ -89.128845, 13.609903, 0.0 ], [ -89.128462, 13.609936, 0.0 ], [ -89.128175, 13.609972, 0.0 ], [ -89.127836, 13.610008, 0.0 ], [ -89.127528, 13.610057, 0.0 ], [ -89.127287, 13.61024, 0.0 ], [ -89.12714, 13.610415, 0.0 ], [ -89.12709, 13.610574, 0.0 ], [ -89.126808, 13.610497, 0.0 ], [ -89.126649, 13.610633, 0.0 ], [ -89.12577, 13.611388, 0.0 ], [ -89.12572, 13.61143, 0.0 ], [ -89.125711, 13.611438, 0.0 ], [ -89.125564, 13.611569, 0.0 ], [ -89.125377, 13.611626, 0.0 ], [ -89.12519, 13.611683, 0.0 ], [ -89.125141, 13.611711, 0.0 ], [ -89.125091, 13.611739, 0.0 ], [ -89.125005, 13.611777, 0.0 ], [ -89.124919, 13.611815, 0.0 ], [ -89.124823, 13.611842, 0.0 ], [ -89.124727, 13.611869, 0.0 ], [ -89.12467, 13.611897, 0.0 ], [ -89.124476, 13.612003, 0.0 ], [ -89.124374, 13.612059, 0.0 ], [ -89.12433, 13.612083, 0.0 ], [ -89.124283, 13.612109, 0.0 ], [ -89.124226, 13.612133, 0.0 ], [ -89.124045, 13.612211, 0.0 ], [ -89.123807, 13.612313, 0.0 ], [ -89.123598, 13.612366, 0.0 ], [ -89.123388, 13.612419, 0.0 ], [ -89.123321, 13.612431, 0.0 ], [ -89.122694, 13.61254, 0.0 ], [ -89.122489, 13.612573, 0.0 ], [ -89.122284, 13.612606, 0.0 ], [ -89.122184, 13.612613, 0.0 ], [ -89.122155, 13.612615, 0.0 ], [ -89.12213, 13.61262, 0.0 ], [ -89.122103, 13.612626, 0.0 ], [ -89.122061, 13.612634, 0.0 ], [ -89.122019, 13.612643, 0.0 ], [ -89.121976, 13.612646, 0.0 ], [ -89.121933, 13.61265, 0.0 ], [ -89.121854, 13.612669, 0.0 ], [ -89.121811, 13.61268, 0.0 ], [ -89.121792, 13.612683, 0.0 ], [ -89.121773, 13.612687, 0.0 ], [ -89.121745, 13.612691, 0.0 ], [ -89.121716, 13.612696, 0.0 ], [ -89.121692, 13.612702, 0.0 ], [ -89.121607, 13.612724, 0.0 ], [ -89.121521, 13.612747, 0.0 ], [ -89.121348, 13.612791, 0.0 ], [ -89.12131, 13.612798, 0.0 ], [ -89.121198, 13.612818, 0.0 ], [ -89.121124, 13.612831, 0.0 ], [ -89.121107, 13.612834, 0.0 ], [ -89.121032, 13.612847, 0.0 ], [ -89.120861, 13.612879, 0.0 ], [ -89.120852, 13.61288, 0.0 ], [ -89.12068, 13.612912, 0.0 ], [ -89.120672, 13.612913, 0.0 ], [ -89.120519, 13.612924, 0.0 ], [ -89.120367, 13.612934, 0.0 ], [ -89.120335, 13.612937, 0.0 ], [ -89.120235, 13.612945, 0.0 ], [ -89.119926, 13.612965, 0.0 ], [ -89.119225, 13.613014, 0.0 ], [ -89.118525, 13.613063, 0.0 ], [ -89.118455, 13.613039, 0.0 ], [ -89.118439, 13.613034, 0.0 ], [ -89.118333, 13.613028, 0.0 ], [ -89.118318, 13.613027, 0.0 ], [ -89.118294, 13.613026, 0.0 ], [ -89.118118, 13.612964, 0.0 ], [ -89.117922, 13.612858, 0.0 ], [ -89.117708, 13.612735, 0.0 ], [ -89.117553, 13.612628, 0.0 ], [ -89.117502, 13.612593, 0.0 ], [ -89.117313, 13.612473, 0.0 ], [ -89.116913, 13.61226, 0.0 ], [ -89.116612, 13.612106, 0.0 ], [ -89.116501, 13.612061, 0.0 ], [ -89.11643, 13.612031, 0.0 ], [ -89.116365, 13.612024, 0.0 ], [ -89.116279, 13.612019, 0.0 ], [ -89.116227, 13.612016, 0.0 ], [ -89.116144, 13.612014, 0.0 ], [ -89.116023, 13.612011, 0.0 ], [ -89.115894, 13.612011, 0.0 ], [ -89.115882, 13.612011, 0.0 ], [ -89.115877, 13.612011, 0.0 ], [ -89.115718, 13.612003, 0.0 ], [ -89.115575, 13.611984, 0.0 ], [ -89.115574, 13.611984, 0.0 ], [ -89.115562, 13.611978, 0.0 ], [ -89.115415, 13.6119, 0.0 ], [ -89.115395, 13.611887, 0.0 ], [ -89.11529, 13.61182, 0.0 ], [ -89.115068, 13.611543, 0.0 ], [ -89.115065, 13.611539, 0.0 ], [ -89.115006, 13.611466, 0.0 ], [ -89.114946, 13.611388, 0.0 ], [ -89.114915, 13.611256, 0.0 ], [ -89.114911, 13.61125, 0.0 ], [ -89.114772, 13.611036, 0.0 ], [ -89.114627, 13.610889, 0.0 ], [ -89.114485, 13.610742, 0.0 ], [ -89.114166, 13.610735, 0.0 ], [ -89.114148, 13.610726, 0.0 ], [ -89.114043, 13.610672, 0.0 ], [ -89.114006, 13.610657, 0.0 ], [ -89.113932, 13.610631, 0.0 ], [ -89.113794, 13.610584, 0.0 ], [ -89.113685, 13.610564, 0.0 ], [ -89.113485, 13.610529, 0.0 ], [ -89.113421, 13.6105, 0.0 ], [ -89.11343, 13.610426, 0.0 ], [ -89.113433, 13.610406, 0.0 ], [ -89.113435, 13.610387, 0.0 ], [ -89.113353, 13.610209, 0.0 ], [ -89.113239, 13.610085, 0.0 ], [ -89.113151, 13.60999, 0.0 ], [ -89.113067, 13.609876, 0.0 ], [ -89.113043, 13.609842, 0.0 ], [ -89.11304, 13.609839, 0.0 ], [ -89.11302, 13.609693, 0.0 ], [ -89.112997, 13.609524, 0.0 ], [ -89.112987, 13.60946, 0.0 ], [ -89.112835, 13.609357, 0.0 ], [ -89.112622, 13.609246, 0.0 ], [ -89.112569, 13.609218, 0.0 ], [ -89.112513, 13.609141, 0.0 ], [ -89.112482, 13.6091, 0.0 ], [ -89.112295, 13.608902, 0.0 ], [ -89.112111, 13.608722, 0.0 ], [ -89.112039, 13.608595, 0.0 ], [ -89.111933, 13.608455, 0.0 ], [ -89.111928, 13.608449, 0.0 ], [ -89.111828, 13.608347, 0.0 ], [ -89.111739, 13.608256, 0.0 ], [ -89.111435, 13.608037, 0.0 ], [ -89.111048, 13.607805, 0.0 ], [ -89.110789, 13.607486, 0.0 ], [ -89.110774, 13.607472, 0.0 ], [ -89.110753, 13.60745, 0.0 ], [ -89.110623, 13.607319, 0.0 ], [ -89.110504, 13.607205, 0.0 ], [ -89.110297, 13.607004, 0.0 ], [ -89.110255, 13.606896, 0.0 ], [ -89.110256, 13.606889, 0.0 ], [ -89.110359, 13.606475, 0.0 ], [ -89.110243, 13.606324, 0.0 ], [ -89.110145, 13.606215, 0.0 ], [ -89.110131, 13.606199, 0.0 ], [ -89.110134, 13.606162, 0.0 ], [ -89.110137, 13.606129, 0.0 ], [ -89.110246, 13.605881, 0.0 ], [ -89.110248, 13.605773, 0.0 ], [ -89.110078, 13.605609, 0.0 ], [ -89.11001, 13.605548, 0.0 ], [ -89.109921, 13.605283, 0.0 ], [ -89.109596, 13.605206, 0.0 ], [ -89.109413, 13.605393, 0.0 ], [ -89.109395, 13.605411, 0.0 ], [ -89.109347, 13.605492, 0.0 ], [ -89.10928, 13.605606, 0.0 ], [ -89.109164, 13.605834, 0.0 ], [ -89.109101, 13.605961, 0.0 ], [ -89.109044, 13.606055, 0.0 ], [ -89.108976, 13.606167, 0.0 ], [ -89.108974, 13.606171, 0.0 ], [ -89.10894, 13.606186, 0.0 ], [ -89.108879, 13.606214, 0.0 ], [ -89.108777, 13.606237, 0.0 ], [ -89.108645, 13.606267, 0.0 ], [ -89.108451, 13.606398, 0.0 ], [ -89.108353, 13.606489, 0.0 ], [ -89.108341, 13.6065, 0.0 ], [ -89.10829, 13.606504, 0.0 ], [ -89.108184, 13.606474, 0.0 ], [ -89.108141, 13.606461, 0.0 ], [ -89.108132, 13.606459, 0.0 ], [ -89.108101, 13.606474, 0.0 ], [ -89.108, 13.606524, 0.0 ], [ -89.10797, 13.606662, 0.0 ], [ -89.108027, 13.606769, 0.0 ], [ -89.108063, 13.606834, 0.0 ], [ -89.108063, 13.60685, 0.0 ], [ -89.108063, 13.606913, 0.0 ], [ -89.108064, 13.607061, 0.0 ], [ -89.108008, 13.607121, 0.0 ], [ -89.108007, 13.607123, 0.0 ], [ -89.107851, 13.60713, 0.0 ], [ -89.107801, 13.607135, 0.0 ], [ -89.107627, 13.607151, 0.0 ], [ -89.107616, 13.607152, 0.0 ], [ -89.107581, 13.607176, 0.0 ], [ -89.107376, 13.607317, 0.0 ], [ -89.107146, 13.607589, 0.0 ], [ -89.107066, 13.607683, 0.0 ], [ -89.10703, 13.607725, 0.0 ], [ -89.1069, 13.607878, 0.0 ], [ -89.106885, 13.607905, 0.0 ], [ -89.106753, 13.60814, 0.0 ], [ -89.106642, 13.608199, 0.0 ], [ -89.106584, 13.60823, 0.0 ], [ -89.106529, 13.608271, 0.0 ], [ -89.106331, 13.608415, 0.0 ], [ -89.106327, 13.608418, 0.0 ], [ -89.106318, 13.608428, 0.0 ], [ -89.106082, 13.608685, 0.0 ], [ -89.105907, 13.608944, 0.0 ], [ -89.105852, 13.609078, 0.0 ], [ -89.105743, 13.609409, 0.0 ], [ -89.10573, 13.609435, 0.0 ], [ -89.105719, 13.609457, 0.0 ], [ -89.105678, 13.609539, 0.0 ], [ -89.10549, 13.609886, 0.0 ], [ -89.105356, 13.610047, 0.0 ], [ -89.10523, 13.610197, 0.0 ], [ -89.105104, 13.610376, 0.0 ], [ -89.104971, 13.610563, 0.0 ], [ -89.104663, 13.611023, 0.0 ], [ -89.104509, 13.611125, 0.0 ], [ -89.104392, 13.611205, 0.0 ], [ -89.104244, 13.611307, 0.0 ], [ -89.104068, 13.61159, 0.0 ], [ -89.103988, 13.611717, 0.0 ], [ -89.103958, 13.611765, 0.0 ], [ -89.103925, 13.611833, 0.0 ], [ -89.103704, 13.612284, 0.0 ], [ -89.103538, 13.612623, 0.0 ], [ -89.1034, 13.612673, 0.0 ], [ -89.103286, 13.612714, 0.0 ], [ -89.103188, 13.612762, 0.0 ], [ -89.103073, 13.612819, 0.0 ], [ -89.102862, 13.613019, 0.0 ], [ -89.102876, 13.613115, 0.0 ], [ -89.102891, 13.61319, 0.0 ], [ -89.102936, 13.613411, 0.0 ], [ -89.102936, 13.613414, 0.0 ], [ -89.102923, 13.613447, 0.0 ], [ -89.102883, 13.613546, 0.0 ], [ -89.102882, 13.61355, 0.0 ], [ -89.102683, 13.61359, 0.0 ], [ -89.102568, 13.613933, 0.0 ], [ -89.102573, 13.613993, 0.0 ], [ -89.102598, 13.614301, 0.0 ], [ -89.102587, 13.614694, 0.0 ], [ -89.102563, 13.614737, 0.0 ], [ -89.102466, 13.614909, 0.0 ], [ -89.102399, 13.615028, 0.0 ], [ -89.102391, 13.615051, 0.0 ], [ -89.102291, 13.615324, 0.0 ], [ -89.102231, 13.615487, 0.0 ], [ -89.102225, 13.615504, 0.0 ], [ -89.102194, 13.615631, 0.0 ], [ -89.102179, 13.615691, 0.0 ], [ -89.102173, 13.615715, 0.0 ], [ -89.102171, 13.615898, 0.0 ], [ -89.102171, 13.615968, 0.0 ], [ -89.10217, 13.616031, 0.0 ], [ -89.102138, 13.61615, 0.0 ], [ -89.102129, 13.616185, 0.0 ], [ -89.102113, 13.616245, 0.0 ], [ -89.102051, 13.616424, 0.0 ], [ -89.10204, 13.616458, 0.0 ], [ -89.101999, 13.616579, 0.0 ], [ -89.101984, 13.616668, 0.0 ], [ -89.101983, 13.616675, 0.0 ], [ -89.101971, 13.616752, 0.0 ], [ -89.10197, 13.616815, 0.0 ], [ -89.10197, 13.616818, 0.0 ], [ -89.101969, 13.616884, 0.0 ], [ -89.101973, 13.616973, 0.0 ], [ -89.101974, 13.616991, 0.0 ], [ -89.10198, 13.617109, 0.0 ], [ -89.101975, 13.617193, 0.0 ], [ -89.101972, 13.617231, 0.0 ], [ -89.101964, 13.617375, 0.0 ], [ -89.101963, 13.617379, 0.0 ], [ -89.101999, 13.617434, 0.0 ], [ -89.102031, 13.617483, 0.0 ], [ -89.102119, 13.61762, 0.0 ], [ -89.102136, 13.617654, 0.0 ], [ -89.102165, 13.617715, 0.0 ], [ -89.102231, 13.61785, 0.0 ], [ -89.102252, 13.617961, 0.0 ], [ -89.102272, 13.618072, 0.0 ], [ -89.10225, 13.618247, 0.0 ], [ -89.102248, 13.618266, 0.0 ], [ -89.102233, 13.61833, 0.0 ], [ -89.102214, 13.618416, 0.0 ], [ -89.102207, 13.618448, 0.0 ], [ -89.102195, 13.618478, 0.0 ], [ -89.10218, 13.618516, 0.0 ], [ -89.10217, 13.61854, 0.0 ], [ -89.102152, 13.61858, 0.0 ], [ -89.102131, 13.618624, 0.0 ], [ -89.10211, 13.618668, 0.0 ], [ -89.102069, 13.618733, 0.0 ], [ -89.102027, 13.618799, 0.0 ], [ -89.101967, 13.618894, 0.0 ], [ -89.101951, 13.618943, 0.0 ], [ -89.101937, 13.618984, 0.0 ], [ -89.101907, 13.619076, 0.0 ], [ -89.101881, 13.61916, 0.0 ], [ -89.101864, 13.619218, 0.0 ], [ -89.101803, 13.61942, 0.0 ], [ -89.101805, 13.619454, 0.0 ], [ -89.101806, 13.61947, 0.0 ], [ -89.10181, 13.619571, 0.0 ], [ -89.101812, 13.619607, 0.0 ], [ -89.101812, 13.619615, 0.0 ], [ -89.101817, 13.619747, 0.0 ], [ -89.101822, 13.619772, 0.0 ], [ -89.101822, 13.619774, 0.0 ], [ -89.101847, 13.619891, 0.0 ], [ -89.101841, 13.61991, 0.0 ], [ -89.101836, 13.619925, 0.0 ], [ -89.101778, 13.620101, 0.0 ], [ -89.101777, 13.620103, 0.0 ], [ -89.101768, 13.62015, 0.0 ], [ -89.101717, 13.620421, 0.0 ], [ -89.101712, 13.620447, 0.0 ], [ -89.101716, 13.62046, 0.0 ], [ -89.10174, 13.620535, 0.0 ], [ -89.101745, 13.620552, 0.0 ], [ -89.101744, 13.62056, 0.0 ], [ -89.101734, 13.620618, 0.0 ], [ -89.10173, 13.620638, 0.0 ], [ -89.101729, 13.620645, 0.0 ], [ -89.101723, 13.620699, 0.0 ], [ -89.101719, 13.620728, 0.0 ], [ -89.101719, 13.620751, 0.0 ], [ -89.101716, 13.620971, 0.0 ], [ -89.101714, 13.621135, 0.0 ], [ -89.101717, 13.621141, 0.0 ], [ -89.101753, 13.621228, 0.0 ], [ -89.101789, 13.621316, 0.0 ], [ -89.101791, 13.621319, 0.0 ], [ -89.101841, 13.621389, 0.0 ], [ -89.101907, 13.621482, 0.0 ], [ -89.101908, 13.621483, 0.0 ], [ -89.101917, 13.621513, 0.0 ], [ -89.101933, 13.621566, 0.0 ], [ -89.101934, 13.621568, 0.0 ], [ -89.101945, 13.621609, 0.0 ], [ -89.101972, 13.621711, 0.0 ], [ -89.101973, 13.621718, 0.0 ], [ -89.101998, 13.621758, 0.0 ], [ -89.102094, 13.621916, 0.0 ], [ -89.102103, 13.62193, 0.0 ], [ -89.102105, 13.621952, 0.0 ], [ -89.102115, 13.622116, 0.0 ], [ -89.102116, 13.622135, 0.0 ], [ -89.102114, 13.622139, 0.0 ], [ -89.10207, 13.622289, 0.0 ], [ -89.102067, 13.622298, 0.0 ], [ -89.102064, 13.622308, 0.0 ], [ -89.102007, 13.622388, 0.0 ], [ -89.101998, 13.622401, 0.0 ], [ -89.101934, 13.622493, 0.0 ], [ -89.101929, 13.622501, 0.0 ], [ -89.101916, 13.622519, 0.0 ], [ -89.101895, 13.622593, 0.0 ], [ -89.101891, 13.622606, 0.0 ], [ -89.101886, 13.622625, 0.0 ], [ -89.101849, 13.622762, 0.0 ], [ -89.101837, 13.622804, 0.0 ], [ -89.101826, 13.622847, 0.0 ], [ -89.101822, 13.622857, 0.0 ], [ -89.10182, 13.622862, 0.0 ], [ -89.101818, 13.622865, 0.0 ], [ -89.101779, 13.622865, 0.0 ], [ -89.101428, 13.622859, 0.0 ], [ -89.101358, 13.622861, 0.0 ], [ -89.101287, 13.622961, 0.0 ], [ -89.101215, 13.623061, 0.0 ], [ -89.101121, 13.623263, 0.0 ], [ -89.100986, 13.623334, 0.0 ], [ -89.100851, 13.623406, 0.0 ], [ -89.100833, 13.623421, 0.0 ], [ -89.100785, 13.623424, 0.0 ], [ -89.100339, 13.623471, 0.0 ], [ -89.100329, 13.623479, 0.0 ], [ -89.100325, 13.623482, 0.0 ], [ -89.100313, 13.623492, 0.0 ], [ -89.099937, 13.623801, 0.0 ], [ -89.099913, 13.623821, 0.0 ], [ -89.099812, 13.623904, 0.0 ], [ -89.099806, 13.623909, 0.0 ], [ -89.099785, 13.623927, 0.0 ], [ -89.099742, 13.623962, 0.0 ], [ -89.099739, 13.623965, 0.0 ], [ -89.099732, 13.62397, 0.0 ], [ -89.099729, 13.623973, 0.0 ], [ -89.099726, 13.623975, 0.0 ], [ -89.099725, 13.623976, 0.0 ], [ -89.099724, 13.623977, 0.0 ], [ -89.099489, 13.62417, 0.0 ], [ -89.099479, 13.624179, 0.0 ], [ -89.099275, 13.624353, 0.0 ], [ -89.099136, 13.624472, 0.0 ], [ -89.099115, 13.624499, 0.0 ], [ -89.099061, 13.624571, 0.0 ], [ -89.098987, 13.624669, 0.0 ], [ -89.098799, 13.624691, 0.0 ], [ -89.098654, 13.624707, 0.0 ], [ -89.098612, 13.624712, 0.0 ], [ -89.098611, 13.624712, 0.0 ], [ -89.098584, 13.62473, 0.0 ], [ -89.098575, 13.624735, 0.0 ], [ -89.098572, 13.624737, 0.0 ], [ -89.098565, 13.624741, 0.0 ], [ -89.098547, 13.624753, 0.0 ], [ -89.098529, 13.624764, 0.0 ], [ -89.098527, 13.624765, 0.0 ], [ -89.098493, 13.624786, 0.0 ], [ -89.098469, 13.624801, 0.0 ], [ -89.09845, 13.624813, 0.0 ], [ -89.098441, 13.624819, 0.0 ], [ -89.098433, 13.624824, 0.0 ], [ -89.098406, 13.624841, 0.0 ], [ -89.098401, 13.624845, 0.0 ], [ -89.098379, 13.624858, 0.0 ], [ -89.09836, 13.62487, 0.0 ], [ -89.098338, 13.624884, 0.0 ], [ -89.098315, 13.624898, 0.0 ], [ -89.098281, 13.624919, 0.0 ], [ -89.098261, 13.624932, 0.0 ], [ -89.098236, 13.624948, 0.0 ], [ -89.098226, 13.624954, 0.0 ], [ -89.098219, 13.624959, 0.0 ], [ -89.098201, 13.62497, 0.0 ], [ -89.098186, 13.62498, 0.0 ], [ -89.098177, 13.624985, 0.0 ], [ -89.098158, 13.624997, 0.0 ], [ -89.098128, 13.625016, 0.0 ], [ -89.098109, 13.625028, 0.0 ], [ -89.098093, 13.625038, 0.0 ], [ -89.09809, 13.62504, 0.0 ], [ -89.098086, 13.625043, 0.0 ], [ -89.098083, 13.625044, 0.0 ], [ -89.098063, 13.625057, 0.0 ], [ -89.098037, 13.625077, 0.0 ], [ -89.09801, 13.625097, 0.0 ], [ -89.097743, 13.625274, 0.0 ], [ -89.09763, 13.625348, 0.0 ], [ -89.097552, 13.625402, 0.0 ], [ -89.097427, 13.625485, 0.0 ], [ -89.097322, 13.625554, 0.0 ], [ -89.097237, 13.625571, 0.0 ], [ -89.096783, 13.625661, 0.0 ], [ -89.096724, 13.625673, 0.0 ], [ -89.096691, 13.625679, 0.0 ], [ -89.09665, 13.625687, 0.0 ], [ -89.096595, 13.625698, 0.0 ], [ -89.096431, 13.625729, 0.0 ], [ -89.096383, 13.625739, 0.0 ], [ -89.096327, 13.62575, 0.0 ], [ -89.096233, 13.625769, 0.0 ], [ -89.096237, 13.625777, 0.0 ], [ -89.09617, 13.625806, 0.0 ], [ -89.09577, 13.62598, 0.0 ], [ -89.094579, 13.62634, 0.0 ], [ -89.094084, 13.626499, 0.0 ], [ -89.093885, 13.626602, 0.0 ], [ -89.093825, 13.626633, 0.0 ], [ -89.093824, 13.626634, 0.0 ], [ -89.093781, 13.626603, 0.0 ], [ -89.09374, 13.626644, 0.0 ], [ -89.093727, 13.626657, 0.0 ], [ -89.093626, 13.626759, 0.0 ], [ -89.093479, 13.626908, 0.0 ], [ -89.093012, 13.627466, 0.0 ], [ -89.092755, 13.627805, 0.0 ], [ -89.092552, 13.628068, 0.0 ], [ -89.092476, 13.628215, 0.0 ], [ -89.09236, 13.62844, 0.0 ], [ -89.092321, 13.628485, 0.0 ], [ -89.092317, 13.628489, 0.0 ], [ -89.092248, 13.628569, 0.0 ], [ -89.092228, 13.628578, 0.0 ], [ -89.092114, 13.628632, 0.0 ], [ -89.092335, 13.628683, 0.0 ], [ -89.092363, 13.628766, 0.0 ], [ -89.092378, 13.628812, 0.0 ], [ -89.092198, 13.628804, 0.0 ], [ -89.092176, 13.628824, 0.0 ], [ -89.092077, 13.628913, 0.0 ], [ -89.091848, 13.629117, 0.0 ], [ -89.091512, 13.629366, 0.0 ], [ -89.091425, 13.629435, 0.0 ], [ -89.091212, 13.62981, 0.0 ], [ -89.091163, 13.629851, 0.0 ], [ -89.091121, 13.629888, 0.0 ], [ -89.090936, 13.630027, 0.0 ], [ -89.090842, 13.630098, 0.0 ], [ -89.090669, 13.630235, 0.0 ], [ -89.090497, 13.630419, 0.0 ], [ -89.090325, 13.630604, 0.0 ], [ -89.09008, 13.630945, 0.0 ], [ -89.090041, 13.631256, 0.0 ], [ -89.090046, 13.63127, 0.0 ], [ -89.090133, 13.631572, 0.0 ], [ -89.089903, 13.631962, 0.0 ], [ -89.089811, 13.632122, 0.0 ], [ -89.089755, 13.632219, 0.0 ], [ -89.089685, 13.632226, 0.0 ], [ -89.089625, 13.632232, 0.0 ], [ -89.089336, 13.632245, 0.0 ], [ -89.089114, 13.632256, 0.0 ], [ -89.088945, 13.632243, 0.0 ], [ -89.088876, 13.632237, 0.0 ], [ -89.088802, 13.632242, 0.0 ], [ -89.08872, 13.632287, 0.0 ], [ -89.088635, 13.632334, 0.0 ], [ -89.088626, 13.632339, 0.0 ], [ -89.088507, 13.632419, 0.0 ], [ -89.088443, 13.632464, 0.0 ], [ -89.088253, 13.632611, 0.0 ], [ -89.088234, 13.632626, 0.0 ], [ -89.088108, 13.63274, 0.0 ], [ -89.088011, 13.632956, 0.0 ], [ -89.087926, 13.633149, 0.0 ], [ -89.087831, 13.633525, 0.0 ], [ -89.087825, 13.633605, 0.0 ], [ -89.087819, 13.633693, 0.0 ], [ -89.087777, 13.633955, 0.0 ], [ -89.087742, 13.633995, 0.0 ], [ -89.087705, 13.634036, 0.0 ], [ -89.087702, 13.634167, 0.0 ], [ -89.087684, 13.634346, 0.0 ], [ -89.087646, 13.634457, 0.0 ], [ -89.087488, 13.634697, 0.0 ], [ -89.087209, 13.635078, 0.0 ], [ -89.087151, 13.63522, 0.0 ], [ -89.087048, 13.635436, 0.0 ], [ -89.08701, 13.635516, 0.0 ], [ -89.086977, 13.635586, 0.0 ], [ -89.086819, 13.635917, 0.0 ], [ -89.086734, 13.636006, 0.0 ], [ -89.086611, 13.636104, 0.0 ], [ -89.08628, 13.636354, 0.0 ], [ -89.085941, 13.636606, 0.0 ], [ -89.085793, 13.636716, 0.0 ], [ -89.085557, 13.636898, 0.0 ], [ -89.08545, 13.636972, 0.0 ], [ -89.08539, 13.637014, 0.0 ], [ -89.036974, 13.667543, 0.0 ], [ -89.095401, 13.677934, 0.0 ], [ -89.095981, 13.677866, 0.0 ], [ -89.096451, 13.67781, 0.0 ], [ -89.096839, 13.677767, 0.0 ], [ -89.097328, 13.67771, 0.0 ], [ -89.097892, 13.677652, 0.0 ], [ -89.098196, 13.677613, 0.0 ], [ -89.099213, 13.677514, 0.0 ], [ -89.099247, 13.67751, 0.0 ], [ -89.099721, 13.678251, 0.0 ], [ -89.099748, 13.678237, 0.0 ], [ -89.100438, 13.677888, 0.0 ], [ -89.100545, 13.677623, 0.0 ], [ -89.10078, 13.677142, 0.0 ], [ -89.10088, 13.676864, 0.0 ], [ -89.100919, 13.67649, 0.0 ], [ -89.100903, 13.675864, 0.0 ], [ -89.100903, 13.675844, 0.0 ], [ -89.101026, 13.675815, 0.0 ], [ -89.10113, 13.675791, 0.0 ], [ -89.101176, 13.675779, 0.0 ], [ -89.101241, 13.675762, 0.0 ], [ -89.101282, 13.675736, 0.0 ], [ -89.101446, 13.675633, 0.0 ], [ -89.101499, 13.6756, 0.0 ], [ -89.101542, 13.675596, 0.0 ], [ -89.101632, 13.675609, 0.0 ], [ -89.101737, 13.675624, 0.0 ], [ -89.101832, 13.675607, 0.0 ], [ -89.10191, 13.67556, 0.0 ], [ -89.102091, 13.675449, 0.0 ], [ -89.102126, 13.675425, 0.0 ], [ -89.102197, 13.675378, 0.0 ], [ -89.102299, 13.675315, 0.0 ], [ -89.102336, 13.675297, 0.0 ], [ -89.10238, 13.675283, 0.0 ], [ -89.102407, 13.675275, 0.0 ], [ -89.102486, 13.675257, 0.0 ], [ -89.102507, 13.675256, 0.0 ], [ -89.10256, 13.675253, 0.0 ], [ -89.102628, 13.67525, 0.0 ], [ -89.102633, 13.67525, 0.0 ], [ -89.102827, 13.67523, 0.0 ], [ -89.103152, 13.675211, 0.0 ], [ -89.103206, 13.675215, 0.0 ], [ -89.103211, 13.675215, 0.0 ] ] ] ] } },
{ "type": "Feature", "properties": { "id": null, "Name": "", "description": "descripción: Descripción: <br>NOMBRE: SANTO TOMAS<br>PPTO: 9564485.320<br>HABITANTES: 25344<br>AT: 243<br>MUNICIPIO: SAN SALVADOR SUR<br>Descripción: <br>NOMBRE: SANTO TOMAS<br>PPTO: 9564485.320<br>HABITANTES: 25344<br>AT: 243<br>MUNICIPIO: SAN SALVADOR SUR", "timestamp": null, "begin": null, "end": null, "altitudeMode": null, "tessellate": -1, "extrude": 0, "visibility": -1, "drawOrder": null, "icon": null, "descripci__n": "", "NOMBRE": "SANTO TOMAS", "PPTO": "9564485.320", "HABITANTES": "25344", "AT": "243", "MUNICIPIO": "SAN SALVADOR SUR" }, "geometry": { "type": "MultiPolygon", "coordinates": [ [ [ [ -89.118849, 13.67271, 0.0 ], [ -89.118868, 13.672775, 0.0 ], [ -89.118905, 13.67285, 0.0 ], [ -89.118934, 13.672907, 0.0 ], [ -89.118983, 13.672982, 0.0 ], [ -89.119033, 13.673052, 0.0 ], [ -89.1191, 13.67313, 0.0 ], [ -89.119164, 13.673202, 0.0 ], [ -89.11922, 13.673264, 0.0 ], [ -89.119257, 13.673306, 0.0 ], [ -89.119285, 13.673346, 0.0 ], [ -89.119295, 13.67337, 0.0 ], [ -89.119305, 13.673395, 0.0 ], [ -89.119321, 13.673439, 0.0 ], [ -89.119336, 13.673484, 0.0 ], [ -89.119352, 13.673542, 0.0 ], [ -89.119365, 13.673589, 0.0 ], [ -89.119392, 13.673639, 0.0 ], [ -89.119421, 13.67368, 0.0 ], [ -89.119458, 13.673708, 0.0 ], [ -89.119542, 13.673739, 0.0 ], [ -89.119626, 13.673762, 0.0 ], [ -89.11971, 13.67378, 0.0 ], [ -89.119791, 13.673789, 0.0 ], [ -89.119899, 13.673792, 0.0 ], [ -89.119986, 13.673773, 0.0 ], [ -89.120085, 13.673747, 0.0 ], [ -89.120146, 13.673706, 0.0 ], [ -89.120192, 13.673651, 0.0 ], [ -89.120203, 13.673635, 0.0 ], [ -89.120269, 13.673538, 0.0 ], [ -89.120318, 13.673464, 0.0 ], [ -89.120371, 13.673382, 0.0 ], [ -89.12051, 13.673199, 0.0 ], [ -89.120624, 13.673069, 0.0 ], [ -89.120661, 13.673017, 0.0 ], [ -89.120696, 13.672964, 0.0 ], [ -89.120731, 13.672889, 0.0 ], [ -89.120778, 13.672823, 0.0 ], [ -89.120842, 13.672765, 0.0 ], [ -89.120904, 13.672721, 0.0 ], [ -89.120987, 13.672682, 0.0 ], [ -89.121021, 13.672671, 0.0 ], [ -89.121085, 13.672665, 0.0 ], [ -89.121126, 13.672666, 0.0 ], [ -89.121168, 13.672668, 0.0 ], [ -89.121219, 13.67268, 0.0 ], [ -89.121266, 13.67271, 0.0 ], [ -89.121291, 13.67274, 0.0 ], [ -89.121317, 13.672793, 0.0 ], [ -89.121331, 13.672849, 0.0 ], [ -89.12135, 13.672927, 0.0 ], [ -89.121351, 13.672929, 0.0 ], [ -89.12137, 13.673028, 0.0 ], [ -89.121395, 13.673132, 0.0 ], [ -89.121413, 13.673231, 0.0 ], [ -89.121415, 13.673237, 0.0 ], [ -89.121422, 13.673257, 0.0 ], [ -89.121439, 13.673305, 0.0 ], [ -89.121472, 13.673373, 0.0 ], [ -89.121508, 13.673423, 0.0 ], [ -89.12154, 13.673463, 0.0 ], [ -89.121581, 13.673502, 0.0 ], [ -89.121647, 13.673542, 0.0 ], [ -89.121735, 13.673586, 0.0 ], [ -89.121801, 13.673608, 0.0 ], [ -89.12186, 13.673616, 0.0 ], [ -89.121921, 13.673617, 0.0 ], [ -89.121986, 13.6736, 0.0 ], [ -89.122025, 13.673577, 0.0 ], [ -89.122054, 13.673548, 0.0 ], [ -89.122076, 13.673503, 0.0 ], [ -89.1221, 13.673433, 0.0 ], [ -89.122101, 13.673419, 0.0 ], [ -89.122108, 13.673348, 0.0 ], [ -89.122101, 13.67327, 0.0 ], [ -89.122085, 13.673162, 0.0 ], [ -89.122069, 13.673024, 0.0 ], [ -89.12206, 13.672958, 0.0 ], [ -89.122055, 13.672924, 0.0 ], [ -89.122039, 13.672841, 0.0 ], [ -89.122037, 13.672758, 0.0 ], [ -89.122051, 13.67268, 0.0 ], [ -89.122071, 13.67262, 0.0 ], [ -89.122107, 13.672576, 0.0 ], [ -89.122152, 13.672551, 0.0 ], [ -89.122205, 13.672536, 0.0 ], [ -89.122255, 13.67254, 0.0 ], [ -89.122275, 13.672547, 0.0 ], [ -89.122293, 13.672553, 0.0 ], [ -89.122333, 13.672589, 0.0 ], [ -89.122357, 13.672623, 0.0 ], [ -89.122396, 13.672664, 0.0 ], [ -89.122436, 13.672703, 0.0 ], [ -89.122472, 13.672716, 0.0 ], [ -89.122527, 13.67273, 0.0 ], [ -89.122592, 13.672733, 0.0 ], [ -89.122653, 13.672717, 0.0 ], [ -89.122716, 13.672683, 0.0 ], [ -89.122759, 13.672653, 0.0 ], [ -89.122842, 13.672585, 0.0 ], [ -89.122922, 13.672498, 0.0 ], [ -89.122959, 13.672443, 0.0 ], [ -89.12297, 13.672376, 0.0 ], [ -89.122967, 13.672334, 0.0 ], [ -89.122967, 13.672333, 0.0 ], [ -89.122944, 13.672286, 0.0 ], [ -89.122914, 13.672244, 0.0 ], [ -89.12285, 13.672171, 0.0 ], [ -89.122754, 13.672055, 0.0 ], [ -89.122682, 13.671966, 0.0 ], [ -89.122621, 13.671889, 0.0 ], [ -89.122592, 13.671831, 0.0 ], [ -89.122574, 13.671781, 0.0 ], [ -89.122565, 13.671734, 0.0 ], [ -89.122568, 13.67169, 0.0 ], [ -89.122576, 13.671648, 0.0 ], [ -89.122589, 13.671612, 0.0 ], [ -89.122603, 13.671584, 0.0 ], [ -89.122636, 13.671563, 0.0 ], [ -89.122653, 13.671553, 0.0 ], [ -89.122707, 13.67152, 0.0 ], [ -89.122784, 13.671482, 0.0 ], [ -89.122867, 13.671457, 0.0 ], [ -89.122952, 13.671438, 0.0 ], [ -89.123022, 13.671426, 0.0 ], [ -89.123106, 13.671388, 0.0 ], [ -89.12315, 13.67136, 0.0 ], [ -89.123201, 13.67131, 0.0 ], [ -89.123241, 13.671267, 0.0 ], [ -89.123293, 13.671233, 0.0 ], [ -89.123347, 13.671202, 0.0 ], [ -89.123398, 13.671186, 0.0 ], [ -89.123406, 13.671183, 0.0 ], [ -89.123409, 13.671183, 0.0 ], [ -89.123456, 13.671183, 0.0 ], [ -89.123512, 13.671192, 0.0 ], [ -89.123565, 13.671203, 0.0 ], [ -89.123656, 13.671211, 0.0 ], [ -89.123747, 13.671209, 0.0 ], [ -89.123853, 13.671184, 0.0 ], [ -89.123946, 13.67115, 0.0 ], [ -89.124014, 13.6711, 0.0 ], [ -89.124074, 13.671024, 0.0 ], [ -89.124104, 13.67096, 0.0 ], [ -89.124128, 13.670883, 0.0 ], [ -89.12415, 13.670768, 0.0 ], [ -89.124174, 13.670577, 0.0 ], [ -89.124179, 13.67054, 0.0 ], [ -89.124184, 13.670503, 0.0 ], [ -89.124208, 13.67043, 0.0 ], [ -89.124243, 13.670364, 0.0 ], [ -89.124312, 13.670289, 0.0 ], [ -89.124352, 13.670259, 0.0 ], [ -89.124392, 13.670229, 0.0 ], [ -89.124476, 13.670184, 0.0 ], [ -89.124579, 13.67016, 0.0 ], [ -89.124685, 13.670162, 0.0 ], [ -89.124758, 13.670176, 0.0 ], [ -89.124835, 13.670204, 0.0 ], [ -89.124982, 13.670254, 0.0 ], [ -89.125064, 13.670274, 0.0 ], [ -89.125198, 13.670299, 0.0 ], [ -89.125322, 13.670301, 0.0 ], [ -89.125408, 13.670291, 0.0 ], [ -89.125482, 13.670258, 0.0 ], [ -89.12555, 13.670205, 0.0 ], [ -89.125592, 13.670164, 0.0 ], [ -89.125645, 13.670113, 0.0 ], [ -89.125707, 13.67002, 0.0 ], [ -89.125773, 13.669931, 0.0 ], [ -89.125866, 13.669823, 0.0 ], [ -89.125922, 13.669773, 0.0 ], [ -89.125951, 13.669751, 0.0 ], [ -89.125979, 13.669729, 0.0 ], [ -89.126038, 13.669698, 0.0 ], [ -89.126083, 13.669688, 0.0 ], [ -89.126146, 13.669685, 0.0 ], [ -89.12621, 13.66969, 0.0 ], [ -89.12628, 13.669707, 0.0 ], [ -89.126287, 13.66971, 0.0 ], [ -89.126341, 13.669734, 0.0 ], [ -89.126387, 13.669749, 0.0 ], [ -89.126472, 13.669776, 0.0 ], [ -89.12653, 13.669788, 0.0 ], [ -89.126611, 13.66979, 0.0 ], [ -89.12672, 13.669765, 0.0 ], [ -89.126791, 13.66973, 0.0 ], [ -89.126858, 13.669668, 0.0 ], [ -89.126904, 13.669619, 0.0 ], [ -89.126933, 13.66957, 0.0 ], [ -89.126963, 13.669514, 0.0 ], [ -89.126998, 13.669448, 0.0 ], [ -89.127083, 13.669314, 0.0 ], [ -89.127139, 13.669242, 0.0 ], [ -89.127189, 13.669196, 0.0 ], [ -89.127194, 13.669192, 0.0 ], [ -89.127256, 13.669156, 0.0 ], [ -89.127334, 13.669137, 0.0 ], [ -89.127387, 13.669137, 0.0 ], [ -89.127392, 13.669137, 0.0 ], [ -89.12745, 13.669149, 0.0 ], [ -89.127509, 13.669168, 0.0 ], [ -89.127554, 13.66918, 0.0 ], [ -89.127583, 13.669188, 0.0 ], [ -89.127659, 13.669212, 0.0 ], [ -89.127738, 13.669221, 0.0 ], [ -89.127815, 13.669223, 0.0 ], [ -89.12789, 13.669207, 0.0 ], [ -89.127951, 13.669183, 0.0 ], [ -89.128, 13.669153, 0.0 ], [ -89.128002, 13.669152, 0.0 ], [ -89.128056, 13.669111, 0.0 ], [ -89.128063, 13.669105, 0.0 ], [ -89.128107, 13.669063, 0.0 ], [ -89.128224, 13.668941, 0.0 ], [ -89.128346, 13.668806, 0.0 ], [ -89.128451, 13.668709, 0.0 ], [ -89.128512, 13.668665, 0.0 ], [ -89.128597, 13.668631, 0.0 ], [ -89.128671, 13.668618, 0.0 ], [ -89.12872, 13.668621, 0.0 ], [ -89.128736, 13.668623, 0.0 ], [ -89.128794, 13.668634, 0.0 ], [ -89.128861, 13.668668, 0.0 ], [ -89.128915, 13.668727, 0.0 ], [ -89.128943, 13.66877, 0.0 ], [ -89.128978, 13.668826, 0.0 ], [ -89.12902, 13.668907, 0.0 ], [ -89.129056, 13.668965, 0.0 ], [ -89.129082, 13.66899, 0.0 ], [ -89.129098, 13.669004, 0.0 ], [ -89.12913, 13.669025, 0.0 ], [ -89.129198, 13.669031, 0.0 ], [ -89.129199, 13.669031, 0.0 ], [ -89.129265, 13.668996, 0.0 ], [ -89.129277, 13.668987, 0.0 ], [ -89.129322, 13.668953, 0.0 ], [ -89.12937, 13.66891, 0.0 ], [ -89.129471, 13.668849, 0.0 ], [ -89.129514, 13.668821, 0.0 ], [ -89.12956, 13.668804, 0.0 ], [ -89.129598, 13.668804, 0.0 ], [ -89.129621, 13.668804, 0.0 ], [ -89.129698, 13.66881, 0.0 ], [ -89.129751, 13.668816, 0.0 ], [ -89.129825, 13.668835, 0.0 ], [ -89.129876, 13.668852, 0.0 ], [ -89.129967, 13.668883, 0.0 ], [ -89.130034, 13.668883, 0.0 ], [ -89.130042, 13.668883, 0.0 ], [ -89.130068, 13.66887, 0.0 ], [ -89.130093, 13.668857, 0.0 ], [ -89.130132, 13.668824, 0.0 ], [ -89.130148, 13.668791, 0.0 ], [ -89.130161, 13.668731, 0.0 ], [ -89.130164, 13.668717, 0.0 ], [ -89.13017, 13.668718, 0.0 ], [ -89.130332, 13.668745, 0.0 ], [ -89.131025, 13.668861, 0.0 ], [ -89.131262, 13.669232, 0.0 ], [ -89.131139, 13.67, 0.0 ], [ -89.131549, 13.670824, 0.0 ], [ -89.132364, 13.670326, 0.0 ], [ -89.132534, 13.671319, 0.0 ], [ -89.13254, 13.671356, 0.0 ], [ -89.132816, 13.672975, 0.0 ], [ -89.133896, 13.672861, 0.0 ], [ -89.134975, 13.672746, 0.0 ], [ -89.135156, 13.672736, 0.0 ], [ -89.13517, 13.672701, 0.0 ], [ -89.13519, 13.672656, 0.0 ], [ -89.135233, 13.672629, 0.0 ], [ -89.135277, 13.672624, 0.0 ], [ -89.135349, 13.672639, 0.0 ], [ -89.135436, 13.672657, 0.0 ], [ -89.13544, 13.672658, 0.0 ], [ -89.135586, 13.672667, 0.0 ], [ -89.135669, 13.672666, 0.0 ], [ -89.135846, 13.67267, 0.0 ], [ -89.135858, 13.672669, 0.0 ], [ -89.135936, 13.672626, 0.0 ], [ -89.136004, 13.672583, 0.0 ], [ -89.136073, 13.67254, 0.0 ], [ -89.136182, 13.672452, 0.0 ], [ -89.13622, 13.672421, 0.0 ], [ -89.136257, 13.672391, 0.0 ], [ -89.1363, 13.672349, 0.0 ], [ -89.136369, 13.672312, 0.0 ], [ -89.136405, 13.672293, 0.0 ], [ -89.136381, 13.67225, 0.0 ], [ -89.136378, 13.672242, 0.0 ], [ -89.136373, 13.67223, 0.0 ], [ -89.136361, 13.672197, 0.0 ], [ -89.136359, 13.672192, 0.0 ], [ -89.136356, 13.672182, 0.0 ], [ -89.136346, 13.672153, 0.0 ], [ -89.136345, 13.672148, 0.0 ], [ -89.136343, 13.672137, 0.0 ], [ -89.136335, 13.672099, 0.0 ], [ -89.136335, 13.672096, 0.0 ], [ -89.136336, 13.67209, 0.0 ], [ -89.136336, 13.672064, 0.0 ], [ -89.136337, 13.672062, 0.0 ], [ -89.136337, 13.672058, 0.0 ], [ -89.13634, 13.672038, 0.0 ], [ -89.136341, 13.672037, 0.0 ], [ -89.136343, 13.672033, 0.0 ], [ -89.136358, 13.672008, 0.0 ], [ -89.136361, 13.672005, 0.0 ], [ -89.136385, 13.671983, 0.0 ], [ -89.136386, 13.671983, 0.0 ], [ -89.136389, 13.671981, 0.0 ], [ -89.136432, 13.671957, 0.0 ], [ -89.136434, 13.671956, 0.0 ], [ -89.136435, 13.671956, 0.0 ], [ -89.136455, 13.671945, 0.0 ], [ -89.136457, 13.671944, 0.0 ], [ -89.136494, 13.671929, 0.0 ], [ -89.136496, 13.671929, 0.0 ], [ -89.136498, 13.671928, 0.0 ], [ -89.136526, 13.67191, 0.0 ], [ -89.136529, 13.671908, 0.0 ], [ -89.136533, 13.671903, 0.0 ], [ -89.136542, 13.671892, 0.0 ], [ -89.136544, 13.67189, 0.0 ], [ -89.136552, 13.671878, 0.0 ], [ -89.136552, 13.671877, 0.0 ], [ -89.136554, 13.671874, 0.0 ], [ -89.136557, 13.671859, 0.0 ], [ -89.136557, 13.671858, 0.0 ], [ -89.136558, 13.671853, 0.0 ], [ -89.136558, 13.671832, 0.0 ], [ -89.136557, 13.671823, 0.0 ], [ -89.136557, 13.671822, 0.0 ], [ -89.136556, 13.671818, 0.0 ], [ -89.136556, 13.671815, 0.0 ], [ -89.136556, 13.671814, 0.0 ], [ -89.136556, 13.671813, 0.0 ], [ -89.136554, 13.671807, 0.0 ], [ -89.136553, 13.671805, 0.0 ], [ -89.136552, 13.671802, 0.0 ], [ -89.136548, 13.671795, 0.0 ], [ -89.136546, 13.671793, 0.0 ], [ -89.136544, 13.671789, 0.0 ], [ -89.136537, 13.671782, 0.0 ], [ -89.136534, 13.671779, 0.0 ], [ -89.136529, 13.671774, 0.0 ], [ -89.136519, 13.671767, 0.0 ], [ -89.136514, 13.671763, 0.0 ], [ -89.136505, 13.671756, 0.0 ], [ -89.136498, 13.671754, 0.0 ], [ -89.136494, 13.671752, 0.0 ], [ -89.136486, 13.67175, 0.0 ], [ -89.136473, 13.671746, 0.0 ], [ -89.136464, 13.671743, 0.0 ], [ -89.136447, 13.671739, 0.0 ], [ -89.136437, 13.671736, 0.0 ], [ -89.136428, 13.671734, 0.0 ], [ -89.136412, 13.67173, 0.0 ], [ -89.136403, 13.671726, 0.0 ], [ -89.136393, 13.671722, 0.0 ], [ -89.136375, 13.671715, 0.0 ], [ -89.13637, 13.671713, 0.0 ], [ -89.136364, 13.67171, 0.0 ], [ -89.136352, 13.671706, 0.0 ], [ -89.136349, 13.671705, 0.0 ], [ -89.136344, 13.671703, 0.0 ], [ -89.136335, 13.671699, 0.0 ], [ -89.136334, 13.671698, 0.0 ], [ -89.13633, 13.671693, 0.0 ], [ -89.136324, 13.671685, 0.0 ], [ -89.136323, 13.671683, 0.0 ], [ -89.136319, 13.671671, 0.0 ], [ -89.136312, 13.671653, 0.0 ], [ -89.136312, 13.671652, 0.0 ], [ -89.136307, 13.671644, 0.0 ], [ -89.136299, 13.67163, 0.0 ], [ -89.136298, 13.67163, 0.0 ], [ -89.136293, 13.671624, 0.0 ], [ -89.136284, 13.671614, 0.0 ], [ -89.136283, 13.671613, 0.0 ], [ -89.136281, 13.671608, 0.0 ], [ -89.136276, 13.6716, 0.0 ], [ -89.136275, 13.671598, 0.0 ], [ -89.136276, 13.671591, 0.0 ], [ -89.136276, 13.67158, 0.0 ], [ -89.136277, 13.671577, 0.0 ], [ -89.136277, 13.671573, 0.0 ], [ -89.136278, 13.671568, 0.0 ], [ -89.136278, 13.671565, 0.0 ], [ -89.136279, 13.671563, 0.0 ], [ -89.136281, 13.671559, 0.0 ], [ -89.136282, 13.671557, 0.0 ], [ -89.136286, 13.671553, 0.0 ], [ -89.136293, 13.671546, 0.0 ], [ -89.136297, 13.671542, 0.0 ], [ -89.136298, 13.671537, 0.0 ], [ -89.136301, 13.671527, 0.0 ], [ -89.136302, 13.671519, 0.0 ], [ -89.136304, 13.671515, 0.0 ], [ -89.136307, 13.671506, 0.0 ], [ -89.136309, 13.671498, 0.0 ], [ -89.136311, 13.671496, 0.0 ], [ -89.136316, 13.67149, 0.0 ], [ -89.136321, 13.671485, 0.0 ], [ -89.136324, 13.671482, 0.0 ], [ -89.136329, 13.671477, 0.0 ], [ -89.136336, 13.67147, 0.0 ], [ -89.136338, 13.671469, 0.0 ], [ -89.136342, 13.671464, 0.0 ], [ -89.136347, 13.671458, 0.0 ], [ -89.136348, 13.671457, 0.0 ], [ -89.13635, 13.671451, 0.0 ], [ -89.136353, 13.671443, 0.0 ], [ -89.136353, 13.671442, 0.0 ], [ -89.136355, 13.671434, 0.0 ], [ -89.136358, 13.671419, 0.0 ], [ -89.136359, 13.671418, 0.0 ], [ -89.136361, 13.671411, 0.0 ], [ -89.136365, 13.671397, 0.0 ], [ -89.136366, 13.671396, 0.0 ], [ -89.136372, 13.671386, 0.0 ], [ -89.136387, 13.671362, 0.0 ], [ -89.136392, 13.671353, 0.0 ], [ -89.136404, 13.671331, 0.0 ], [ -89.136404, 13.67133, 0.0 ], [ -89.136408, 13.671322, 0.0 ], [ -89.136418, 13.671297, 0.0 ], [ -89.136418, 13.671295, 0.0 ], [ -89.136418, 13.67129, 0.0 ], [ -89.136418, 13.671272, 0.0 ], [ -89.136418, 13.671271, 0.0 ], [ -89.136419, 13.671265, 0.0 ], [ -89.13642, 13.671235, 0.0 ], [ -89.136421, 13.671231, 0.0 ], [ -89.136421, 13.671227, 0.0 ], [ -89.136421, 13.671226, 0.0 ], [ -89.136421, 13.671224, 0.0 ], [ -89.136423, 13.67119, 0.0 ], [ -89.136423, 13.671183, 0.0 ], [ -89.136428, 13.671157, 0.0 ], [ -89.136428, 13.671153, 0.0 ], [ -89.136429, 13.671152, 0.0 ], [ -89.136435, 13.671126, 0.0 ], [ -89.136436, 13.671123, 0.0 ], [ -89.136436, 13.67112, 0.0 ], [ -89.13644, 13.671109, 0.0 ], [ -89.13644, 13.671108, 0.0 ], [ -89.136441, 13.671106, 0.0 ], [ -89.136442, 13.6711, 0.0 ], [ -89.136442, 13.671099, 0.0 ], [ -89.136442, 13.671098, 0.0 ], [ -89.136442, 13.671086, 0.0 ], [ -89.136443, 13.671079, 0.0 ], [ -89.136443, 13.671076, 0.0 ], [ -89.136443, 13.671066, 0.0 ], [ -89.136443, 13.67106, 0.0 ], [ -89.136442, 13.671057, 0.0 ], [ -89.136443, 13.671049, 0.0 ], [ -89.136443, 13.671044, 0.0 ], [ -89.136445, 13.671038, 0.0 ], [ -89.136445, 13.671037, 0.0 ], [ -89.136447, 13.671033, 0.0 ], [ -89.136449, 13.671029, 0.0 ], [ -89.136449, 13.671028, 0.0 ], [ -89.13645, 13.671024, 0.0 ], [ -89.136453, 13.671016, 0.0 ], [ -89.136454, 13.671015, 0.0 ], [ -89.136456, 13.671007, 0.0 ], [ -89.136461, 13.670992, 0.0 ], [ -89.136462, 13.670989, 0.0 ], [ -89.136467, 13.670973, 0.0 ], [ -89.136467, 13.67096, 0.0 ], [ -89.136466, 13.670952, 0.0 ], [ -89.136466, 13.67095, 0.0 ], [ -89.136465, 13.67094, 0.0 ], [ -89.136465, 13.670929, 0.0 ], [ -89.136466, 13.670927, 0.0 ], [ -89.136466, 13.670926, 0.0 ], [ -89.136467, 13.670922, 0.0 ], [ -89.136468, 13.670921, 0.0 ], [ -89.13647, 13.670919, 0.0 ], [ -89.136473, 13.670916, 0.0 ], [ -89.136475, 13.670912, 0.0 ], [ -89.136483, 13.670902, 0.0 ], [ -89.136485, 13.6709, 0.0 ], [ -89.136487, 13.670898, 0.0 ], [ -89.136492, 13.670891, 0.0 ], [ -89.136493, 13.67089, 0.0 ], [ -89.136494, 13.670887, 0.0 ], [ -89.136498, 13.670879, 0.0 ], [ -89.136499, 13.670879, 0.0 ], [ -89.1365, 13.670876, 0.0 ], [ -89.136503, 13.670869, 0.0 ], [ -89.136505, 13.670862, 0.0 ], [ -89.136512, 13.670846, 0.0 ], [ -89.136512, 13.670845, 0.0 ], [ -89.136514, 13.67084, 0.0 ], [ -89.136518, 13.670827, 0.0 ], [ -89.136518, 13.670826, 0.0 ], [ -89.136521, 13.670812, 0.0 ], [ -89.136528, 13.670777, 0.0 ], [ -89.13653, 13.67077, 0.0 ], [ -89.13653, 13.670767, 0.0 ], [ -89.136531, 13.67076, 0.0 ], [ -89.136531, 13.670758, 0.0 ], [ -89.136532, 13.670751, 0.0 ], [ -89.136533, 13.67073, 0.0 ], [ -89.136533, 13.670723, 0.0 ], [ -89.136533, 13.670719, 0.0 ], [ -89.136534, 13.670706, 0.0 ], [ -89.136535, 13.6707, 0.0 ], [ -89.136535, 13.670695, 0.0 ], [ -89.136537, 13.670678, 0.0 ], [ -89.136538, 13.670669, 0.0 ], [ -89.136538, 13.670666, 0.0 ], [ -89.136538, 13.670664, 0.0 ], [ -89.136538, 13.670662, 0.0 ], [ -89.13654, 13.670652, 0.0 ], [ -89.136541, 13.670644, 0.0 ], [ -89.136541, 13.670642, 0.0 ], [ -89.136544, 13.67063, 0.0 ], [ -89.136546, 13.670619, 0.0 ], [ -89.136547, 13.670619, 0.0 ], [ -89.136549, 13.670613, 0.0 ], [ -89.136552, 13.670607, 0.0 ], [ -89.136553, 13.670607, 0.0 ], [ -89.136557, 13.670599, 0.0 ], [ -89.136562, 13.670591, 0.0 ], [ -89.136567, 13.670582, 0.0 ], [ -89.136573, 13.670571, 0.0 ], [ -89.136574, 13.67057, 0.0 ], [ -89.136579, 13.670563, 0.0 ], [ -89.136587, 13.670552, 0.0 ], [ -89.136588, 13.670551, 0.0 ], [ -89.136592, 13.670545, 0.0 ], [ -89.1366, 13.670535, 0.0 ], [ -89.136602, 13.670534, 0.0 ], [ -89.136617, 13.67052, 0.0 ], [ -89.136648, 13.670492, 0.0 ], [ -89.136653, 13.670487, 0.0 ], [ -89.136665, 13.67048, 0.0 ], [ -89.136693, 13.670463, 0.0 ], [ -89.136699, 13.67046, 0.0 ], [ -89.136707, 13.670455, 0.0 ], [ -89.136733, 13.670442, 0.0 ], [ -89.136738, 13.670438, 0.0 ], [ -89.13674, 13.670437, 0.0 ], [ -89.136748, 13.670431, 0.0 ], [ -89.13675, 13.67043, 0.0 ], [ -89.136754, 13.670425, 0.0 ], [ -89.136776, 13.670397, 0.0 ], [ -89.136782, 13.67039, 0.0 ], [ -89.136784, 13.670387, 0.0 ], [ -89.136795, 13.67037, 0.0 ], [ -89.136799, 13.670364, 0.0 ], [ -89.136799, 13.670363, 0.0 ], [ -89.136812, 13.670342, 0.0 ], [ -89.136817, 13.670334, 0.0 ], [ -89.13682, 13.670325, 0.0 ], [ -89.136821, 13.670322, 0.0 ], [ -89.136822, 13.670322, 0.0 ], [ -89.136825, 13.67031, 0.0 ], [ -89.136826, 13.670306, 0.0 ], [ -89.136826, 13.670305, 0.0 ], [ -89.136828, 13.67029, 0.0 ], [ -89.136828, 13.670286, 0.0 ], [ -89.136829, 13.670283, 0.0 ], [ -89.136824, 13.670275, 0.0 ], [ -89.136823, 13.670273, 0.0 ], [ -89.136822, 13.670271, 0.0 ], [ -89.136815, 13.670262, 0.0 ], [ -89.136814, 13.67026, 0.0 ], [ -89.136812, 13.670257, 0.0 ], [ -89.136802, 13.670252, 0.0 ], [ -89.1368, 13.670251, 0.0 ], [ -89.136796, 13.670248, 0.0 ], [ -89.136784, 13.670244, 0.0 ], [ -89.136781, 13.670244, 0.0 ], [ -89.136775, 13.670241, 0.0 ], [ -89.136763, 13.670242, 0.0 ], [ -89.136762, 13.670242, 0.0 ], [ -89.136754, 13.670243, 0.0 ], [ -89.136747, 13.670245, 0.0 ], [ -89.136742, 13.670247, 0.0 ], [ -89.136737, 13.670245, 0.0 ], [ -89.136733, 13.670244, 0.0 ], [ -89.136731, 13.670241, 0.0 ], [ -89.136729, 13.670239, 0.0 ], [ -89.136729, 13.670238, 0.0 ], [ -89.136728, 13.670237, 0.0 ], [ -89.136726, 13.670228, 0.0 ], [ -89.136723, 13.670216, 0.0 ], [ -89.136712, 13.670181, 0.0 ], [ -89.136711, 13.670178, 0.0 ], [ -89.136693, 13.670122, 0.0 ], [ -89.136688, 13.670113, 0.0 ], [ -89.136688, 13.670111, 0.0 ], [ -89.136679, 13.670095, 0.0 ], [ -89.136676, 13.670089, 0.0 ], [ -89.136675, 13.670088, 0.0 ], [ -89.136668, 13.670076, 0.0 ], [ -89.136666, 13.670074, 0.0 ], [ -89.136666, 13.670073, 0.0 ], [ -89.136662, 13.670069, 0.0 ], [ -89.136659, 13.670066, 0.0 ], [ -89.136657, 13.670065, 0.0 ], [ -89.136645, 13.670056, 0.0 ], [ -89.136639, 13.670053, 0.0 ], [ -89.136635, 13.670052, 0.0 ], [ -89.136612, 13.670042, 0.0 ], [ -89.13661, 13.670041, 0.0 ], [ -89.136607, 13.670041, 0.0 ], [ -89.136594, 13.670038, 0.0 ], [ -89.136592, 13.670037, 0.0 ], [ -89.136587, 13.670037, 0.0 ], [ -89.136564, 13.670035, 0.0 ], [ -89.136562, 13.670033, 0.0 ], [ -89.136555, 13.670028, 0.0 ], [ -89.136549, 13.67002, 0.0 ], [ -89.136525, 13.66999, 0.0 ], [ -89.136523, 13.669987, 0.0 ], [ -89.136515, 13.669981, 0.0 ], [ -89.136479, 13.669953, 0.0 ], [ -89.136474, 13.669949, 0.0 ], [ -89.136468, 13.669945, 0.0 ], [ -89.136442, 13.669926, 0.0 ], [ -89.136436, 13.669921, 0.0 ], [ -89.136433, 13.669918, 0.0 ], [ -89.136415, 13.6699, 0.0 ], [ -89.13641, 13.669895, 0.0 ], [ -89.136407, 13.669892, 0.0 ], [ -89.136388, 13.669869, 0.0 ], [ -89.136381, 13.66986, 0.0 ], [ -89.136378, 13.669852, 0.0 ], [ -89.136377, 13.669849, 0.0 ], [ -89.136377, 13.669848, 0.0 ], [ -89.13638, 13.669826, 0.0 ], [ -89.136381, 13.669815, 0.0 ], [ -89.136382, 13.669814, 0.0 ], [ -89.136387, 13.669794, 0.0 ], [ -89.136391, 13.669782, 0.0 ], [ -89.136391, 13.669781, 0.0 ], [ -89.136402, 13.66976, 0.0 ], [ -89.136409, 13.669746, 0.0 ], [ -89.136409, 13.669745, 0.0 ], [ -89.136428, 13.669702, 0.0 ], [ -89.136442, 13.669671, 0.0 ], [ -89.136444, 13.669666, 0.0 ], [ -89.136444, 13.669662, 0.0 ], [ -89.136443, 13.669659, 0.0 ], [ -89.136443, 13.669658, 0.0 ], [ -89.136444, 13.669644, 0.0 ], [ -89.136444, 13.66963, 0.0 ], [ -89.136444, 13.669627, 0.0 ], [ -89.136446, 13.669616, 0.0 ], [ -89.136448, 13.669605, 0.0 ], [ -89.136448, 13.669602, 0.0 ], [ -89.136451, 13.669595, 0.0 ], [ -89.136455, 13.669586, 0.0 ], [ -89.136456, 13.669583, 0.0 ], [ -89.136462, 13.669573, 0.0 ], [ -89.136472, 13.669556, 0.0 ], [ -89.136475, 13.669551, 0.0 ], [ -89.136478, 13.669536, 0.0 ], [ -89.136484, 13.66951, 0.0 ], [ -89.136486, 13.6695, 0.0 ], [ -89.136487, 13.669495, 0.0 ], [ -89.136489, 13.669484, 0.0 ], [ -89.13649, 13.66948, 0.0 ], [ -89.136492, 13.669467, 0.0 ], [ -89.1365, 13.66943, 0.0 ], [ -89.136503, 13.669413, 0.0 ], [ -89.136514, 13.669359, 0.0 ], [ -89.136515, 13.669354, 0.0 ], [ -89.136529, 13.669351, 0.0 ], [ -89.136673, 13.669322, 0.0 ], [ -89.136746, 13.669257, 0.0 ], [ -89.136808, 13.669201, 0.0 ], [ -89.136987, 13.669088, 0.0 ], [ -89.137074, 13.668976, 0.0 ], [ -89.137088, 13.668958, 0.0 ], [ -89.137116, 13.668924, 0.0 ], [ -89.137145, 13.668887, 0.0 ], [ -89.1372, 13.668778, 0.0 ], [ -89.137223, 13.668734, 0.0 ], [ -89.137254, 13.668671, 0.0 ], [ -89.137359, 13.668591, 0.0 ], [ -89.1374, 13.66856, 0.0 ], [ -89.137472, 13.668504, 0.0 ], [ -89.137474, 13.66847, 0.0 ], [ -89.137475, 13.668458, 0.0 ], [ -89.137477, 13.66843, 0.0 ], [ -89.137486, 13.668355, 0.0 ], [ -89.137489, 13.668329, 0.0 ], [ -89.137497, 13.668256, 0.0 ], [ -89.137511, 13.668236, 0.0 ], [ -89.137515, 13.66823, 0.0 ], [ -89.137531, 13.668207, 0.0 ], [ -89.137555, 13.668177, 0.0 ], [ -89.137562, 13.668169, 0.0 ], [ -89.137595, 13.66813, 0.0 ], [ -89.137628, 13.668098, 0.0 ], [ -89.137636, 13.668091, 0.0 ], [ -89.137687, 13.668042, 0.0 ], [ -89.137861, 13.667898, 0.0 ], [ -89.137897, 13.667868, 0.0 ], [ -89.138206, 13.667612, 0.0 ], [ -89.138213, 13.667604, 0.0 ], [ -89.138214, 13.667603, 0.0 ], [ -89.138228, 13.667588, 0.0 ], [ -89.138242, 13.667552, 0.0 ], [ -89.138252, 13.667498, 0.0 ], [ -89.138264, 13.667263, 0.0 ], [ -89.138527, 13.667258, 0.0 ], [ -89.138652, 13.667186, 0.0 ], [ -89.138741, 13.667123, 0.0 ], [ -89.138868, 13.666882, 0.0 ], [ -89.140115, 13.665836, 0.0 ], [ -89.140209, 13.665646, 0.0 ], [ -89.140278, 13.665355, 0.0 ], [ -89.140377, 13.665185, 0.0 ], [ -89.140428, 13.665089, 0.0 ], [ -89.140413, 13.66506, 0.0 ], [ -89.140414, 13.66505, 0.0 ], [ -89.140416, 13.665005, 0.0 ], [ -89.140404, 13.664959, 0.0 ], [ -89.140375, 13.664904, 0.0 ], [ -89.140307, 13.664842, 0.0 ], [ -89.140224, 13.664751, 0.0 ], [ -89.140163, 13.664692, 0.0 ], [ -89.140105, 13.664614, 0.0 ], [ -89.140101, 13.664496, 0.0 ], [ -89.140087, 13.664463, 0.0 ], [ -89.140035, 13.664423, 0.0 ], [ -89.140018, 13.664344, 0.0 ], [ -89.139988, 13.66425, 0.0 ], [ -89.139811, 13.664114, 0.0 ], [ -89.139747, 13.664029, 0.0 ], [ -89.139745, 13.663925, 0.0 ], [ -89.139745, 13.663899, 0.0 ], [ -89.139778, 13.663815, 0.0 ], [ -89.13984, 13.663784, 0.0 ], [ -89.140319, 13.663395, 0.0 ], [ -89.140431, 13.66329, 0.0 ], [ -89.140688, 13.663017, 0.0 ], [ -89.140801, 13.662945, 0.0 ], [ -89.14104, 13.662828, 0.0 ], [ -89.141212, 13.662755, 0.0 ], [ -89.141417, 13.662669, 0.0 ], [ -89.141544, 13.662665, 0.0 ], [ -89.141672, 13.662661, 0.0 ], [ -89.14188, 13.662655, 0.0 ], [ -89.141897, 13.662654, 0.0 ], [ -89.142123, 13.66263, 0.0 ], [ -89.142324, 13.662607, 0.0 ], [ -89.142432, 13.662595, 0.0 ], [ -89.142524, 13.66257, 0.0 ], [ -89.142615, 13.662546, 0.0 ], [ -89.142797, 13.662496, 0.0 ], [ -89.143077, 13.662463, 0.0 ], [ -89.143276, 13.662541, 0.0 ], [ -89.143334, 13.662564, 0.0 ], [ -89.14341, 13.662595, 0.0 ], [ -89.143672, 13.66271, 0.0 ], [ -89.143934, 13.662825, 0.0 ], [ -89.144088, 13.662886, 0.0 ], [ -89.144197, 13.663028, 0.0 ], [ -89.144306, 13.66317, 0.0 ], [ -89.144365, 13.663228, 0.0 ], [ -89.144403, 13.66324, 0.0 ], [ -89.144441, 13.663252, 0.0 ], [ -89.144564, 13.663252, 0.0 ], [ -89.144634, 13.663243, 0.0 ], [ -89.144703, 13.663234, 0.0 ], [ -89.144809, 13.663178, 0.0 ], [ -89.144914, 13.663122, 0.0 ], [ -89.144917, 13.663119, 0.0 ], [ -89.144962, 13.663075, 0.0 ], [ -89.145163, 13.662882, 0.0 ], [ -89.145288, 13.662805, 0.0 ], [ -89.14559, 13.663022, 0.0 ], [ -89.145692, 13.663032, 0.0 ], [ -89.145949, 13.662791, 0.0 ], [ -89.146338, 13.663025, 0.0 ], [ -89.14689, 13.663257, 0.0 ], [ -89.146969, 13.663376, 0.0 ], [ -89.147048, 13.663494, 0.0 ], [ -89.147287, 13.663468, 0.0 ], [ -89.147333, 13.663467, 0.0 ], [ -89.147379, 13.663467, 0.0 ], [ -89.147557, 13.663517, 0.0 ], [ -89.147624, 13.663557, 0.0 ], [ -89.147677, 13.663606, 0.0 ], [ -89.147731, 13.663654, 0.0 ], [ -89.147759, 13.663664, 0.0 ], [ -89.147787, 13.663674, 0.0 ], [ -89.147898, 13.663859, 0.0 ], [ -89.147993, 13.664019, 0.0 ], [ -89.148072, 13.66421, 0.0 ], [ -89.148145, 13.664327, 0.0 ], [ -89.148164, 13.664517, 0.0 ], [ -89.148169, 13.664615, 0.0 ], [ -89.148203, 13.664692, 0.0 ], [ -89.148236, 13.664768, 0.0 ], [ -89.148251, 13.664828, 0.0 ], [ -89.148266, 13.664887, 0.0 ], [ -89.14825, 13.664986, 0.0 ], [ -89.148225, 13.665049, 0.0 ], [ -89.148199, 13.665111, 0.0 ], [ -89.148125, 13.6652, 0.0 ], [ -89.148032, 13.665288, 0.0 ], [ -89.14794, 13.665375, 0.0 ], [ -89.147806, 13.665717, 0.0 ], [ -89.14772, 13.665811, 0.0 ], [ -89.147584, 13.665966, 0.0 ], [ -89.147571, 13.665929, 0.0 ], [ -89.147508, 13.665953, 0.0 ], [ -89.147422, 13.665992, 0.0 ], [ -89.147109, 13.666213, 0.0 ], [ -89.14727, 13.666303, 0.0 ], [ -89.14737, 13.666324, 0.0 ], [ -89.147813, 13.666356, 0.0 ], [ -89.147852, 13.666371, 0.0 ], [ -89.147892, 13.666385, 0.0 ], [ -89.148094, 13.666464, 0.0 ], [ -89.148507, 13.666626, 0.0 ], [ -89.149453, 13.667026, 0.0 ], [ -89.149641, 13.667147, 0.0 ], [ -89.149829, 13.667268, 0.0 ], [ -89.150385, 13.667521, 0.0 ], [ -89.151053, 13.667593, 0.0 ], [ -89.151337, 13.667624, 0.0 ], [ -89.151339, 13.667624, 0.0 ], [ -89.151625, 13.667655, 0.0 ], [ -89.153448, 13.667846, 0.0 ], [ -89.153451, 13.667847, 0.0 ], [ -89.153456, 13.667847, 0.0 ], [ -89.153938, 13.667942, 0.0 ], [ -89.154421, 13.668037, 0.0 ], [ -89.154707, 13.668155, 0.0 ], [ -89.154857, 13.668219, 0.0 ], [ -89.154686, 13.66659, 0.0 ], [ -89.154597, 13.665836, 0.0 ], [ -89.154398, 13.665759, 0.0 ], [ -89.154088, 13.665681, 0.0 ], [ -89.153994, 13.665614, 0.0 ], [ -89.153985, 13.665146, 0.0 ], [ -89.153968, 13.664909, 0.0 ], [ -89.153958, 13.664734, 0.0 ], [ -89.153953, 13.664518, 0.0 ], [ -89.153985, 13.664505, 0.0 ], [ -89.153913, 13.663369, 0.0 ], [ -89.154251, 13.662569, 0.0 ], [ -89.154318, 13.662177, 0.0 ], [ -89.154939, 13.662575, 0.0 ], [ -89.155041, 13.662387, 0.0 ], [ -89.155185, 13.662223, 0.0 ], [ -89.155984, 13.663086, 0.0 ], [ -89.156247, 13.662263, 0.0 ], [ -89.156232, 13.661379, 0.0 ], [ -89.15688, 13.661182, 0.0 ], [ -89.156922, 13.661537, 0.0 ], [ -89.156931, 13.662043, 0.0 ], [ -89.156937, 13.662653, 0.0 ], [ -89.15694, 13.663045, 0.0 ], [ -89.157239, 13.662757, 0.0 ], [ -89.15757, 13.662533, 0.0 ], [ -89.157684, 13.662425, 0.0 ], [ -89.157771, 13.662343, 0.0 ], [ -89.158251, 13.662062, 0.0 ], [ -89.158401, 13.661468, 0.0 ], [ -89.158432, 13.661344, 0.0 ], [ -89.158168, 13.66135, 0.0 ], [ -89.158224, 13.660706, 0.0 ], [ -89.158353, 13.659794, 0.0 ], [ -89.158386, 13.659563, 0.0 ], [ -89.158501, 13.659587, 0.0 ], [ -89.158561, 13.659247, 0.0 ], [ -89.15845, 13.659232, 0.0 ], [ -89.158513, 13.658949, 0.0 ], [ -89.158516, 13.658937, 0.0 ], [ -89.158489, 13.658942, 0.0 ], [ -89.158321, 13.658978, 0.0 ], [ -89.158312, 13.658971, 0.0 ], [ -89.158154, 13.658869, 0.0 ], [ -89.158159, 13.658858, 0.0 ], [ -89.158218, 13.658735, 0.0 ], [ -89.158178, 13.658743, 0.0 ], [ -89.158041, 13.658675, 0.0 ], [ -89.158031, 13.658657, 0.0 ], [ -89.158023, 13.658644, 0.0 ], [ -89.157841, 13.658603, 0.0 ], [ -89.157742, 13.658581, 0.0 ], [ -89.157493, 13.658526, 0.0 ], [ -89.157405, 13.658443, 0.0 ], [ -89.157399, 13.658438, 0.0 ], [ -89.157334, 13.658424, 0.0 ], [ -89.1573, 13.658405, 0.0 ], [ -89.15721, 13.658355, 0.0 ], [ -89.157147, 13.658354, 0.0 ], [ -89.157035, 13.658353, 0.0 ], [ -89.156858, 13.658394, 0.0 ], [ -89.156873, 13.658378, 0.0 ], [ -89.156941, 13.658312, 0.0 ], [ -89.156993, 13.6581, 0.0 ], [ -89.156629, 13.65774, 0.0 ], [ -89.156327, 13.657618, 0.0 ], [ -89.156192, 13.657594, 0.0 ], [ -89.155898, 13.657462, 0.0 ], [ -89.155851, 13.657428, 0.0 ], [ -89.155777, 13.657301, 0.0 ], [ -89.155728, 13.657217, 0.0 ], [ -89.155869, 13.657138, 0.0 ], [ -89.156166, 13.657081, 0.0 ], [ -89.156345, 13.657043, 0.0 ], [ -89.156432, 13.65702, 0.0 ], [ -89.1565, 13.657042, 0.0 ], [ -89.156571, 13.657038, 0.0 ], [ -89.156568, 13.65707, 0.0 ], [ -89.156647, 13.657101, 0.0 ], [ -89.156987, 13.657223, 0.0 ], [ -89.157359, 13.657321, 0.0 ], [ -89.157723, 13.657414, 0.0 ], [ -89.15802, 13.65747, 0.0 ], [ -89.158009, 13.657491, 0.0 ], [ -89.158018, 13.657495, 0.0 ], [ -89.158127, 13.65754, 0.0 ], [ -89.158254, 13.657588, 0.0 ], [ -89.15838, 13.657641, 0.0 ], [ -89.158424, 13.657666, 0.0 ], [ -89.158471, 13.657698, 0.0 ], [ -89.158542, 13.657777, 0.0 ], [ -89.158566, 13.657794, 0.0 ], [ -89.158668, 13.657851, 0.0 ], [ -89.15872, 13.657878, 0.0 ], [ -89.15873, 13.657883, 0.0 ], [ -89.158773, 13.657814, 0.0 ], [ -89.158904, 13.657611, 0.0 ], [ -89.158975, 13.657622, 0.0 ], [ -89.159038, 13.657664, 0.0 ], [ -89.159153, 13.657705, 0.0 ], [ -89.159341, 13.657695, 0.0 ], [ -89.15955, 13.657593, 0.0 ], [ -89.159654, 13.657587, 0.0 ], [ -89.159698, 13.657561, 0.0 ], [ -89.159808, 13.657495, 0.0 ], [ -89.159834, 13.657472, 0.0 ], [ -89.159878, 13.657465, 0.0 ], [ -89.160075, 13.657503, 0.0 ], [ -89.16015, 13.657517, 0.0 ], [ -89.160416, 13.657483, 0.0 ], [ -89.160455, 13.657477, 0.0 ], [ -89.160517, 13.657483, 0.0 ], [ -89.160596, 13.657519, 0.0 ], [ -89.160649, 13.657525, 0.0 ], [ -89.160652, 13.657525, 0.0 ], [ -89.160672, 13.657298, 0.0 ], [ -89.160699, 13.656984, 0.0 ], [ -89.160707, 13.65671, 0.0 ], [ -89.160718, 13.656356, 0.0 ], [ -89.160739, 13.656225, 0.0 ], [ -89.160785, 13.655935, 0.0 ], [ -89.160793, 13.655325, 0.0 ], [ -89.160725, 13.655324, 0.0 ], [ -89.160721, 13.655221, 0.0 ], [ -89.160824, 13.654393, 0.0 ], [ -89.160838, 13.654282, 0.0 ], [ -89.160841, 13.654216, 0.0 ], [ -89.160851, 13.654018, 0.0 ], [ -89.160853, 13.653976, 0.0 ], [ -89.160929, 13.653989, 0.0 ], [ -89.161006, 13.654009, 0.0 ], [ -89.161032, 13.654016, 0.0 ], [ -89.1611, 13.654043, 0.0 ], [ -89.161202, 13.654095, 0.0 ], [ -89.161228, 13.654112, 0.0 ], [ -89.161319, 13.654152, 0.0 ], [ -89.161358, 13.654178, 0.0 ], [ -89.161468, 13.654119, 0.0 ], [ -89.161506, 13.654097, 0.0 ], [ -89.16157, 13.654059, 0.0 ], [ -89.161624, 13.654039, 0.0 ], [ -89.161664, 13.65403, 0.0 ], [ -89.161725, 13.654016, 0.0 ], [ -89.161765, 13.654006, 0.0 ], [ -89.16178, 13.654002, 0.0 ], [ -89.161819, 13.65399, 0.0 ], [ -89.161865, 13.65399, 0.0 ], [ -89.161889, 13.653986, 0.0 ], [ -89.161898, 13.653983, 0.0 ], [ -89.16192, 13.653975, 0.0 ], [ -89.161952, 13.65397, 0.0 ], [ -89.161971, 13.653968, 0.0 ], [ -89.162005, 13.653966, 0.0 ], [ -89.16208, 13.653977, 0.0 ], [ -89.162137, 13.653983, 0.0 ], [ -89.162162, 13.653984, 0.0 ], [ -89.162173, 13.653984, 0.0 ], [ -89.16224, 13.653984, 0.0 ], [ -89.162242, 13.653984, 0.0 ], [ -89.162243, 13.653984, 0.0 ], [ -89.162297, 13.653971, 0.0 ], [ -89.162302, 13.65397, 0.0 ], [ -89.162359, 13.653938, 0.0 ], [ -89.162364, 13.653933, 0.0 ], [ -89.162452, 13.653833, 0.0 ], [ -89.162454, 13.653831, 0.0 ], [ -89.162423, 13.65384, 0.0 ], [ -89.162326, 13.653868, 0.0 ], [ -89.162296, 13.65387, 0.0 ], [ -89.162223, 13.653875, 0.0 ], [ -89.162189, 13.653873, 0.0 ], [ -89.162141, 13.653873, 0.0 ], [ -89.162095, 13.65387, 0.0 ], [ -89.162059, 13.653865, 0.0 ], [ -89.162041, 13.653862, 0.0 ], [ -89.161965, 13.653854, 0.0 ], [ -89.161795, 13.65383, 0.0 ], [ -89.161765, 13.653826, 0.0 ], [ -89.161708, 13.653805, 0.0 ], [ -89.161691, 13.653796, 0.0 ], [ -89.161688, 13.653795, 0.0 ], [ -89.161685, 13.653793, 0.0 ], [ -89.161678, 13.653786, 0.0 ], [ -89.161358, 13.653469, 0.0 ], [ -89.161347, 13.653459, 0.0 ], [ -89.161151, 13.653285, 0.0 ], [ -89.161136, 13.653268, 0.0 ], [ -89.161088, 13.653212, 0.0 ], [ -89.161082, 13.653206, 0.0 ], [ -89.161079, 13.653202, 0.0 ], [ -89.161064, 13.653179, 0.0 ], [ -89.161062, 13.653176, 0.0 ], [ -89.16105, 13.65316, 0.0 ], [ -89.161032, 13.653128, 0.0 ], [ -89.161008, 13.653098, 0.0 ], [ -89.160874, 13.652922, 0.0 ], [ -89.160856, 13.652899, 0.0 ], [ -89.160729, 13.65273, 0.0 ], [ -89.160773, 13.652668, 0.0 ], [ -89.160807, 13.652533, 0.0 ], [ -89.160823, 13.652481, 0.0 ], [ -89.160839, 13.652429, 0.0 ], [ -89.160861, 13.65236, 0.0 ], [ -89.16088, 13.652299, 0.0 ], [ -89.160897, 13.652243, 0.0 ], [ -89.160916, 13.652181, 0.0 ], [ -89.160921, 13.652164, 0.0 ], [ -89.16093, 13.652121, 0.0 ], [ -89.160946, 13.652053, 0.0 ], [ -89.160966, 13.651989, 0.0 ], [ -89.160986, 13.651924, 0.0 ], [ -89.161003, 13.651867, 0.0 ], [ -89.161018, 13.651804, 0.0 ], [ -89.161033, 13.65175, 0.0 ], [ -89.161059, 13.651697, 0.0 ], [ -89.161104, 13.651592, 0.0 ], [ -89.161085, 13.651506, 0.0 ], [ -89.161075, 13.65146, 0.0 ], [ -89.161099, 13.651323, 0.0 ], [ -89.161162, 13.651283, 0.0 ], [ -89.161218, 13.651191, 0.0 ], [ -89.161519, 13.650344, 0.0 ], [ -89.161953, 13.649026, 0.0 ], [ -89.161997, 13.648907, 0.0 ], [ -89.16275, 13.645906, 0.0 ], [ -89.162757, 13.645879, 0.0 ], [ -89.162759, 13.645872, 0.0 ], [ -89.162893, 13.645823, 0.0 ], [ -89.163173, 13.645724, 0.0 ], [ -89.163209, 13.645716, 0.0 ], [ -89.163244, 13.645707, 0.0 ], [ -89.163268, 13.645704, 0.0 ], [ -89.163301, 13.645699, 0.0 ], [ -89.163388, 13.645688, 0.0 ], [ -89.163568, 13.645667, 0.0 ], [ -89.16361, 13.645654, 0.0 ], [ -89.163833, 13.645634, 0.0 ], [ -89.163988, 13.645613, 0.0 ], [ -89.164146, 13.64558, 0.0 ], [ -89.164319, 13.645556, 0.0 ], [ -89.164459, 13.645539, 0.0 ], [ -89.164703, 13.645487, 0.0 ], [ -89.164791, 13.645465, 0.0 ], [ -89.164899, 13.645432, 0.0 ], [ -89.164951, 13.645408, 0.0 ], [ -89.165316, 13.645203, 0.0 ], [ -89.167127, 13.644703, 0.0 ], [ -89.168177, 13.644413, 0.0 ], [ -89.169795, 13.643966, 0.0 ], [ -89.168313, 13.638677, 0.0 ], [ -89.168165, 13.638151, 0.0 ], [ -89.166895, 13.633618, 0.0 ], [ -89.166875, 13.633546, 0.0 ], [ -89.163478, 13.622791, 0.0 ], [ -89.162977, 13.621206, 0.0 ], [ -89.159798, 13.613984, 0.0 ], [ -89.157623, 13.609044, 0.0 ], [ -89.15719, 13.609054, 0.0 ], [ -89.142826, 13.609383, 0.0 ], [ -89.138096, 13.609491, 0.0 ], [ -89.134744, 13.609568, 0.0 ], [ -89.132809, 13.609612, 0.0 ], [ -89.129043, 13.609698, 0.0 ], [ -89.129292, 13.609997, 0.0 ], [ -89.129467, 13.610179, 0.0 ], [ -89.129516, 13.610229, 0.0 ], [ -89.129519, 13.61028, 0.0 ], [ -89.129529, 13.61043, 0.0 ], [ -89.129536, 13.610544, 0.0 ], [ -89.129529, 13.610584, 0.0 ], [ -89.129524, 13.610608, 0.0 ], [ -89.12946, 13.610902, 0.0 ], [ -89.129437, 13.611021, 0.0 ], [ -89.129406, 13.611178, 0.0 ], [ -89.129399, 13.61119, 0.0 ], [ -89.129373, 13.611241, 0.0 ], [ -89.129366, 13.611337, 0.0 ], [ -89.129313, 13.611507, 0.0 ], [ -89.12932, 13.611549, 0.0 ], [ -89.12933, 13.611618, 0.0 ], [ -89.129443, 13.611826, 0.0 ], [ -89.129541, 13.611978, 0.0 ], [ -89.129623, 13.612104, 0.0 ], [ -89.129661, 13.61219, 0.0 ], [ -89.129695, 13.61229, 0.0 ], [ -89.129702, 13.612317, 0.0 ], [ -89.129706, 13.612375, 0.0 ], [ -89.12971, 13.612445, 0.0 ], [ -89.129711, 13.612447, 0.0 ], [ -89.129709, 13.612592, 0.0 ], [ -89.129688, 13.612633, 0.0 ], [ -89.129637, 13.612733, 0.0 ], [ -89.129556, 13.612955, 0.0 ], [ -89.12953, 13.613064, 0.0 ], [ -89.129488, 13.613322, 0.0 ], [ -89.129502, 13.613369, 0.0 ], [ -89.129596, 13.613687, 0.0 ], [ -89.129751, 13.614086, 0.0 ], [ -89.129844, 13.614217, 0.0 ], [ -89.129869, 13.61426, 0.0 ], [ -89.12995, 13.6144, 0.0 ], [ -89.129968, 13.614424, 0.0 ], [ -89.129999, 13.614468, 0.0 ], [ -89.130021, 13.614592, 0.0 ], [ -89.130064, 13.614744, 0.0 ], [ -89.130084, 13.615083, 0.0 ], [ -89.130072, 13.615093, 0.0 ], [ -89.129924, 13.615213, 0.0 ], [ -89.129413, 13.61563, 0.0 ], [ -89.129295, 13.615728, 0.0 ], [ -89.129299, 13.615776, 0.0 ], [ -89.129318, 13.616002, 0.0 ], [ -89.12932, 13.616027, 0.0 ], [ -89.129361, 13.616207, 0.0 ], [ -89.129371, 13.616245, 0.0 ], [ -89.129457, 13.616563, 0.0 ], [ -89.129478, 13.616716, 0.0 ], [ -89.129488, 13.616784, 0.0 ], [ -89.129513, 13.616873, 0.0 ], [ -89.12952, 13.616902, 0.0 ], [ -89.129521, 13.616912, 0.0 ], [ -89.129531, 13.617086, 0.0 ], [ -89.129353, 13.617137, 0.0 ], [ -89.129281, 13.617158, 0.0 ], [ -89.129193, 13.617127, 0.0 ], [ -89.129106, 13.617096, 0.0 ], [ -89.128964, 13.617085, 0.0 ], [ -89.128858, 13.617076, 0.0 ], [ -89.128752, 13.617068, 0.0 ], [ -89.128735, 13.617076, 0.0 ], [ -89.128668, 13.617106, 0.0 ], [ -89.128575, 13.617158, 0.0 ], [ -89.128546, 13.617174, 0.0 ], [ -89.128535, 13.617214, 0.0 ], [ -89.128498, 13.617358, 0.0 ], [ -89.128483, 13.617414, 0.0 ], [ -89.128501, 13.617542, 0.0 ], [ -89.128506, 13.617574, 0.0 ], [ -89.128529, 13.617734, 0.0 ], [ -89.128552, 13.617872, 0.0 ], [ -89.128528, 13.618047, 0.0 ], [ -89.128448, 13.618194, 0.0 ], [ -89.128355, 13.61827, 0.0 ], [ -89.12828, 13.618333, 0.0 ], [ -89.12813, 13.61846, 0.0 ], [ -89.127968, 13.61877, 0.0 ], [ -89.127918, 13.618895, 0.0 ], [ -89.127869, 13.619017, 0.0 ], [ -89.127874, 13.619094, 0.0 ], [ -89.127866, 13.619149, 0.0 ], [ -89.127858, 13.619205, 0.0 ], [ -89.127806, 13.619293, 0.0 ], [ -89.12777, 13.619354, 0.0 ], [ -89.12767, 13.619548, 0.0 ], [ -89.127587, 13.619638, 0.0 ], [ -89.127512, 13.619682, 0.0 ], [ -89.127349, 13.619742, 0.0 ], [ -89.127098, 13.619796, 0.0 ], [ -89.126851, 13.61982, 0.0 ], [ -89.126824, 13.61985, 0.0 ], [ -89.126762, 13.619918, 0.0 ], [ -89.126724, 13.61996, 0.0 ], [ -89.12662, 13.620126, 0.0 ], [ -89.126621, 13.620148, 0.0 ], [ -89.126621, 13.620153, 0.0 ], [ -89.126638, 13.620447, 0.0 ], [ -89.126614, 13.620741, 0.0 ], [ -89.126612, 13.620771, 0.0 ], [ -89.126588, 13.620816, 0.0 ], [ -89.126498, 13.620987, 0.0 ], [ -89.126524, 13.621164, 0.0 ], [ -89.126536, 13.621191, 0.0 ], [ -89.126571, 13.621267, 0.0 ], [ -89.126602, 13.621337, 0.0 ], [ -89.126726, 13.621492, 0.0 ], [ -89.126739, 13.621506, 0.0 ], [ -89.126851, 13.621628, 0.0 ], [ -89.126874, 13.621688, 0.0 ], [ -89.126913, 13.62179, 0.0 ], [ -89.126936, 13.621848, 0.0 ], [ -89.126933, 13.621917, 0.0 ], [ -89.126932, 13.621946, 0.0 ], [ -89.126785, 13.622058, 0.0 ], [ -89.126751, 13.622095, 0.0 ], [ -89.126635, 13.622226, 0.0 ], [ -89.12663, 13.622285, 0.0 ], [ -89.126627, 13.622338, 0.0 ], [ -89.126622, 13.622405, 0.0 ], [ -89.126625, 13.622554, 0.0 ], [ -89.126567, 13.62262, 0.0 ], [ -89.126563, 13.622625, 0.0 ], [ -89.126558, 13.622626, 0.0 ], [ -89.126445, 13.622649, 0.0 ], [ -89.126273, 13.622684, 0.0 ], [ -89.126266, 13.622686, 0.0 ], [ -89.126139, 13.622762, 0.0 ], [ -89.126108, 13.622859, 0.0 ], [ -89.12609, 13.622915, 0.0 ], [ -89.126084, 13.622935, 0.0 ], [ -89.126101, 13.6231, 0.0 ], [ -89.12611, 13.623186, 0.0 ], [ -89.126045, 13.623283, 0.0 ], [ -89.126011, 13.623332, 0.0 ], [ -89.125982, 13.623425, 0.0 ], [ -89.125958, 13.623454, 0.0 ], [ -89.125954, 13.623461, 0.0 ], [ -89.125949, 13.623471, 0.0 ], [ -89.125888, 13.623561, 0.0 ], [ -89.125872, 13.623584, 0.0 ], [ -89.125895, 13.623596, 0.0 ], [ -89.126006, 13.623654, 0.0 ], [ -89.126029, 13.623666, 0.0 ], [ -89.126054, 13.623674, 0.0 ], [ -89.126112, 13.62369, 0.0 ], [ -89.126183, 13.623711, 0.0 ], [ -89.126239, 13.623708, 0.0 ], [ -89.126298, 13.623705, 0.0 ], [ -89.126407, 13.623681, 0.0 ], [ -89.126491, 13.623663, 0.0 ], [ -89.126544, 13.623678, 0.0 ], [ -89.12662, 13.623706, 0.0 ], [ -89.126636, 13.623732, 0.0 ], [ -89.126663, 13.623777, 0.0 ], [ -89.12667, 13.623787, 0.0 ], [ -89.126668, 13.623817, 0.0 ], [ -89.126663, 13.623923, 0.0 ], [ -89.126604, 13.62399, 0.0 ], [ -89.126524, 13.624064, 0.0 ], [ -89.126424, 13.624227, 0.0 ], [ -89.126397, 13.624302, 0.0 ], [ -89.126389, 13.624327, 0.0 ], [ -89.126381, 13.624349, 0.0 ], [ -89.126321, 13.624602, 0.0 ], [ -89.126299, 13.624628, 0.0 ], [ -89.126269, 13.624662, 0.0 ], [ -89.126101, 13.624765, 0.0 ], [ -89.125995, 13.62486, 0.0 ], [ -89.125948, 13.624902, 0.0 ], [ -89.125836, 13.62504, 0.0 ], [ -89.125795, 13.625151, 0.0 ], [ -89.125731, 13.625325, 0.0 ], [ -89.125711, 13.625411, 0.0 ], [ -89.12571, 13.625482, 0.0 ], [ -89.125706, 13.625674, 0.0 ], [ -89.125706, 13.625686, 0.0 ], [ -89.125737, 13.625844, 0.0 ], [ -89.125739, 13.625853, 0.0 ], [ -89.125737, 13.625931, 0.0 ], [ -89.125737, 13.625935, 0.0 ], [ -89.125759, 13.626029, 0.0 ], [ -89.125762, 13.626031, 0.0 ], [ -89.125839, 13.626094, 0.0 ], [ -89.125886, 13.626132, 0.0 ], [ -89.125931, 13.626136, 0.0 ], [ -89.125956, 13.626138, 0.0 ], [ -89.126011, 13.626166, 0.0 ], [ -89.126042, 13.626182, 0.0 ], [ -89.126067, 13.626192, 0.0 ], [ -89.126092, 13.626242, 0.0 ], [ -89.126098, 13.626354, 0.0 ], [ -89.1261, 13.626387, 0.0 ], [ -89.126071, 13.626416, 0.0 ], [ -89.126051, 13.62648, 0.0 ], [ -89.126024, 13.626567, 0.0 ], [ -89.126032, 13.626685, 0.0 ], [ -89.126016, 13.626994, 0.0 ], [ -89.126021, 13.627002, 0.0 ], [ -89.126064, 13.627073, 0.0 ], [ -89.126096, 13.627124, 0.0 ], [ -89.126101, 13.627132, 0.0 ], [ -89.126095, 13.627151, 0.0 ], [ -89.126069, 13.627233, 0.0 ], [ -89.12606, 13.627283, 0.0 ], [ -89.126049, 13.627345, 0.0 ], [ -89.126071, 13.627484, 0.0 ], [ -89.126121, 13.627589, 0.0 ], [ -89.126182, 13.627708, 0.0 ], [ -89.126175, 13.627762, 0.0 ], [ -89.126163, 13.627851, 0.0 ], [ -89.12616, 13.627999, 0.0 ], [ -89.126156, 13.628086, 0.0 ], [ -89.126154, 13.628112, 0.0 ], [ -89.126109, 13.628285, 0.0 ], [ -89.126054, 13.628372, 0.0 ], [ -89.126019, 13.628427, 0.0 ], [ -89.125943, 13.628523, 0.0 ], [ -89.1259, 13.628627, 0.0 ], [ -89.125869, 13.628702, 0.0 ], [ -89.125857, 13.62873, 0.0 ], [ -89.125843, 13.628808, 0.0 ], [ -89.125842, 13.628812, 0.0 ], [ -89.125837, 13.628838, 0.0 ], [ -89.12588, 13.629258, 0.0 ], [ -89.125894, 13.629476, 0.0 ], [ -89.125897, 13.629508, 0.0 ], [ -89.125889, 13.629579, 0.0 ], [ -89.12588, 13.629655, 0.0 ], [ -89.125842, 13.629852, 0.0 ], [ -89.125793, 13.630104, 0.0 ], [ -89.125777, 13.630312, 0.0 ], [ -89.125731, 13.63055, 0.0 ], [ -89.125674, 13.630692, 0.0 ], [ -89.125645, 13.630765, 0.0 ], [ -89.125584, 13.630851, 0.0 ], [ -89.125574, 13.630864, 0.0 ], [ -89.1254, 13.631092, 0.0 ], [ -89.125399, 13.631146, 0.0 ], [ -89.125392, 13.631474, 0.0 ], [ -89.125428, 13.631626, 0.0 ], [ -89.125491, 13.6319, 0.0 ], [ -89.125511, 13.632002, 0.0 ], [ -89.125536, 13.632051, 0.0 ], [ -89.125542, 13.632064, 0.0 ], [ -89.125605, 13.63219, 0.0 ], [ -89.125572, 13.632219, 0.0 ], [ -89.125175, 13.632563, 0.0 ], [ -89.124573, 13.632708, 0.0 ], [ -89.123828, 13.632709, 0.0 ], [ -89.123288, 13.632714, 0.0 ], [ -89.123433, 13.633433, 0.0 ], [ -89.12364, 13.634458, 0.0 ], [ -89.123812, 13.63531, 0.0 ], [ -89.123886, 13.635675, 0.0 ], [ -89.123899, 13.63574, 0.0 ], [ -89.12516, 13.641991, 0.0 ], [ -89.125171, 13.642046, 0.0 ], [ -89.125191, 13.642143, 0.0 ], [ -89.125249, 13.64243, 0.0 ], [ -89.125284, 13.642603, 0.0 ], [ -89.12545, 13.64343, 0.0 ], [ -89.125832, 13.645322, 0.0 ], [ -89.125983, 13.646068, 0.0 ], [ -89.126205, 13.647168, 0.0 ], [ -89.12629, 13.64759, 0.0 ], [ -89.126331, 13.647793, 0.0 ], [ -89.126862, 13.650422, 0.0 ], [ -89.126876, 13.650495, 0.0 ], [ -89.126018, 13.652387, 0.0 ], [ -89.120594, 13.664348, 0.0 ], [ -89.120548, 13.664449, 0.0 ], [ -89.120546, 13.664453, 0.0 ], [ -89.120117, 13.664994, 0.0 ], [ -89.119202, 13.66615, 0.0 ], [ -89.116864, 13.669099, 0.0 ], [ -89.116562, 13.669481, 0.0 ], [ -89.116613, 13.669489, 0.0 ], [ -89.116679, 13.669505, 0.0 ], [ -89.116727, 13.669519, 0.0 ], [ -89.116787, 13.669547, 0.0 ], [ -89.116859, 13.669582, 0.0 ], [ -89.11692, 13.669621, 0.0 ], [ -89.116981, 13.669677, 0.0 ], [ -89.117037, 13.669765, 0.0 ], [ -89.117071, 13.669856, 0.0 ], [ -89.117079, 13.669913, 0.0 ], [ -89.117082, 13.66994, 0.0 ], [ -89.11709, 13.670037, 0.0 ], [ -89.117093, 13.670137, 0.0 ], [ -89.117093, 13.67023, 0.0 ], [ -89.117102, 13.670349, 0.0 ], [ -89.117129, 13.670475, 0.0 ], [ -89.117169, 13.670597, 0.0 ], [ -89.117212, 13.670695, 0.0 ], [ -89.117214, 13.670699, 0.0 ], [ -89.117249, 13.670769, 0.0 ], [ -89.117266, 13.670789, 0.0 ], [ -89.117311, 13.670843, 0.0 ], [ -89.117372, 13.670873, 0.0 ], [ -89.11746, 13.670887, 0.0 ], [ -89.117553, 13.670888, 0.0 ], [ -89.11766, 13.670873, 0.0 ], [ -89.117793, 13.670862, 0.0 ], [ -89.11794, 13.670846, 0.0 ], [ -89.118139, 13.670825, 0.0 ], [ -89.118262, 13.670813, 0.0 ], [ -89.118366, 13.670816, 0.0 ], [ -89.118421, 13.670836, 0.0 ], [ -89.118454, 13.670872, 0.0 ], [ -89.11848, 13.670933, 0.0 ], [ -89.118501, 13.670997, 0.0 ], [ -89.118506, 13.671077, 0.0 ], [ -89.118506, 13.671146, 0.0 ], [ -89.118496, 13.67121, 0.0 ], [ -89.118495, 13.67123, 0.0 ], [ -89.118493, 13.671273, 0.0 ], [ -89.118493, 13.671334, 0.0 ], [ -89.118498, 13.67137, 0.0 ], [ -89.118502, 13.671404, 0.0 ], [ -89.118531, 13.671453, 0.0 ], [ -89.118571, 13.671495, 0.0 ], [ -89.118621, 13.671529, 0.0 ], [ -89.118669, 13.67155, 0.0 ], [ -89.118731, 13.671569, 0.0 ], [ -89.118783, 13.671583, 0.0 ], [ -89.118872, 13.671595, 0.0 ], [ -89.118933, 13.671606, 0.0 ], [ -89.118996, 13.671623, 0.0 ], [ -89.11904, 13.671645, 0.0 ], [ -89.119085, 13.671683, 0.0 ], [ -89.119098, 13.671694, 0.0 ], [ -89.119148, 13.671744, 0.0 ], [ -89.119171, 13.671786, 0.0 ], [ -89.119173, 13.671791, 0.0 ], [ -89.119188, 13.671869, 0.0 ], [ -89.119188, 13.671882, 0.0 ], [ -89.119188, 13.671927, 0.0 ], [ -89.119172, 13.671978, 0.0 ], [ -89.119146, 13.672024, 0.0 ], [ -89.119098, 13.672061, 0.0 ], [ -89.119076, 13.672076, 0.0 ], [ -89.119049, 13.672094, 0.0 ], [ -89.118991, 13.672124, 0.0 ], [ -89.118946, 13.672155, 0.0 ], [ -89.118884, 13.672215, 0.0 ], [ -89.118833, 13.672274, 0.0 ], [ -89.118817, 13.672315, 0.0 ], [ -89.118804, 13.672365, 0.0 ], [ -89.118802, 13.672434, 0.0 ], [ -89.118804, 13.672497, 0.0 ], [ -89.118809, 13.672559, 0.0 ], [ -89.118825, 13.672638, 0.0 ], [ -89.118849, 13.67271, 0.0 ] ] ] ] } }
]
}
